,descripcion_prestacion,IdServicio,IdEstablecimiento,CodigoPrestacion,IdRegion,IdComuna,Maternidad,Neonatología,Pueblos originarios,Migrantes,nombre_ss,nombre_establecimiento,nombre_comuna
0,RN egresados solo fórmula por protección o madre grave,10,110100,24311028,13,13101,,2,0,0,Servicio de Salud Metropolitano Occidente,"Hospital San Juan de Dios (Santiago, Santiago)",Santiago
1,Total de recién nacidos/as egresados/as,10,110100,24200134,13,13101,142,36,5,60,Servicio de Salud Metropolitano Occidente,"Hospital San Juan de Dios (Santiago, Santiago)",Santiago
2,RN egresados con LME durante hospitalización y al alta,10,110100,24300103,13,13101,84,,3,33,Servicio de Salud Metropolitano Occidente,"Hospital San Juan de Dios (Santiago, Santiago)",Santiago
3,RN egresados que recuperaron LME al alta,10,110100,24311025,13,13101,25,6,0,10,Servicio de Salud Metropolitano Occidente,"Hospital San Juan de Dios (Santiago, Santiago)",Santiago
4,RN egresados con lactancia mixta al alta,10,110100,24311026,13,13101,7,22,2,6,Servicio de Salud Metropolitano Occidente,"Hospital San Juan de Dios (Santiago, Santiago)",Santiago
5,RN egresados solo fórmula láctea (excepto VIH/HTLV-1/Ley 21.155/protección),10,110100,24311027,13,13101,3,5,0,0,Servicio de Salud Metropolitano Occidente,"Hospital San Juan de Dios (Santiago, Santiago)",Santiago
6,RN egresados con madres serología positiva (VIH),10,110100,29101770,13,13101,2,1,0,0,Servicio de Salud Metropolitano Occidente,"Hospital San Juan de Dios (Santiago, Santiago)",Santiago
7,RN egresados con madres acogidas a Ley 21.155,10,110100,29101772,13,13101,6,,0,4,Servicio de Salud Metropolitano Occidente,"Hospital San Juan de Dios (Santiago, Santiago)",Santiago
8,Total de recién nacidos/as egresados/as,10,110100,24200134,13,13101,123,23,6,59,Servicio de Salud Metropolitano Occidente,"Hospital San Juan de Dios (Santiago, Santiago)",Santiago
9,RN egresados con LME durante hospitalización y al alta,10,110100,24300103,13,13101,60,,2,32,Servicio de Salud Metropolitano Occidente,"Hospital San Juan de Dios (Santiago, Santiago)",Santiago
10,RN egresados que recuperaron LME al alta,10,110100,24311025,13,13101,33,1,1,12,Servicio de Salud Metropolitano Occidente,"Hospital San Juan de Dios (Santiago, Santiago)",Santiago
11,RN egresados con lactancia mixta al alta,10,110100,24311026,13,13101,14,20,3,10,Servicio de Salud Metropolitano Occidente,"Hospital San Juan de Dios (Santiago, Santiago)",Santiago
12,RN egresados solo fórmula láctea (excepto VIH/HTLV-1/Ley 21.155/protección),10,110100,24311027,13,13101,2,,0,0,Servicio de Salud Metropolitano Occidente,"Hospital San Juan de Dios (Santiago, Santiago)",Santiago
13,RN egresados con madres serología positiva (VIH),10,110100,29101770,13,13101,2,,0,2,Servicio de Salud Metropolitano Occidente,"Hospital San Juan de Dios (Santiago, Santiago)",Santiago
14,RN egresados con madres acogidas a Ley 21.155,10,110100,29101772,13,13101,12,,0,3,Servicio de Salud Metropolitano Occidente,"Hospital San Juan de Dios (Santiago, Santiago)",Santiago
15,RN egresados que recuperaron LME al alta,10,110100,24311025,13,13101,26,1,1,8,Servicio de Salud Metropolitano Occidente,"Hospital San Juan de Dios (Santiago, Santiago)",Santiago
16,RN egresados con lactancia mixta al alta,10,110100,24311026,13,13101,14,20,0,9,Servicio de Salud Metropolitano Occidente,"Hospital San Juan de Dios (Santiago, Santiago)",Santiago
17,RN egresados con madres serología positiva (VIH),10,110100,29101770,13,13101,1,0,0,1,Servicio de Salud Metropolitano Occidente,"Hospital San Juan de Dios (Santiago, Santiago)",Santiago
18,RN egresados con madres acogidas a Ley 21.155,10,110100,29101772,13,13101,10,0,0,0,Servicio de Salud Metropolitano Occidente,"Hospital San Juan de Dios (Santiago, Santiago)",Santiago
19,RN egresados que recuperaron LME al alta,10,110100,24311025,13,13101,34,5,1,11,Servicio de Salud Metropolitano Occidente,"Hospital San Juan de Dios (Santiago, Santiago)",Santiago
20,RN egresados con lactancia mixta al alta,10,110100,24311026,13,13101,19,28,0,16,Servicio de Salud Metropolitano Occidente,"Hospital San Juan de Dios (Santiago, Santiago)",Santiago
21,RN egresados solo fórmula láctea (excepto VIH/HTLV-1/Ley 21.155/protección),10,110100,24311027,13,13101,1,3,0,2,Servicio de Salud Metropolitano Occidente,"Hospital San Juan de Dios (Santiago, Santiago)",Santiago
22,RN egresados con madres serología positiva (VIH),10,110100,29101770,13,13101,1,,0,1,Servicio de Salud Metropolitano Occidente,"Hospital San Juan de Dios (Santiago, Santiago)",Santiago
23,RN egresados con madres acogidas a Ley 21.155,10,110100,29101772,13,13101,11,,0,5,Servicio de Salud Metropolitano Occidente,"Hospital San Juan de Dios (Santiago, Santiago)",Santiago
24,Total de recién nacidos/as egresados/as,10,110100,24200134,13,13101,141,35,8,60,Servicio de Salud Metropolitano Occidente,"Hospital San Juan de Dios (Santiago, Santiago)",Santiago
25,RN egresados con LME durante hospitalización y al alta,10,110100,24300103,13,13101,81,,3,29,Servicio de Salud Metropolitano Occidente,"Hospital San Juan de Dios (Santiago, Santiago)",Santiago
26,RN egresados que recuperaron LME al alta,10,110100,24311025,13,13101,28,4,2,10,Servicio de Salud Metropolitano Occidente,"Hospital San Juan de Dios (Santiago, Santiago)",Santiago
27,RN egresados con lactancia mixta al alta,10,110100,24311026,13,13101,17,31,3,10,Servicio de Salud Metropolitano Occidente,"Hospital San Juan de Dios (Santiago, Santiago)",Santiago
28,RN egresados solo fórmula láctea (excepto VIH/HTLV-1/Ley 21.155/protección),10,110100,24311027,13,13101,2,,0,1,Servicio de Salud Metropolitano Occidente,"Hospital San Juan de Dios (Santiago, Santiago)",Santiago
29,RN egresados con madres serología positiva (VIH),10,110100,29101770,13,13101,1,,0,1,Servicio de Salud Metropolitano Occidente,"Hospital San Juan de Dios (Santiago, Santiago)",Santiago
30,RN egresados con madres acogidas a Ley 21.155,10,110100,29101772,13,13101,10,,0,2,Servicio de Salud Metropolitano Occidente,"Hospital San Juan de Dios (Santiago, Santiago)",Santiago
31,Total de recién nacidos/as egresados/as,10,110100,24200134,13,13101,103,38,11,46,Servicio de Salud Metropolitano Occidente,"Hospital San Juan de Dios (Santiago, Santiago)",Santiago
32,RN egresados con LME durante hospitalización y al alta,10,110100,24300103,13,13101,66,,3,27,Servicio de Salud Metropolitano Occidente,"Hospital San Juan de Dios (Santiago, Santiago)",Santiago
33,RN egresados que recuperaron LME al alta,10,110100,24311025,13,13101,19,4,4,7,Servicio de Salud Metropolitano Occidente,"Hospital San Juan de Dios (Santiago, Santiago)",Santiago
34,RN egresados con lactancia mixta al alta,10,110100,24311026,13,13101,14,28,3,10,Servicio de Salud Metropolitano Occidente,"Hospital San Juan de Dios (Santiago, Santiago)",Santiago
35,RN egresados solo fórmula láctea (excepto VIH/HTLV-1/Ley 21.155/protección),10,110100,24311027,13,13101,,1,0,0,Servicio de Salud Metropolitano Occidente,"Hospital San Juan de Dios (Santiago, Santiago)",Santiago
36,RN egresados con madres serología positiva (VIH),10,110100,29101770,13,13101,,1,0,0,Servicio de Salud Metropolitano Occidente,"Hospital San Juan de Dios (Santiago, Santiago)",Santiago
37,RN egresados con madres acogidas a Ley 21.155,10,110100,29101772,13,13101,4,,1,2,Servicio de Salud Metropolitano Occidente,"Hospital San Juan de Dios (Santiago, Santiago)",Santiago
38,RN egresados solo fórmula por protección o madre grave,10,110100,24311028,13,13101,1,4,0,0,Servicio de Salud Metropolitano Occidente,"Hospital San Juan de Dios (Santiago, Santiago)",Santiago
39,RN egresados solo fórmula por protección o madre grave,10,110100,24311028,13,13101,,2,0,0,Servicio de Salud Metropolitano Occidente,"Hospital San Juan de Dios (Santiago, Santiago)",Santiago
40,Total de recién nacidos/as egresados/as,10,110100,24200134,13,13101,141,38,8,64,Servicio de Salud Metropolitano Occidente,"Hospital San Juan de Dios (Santiago, Santiago)",Santiago
41,RN egresados con LME durante hospitalización y al alta,10,110100,24300103,13,13101,74,,7,29,Servicio de Salud Metropolitano Occidente,"Hospital San Juan de Dios (Santiago, Santiago)",Santiago
42,RN egresados solo fórmula por protección o madre grave,10,110100,24311028,13,13101,3,1,1,0,Servicio de Salud Metropolitano Occidente,"Hospital San Juan de Dios (Santiago, Santiago)",Santiago
43,Total de recién nacidos/as egresados/as,10,110100,24200134,13,13101,151,32,10,77,Servicio de Salud Metropolitano Occidente,"Hospital San Juan de Dios (Santiago, Santiago)",Santiago
44,RN egresados con LME durante hospitalización y al alta,10,110100,24300103,13,13101,76,0,5,36,Servicio de Salud Metropolitano Occidente,"Hospital San Juan de Dios (Santiago, Santiago)",Santiago
45,RN egresados que recuperaron LME al alta,10,110100,24311025,13,13101,33,0,1,0,Servicio de Salud Metropolitano Occidente,"Hospital San Juan de Dios (Santiago, Santiago)",Santiago
46,RN egresados con lactancia mixta al alta,10,110100,24311026,13,13101,16,24,2,3,Servicio de Salud Metropolitano Occidente,"Hospital San Juan de Dios (Santiago, Santiago)",Santiago
47,RN egresados solo fórmula láctea (excepto VIH/HTLV-1/Ley 21.155/protección),10,110100,24311027,13,13101,,3,0,1,Servicio de Salud Metropolitano Occidente,"Hospital San Juan de Dios (Santiago, Santiago)",Santiago
48,RN egresados con madres acogidas a Ley 21.155,10,110100,29101772,13,13101,10,0,1,2,Servicio de Salud Metropolitano Occidente,"Hospital San Juan de Dios (Santiago, Santiago)",Santiago
49,RN egresados solo fórmula por protección o madre grave,10,110100,24311028,13,13101,1,3,0,0,Servicio de Salud Metropolitano Occidente,"Hospital San Juan de Dios (Santiago, Santiago)",Santiago
50,RN egresados solo fórmula por protección o madre grave,10,110100,24311028,13,13101,,4,0,0,Servicio de Salud Metropolitano Occidente,"Hospital San Juan de Dios (Santiago, Santiago)",Santiago
51,Total de recién nacidos/as egresados/as,10,110100,24200134,13,13101,136,38,10,58,Servicio de Salud Metropolitano Occidente,"Hospital San Juan de Dios (Santiago, Santiago)",Santiago
52,RN egresados con LME durante hospitalización y al alta,10,110100,24300103,13,13101,84,,4,28,Servicio de Salud Metropolitano Occidente,"Hospital San Juan de Dios (Santiago, Santiago)",Santiago
53,RN egresados que recuperaron LME al alta,10,110100,24311025,13,13101,30,4,2,10,Servicio de Salud Metropolitano Occidente,"Hospital San Juan de Dios (Santiago, Santiago)",Santiago
54,RN egresados con lactancia mixta al alta,10,110100,24311026,13,13101,13,26,4,16,Servicio de Salud Metropolitano Occidente,"Hospital San Juan de Dios (Santiago, Santiago)",Santiago
55,RN egresados solo fórmula láctea (excepto VIH/HTLV-1/Ley 21.155/protección),10,110100,24311027,13,13101,1,3,0,2,Servicio de Salud Metropolitano Occidente,"Hospital San Juan de Dios (Santiago, Santiago)",Santiago
56,RN egresados solo fórmula por protección o madre grave,12,112101,24311028,13,13122,0,1,0,0,Servicio de Salud Metropolitano Oriente,"Hospital Dr. Luis Tisné B. (Santiago, Peñalolén)",Peñalolén
57,RN egresados solo fórmula por protección o madre grave,12,112101,24311028,13,13122,0,4,0,0,Servicio de Salud Metropolitano Oriente,"Hospital Dr. Luis Tisné B. (Santiago, Peñalolén)",Peñalolén
58,Total de recién nacidos/as egresados/as,12,112101,24200134,13,13122,184,61,11,50,Servicio de Salud Metropolitano Oriente,"Hospital Dr. Luis Tisné B. (Santiago, Peñalolén)",Peñalolén
59,RN egresados con LME durante hospitalización y al alta,12,112101,24300103,13,13122,149,6,11,38,Servicio de Salud Metropolitano Oriente,"Hospital Dr. Luis Tisné B. (Santiago, Peñalolén)",Peñalolén
60,RN egresados que recuperaron LME al alta,12,112101,24311025,13,13122,3,19,0,0,Servicio de Salud Metropolitano Oriente,"Hospital Dr. Luis Tisné B. (Santiago, Peñalolén)",Peñalolén
61,RN egresados con lactancia mixta al alta,12,112101,24311026,13,13122,7,32,0,0,Servicio de Salud Metropolitano Oriente,"Hospital Dr. Luis Tisné B. (Santiago, Peñalolén)",Peñalolén
62,RN egresados con madres acogidas a Ley 21.155,12,112101,29101772,13,13122,25,0,0,9,Servicio de Salud Metropolitano Oriente,"Hospital Dr. Luis Tisné B. (Santiago, Peñalolén)",Peñalolén
63,Total de recién nacidos/as egresados/as,12,112101,24200134,13,13122,204,68,8,59,Servicio de Salud Metropolitano Oriente,"Hospital Dr. Luis Tisné B. (Santiago, Peñalolén)",Peñalolén
64,RN egresados con LME durante hospitalización y al alta,12,112101,24300103,13,13122,142,4,5,45,Servicio de Salud Metropolitano Oriente,"Hospital Dr. Luis Tisné B. (Santiago, Peñalolén)",Peñalolén
65,RN egresados que recuperaron LME al alta,12,112101,24311025,13,13122,11,17,0,0,Servicio de Salud Metropolitano Oriente,"Hospital Dr. Luis Tisné B. (Santiago, Peñalolén)",Peñalolén
66,RN egresados con lactancia mixta al alta,12,112101,24311026,13,13122,27,43,0,0,Servicio de Salud Metropolitano Oriente,"Hospital Dr. Luis Tisné B. (Santiago, Peñalolén)",Peñalolén
67,RN egresados con madres acogidas a Ley 21.155,12,112101,29101772,13,13122,24,0,2,8,Servicio de Salud Metropolitano Oriente,"Hospital Dr. Luis Tisné B. (Santiago, Peñalolén)",Peñalolén
68,RN egresados que recuperaron LME al alta,12,112101,24311025,13,13122,15,19,0,0,Servicio de Salud Metropolitano Oriente,"Hospital Dr. Luis Tisné B. (Santiago, Peñalolén)",Peñalolén
69,RN egresados con lactancia mixta al alta,12,112101,24311026,13,13122,22,58,0,0,Servicio de Salud Metropolitano Oriente,"Hospital Dr. Luis Tisné B. (Santiago, Peñalolén)",Peñalolén
70,RN egresados con madres serología positiva (VIH),12,112101,29101770,13,13122,2,0,0,2,Servicio de Salud Metropolitano Oriente,"Hospital Dr. Luis Tisné B. (Santiago, Peñalolén)",Peñalolén
71,RN egresados con madres acogidas a Ley 21.155,12,112101,29101772,13,13122,13,0,1,2,Servicio de Salud Metropolitano Oriente,"Hospital Dr. Luis Tisné B. (Santiago, Peñalolén)",Peñalolén
72,Total de recién nacidos/as egresados/as,12,112101,24200134,13,13122,185,84,7,56,Servicio de Salud Metropolitano Oriente,"Hospital Dr. Luis Tisné B. (Santiago, Peñalolén)",Peñalolén
73,RN egresados con LME durante hospitalización y al alta,12,112101,24300103,13,13122,133,6,6,40,Servicio de Salud Metropolitano Oriente,"Hospital Dr. Luis Tisné B. (Santiago, Peñalolén)",Peñalolén
74,RN egresados que recuperaron LME al alta,12,112101,24311025,13,13122,3,25,0,0,Servicio de Salud Metropolitano Oriente,"Hospital Dr. Luis Tisné B. (Santiago, Peñalolén)",Peñalolén
75,Total de recién nacidos/as egresados/as,12,112101,24200134,13,13122,194,66,10,56,Servicio de Salud Metropolitano Oriente,"Hospital Dr. Luis Tisné B. (Santiago, Peñalolén)",Peñalolén
76,RN egresados con LME durante hospitalización y al alta,12,112101,24300103,13,13122,147,2,6,40,Servicio de Salud Metropolitano Oriente,"Hospital Dr. Luis Tisné B. (Santiago, Peñalolén)",Peñalolén
77,RN egresados con lactancia mixta al alta,12,112101,24311026,13,13122,19,36,0,0,Servicio de Salud Metropolitano Oriente,"Hospital Dr. Luis Tisné B. (Santiago, Peñalolén)",Peñalolén
78,RN egresados con madres acogidas a Ley 21.155,12,112101,29101772,13,13122,25,0,0,0,Servicio de Salud Metropolitano Oriente,"Hospital Dr. Luis Tisné B. (Santiago, Peñalolén)",Peñalolén
79,RN egresados solo fórmula por protección o madre grave,12,112101,24311028,13,13122,0,3,0,0,Servicio de Salud Metropolitano Oriente,"Hospital Dr. Luis Tisné B. (Santiago, Peñalolén)",Peñalolén
80,Total de recién nacidos/as egresados/as,12,112101,24200134,13,13122,168,66,8,49,Servicio de Salud Metropolitano Oriente,"Hospital Dr. Luis Tisné B. (Santiago, Peñalolén)",Peñalolén
81,RN egresados con LME durante hospitalización y al alta,12,112101,24300103,13,13122,131,6,6,35,Servicio de Salud Metropolitano Oriente,"Hospital Dr. Luis Tisné B. (Santiago, Peñalolén)",Peñalolén
82,RN egresados que recuperaron LME al alta,12,112101,24311025,13,13122,3,16,0,0,Servicio de Salud Metropolitano Oriente,"Hospital Dr. Luis Tisné B. (Santiago, Peñalolén)",Peñalolén
83,RN egresados con lactancia mixta al alta,12,112101,24311026,13,13122,14,41,0,0,Servicio de Salud Metropolitano Oriente,"Hospital Dr. Luis Tisné B. (Santiago, Peñalolén)",Peñalolén
84,RN egresados solo fórmula láctea (excepto VIH/HTLV-1/Ley 21.155/protección),12,112101,24311027,13,13122,1,0,0,0,Servicio de Salud Metropolitano Oriente,"Hospital Dr. Luis Tisné B. (Santiago, Peñalolén)",Peñalolén
85,RN egresados con LME durante hospitalización y al alta,12,112101,24300103,13,13122,118,8,6,26,Servicio de Salud Metropolitano Oriente,"Hospital Dr. Luis Tisné B. (Santiago, Peñalolén)",Peñalolén
86,RN egresados que recuperaron LME al alta,12,112101,24311025,13,13122,18,27,0,0,Servicio de Salud Metropolitano Oriente,"Hospital Dr. Luis Tisné B. (Santiago, Peñalolén)",Peñalolén
87,RN egresados con lactancia mixta al alta,12,112101,24311026,13,13122,16,44,0,0,Servicio de Salud Metropolitano Oriente,"Hospital Dr. Luis Tisné B. (Santiago, Peñalolén)",Peñalolén
88,Total de recién nacidos/as egresados/as,12,112101,24200134,13,13122,189,84,12,56,Servicio de Salud Metropolitano Oriente,"Hospital Dr. Luis Tisné B. (Santiago, Peñalolén)",Peñalolén
89,RN egresados con LME durante hospitalización y al alta,12,112101,24300103,13,13122,139,5,9,42,Servicio de Salud Metropolitano Oriente,"Hospital Dr. Luis Tisné B. (Santiago, Peñalolén)",Peñalolén
90,RN egresados que recuperaron LME al alta,12,112101,24311025,13,13122,15,26,0,0,Servicio de Salud Metropolitano Oriente,"Hospital Dr. Luis Tisné B. (Santiago, Peñalolén)",Peñalolén
91,RN egresados con lactancia mixta al alta,12,112101,24311026,13,13122,17,52,0,0,Servicio de Salud Metropolitano Oriente,"Hospital Dr. Luis Tisné B. (Santiago, Peñalolén)",Peñalolén
92,RN egresados con madres acogidas a Ley 21.155,12,112101,29101772,13,13122,18,0,1,6,Servicio de Salud Metropolitano Oriente,"Hospital Dr. Luis Tisné B. (Santiago, Peñalolén)",Peñalolén
93,RN egresados solo fórmula por protección o madre grave,12,112101,24311028,13,13122,0,3,0,0,Servicio de Salud Metropolitano Oriente,"Hospital Dr. Luis Tisné B. (Santiago, Peñalolén)",Peñalolén
94,Total de recién nacidos/as egresados/as,12,112101,24200134,13,13122,187,80,6,44,Servicio de Salud Metropolitano Oriente,"Hospital Dr. Luis Tisné B. (Santiago, Peñalolén)",Peñalolén
95,RN egresados solo fórmula por protección o madre grave,12,112101,24311028,13,13122,0,4,0,0,Servicio de Salud Metropolitano Oriente,"Hospital Dr. Luis Tisné B. (Santiago, Peñalolén)",Peñalolén
96,Total de recién nacidos/as egresados/as,12,112101,24200134,13,13122,173,75,9,45,Servicio de Salud Metropolitano Oriente,"Hospital Dr. Luis Tisné B. (Santiago, Peñalolén)",Peñalolén
97,RN egresados con LME durante hospitalización y al alta,12,112101,24300103,13,13122,132,4,7,37,Servicio de Salud Metropolitano Oriente,"Hospital Dr. Luis Tisné B. (Santiago, Peñalolén)",Peñalolén
98,RN egresados que recuperaron LME al alta,12,112101,24311025,13,13122,0,21,0,0,Servicio de Salud Metropolitano Oriente,"Hospital Dr. Luis Tisné B. (Santiago, Peñalolén)",Peñalolén
99,RN egresados con lactancia mixta al alta,12,112101,24311026,13,13122,20,46,0,0,Servicio de Salud Metropolitano Oriente,"Hospital Dr. Luis Tisné B. (Santiago, Peñalolén)",Peñalolén
100,RN egresados con madres acogidas a Ley 21.155,12,112101,29101772,13,13122,21,0,1,4,Servicio de Salud Metropolitano Oriente,"Hospital Dr. Luis Tisné B. (Santiago, Peñalolén)",Peñalolén
101,Total de recién nacidos/as egresados/as,12,112101,24200134,13,13122,216,92,19,54,Servicio de Salud Metropolitano Oriente,"Hospital Dr. Luis Tisné B. (Santiago, Peñalolén)",Peñalolén
102,RN egresados con LME durante hospitalización y al alta,12,112101,24300103,13,13122,163,3,14,38,Servicio de Salud Metropolitano Oriente,"Hospital Dr. Luis Tisné B. (Santiago, Peñalolén)",Peñalolén
103,RN egresados que recuperaron LME al alta,12,112101,24311025,13,13122,8,31,0,0,Servicio de Salud Metropolitano Oriente,"Hospital Dr. Luis Tisné B. (Santiago, Peñalolén)",Peñalolén
104,RN egresados con lactancia mixta al alta,12,112101,24311026,13,13122,21,50,0,0,Servicio de Salud Metropolitano Oriente,"Hospital Dr. Luis Tisné B. (Santiago, Peñalolén)",Peñalolén
105,RN egresados solo fórmula láctea (excepto VIH/HTLV-1/Ley 21.155/protección),12,112101,24311027,13,13122,1,1,0,0,Servicio de Salud Metropolitano Oriente,"Hospital Dr. Luis Tisné B. (Santiago, Peñalolén)",Peñalolén
106,RN egresados con madres acogidas a Ley 21.155,12,112101,29101772,13,13122,23,0,2,6,Servicio de Salud Metropolitano Oriente,"Hospital Dr. Luis Tisné B. (Santiago, Peñalolén)",Peñalolén
107,RN egresados solo fórmula por protección o madre grave,12,112101,24311028,13,13122,0,7,0,0,Servicio de Salud Metropolitano Oriente,"Hospital Dr. Luis Tisné B. (Santiago, Peñalolén)",Peñalolén
108,RN egresados solo fórmula por protección o madre grave,12,112101,24311028,13,13122,0,1,0,0,Servicio de Salud Metropolitano Oriente,"Hospital Dr. Luis Tisné B. (Santiago, Peñalolén)",Peñalolén
109,Total de recién nacidos/as egresados/as,12,112101,24200134,13,13122,173,78,8,36,Servicio de Salud Metropolitano Oriente,"Hospital Dr. Luis Tisné B. (Santiago, Peñalolén)",Peñalolén
110,RN egresados con LME durante hospitalización y al alta,12,112101,24300103,13,13122,123,6,6,24,Servicio de Salud Metropolitano Oriente,"Hospital Dr. Luis Tisné B. (Santiago, Peñalolén)",Peñalolén
111,RN egresados que recuperaron LME al alta,12,112101,24311025,13,13122,6,23,0,0,Servicio de Salud Metropolitano Oriente,"Hospital Dr. Luis Tisné B. (Santiago, Peñalolén)",Peñalolén
112,RN egresados con lactancia mixta al alta,12,112101,24311026,13,13122,22,43,0,0,Servicio de Salud Metropolitano Oriente,"Hospital Dr. Luis Tisné B. (Santiago, Peñalolén)",Peñalolén
113,RN egresados con madres acogidas a Ley 21.155,12,112101,29101772,13,13122,22,0,2,4,Servicio de Salud Metropolitano Oriente,"Hospital Dr. Luis Tisné B. (Santiago, Peñalolén)",Peñalolén
114,RN egresados solo fórmula por protección o madre grave,12,112101,24311028,13,13122,0,6,0,0,Servicio de Salud Metropolitano Oriente,"Hospital Dr. Luis Tisné B. (Santiago, Peñalolén)",Peñalolén
115,RN egresados con madres acogidas a Ley 21.155,12,112101,29101772,13,13122,35,0,0,8,Servicio de Salud Metropolitano Oriente,"Hospital Dr. Luis Tisné B. (Santiago, Peñalolén)",Peñalolén
116,RN egresados solo fórmula por protección o madre grave,12,112101,24311028,13,13122,0,1,0,0,Servicio de Salud Metropolitano Oriente,"Hospital Dr. Luis Tisné B. (Santiago, Peñalolén)",Peñalolén
117,Total de recién nacidos/as egresados/as,12,112101,24200134,13,13122,189,76,9,42,Servicio de Salud Metropolitano Oriente,"Hospital Dr. Luis Tisné B. (Santiago, Peñalolén)",Peñalolén
118,RN egresados con LME durante hospitalización y al alta,12,112101,24300103,13,13122,116,5,7,25,Servicio de Salud Metropolitano Oriente,"Hospital Dr. Luis Tisné B. (Santiago, Peñalolén)",Peñalolén
119,RN egresados que recuperaron LME al alta,12,112101,24311025,13,13122,19,29,0,0,Servicio de Salud Metropolitano Oriente,"Hospital Dr. Luis Tisné B. (Santiago, Peñalolén)",Peñalolén
120,RN egresados con lactancia mixta al alta,12,112101,24311026,13,13122,32,40,0,0,Servicio de Salud Metropolitano Oriente,"Hospital Dr. Luis Tisné B. (Santiago, Peñalolén)",Peñalolén
121,RN egresados con madres serología positiva (VIH),12,112101,29101770,13,13122,1,0,0,1,Servicio de Salud Metropolitano Oriente,"Hospital Dr. Luis Tisné B. (Santiago, Peñalolén)",Peñalolén
122,RN egresados con madres acogidas a Ley 21.155,12,112101,29101772,13,13122,21,0,0,4,Servicio de Salud Metropolitano Oriente,"Hospital Dr. Luis Tisné B. (Santiago, Peñalolén)",Peñalolén
123,RN egresados solo fórmula por protección o madre grave,12,112101,24311028,13,13122,0,2,0,0,Servicio de Salud Metropolitano Oriente,"Hospital Dr. Luis Tisné B. (Santiago, Peñalolén)",Peñalolén
124,RN egresados con madres acogidas a Ley 21.155,12,112101,29101772,13,13122,19,0,1,7,Servicio de Salud Metropolitano Oriente,"Hospital Dr. Luis Tisné B. (Santiago, Peñalolén)",Peñalolén
125,RN egresados solo fórmula por protección o madre grave,12,112101,24311028,13,13122,0,3,0,0,Servicio de Salud Metropolitano Oriente,"Hospital Dr. Luis Tisné B. (Santiago, Peñalolén)",Peñalolén
126,RN egresados con lactancia mixta al alta,12,112101,24311026,13,13122,18,44,0,0,Servicio de Salud Metropolitano Oriente,"Hospital Dr. Luis Tisné B. (Santiago, Peñalolén)",Peñalolén
127,RN egresados con madres acogidas a Ley 21.155,12,112101,29101772,13,13122,30,0,1,7,Servicio de Salud Metropolitano Oriente,"Hospital Dr. Luis Tisné B. (Santiago, Peñalolén)",Peñalolén
128,Total de recién nacidos/as egresados/as,12,112101,24200134,13,13122,215,76,7,56,Servicio de Salud Metropolitano Oriente,"Hospital Dr. Luis Tisné B. (Santiago, Peñalolén)",Peñalolén
129,RN egresados con LME durante hospitalización y al alta,12,112101,24300103,13,13122,142,2,4,32,Servicio de Salud Metropolitano Oriente,"Hospital Dr. Luis Tisné B. (Santiago, Peñalolén)",Peñalolén
130,RN egresados que recuperaron LME al alta,12,112101,24311025,13,13122,25,27,0,0,Servicio de Salud Metropolitano Oriente,"Hospital Dr. Luis Tisné B. (Santiago, Peñalolén)",Peñalolén
131,RN egresados solo fórmula por protección o madre grave,12,112101,24311028,13,13122,0,4,0,0,Servicio de Salud Metropolitano Oriente,"Hospital Dr. Luis Tisné B. (Santiago, Peñalolén)",Peñalolén
132,RN egresados con madres acogidas a Ley 21.155,10,110100,29101772,13,13101,8,0,0,2,Servicio de Salud Metropolitano Occidente,"Hospital San Juan de Dios (Santiago, Santiago)",Santiago
133,RN egresados solo fórmula por protección o madre grave,10,110100,24311028,13,13101,,5,0,0,Servicio de Salud Metropolitano Occidente,"Hospital San Juan de Dios (Santiago, Santiago)",Santiago
134,Total de recién nacidos/as egresados/as,14,114105,24200134,13,13110,152,0,0,51,Servicio de Salud Metropolitano Sur Oriente,Hospital Clínico Metropolitano La Florida Dra. Eloísa Díaz Insunza,La Florida
135,RN egresados con LME durante hospitalización y al alta,14,114105,24300103,13,13110,118,0,0,38,Servicio de Salud Metropolitano Sur Oriente,Hospital Clínico Metropolitano La Florida Dra. Eloísa Díaz Insunza,La Florida
136,RN egresados con lactancia mixta al alta,14,114105,24311026,13,13110,33,0,0,3,Servicio de Salud Metropolitano Sur Oriente,Hospital Clínico Metropolitano La Florida Dra. Eloísa Díaz Insunza,La Florida
137,RN egresados solo fórmula láctea (excepto VIH/HTLV-1/Ley 21.155/protección),14,114105,24311027,13,13110,1,0,0,0,Servicio de Salud Metropolitano Sur Oriente,Hospital Clínico Metropolitano La Florida Dra. Eloísa Díaz Insunza,La Florida
138,RN egresados con madres serología positiva (VIH),14,114105,29101770,13,13110,1,0,0,0,Servicio de Salud Metropolitano Sur Oriente,Hospital Clínico Metropolitano La Florida Dra. Eloísa Díaz Insunza,La Florida
139,RN egresados solo fórmula por protección o madre grave,14,114105,24311028,13,13110,0,1,0,0,Servicio de Salud Metropolitano Sur Oriente,Hospital Clínico Metropolitano La Florida Dra. Eloísa Díaz Insunza,La Florida
140,Total de recién nacidos/as egresados/as,14,114105,24200134,13,13110,152,22,3,28,Servicio de Salud Metropolitano Sur Oriente,Hospital Clínico Metropolitano La Florida Dra. Eloísa Díaz Insunza,La Florida
141,RN egresados con LME durante hospitalización y al alta,14,114105,24300103,13,13110,129,16,0,21,Servicio de Salud Metropolitano Sur Oriente,Hospital Clínico Metropolitano La Florida Dra. Eloísa Díaz Insunza,La Florida
142,RN egresados que recuperaron LME al alta,14,114105,24311025,13,13110,129,16,0,0,Servicio de Salud Metropolitano Sur Oriente,Hospital Clínico Metropolitano La Florida Dra. Eloísa Díaz Insunza,La Florida
143,RN egresados con lactancia mixta al alta,14,114105,24311026,13,13110,23,5,0,5,Servicio de Salud Metropolitano Sur Oriente,Hospital Clínico Metropolitano La Florida Dra. Eloísa Díaz Insunza,La Florida
144,RN egresados solo fórmula láctea (excepto VIH/HTLV-1/Ley 21.155/protección),14,114105,24311027,13,13110,0,1,0,0,Servicio de Salud Metropolitano Sur Oriente,Hospital Clínico Metropolitano La Florida Dra. Eloísa Díaz Insunza,La Florida
145,RN egresados con LME durante hospitalización y al alta,14,114105,24300103,13,13110,132,0,7,0,Servicio de Salud Metropolitano Sur Oriente,Hospital Clínico Metropolitano La Florida Dra. Eloísa Díaz Insunza,La Florida
146,RN egresados que recuperaron LME al alta,14,114105,24311025,13,13110,132,31,7,0,Servicio de Salud Metropolitano Sur Oriente,Hospital Clínico Metropolitano La Florida Dra. Eloísa Díaz Insunza,La Florida
147,RN egresados con lactancia mixta al alta,14,114105,24311026,13,13110,29,17,0,0,Servicio de Salud Metropolitano Sur Oriente,Hospital Clínico Metropolitano La Florida Dra. Eloísa Díaz Insunza,La Florida
148,Total de recién nacidos/as egresados/as,14,114105,24200134,13,13110,161,48,8,0,Servicio de Salud Metropolitano Sur Oriente,Hospital Clínico Metropolitano La Florida Dra. Eloísa Díaz Insunza,La Florida
149,RN egresados solo fórmula por protección o madre grave,14,114105,24311028,13,13110,0,2,0,0,Servicio de Salud Metropolitano Sur Oriente,Hospital Clínico Metropolitano La Florida Dra. Eloísa Díaz Insunza,La Florida
150,RN egresados solo fórmula por protección o madre grave,14,114105,24311028,13,13110,0,3,0,0,Servicio de Salud Metropolitano Sur Oriente,Hospital Clínico Metropolitano La Florida Dra. Eloísa Díaz Insunza,La Florida
151,Total de recién nacidos/as egresados/as,14,114105,24200134,13,13110,156,26,2,51,Servicio de Salud Metropolitano Sur Oriente,Hospital Clínico Metropolitano La Florida Dra. Eloísa Díaz Insunza,La Florida
152,RN egresados con LME durante hospitalización y al alta,14,114105,24300103,13,13110,128,0,1,46,Servicio de Salud Metropolitano Sur Oriente,Hospital Clínico Metropolitano La Florida Dra. Eloísa Díaz Insunza,La Florida
153,RN egresados que recuperaron LME al alta,14,114105,24311025,13,13110,128,17,0,0,Servicio de Salud Metropolitano Sur Oriente,Hospital Clínico Metropolitano La Florida Dra. Eloísa Díaz Insunza,La Florida
154,RN egresados con lactancia mixta al alta,14,114105,24311026,13,13110,27,9,1,5,Servicio de Salud Metropolitano Sur Oriente,Hospital Clínico Metropolitano La Florida Dra. Eloísa Díaz Insunza,La Florida
155,RN egresados con madres acogidas a Ley 21.155,14,114105,29101772,13,13110,1,0,0,0,Servicio de Salud Metropolitano Sur Oriente,Hospital Clínico Metropolitano La Florida Dra. Eloísa Díaz Insunza,La Florida
156,RN egresados solo fórmula por protección o madre grave,14,114105,24311028,13,13110,0,3,0,0,Servicio de Salud Metropolitano Sur Oriente,Hospital Clínico Metropolitano La Florida Dra. Eloísa Díaz Insunza,La Florida
157,Total de recién nacidos/as egresados/as,14,114105,24200134,13,13110,150,35,4,37,Servicio de Salud Metropolitano Sur Oriente,Hospital Clínico Metropolitano La Florida Dra. Eloísa Díaz Insunza,La Florida
158,RN egresados con LME durante hospitalización y al alta,14,114105,24300103,13,13110,121,0,2,34,Servicio de Salud Metropolitano Sur Oriente,Hospital Clínico Metropolitano La Florida Dra. Eloísa Díaz Insunza,La Florida
159,RN egresados que recuperaron LME al alta,14,114105,24311025,13,13110,121,24,0,0,Servicio de Salud Metropolitano Sur Oriente,Hospital Clínico Metropolitano La Florida Dra. Eloísa Díaz Insunza,La Florida
160,RN egresados con lactancia mixta al alta,14,114105,24311026,13,13110,27,6,2,3,Servicio de Salud Metropolitano Sur Oriente,Hospital Clínico Metropolitano La Florida Dra. Eloísa Díaz Insunza,La Florida
161,RN egresados solo fórmula láctea (excepto VIH/HTLV-1/Ley 21.155/protección),14,114105,24311027,13,13110,0,4,0,0,Servicio de Salud Metropolitano Sur Oriente,Hospital Clínico Metropolitano La Florida Dra. Eloísa Díaz Insunza,La Florida
162,RN egresados con madres serología positiva (VIH),14,114105,29101770,13,13110,2,0,0,1,Servicio de Salud Metropolitano Sur Oriente,Hospital Clínico Metropolitano La Florida Dra. Eloísa Díaz Insunza,La Florida
163,RN egresados solo fórmula por protección o madre grave,14,114105,24311028,13,13110,0,2,0,0,Servicio de Salud Metropolitano Sur Oriente,Hospital Clínico Metropolitano La Florida Dra. Eloísa Díaz Insunza,La Florida
164,RN egresados solo fórmula por protección o madre grave,14,114105,24311028,13,13110,0,1,0,0,Servicio de Salud Metropolitano Sur Oriente,Hospital Clínico Metropolitano La Florida Dra. Eloísa Díaz Insunza,La Florida
165,RN egresados solo fórmula láctea (excepto VIH/HTLV-1/Ley 21.155/protección),14,114105,24311027,13,13110,0,1,0,0,Servicio de Salud Metropolitano Sur Oriente,Hospital Clínico Metropolitano La Florida Dra. Eloísa Díaz Insunza,La Florida
166,Total de recién nacidos/as egresados/as,14,114105,24200134,13,13110,162,33,0,45,Servicio de Salud Metropolitano Sur Oriente,Hospital Clínico Metropolitano La Florida Dra. Eloísa Díaz Insunza,La Florida
167,RN egresados con LME durante hospitalización y al alta,14,114105,24300103,13,13110,127,20,4,38,Servicio de Salud Metropolitano Sur Oriente,Hospital Clínico Metropolitano La Florida Dra. Eloísa Díaz Insunza,La Florida
168,RN egresados que recuperaron LME al alta,14,114105,24311025,13,13110,0,20,0,0,Servicio de Salud Metropolitano Sur Oriente,Hospital Clínico Metropolitano La Florida Dra. Eloísa Díaz Insunza,La Florida
169,RN egresados con lactancia mixta al alta,14,114105,24311026,13,13110,35,13,1,7,Servicio de Salud Metropolitano Sur Oriente,Hospital Clínico Metropolitano La Florida Dra. Eloísa Díaz Insunza,La Florida
170,Total de recién nacidos/as egresados/as,14,114105,24200134,13,13110,159,38,7,40,Servicio de Salud Metropolitano Sur Oriente,Hospital Clínico Metropolitano La Florida Dra. Eloísa Díaz Insunza,La Florida
171,RN egresados con LME durante hospitalización y al alta,14,114105,24300103,13,13110,133,0,4,27,Servicio de Salud Metropolitano Sur Oriente,Hospital Clínico Metropolitano La Florida Dra. Eloísa Díaz Insunza,La Florida
172,RN egresados que recuperaron LME al alta,14,114105,24311025,13,13110,0,8,1,0,Servicio de Salud Metropolitano Sur Oriente,Hospital Clínico Metropolitano La Florida Dra. Eloísa Díaz Insunza,La Florida
173,RN egresados con lactancia mixta al alta,14,114105,24311026,13,13110,26,26,2,13,Servicio de Salud Metropolitano Sur Oriente,Hospital Clínico Metropolitano La Florida Dra. Eloísa Díaz Insunza,La Florida
174,Total de recién nacidos/as egresados/as,14,114105,24200134,13,13110,135,15,0,0,Servicio de Salud Metropolitano Sur Oriente,Hospital Clínico Metropolitano La Florida Dra. Eloísa Díaz Insunza,La Florida
175,RN egresados con LME durante hospitalización y al alta,14,114105,24300103,13,13110,114,0,2,23,Servicio de Salud Metropolitano Sur Oriente,Hospital Clínico Metropolitano La Florida Dra. Eloísa Díaz Insunza,La Florida
176,RN egresados que recuperaron LME al alta,14,114105,24311025,13,13110,0,9,0,0,Servicio de Salud Metropolitano Sur Oriente,Hospital Clínico Metropolitano La Florida Dra. Eloísa Díaz Insunza,La Florida
177,RN egresados con lactancia mixta al alta,14,114105,24311026,13,13110,21,6,1,5,Servicio de Salud Metropolitano Sur Oriente,Hospital Clínico Metropolitano La Florida Dra. Eloísa Díaz Insunza,La Florida
178,Total de recién nacidos/as egresados/as,14,114105,24200134,13,13110,118,34,4,41,Servicio de Salud Metropolitano Sur Oriente,Hospital Clínico Metropolitano La Florida Dra. Eloísa Díaz Insunza,La Florida
179,RN egresados con madres serología positiva (VIH),14,114105,29101770,13,13110,1,,0,1,Servicio de Salud Metropolitano Sur Oriente,Hospital Clínico Metropolitano La Florida Dra. Eloísa Díaz Insunza,La Florida
180,RN egresados solo fórmula por protección o madre grave,14,114105,24311028,13,13110,0,2,0,0,Servicio de Salud Metropolitano Sur Oriente,Hospital Clínico Metropolitano La Florida Dra. Eloísa Díaz Insunza,La Florida
181,RN egresados con LME durante hospitalización y al alta,14,114105,24300103,13,13110,92,0,2,22,Servicio de Salud Metropolitano Sur Oriente,Hospital Clínico Metropolitano La Florida Dra. Eloísa Díaz Insunza,La Florida
182,RN egresados que recuperaron LME al alta,14,114105,24311025,13,13110,0,20,0,6,Servicio de Salud Metropolitano Sur Oriente,Hospital Clínico Metropolitano La Florida Dra. Eloísa Díaz Insunza,La Florida
183,RN egresados con lactancia mixta al alta,14,114105,24311026,13,13110,25,12,1,10,Servicio de Salud Metropolitano Sur Oriente,Hospital Clínico Metropolitano La Florida Dra. Eloísa Díaz Insunza,La Florida
184,Total de recién nacidos/as egresados/as,14,114105,24200134,13,13110,128,26,0,40,Servicio de Salud Metropolitano Sur Oriente,Hospital Clínico Metropolitano La Florida Dra. Eloísa Díaz Insunza,La Florida
185,RN egresados con LME durante hospitalización y al alta,14,114105,24300103,13,13110,96,0,0,28,Servicio de Salud Metropolitano Sur Oriente,Hospital Clínico Metropolitano La Florida Dra. Eloísa Díaz Insunza,La Florida
186,RN egresados solo fórmula por protección o madre grave,14,114103,24311028,13,13131,0,4,0,0,Servicio de Salud Metropolitano Sur Oriente,Hospital Padre Alberto Hurtado (San Ramón),San Ramón
187,Total de recién nacidos/as egresados/as,14,114103,24200134,13,13131,147,31,3,18,Servicio de Salud Metropolitano Sur Oriente,Hospital Padre Alberto Hurtado (San Ramón),San Ramón
188,RN egresados con LME durante hospitalización y al alta,14,114103,24300103,13,13131,54,0,5,5,Servicio de Salud Metropolitano Sur Oriente,Hospital Padre Alberto Hurtado (San Ramón),San Ramón
189,RN egresados que recuperaron LME al alta,14,114103,24311025,13,13131,47,15,9,3,Servicio de Salud Metropolitano Sur Oriente,Hospital Padre Alberto Hurtado (San Ramón),San Ramón
190,RN egresados con lactancia mixta al alta,14,114103,24311026,13,13131,16,11,3,4,Servicio de Salud Metropolitano Sur Oriente,Hospital Padre Alberto Hurtado (San Ramón),San Ramón
191,RN egresados solo fórmula por protección o madre grave,14,114103,24311028,13,13131,0,4,0,0,Servicio de Salud Metropolitano Sur Oriente,Hospital Padre Alberto Hurtado (San Ramón),San Ramón
192,RN egresados solo fórmula por protección o madre grave,14,114103,24311028,13,13131,0,3,0,0,Servicio de Salud Metropolitano Sur Oriente,Hospital Padre Alberto Hurtado (San Ramón),San Ramón
193,RN egresados solo fórmula por protección o madre grave,14,114103,24311028,13,13131,0,5,0,0,Servicio de Salud Metropolitano Sur Oriente,Hospital Padre Alberto Hurtado (San Ramón),San Ramón
194,Total de recién nacidos/as egresados/as,14,114103,24200134,13,13131,127,48,8,3,Servicio de Salud Metropolitano Sur Oriente,Hospital Padre Alberto Hurtado (San Ramón),San Ramón
195,RN egresados con LME durante hospitalización y al alta,14,114103,24300103,13,13131,119,0,14,12,Servicio de Salud Metropolitano Sur Oriente,Hospital Padre Alberto Hurtado (San Ramón),San Ramón
196,RN egresados que recuperaron LME al alta,14,114103,24311025,13,13131,,33,6,3,Servicio de Salud Metropolitano Sur Oriente,Hospital Padre Alberto Hurtado (San Ramón),San Ramón
197,RN egresados con lactancia mixta al alta,14,114103,24311026,13,13131,8,8,1,0,Servicio de Salud Metropolitano Sur Oriente,Hospital Padre Alberto Hurtado (San Ramón),San Ramón
198,RN egresados solo fórmula por protección o madre grave,14,114103,24311028,13,13131,0,8,1,1,Servicio de Salud Metropolitano Sur Oriente,Hospital Padre Alberto Hurtado (San Ramón),San Ramón
199,RN egresados con madres acogidas a Ley 21.155,14,114103,29101772,13,13131,1,0,0,0,Servicio de Salud Metropolitano Sur Oriente,Hospital Padre Alberto Hurtado (San Ramón),San Ramón
200,Total de recién nacidos/as egresados/as,14,114103,24200134,13,13131,126,53,7,6,Servicio de Salud Metropolitano Sur Oriente,Hospital Padre Alberto Hurtado (San Ramón),San Ramón
201,RN egresados con LME durante hospitalización y al alta,14,114103,24300103,13,13131,108,0,0,0,Servicio de Salud Metropolitano Sur Oriente,Hospital Padre Alberto Hurtado (San Ramón),San Ramón
202,RN egresados que recuperaron LME al alta,14,114103,24311025,13,13131,,31,4,3,Servicio de Salud Metropolitano Sur Oriente,Hospital Padre Alberto Hurtado (San Ramón),San Ramón
203,RN egresados con lactancia mixta al alta,14,114103,24311026,13,13131,18,12,2,2,Servicio de Salud Metropolitano Sur Oriente,Hospital Padre Alberto Hurtado (San Ramón),San Ramón
204,Total de recién nacidos/as egresados/as,14,114103,24200134,13,13131,125,46,0,0,Servicio de Salud Metropolitano Sur Oriente,Hospital Padre Alberto Hurtado (San Ramón),San Ramón
205,RN egresados con LME durante hospitalización y al alta,14,114103,24300103,13,13131,116,28,0,0,Servicio de Salud Metropolitano Sur Oriente,Hospital Padre Alberto Hurtado (San Ramón),San Ramón
206,RN egresados con lactancia mixta al alta,14,114103,24311026,13,13131,9,18,0,0,Servicio de Salud Metropolitano Sur Oriente,Hospital Padre Alberto Hurtado (San Ramón),San Ramón
207,RN egresados solo fórmula por protección o madre grave,14,114103,24311028,13,13131,1,0,0,0,Servicio de Salud Metropolitano Sur Oriente,Hospital Padre Alberto Hurtado (San Ramón),San Ramón
208,RN egresados solo fórmula por protección o madre grave,14,114103,24311028,13,13131,2,8,0,0,Servicio de Salud Metropolitano Sur Oriente,Hospital Padre Alberto Hurtado (San Ramón),San Ramón
209,Total de recién nacidos/as egresados/as,14,114103,24200134,13,13131,142,49,19,26,Servicio de Salud Metropolitano Sur Oriente,Hospital Padre Alberto Hurtado (San Ramón),San Ramón
210,RN egresados con LME durante hospitalización y al alta,14,114103,24300103,13,13131,50,0,7,6,Servicio de Salud Metropolitano Sur Oriente,Hospital Padre Alberto Hurtado (San Ramón),San Ramón
211,RN egresados que recuperaron LME al alta,14,114103,24311025,13,13131,46,23,6,12,Servicio de Salud Metropolitano Sur Oriente,Hospital Padre Alberto Hurtado (San Ramón),San Ramón
212,RN egresados con lactancia mixta al alta,14,114103,24311026,13,13131,24,12,2,4,Servicio de Salud Metropolitano Sur Oriente,Hospital Padre Alberto Hurtado (San Ramón),San Ramón
213,RN egresados solo fórmula láctea (excepto VIH/HTLV-1/Ley 21.155/protección),14,114103,24311027,13,13131,0,3,0,0,Servicio de Salud Metropolitano Sur Oriente,Hospital Padre Alberto Hurtado (San Ramón),San Ramón
214,RN egresados con madres serología positiva (VIH),14,114103,29101770,13,13131,0,1,0,0,Servicio de Salud Metropolitano Sur Oriente,Hospital Padre Alberto Hurtado (San Ramón),San Ramón
215,RN egresados con madres acogidas a Ley 21.155,14,114103,29101772,13,13131,0,1,0,0,Servicio de Salud Metropolitano Sur Oriente,Hospital Padre Alberto Hurtado (San Ramón),San Ramón
216,Total de recién nacidos/as egresados/as,14,114103,24200134,13,13131,132,52,5,6,Servicio de Salud Metropolitano Sur Oriente,Hospital Padre Alberto Hurtado (San Ramón),San Ramón
217,RN egresados que recuperaron LME al alta,14,114103,24311025,13,13131,126,37,3,6,Servicio de Salud Metropolitano Sur Oriente,Hospital Padre Alberto Hurtado (San Ramón),San Ramón
218,RN egresados con lactancia mixta al alta,14,114103,24311026,13,13131,6,10,2,0,Servicio de Salud Metropolitano Sur Oriente,Hospital Padre Alberto Hurtado (San Ramón),San Ramón
219,RN egresados solo fórmula láctea (excepto VIH/HTLV-1/Ley 21.155/protección),14,114103,24311027,13,13131,0,3,0,0,Servicio de Salud Metropolitano Sur Oriente,Hospital Padre Alberto Hurtado (San Ramón),San Ramón
220,Total de recién nacidos/as egresados/as,14,114103,24200134,13,13131,110,36,18,19,Servicio de Salud Metropolitano Sur Oriente,Hospital Padre Alberto Hurtado (San Ramón),San Ramón
221,RN egresados con LME durante hospitalización y al alta,14,114103,24300103,13,13131,45,0,6,8,Servicio de Salud Metropolitano Sur Oriente,Hospital Padre Alberto Hurtado (San Ramón),San Ramón
222,RN egresados que recuperaron LME al alta,14,114103,24311025,13,13131,51,22,9,9,Servicio de Salud Metropolitano Sur Oriente,Hospital Padre Alberto Hurtado (San Ramón),San Ramón
223,RN egresados con lactancia mixta al alta,14,114103,24311026,13,13131,13,8,3,2,Servicio de Salud Metropolitano Sur Oriente,Hospital Padre Alberto Hurtado (San Ramón),San Ramón
224,RN egresados solo fórmula láctea (excepto VIH/HTLV-1/Ley 21.155/protección),14,114103,24311027,13,13131,0,4,0,0,Servicio de Salud Metropolitano Sur Oriente,Hospital Padre Alberto Hurtado (San Ramón),San Ramón
225,RN egresados con madres acogidas a Ley 21.155,14,114103,29101772,13,13131,1,0,0,0,Servicio de Salud Metropolitano Sur Oriente,Hospital Padre Alberto Hurtado (San Ramón),San Ramón
226,RN egresados solo fórmula láctea (excepto VIH/HTLV-1/Ley 21.155/protección),14,114103,24311027,13,13131,,1,0,0,Servicio de Salud Metropolitano Sur Oriente,Hospital Padre Alberto Hurtado (San Ramón),San Ramón
227,RN egresados con madres serología positiva (VIH),14,114103,29101770,13,13131,,1,0,0,Servicio de Salud Metropolitano Sur Oriente,Hospital Padre Alberto Hurtado (San Ramón),San Ramón
228,RN egresados con madres acogidas a Ley 21.155,14,114103,29101772,13,13131,,1,1,0,Servicio de Salud Metropolitano Sur Oriente,Hospital Padre Alberto Hurtado (San Ramón),San Ramón
229,RN egresados solo fórmula por protección o madre grave,14,114103,24311028,13,13131,,4,0,0,Servicio de Salud Metropolitano Sur Oriente,Hospital Padre Alberto Hurtado (San Ramón),San Ramón
230,Total de recién nacidos/as egresados/as,14,114103,24200134,13,13131,161,40,11,5,Servicio de Salud Metropolitano Sur Oriente,Hospital Padre Alberto Hurtado (San Ramón),San Ramón
231,RN egresados con LME durante hospitalización y al alta,14,114103,24300103,13,13131,98,0,2,5,Servicio de Salud Metropolitano Sur Oriente,Hospital Padre Alberto Hurtado (San Ramón),San Ramón
232,RN egresados solo fórmula por protección o madre grave,14,114103,24311028,13,13131,0,7,2,0,Servicio de Salud Metropolitano Sur Oriente,Hospital Padre Alberto Hurtado (San Ramón),San Ramón
233,Total de recién nacidos/as egresados/as,14,114103,24200134,13,13131,,39,4,5,Servicio de Salud Metropolitano Sur Oriente,Hospital Padre Alberto Hurtado (San Ramón),San Ramón
234,RN egresados que recuperaron LME al alta,14,114103,24311025,13,13131,,19,2,5,Servicio de Salud Metropolitano Sur Oriente,Hospital Padre Alberto Hurtado (San Ramón),San Ramón
235,RN egresados con lactancia mixta al alta,14,114103,24311026,13,13131,,15,1,0,Servicio de Salud Metropolitano Sur Oriente,Hospital Padre Alberto Hurtado (San Ramón),San Ramón
236,Total de recién nacidos/as egresados/as,14,114103,24200134,13,13131,151,41,8,16,Servicio de Salud Metropolitano Sur Oriente,Hospital Padre Alberto Hurtado (San Ramón),San Ramón
237,RN egresados con LME durante hospitalización y al alta,14,114103,24300103,13,13131,75,0,5,10,Servicio de Salud Metropolitano Sur Oriente,Hospital Padre Alberto Hurtado (San Ramón),San Ramón
238,RN egresados que recuperaron LME al alta,14,114103,24311025,13,13131,13,24,2,4,Servicio de Salud Metropolitano Sur Oriente,Hospital Padre Alberto Hurtado (San Ramón),San Ramón
239,RN egresados con lactancia mixta al alta,14,114103,24311026,13,13131,0,9,1,0,Servicio de Salud Metropolitano Sur Oriente,Hospital Padre Alberto Hurtado (San Ramón),San Ramón
240,RN egresados solo fórmula láctea (excepto VIH/HTLV-1/Ley 21.155/protección),14,114103,24311027,13,13131,1,1,0,0,Servicio de Salud Metropolitano Sur Oriente,Hospital Padre Alberto Hurtado (San Ramón),San Ramón
241,RN egresados con madres serología positiva (VIH),14,114103,29101770,13,13131,1,0,0,1,Servicio de Salud Metropolitano Sur Oriente,Hospital Padre Alberto Hurtado (San Ramón),San Ramón
242,RN egresados solo fórmula por protección o madre grave,14,114103,24311028,13,13131,0,7,0,0,Servicio de Salud Metropolitano Sur Oriente,Hospital Padre Alberto Hurtado (San Ramón),San Ramón
243,Total de recién nacidos/as egresados/as,14,114103,24200134,13,13131,168,51,0,0,Servicio de Salud Metropolitano Sur Oriente,Hospital Padre Alberto Hurtado (San Ramón),San Ramón
244,RN egresados con LME durante hospitalización y al alta,14,114103,24300103,13,13131,113,36,0,0,Servicio de Salud Metropolitano Sur Oriente,Hospital Padre Alberto Hurtado (San Ramón),San Ramón
245,RN egresados que recuperaron LME al alta,14,114103,24311025,13,13131,12,0,0,0,Servicio de Salud Metropolitano Sur Oriente,Hospital Padre Alberto Hurtado (San Ramón),San Ramón
246,RN egresados con lactancia mixta al alta,14,114103,24311026,13,13131,0,8,0,0,Servicio de Salud Metropolitano Sur Oriente,Hospital Padre Alberto Hurtado (San Ramón),San Ramón
247,RN egresados solo fórmula por protección o madre grave,14,114103,24311028,13,13131,2,6,0,0,Servicio de Salud Metropolitano Sur Oriente,Hospital Padre Alberto Hurtado (San Ramón),San Ramón
248,RN egresados que recuperaron LME al alta,14,114103,24311025,13,13131,25,19,0,2,Servicio de Salud Metropolitano Sur Oriente,Hospital Padre Alberto Hurtado (San Ramón),San Ramón
249,RN egresados con lactancia mixta al alta,14,114103,24311026,13,13131,17,13,3,2,Servicio de Salud Metropolitano Sur Oriente,Hospital Padre Alberto Hurtado (San Ramón),San Ramón
250,RN egresados con madres serología positiva (VIH),14,114103,29101770,13,13131,0,1,0,0,Servicio de Salud Metropolitano Sur Oriente,Hospital Padre Alberto Hurtado (San Ramón),San Ramón
251,Total de recién nacidos/as egresados/as,14,114103,24200134,13,13131,179,57,0,0,Servicio de Salud Metropolitano Sur Oriente,Hospital Padre Alberto Hurtado (San Ramón),San Ramón
252,RN egresados con LME durante hospitalización y al alta,14,114103,24300103,13,13131,169,35,0,0,Servicio de Salud Metropolitano Sur Oriente,Hospital Padre Alberto Hurtado (San Ramón),San Ramón
253,RN egresados con LME durante hospitalización y al alta,14,114101,24300103,13,13201,89,0,0,17,Servicio de Salud Metropolitano Sur Oriente,"Complejo Hospitalario Dr. Sótero del Río (Santiago, Puente Alto)",Puente Alto
254,RN egresados que recuperaron LME al alta,14,114101,24311025,13,13201,12,36,0,3,Servicio de Salud Metropolitano Sur Oriente,"Complejo Hospitalario Dr. Sótero del Río (Santiago, Puente Alto)",Puente Alto
255,RN egresados con lactancia mixta al alta,14,114101,24311026,13,13201,121,26,0,20,Servicio de Salud Metropolitano Sur Oriente,"Complejo Hospitalario Dr. Sótero del Río (Santiago, Puente Alto)",Puente Alto
256,RN egresados solo fórmula láctea (excepto VIH/HTLV-1/Ley 21.155/protección),14,114101,24311027,13,13201,0,6,0,1,Servicio de Salud Metropolitano Sur Oriente,"Complejo Hospitalario Dr. Sótero del Río (Santiago, Puente Alto)",Puente Alto
257,RN egresados con madres serología positiva (VIH),14,114101,29101770,13,13201,1,0,0,1,Servicio de Salud Metropolitano Sur Oriente,"Complejo Hospitalario Dr. Sótero del Río (Santiago, Puente Alto)",Puente Alto
258,Total de recién nacidos/as egresados/as,14,114101,24200134,13,13201,164,65,13,29,Servicio de Salud Metropolitano Sur Oriente,"Complejo Hospitalario Dr. Sótero del Río (Santiago, Puente Alto)",Puente Alto
259,RN egresados con LME durante hospitalización y al alta,14,114101,24300103,13,13201,117,0,12,14,Servicio de Salud Metropolitano Sur Oriente,"Complejo Hospitalario Dr. Sótero del Río (Santiago, Puente Alto)",Puente Alto
260,RN egresados que recuperaron LME al alta,14,114101,24311025,13,13201,17,31,0,6,Servicio de Salud Metropolitano Sur Oriente,"Complejo Hospitalario Dr. Sótero del Río (Santiago, Puente Alto)",Puente Alto
261,RN egresados con lactancia mixta al alta,14,114101,24311026,13,13201,21,23,0,3,Servicio de Salud Metropolitano Sur Oriente,"Complejo Hospitalario Dr. Sótero del Río (Santiago, Puente Alto)",Puente Alto
262,RN egresados con madres serología positiva (VIH),14,114101,29101770,13,13201,1,0,0,0,Servicio de Salud Metropolitano Sur Oriente,"Complejo Hospitalario Dr. Sótero del Río (Santiago, Puente Alto)",Puente Alto
263,RN egresados con madres acogidas a Ley 21.155,14,114101,29101772,13,13201,7,0,0,0,Servicio de Salud Metropolitano Sur Oriente,"Complejo Hospitalario Dr. Sótero del Río (Santiago, Puente Alto)",Puente Alto
264,RN egresados solo fórmula por protección o madre grave,14,114101,24311028,13,13201,1,0,0,0,Servicio de Salud Metropolitano Sur Oriente,"Complejo Hospitalario Dr. Sótero del Río (Santiago, Puente Alto)",Puente Alto
265,Total de recién nacidos/as egresados/as,14,114101,24200134,13,13201,126,86,1,57,Servicio de Salud Metropolitano Sur Oriente,"Complejo Hospitalario Dr. Sótero del Río (Santiago, Puente Alto)",Puente Alto
266,Total de recién nacidos/as egresados/as,14,114101,24200134,13,13201,138,70,1,20,Servicio de Salud Metropolitano Sur Oriente,"Complejo Hospitalario Dr. Sótero del Río (Santiago, Puente Alto)",Puente Alto
267,RN egresados con LME durante hospitalización y al alta,14,114101,24300103,13,13201,108,0,1,16,Servicio de Salud Metropolitano Sur Oriente,"Complejo Hospitalario Dr. Sótero del Río (Santiago, Puente Alto)",Puente Alto
268,RN egresados que recuperaron LME al alta,14,114101,24311025,13,13201,14,40,0,2,Servicio de Salud Metropolitano Sur Oriente,"Complejo Hospitalario Dr. Sótero del Río (Santiago, Puente Alto)",Puente Alto
269,RN egresados con lactancia mixta al alta,14,114101,24311026,13,13201,14,22,0,1,Servicio de Salud Metropolitano Sur Oriente,"Complejo Hospitalario Dr. Sótero del Río (Santiago, Puente Alto)",Puente Alto
270,RN egresados solo fórmula láctea (excepto VIH/HTLV-1/Ley 21.155/protección),14,114101,24311027,13,13201,2,5,0,1,Servicio de Salud Metropolitano Sur Oriente,"Complejo Hospitalario Dr. Sótero del Río (Santiago, Puente Alto)",Puente Alto
271,RN egresados con madres acogidas a Ley 21.155,14,114101,29101772,13,13201,2,0,0,1,Servicio de Salud Metropolitano Sur Oriente,"Complejo Hospitalario Dr. Sótero del Río (Santiago, Puente Alto)",Puente Alto
272,Total de recién nacidos/as egresados/as,14,114101,24200134,13,13201,131,66,0,9,Servicio de Salud Metropolitano Sur Oriente,"Complejo Hospitalario Dr. Sótero del Río (Santiago, Puente Alto)",Puente Alto
273,RN egresados con LME durante hospitalización y al alta,14,114101,24300103,13,13201,111,20,0,8,Servicio de Salud Metropolitano Sur Oriente,"Complejo Hospitalario Dr. Sótero del Río (Santiago, Puente Alto)",Puente Alto
274,RN egresados con madres acogidas a Ley 21.155,14,114101,29101772,13,13201,9,0,0,1,Servicio de Salud Metropolitano Sur Oriente,"Complejo Hospitalario Dr. Sótero del Río (Santiago, Puente Alto)",Puente Alto
275,Total de recién nacidos/as egresados/as,14,114101,24200134,13,13201,153,79,3,17,Servicio de Salud Metropolitano Sur Oriente,"Complejo Hospitalario Dr. Sótero del Río (Santiago, Puente Alto)",Puente Alto
276,RN egresados con LME durante hospitalización y al alta,14,114101,24300103,13,13201,132,,2,16,Servicio de Salud Metropolitano Sur Oriente,"Complejo Hospitalario Dr. Sótero del Río (Santiago, Puente Alto)",Puente Alto
277,RN egresados que recuperaron LME al alta,14,114101,24311025,13,13201,7,38,1,0,Servicio de Salud Metropolitano Sur Oriente,"Complejo Hospitalario Dr. Sótero del Río (Santiago, Puente Alto)",Puente Alto
278,RN egresados con lactancia mixta al alta,14,114101,24311026,13,13201,146,28,3,0,Servicio de Salud Metropolitano Sur Oriente,"Complejo Hospitalario Dr. Sótero del Río (Santiago, Puente Alto)",Puente Alto
279,RN egresados solo fórmula láctea (excepto VIH/HTLV-1/Ley 21.155/protección),14,114101,24311027,13,13201,0,9,0,0,Servicio de Salud Metropolitano Sur Oriente,"Complejo Hospitalario Dr. Sótero del Río (Santiago, Puente Alto)",Puente Alto
280,RN egresados con madres serología positiva (VIH),14,114101,29101770,13,13201,1,,0,0,Servicio de Salud Metropolitano Sur Oriente,"Complejo Hospitalario Dr. Sótero del Río (Santiago, Puente Alto)",Puente Alto
281,RN egresados con madres acogidas a Ley 21.155,14,114101,29101772,13,13201,6,0,0,0,Servicio de Salud Metropolitano Sur Oriente,"Complejo Hospitalario Dr. Sótero del Río (Santiago, Puente Alto)",Puente Alto
282,RN egresados con madres acogidas a Ley 21.155,14,114101,29101772,13,13201,4,0,0,2,Servicio de Salud Metropolitano Sur Oriente,"Complejo Hospitalario Dr. Sótero del Río (Santiago, Puente Alto)",Puente Alto
283,Total de recién nacidos/as egresados/as,14,114101,24200134,13,13201,147,62,0,16,Servicio de Salud Metropolitano Sur Oriente,"Complejo Hospitalario Dr. Sótero del Río (Santiago, Puente Alto)",Puente Alto
284,RN egresados con LME durante hospitalización y al alta,14,114101,24300103,13,13201,119,26,0,12,Servicio de Salud Metropolitano Sur Oriente,"Complejo Hospitalario Dr. Sótero del Río (Santiago, Puente Alto)",Puente Alto
285,RN egresados que recuperaron LME al alta,14,114101,24311025,13,13201,11,,0,1,Servicio de Salud Metropolitano Sur Oriente,"Complejo Hospitalario Dr. Sótero del Río (Santiago, Puente Alto)",Puente Alto
286,RN egresados con lactancia mixta al alta,14,114101,24311026,13,13201,12,,0,0,Servicio de Salud Metropolitano Sur Oriente,"Complejo Hospitalario Dr. Sótero del Río (Santiago, Puente Alto)",Puente Alto
287,RN egresados solo fórmula láctea (excepto VIH/HTLV-1/Ley 21.155/protección),14,114101,24311027,13,13201,1,0,0,0,Servicio de Salud Metropolitano Sur Oriente,"Complejo Hospitalario Dr. Sótero del Río (Santiago, Puente Alto)",Puente Alto
288,RN egresados con madres acogidas a Ley 21.155,14,114101,29101772,13,13201,1,0,0,0,Servicio de Salud Metropolitano Sur Oriente,"Complejo Hospitalario Dr. Sótero del Río (Santiago, Puente Alto)",Puente Alto
289,Total de recién nacidos/as egresados/as,14,114101,24200134,13,13201,146,97,5,39,Servicio de Salud Metropolitano Sur Oriente,"Complejo Hospitalario Dr. Sótero del Río (Santiago, Puente Alto)",Puente Alto
290,RN egresados con LME durante hospitalización y al alta,14,114101,24300103,13,13201,120,0,5,23,Servicio de Salud Metropolitano Sur Oriente,"Complejo Hospitalario Dr. Sótero del Río (Santiago, Puente Alto)",Puente Alto
291,RN egresados que recuperaron LME al alta,14,114101,24311025,13,13201,9,61,0,7,Servicio de Salud Metropolitano Sur Oriente,"Complejo Hospitalario Dr. Sótero del Río (Santiago, Puente Alto)",Puente Alto
292,RN egresados con lactancia mixta al alta,14,114101,24311026,13,13201,142,23,0,32,Servicio de Salud Metropolitano Sur Oriente,"Complejo Hospitalario Dr. Sótero del Río (Santiago, Puente Alto)",Puente Alto
293,Total de recién nacidos/as egresados/as,14,114101,24200134,13,13201,122,74,0,27,Servicio de Salud Metropolitano Sur Oriente,"Complejo Hospitalario Dr. Sótero del Río (Santiago, Puente Alto)",Puente Alto
294,Total de recién nacidos/as egresados/as,14,114101,24200134,13,13201,171,73,4,29,Servicio de Salud Metropolitano Sur Oriente,"Complejo Hospitalario Dr. Sótero del Río (Santiago, Puente Alto)",Puente Alto
295,RN egresados con LME durante hospitalización y al alta,14,114101,24300103,13,13201,131,32,3,18,Servicio de Salud Metropolitano Sur Oriente,"Complejo Hospitalario Dr. Sótero del Río (Santiago, Puente Alto)",Puente Alto
296,RN egresados que recuperaron LME al alta,14,114101,24311025,13,13201,16,,1,4,Servicio de Salud Metropolitano Sur Oriente,"Complejo Hospitalario Dr. Sótero del Río (Santiago, Puente Alto)",Puente Alto
297,RN egresados con lactancia mixta al alta,14,114101,24311026,13,13201,165,,4,18,Servicio de Salud Metropolitano Sur Oriente,"Complejo Hospitalario Dr. Sótero del Río (Santiago, Puente Alto)",Puente Alto
298,RN egresados con madres serología positiva (VIH),14,114101,29101770,13,13201,1,0,0,0,Servicio de Salud Metropolitano Sur Oriente,"Complejo Hospitalario Dr. Sótero del Río (Santiago, Puente Alto)",Puente Alto
299,RN egresados con madres acogidas a Ley 21.155,14,114101,29101772,13,13201,5,0,0,2,Servicio de Salud Metropolitano Sur Oriente,"Complejo Hospitalario Dr. Sótero del Río (Santiago, Puente Alto)",Puente Alto
300,Total de recién nacidos/as egresados/as,14,114101,24200134,13,13201,134,106,28,20,Servicio de Salud Metropolitano Sur Oriente,"Complejo Hospitalario Dr. Sótero del Río (Santiago, Puente Alto)",Puente Alto
301,RN egresados con LME durante hospitalización y al alta,14,114101,24300103,13,13201,100,0,20,5,Servicio de Salud Metropolitano Sur Oriente,"Complejo Hospitalario Dr. Sótero del Río (Santiago, Puente Alto)",Puente Alto
302,RN egresados que recuperaron LME al alta,14,114101,24311025,13,13201,17,40,4,6,Servicio de Salud Metropolitano Sur Oriente,"Complejo Hospitalario Dr. Sótero del Río (Santiago, Puente Alto)",Puente Alto
303,RN egresados con lactancia mixta al alta,14,114101,24311026,13,13201,130,51,27,15,Servicio de Salud Metropolitano Sur Oriente,"Complejo Hospitalario Dr. Sótero del Río (Santiago, Puente Alto)",Puente Alto
304,RN egresados con madres acogidas a Ley 21.155,14,114101,29101772,13,13201,4,0,0,1,Servicio de Salud Metropolitano Sur Oriente,"Complejo Hospitalario Dr. Sótero del Río (Santiago, Puente Alto)",Puente Alto
305,Total de recién nacidos/as egresados/as,14,114101,24200134,13,13201,157,72,11,29,Servicio de Salud Metropolitano Sur Oriente,"Complejo Hospitalario Dr. Sótero del Río (Santiago, Puente Alto)",Puente Alto
306,RN egresados con LME durante hospitalización y al alta,14,114101,24300103,13,13201,116,0,8,19,Servicio de Salud Metropolitano Sur Oriente,"Complejo Hospitalario Dr. Sótero del Río (Santiago, Puente Alto)",Puente Alto
307,RN egresados que recuperaron LME al alta,14,114101,24311025,13,13201,17,46,1,6,Servicio de Salud Metropolitano Sur Oriente,"Complejo Hospitalario Dr. Sótero del Río (Santiago, Puente Alto)",Puente Alto
308,RN egresados con lactancia mixta al alta,14,114101,24311026,13,13201,56,20,11,29,Servicio de Salud Metropolitano Sur Oriente,"Complejo Hospitalario Dr. Sótero del Río (Santiago, Puente Alto)",Puente Alto
309,RN egresados solo fórmula láctea (excepto VIH/HTLV-1/Ley 21.155/protección),14,114101,24311027,13,13201,0,6,0,0,Servicio de Salud Metropolitano Sur Oriente,"Complejo Hospitalario Dr. Sótero del Río (Santiago, Puente Alto)",Puente Alto
310,RN egresados con madres serología positiva (HTLV-1),14,114101,29101771,13,13201,1,0,0,0,Servicio de Salud Metropolitano Sur Oriente,"Complejo Hospitalario Dr. Sótero del Río (Santiago, Puente Alto)",Puente Alto
311,RN egresados con madres acogidas a Ley 21.155,14,114101,29101772,13,13201,6,0,1,2,Servicio de Salud Metropolitano Sur Oriente,"Complejo Hospitalario Dr. Sótero del Río (Santiago, Puente Alto)",Puente Alto
312,Total de recién nacidos/as egresados/as,14,114101,24200134,13,13201,171,60,0,23,Servicio de Salud Metropolitano Sur Oriente,"Complejo Hospitalario Dr. Sótero del Río (Santiago, Puente Alto)",Puente Alto
313,RN egresados con LME durante hospitalización y al alta,14,114101,24300103,13,13201,149,19,0,19,Servicio de Salud Metropolitano Sur Oriente,"Complejo Hospitalario Dr. Sótero del Río (Santiago, Puente Alto)",Puente Alto
314,RN egresados con madres serología positiva (VIH),14,114101,29101770,13,13201,1,0,0,1,Servicio de Salud Metropolitano Sur Oriente,"Complejo Hospitalario Dr. Sótero del Río (Santiago, Puente Alto)",Puente Alto
315,RN egresados con madres acogidas a Ley 21.155,14,114101,29101772,13,13201,1,0,0,0,Servicio de Salud Metropolitano Sur Oriente,"Complejo Hospitalario Dr. Sótero del Río (Santiago, Puente Alto)",Puente Alto
316,RN egresados con LME durante hospitalización y al alta,14,114101,24300103,13,13201,100,0,1,19,Servicio de Salud Metropolitano Sur Oriente,"Complejo Hospitalario Dr. Sótero del Río (Santiago, Puente Alto)",Puente Alto
317,RN egresados que recuperaron LME al alta,14,114101,24311025,13,13201,8,44,0,6,Servicio de Salud Metropolitano Sur Oriente,"Complejo Hospitalario Dr. Sótero del Río (Santiago, Puente Alto)",Puente Alto
318,RN egresados con lactancia mixta al alta,14,114101,24311026,13,13201,118,30,1,26,Servicio de Salud Metropolitano Sur Oriente,"Complejo Hospitalario Dr. Sótero del Río (Santiago, Puente Alto)",Puente Alto
319,RN egresados solo fórmula láctea (excepto VIH/HTLV-1/Ley 21.155/protección),14,114101,24311027,13,13201,0,8,0,1,Servicio de Salud Metropolitano Sur Oriente,"Complejo Hospitalario Dr. Sótero del Río (Santiago, Puente Alto)",Puente Alto
320,RN egresados con madres acogidas a Ley 21.155,14,114101,29101772,13,13201,8,0,0,2,Servicio de Salud Metropolitano Sur Oriente,"Complejo Hospitalario Dr. Sótero del Río (Santiago, Puente Alto)",Puente Alto
321,RN egresados con lactancia mixta al alta,14,114105,24311026,13,13110,21,7,0,4,Servicio de Salud Metropolitano Sur Oriente,Hospital Clínico Metropolitano La Florida Dra. Eloísa Díaz Insunza,La Florida
322,RN egresados solo fórmula láctea (excepto VIH/HTLV-1/Ley 21.155/protección),14,114105,24311027,13,13110,1,2,0,1,Servicio de Salud Metropolitano Sur Oriente,Hospital Clínico Metropolitano La Florida Dra. Eloísa Díaz Insunza,La Florida
323,RN egresados con madres serología positiva (VIH),14,114105,29101770,13,13110,1,1,0,1,Servicio de Salud Metropolitano Sur Oriente,Hospital Clínico Metropolitano La Florida Dra. Eloísa Díaz Insunza,La Florida
324,Total de recién nacidos/as egresados/as,14,114105,24200134,13,13110,128,32,6,33,Servicio de Salud Metropolitano Sur Oriente,Hospital Clínico Metropolitano La Florida Dra. Eloísa Díaz Insunza,La Florida
325,RN egresados con LME durante hospitalización y al alta,14,114105,24300103,13,13110,106,20,6,28,Servicio de Salud Metropolitano Sur Oriente,Hospital Clínico Metropolitano La Florida Dra. Eloísa Díaz Insunza,La Florida
326,RN egresados que recuperaron LME al alta,14,114105,24311025,13,13110,0,20,0,0,Servicio de Salud Metropolitano Sur Oriente,Hospital Clínico Metropolitano La Florida Dra. Eloísa Díaz Insunza,La Florida
327,RN egresados con madres acogidas a Ley 21.155,14,114105,29101772,13,13110,0,1,0,0,Servicio de Salud Metropolitano Sur Oriente,Hospital Clínico Metropolitano La Florida Dra. Eloísa Díaz Insunza,La Florida
328,RN egresados solo fórmula por protección o madre grave,14,114105,24311028,13,13110,0,5,0,0,Servicio de Salud Metropolitano Sur Oriente,Hospital Clínico Metropolitano La Florida Dra. Eloísa Díaz Insunza,La Florida
329,RN egresados solo fórmula láctea (excepto VIH/HTLV-1/Ley 21.155/protección),14,114105,24311027,13,13110,0,3,0,0,Servicio de Salud Metropolitano Sur Oriente,Hospital Clínico Metropolitano La Florida Dra. Eloísa Díaz Insunza,La Florida
330,RN egresados con madres serología positiva (VIH),14,114105,29101770,13,13110,1,,0,0,Servicio de Salud Metropolitano Sur Oriente,Hospital Clínico Metropolitano La Florida Dra. Eloísa Díaz Insunza,La Florida
331,RN egresados que recuperaron LME al alta,14,114105,24311025,13,13110,96,4,0,30,Servicio de Salud Metropolitano Sur Oriente,Hospital Clínico Metropolitano La Florida Dra. Eloísa Díaz Insunza,La Florida
332,RN egresados con lactancia mixta al alta,14,114105,24311026,13,13110,31,19,0,10,Servicio de Salud Metropolitano Sur Oriente,Hospital Clínico Metropolitano La Florida Dra. Eloísa Díaz Insunza,La Florida
333,Total de recién nacidos/as egresados/as,11,111100,24200134,13,13101,245,46,0,262,Servicio de Salud Metropolitano Central,Hospital Clínico San Borja Arriarán,Santiago
334,RN egresados con LME durante hospitalización y al alta,11,111100,24300103,13,13101,203,0,0,170,Servicio de Salud Metropolitano Central,Hospital Clínico San Borja Arriarán,Santiago
335,RN egresados que recuperaron LME al alta,11,111100,24311025,13,13101,34,13,0,41,Servicio de Salud Metropolitano Central,Hospital Clínico San Borja Arriarán,Santiago
336,RN egresados con lactancia mixta al alta,11,111100,24311026,13,13101,5,28,0,22,Servicio de Salud Metropolitano Central,Hospital Clínico San Borja Arriarán,Santiago
337,RN egresados solo fórmula láctea (excepto VIH/HTLV-1/Ley 21.155/protección),11,111100,24311027,13,13101,2,0,0,1,Servicio de Salud Metropolitano Central,Hospital Clínico San Borja Arriarán,Santiago
338,RN egresados con madres serología positiva (VIH),11,111100,29101770,13,13101,0,2,0,2,Servicio de Salud Metropolitano Central,Hospital Clínico San Borja Arriarán,Santiago
339,RN egresados solo fórmula por protección o madre grave,11,111100,24311028,13,13101,1,3,0,0,Servicio de Salud Metropolitano Central,Hospital Clínico San Borja Arriarán,Santiago
340,Total de recién nacidos/as egresados/as,11,111100,24200134,13,13101,205,50,0,202,Servicio de Salud Metropolitano Central,Hospital Clínico San Borja Arriarán,Santiago
341,RN egresados con LME durante hospitalización y al alta,11,111100,24300103,13,13101,183,0,0,150,Servicio de Salud Metropolitano Central,Hospital Clínico San Borja Arriarán,Santiago
342,RN egresados que recuperaron LME al alta,11,111100,24311025,13,13101,17,17,0,28,Servicio de Salud Metropolitano Central,Hospital Clínico San Borja Arriarán,Santiago
343,RN egresados con lactancia mixta al alta,11,111100,24311026,13,13101,4,25,0,19,Servicio de Salud Metropolitano Central,Hospital Clínico San Borja Arriarán,Santiago
344,RN egresados solo fórmula láctea (excepto VIH/HTLV-1/Ley 21.155/protección),11,111100,24311027,13,13101,0,4,0,2,Servicio de Salud Metropolitano Central,Hospital Clínico San Borja Arriarán,Santiago
345,RN egresados con madres serología positiva (VIH),11,111100,29101770,13,13101,0,1,0,1,Servicio de Salud Metropolitano Central,Hospital Clínico San Borja Arriarán,Santiago
346,RN egresados con madres acogidas a Ley 21.155,11,111100,29101772,13,13101,1,0,0,0,Servicio de Salud Metropolitano Central,Hospital Clínico San Borja Arriarán,Santiago
347,RN egresados solo fórmula por protección o madre grave,11,111100,24311028,13,13101,0,1,0,0,Servicio de Salud Metropolitano Central,Hospital Clínico San Borja Arriarán,Santiago
348,RN egresados que recuperaron LME al alta,11,111100,24311025,13,13101,24,17,0,33,Servicio de Salud Metropolitano Central,Hospital Clínico San Borja Arriarán,Santiago
349,RN egresados con lactancia mixta al alta,11,111100,24311026,13,13101,6,22,0,19,Servicio de Salud Metropolitano Central,Hospital Clínico San Borja Arriarán,Santiago
350,RN egresados solo fórmula láctea (excepto VIH/HTLV-1/Ley 21.155/protección),11,111100,24311027,13,13101,0,1,0,0,Servicio de Salud Metropolitano Central,Hospital Clínico San Borja Arriarán,Santiago
351,RN egresados con madres serología positiva (VIH),11,111100,29101770,13,13101,0,1,0,0,Servicio de Salud Metropolitano Central,Hospital Clínico San Borja Arriarán,Santiago
352,RN egresados solo fórmula por protección o madre grave,11,111100,24311028,13,13101,0,5,0,1,Servicio de Salud Metropolitano Central,Hospital Clínico San Borja Arriarán,Santiago
353,Total de recién nacidos/as egresados/as,11,111100,24200134,13,13101,203,46,1,217,Servicio de Salud Metropolitano Central,Hospital Clínico San Borja Arriarán,Santiago
354,RN egresados con LME durante hospitalización y al alta,11,111100,24300103,13,13101,173,0,1,133,Servicio de Salud Metropolitano Central,Hospital Clínico San Borja Arriarán,Santiago
355,RN egresados solo fórmula por protección o madre grave,11,111100,24311028,13,13101,0,3,0,1,Servicio de Salud Metropolitano Central,Hospital Clínico San Borja Arriarán,Santiago
356,RN egresados solo fórmula por protección o madre grave,11,111100,24311028,13,13101,0,3,0,0,Servicio de Salud Metropolitano Central,Hospital Clínico San Borja Arriarán,Santiago
357,Total de recién nacidos/as egresados/as,11,111100,24200134,13,13101,236,59,0,262,Servicio de Salud Metropolitano Central,Hospital Clínico San Borja Arriarán,Santiago
358,RN egresados con LME durante hospitalización y al alta,11,111100,24300103,13,13101,175,0,0,147,Servicio de Salud Metropolitano Central,Hospital Clínico San Borja Arriarán,Santiago
359,RN egresados que recuperaron LME al alta,11,111100,24311025,13,13101,54,17,0,49,Servicio de Salud Metropolitano Central,Hospital Clínico San Borja Arriarán,Santiago
360,RN egresados con lactancia mixta al alta,11,111100,24311026,13,13101,7,35,0,32,Servicio de Salud Metropolitano Central,Hospital Clínico San Borja Arriarán,Santiago
361,RN egresados solo fórmula láctea (excepto VIH/HTLV-1/Ley 21.155/protección),11,111100,24311027,13,13101,0,2,0,1,Servicio de Salud Metropolitano Central,Hospital Clínico San Borja Arriarán,Santiago
362,RN egresados con madres serología positiva (VIH),11,111100,29101770,13,13101,0,1,0,1,Servicio de Salud Metropolitano Central,Hospital Clínico San Borja Arriarán,Santiago
363,RN egresados con madres acogidas a Ley 21.155,11,111100,29101772,13,13101,0,1,0,1,Servicio de Salud Metropolitano Central,Hospital Clínico San Borja Arriarán,Santiago
364,Total de recién nacidos/as egresados/as,11,111100,24200134,13,13101,220,60,1,241,Servicio de Salud Metropolitano Central,Hospital Clínico San Borja Arriarán,Santiago
365,RN egresados con LME durante hospitalización y al alta,11,111100,24300103,13,13101,164,0,1,126,Servicio de Salud Metropolitano Central,Hospital Clínico San Borja Arriarán,Santiago
366,RN egresados que recuperaron LME al alta,11,111100,24311025,13,13101,51,19,1,53,Servicio de Salud Metropolitano Central,Hospital Clínico San Borja Arriarán,Santiago
367,RN egresados con lactancia mixta al alta,11,111100,24311026,13,13101,5,31,0,23,Servicio de Salud Metropolitano Central,Hospital Clínico San Borja Arriarán,Santiago
368,RN egresados solo fórmula láctea (excepto VIH/HTLV-1/Ley 21.155/protección),11,111100,24311027,13,13101,0,2,0,0,Servicio de Salud Metropolitano Central,Hospital Clínico San Borja Arriarán,Santiago
369,RN egresados con madres serología positiva (VIH),11,111100,29101770,13,13101,0,2,0,1,Servicio de Salud Metropolitano Central,Hospital Clínico San Borja Arriarán,Santiago
370,RN egresados solo fórmula por protección o madre grave,11,111100,24311028,13,13101,0,4,0,1,Servicio de Salud Metropolitano Central,Hospital Clínico San Borja Arriarán,Santiago
371,Total de recién nacidos/as egresados/as,11,111100,24200134,13,13101,188,42,0,162,Servicio de Salud Metropolitano Central,Hospital Clínico San Borja Arriarán,Santiago
372,RN egresados con LME durante hospitalización y al alta,11,111100,24300103,13,13101,149,0,0,116,Servicio de Salud Metropolitano Central,Hospital Clínico San Borja Arriarán,Santiago
373,RN egresados que recuperaron LME al alta,11,111100,24311025,13,13101,30,13,0,29,Servicio de Salud Metropolitano Central,Hospital Clínico San Borja Arriarán,Santiago
374,RN egresados con lactancia mixta al alta,11,111100,24311026,13,13101,9,21,0,22,Servicio de Salud Metropolitano Central,Hospital Clínico San Borja Arriarán,Santiago
375,RN egresados con madres serología positiva (VIH),11,111100,29101770,13,13101,0,1,0,0,Servicio de Salud Metropolitano Central,Hospital Clínico San Borja Arriarán,Santiago
376,RN egresados solo fórmula por protección o madre grave,11,111100,24311028,13,13101,0,3,0,1,Servicio de Salud Metropolitano Central,Hospital Clínico San Borja Arriarán,Santiago
377,Total de recién nacidos/as egresados/as,11,111100,24200134,13,13101,213,54,0,230,Servicio de Salud Metropolitano Central,Hospital Clínico San Borja Arriarán,Santiago
378,RN egresados con LME durante hospitalización y al alta,11,111100,24300103,13,13101,150,0,0,123,Servicio de Salud Metropolitano Central,Hospital Clínico San Borja Arriarán,Santiago
379,RN egresados que recuperaron LME al alta,11,111100,24311025,13,13101,55,18,0,56,Servicio de Salud Metropolitano Central,Hospital Clínico San Borja Arriarán,Santiago
380,RN egresados con lactancia mixta al alta,11,111100,24311026,13,13101,8,29,0,29,Servicio de Salud Metropolitano Central,Hospital Clínico San Borja Arriarán,Santiago
381,RN egresados solo fórmula láctea (excepto VIH/HTLV-1/Ley 21.155/protección),11,111100,24311027,13,13101,0,2,0,1,Servicio de Salud Metropolitano Central,Hospital Clínico San Borja Arriarán,Santiago
382,RN egresados con madres serología positiva (VIH),11,111100,29101770,13,13101,0,2,0,1,Servicio de Salud Metropolitano Central,Hospital Clínico San Borja Arriarán,Santiago
383,RN egresados solo fórmula por protección o madre grave,11,111100,24311028,13,13101,0,4,0,0,Servicio de Salud Metropolitano Central,Hospital Clínico San Borja Arriarán,Santiago
384,Total de recién nacidos/as egresados/as,11,111100,24200134,13,13101,198,58,1,231,Servicio de Salud Metropolitano Central,Hospital Clínico San Borja Arriarán,Santiago
385,RN egresados con LME durante hospitalización y al alta,11,111100,24300103,13,13101,162,0,1,151,Servicio de Salud Metropolitano Central,Hospital Clínico San Borja Arriarán,Santiago
386,RN egresados que recuperaron LME al alta,11,111100,24311025,13,13101,29,21,0,38,Servicio de Salud Metropolitano Central,Hospital Clínico San Borja Arriarán,Santiago
387,RN egresados con lactancia mixta al alta,11,111100,24311026,13,13101,5,23,0,21,Servicio de Salud Metropolitano Central,Hospital Clínico San Borja Arriarán,Santiago
388,RN egresados solo fórmula láctea (excepto VIH/HTLV-1/Ley 21.155/protección),11,111100,24311027,13,13101,1,4,0,2,Servicio de Salud Metropolitano Central,Hospital Clínico San Borja Arriarán,Santiago
389,RN egresados con madres serología positiva (VIH),11,111100,29101770,13,13101,0,2,0,2,Servicio de Salud Metropolitano Central,Hospital Clínico San Borja Arriarán,Santiago
390,RN egresados con madres acogidas a Ley 21.155,11,111100,29101772,13,13101,1,1,0,2,Servicio de Salud Metropolitano Central,Hospital Clínico San Borja Arriarán,Santiago
391,RN egresados solo fórmula por protección o madre grave,11,111100,24311028,13,13101,1,4,0,1,Servicio de Salud Metropolitano Central,Hospital Clínico San Borja Arriarán,Santiago
392,Total de recién nacidos/as egresados/as,11,111100,24200134,13,13101,195,44,2,194,Servicio de Salud Metropolitano Central,Hospital Clínico San Borja Arriarán,Santiago
393,RN egresados con LME durante hospitalización y al alta,11,111100,24300103,13,13101,155,0,1,134,Servicio de Salud Metropolitano Central,Hospital Clínico San Borja Arriarán,Santiago
394,RN egresados que recuperaron LME al alta,11,111100,24311025,13,13101,36,12,1,36,Servicio de Salud Metropolitano Central,Hospital Clínico San Borja Arriarán,Santiago
395,RN egresados con lactancia mixta al alta,11,111100,24311026,13,13101,3,25,0,21,Servicio de Salud Metropolitano Central,Hospital Clínico San Borja Arriarán,Santiago
396,RN egresados solo fórmula láctea (excepto VIH/HTLV-1/Ley 21.155/protección),11,111100,24311027,13,13101,0,1,0,1,Servicio de Salud Metropolitano Central,Hospital Clínico San Borja Arriarán,Santiago
397,RN egresados con madres serología positiva (VIH),11,111100,29101770,13,13101,0,1,0,1,Servicio de Salud Metropolitano Central,Hospital Clínico San Borja Arriarán,Santiago
398,Total de recién nacidos/as egresados/as,11,111100,24200134,13,13101,218,43,0,229,Servicio de Salud Metropolitano Central,Hospital Clínico San Borja Arriarán,Santiago
399,RN egresados con LME durante hospitalización y al alta,11,111100,24300103,13,13101,150,0,0,104,Servicio de Salud Metropolitano Central,Hospital Clínico San Borja Arriarán,Santiago
400,RN egresados que recuperaron LME al alta,11,111100,24311025,13,13101,55,15,0,68,Servicio de Salud Metropolitano Central,Hospital Clínico San Borja Arriarán,Santiago
401,RN egresados con lactancia mixta al alta,11,111100,24311026,13,13101,13,22,0,26,Servicio de Salud Metropolitano Central,Hospital Clínico San Borja Arriarán,Santiago
402,RN egresados solo fórmula láctea (excepto VIH/HTLV-1/Ley 21.155/protección),11,111100,24311027,13,13101,0,2,0,2,Servicio de Salud Metropolitano Central,Hospital Clínico San Borja Arriarán,Santiago
403,RN egresados solo fórmula por protección o madre grave,11,111100,24311028,13,13101,0,4,0,0,Servicio de Salud Metropolitano Central,Hospital Clínico San Borja Arriarán,Santiago
404,RN egresados solo fórmula por protección o madre grave,11,111100,24311028,13,13101,0,8,0,0,Servicio de Salud Metropolitano Central,Hospital Clínico San Borja Arriarán,Santiago
405,Total de recién nacidos/as egresados/as,11,111100,24200134,13,13101,234,46,3,249,Servicio de Salud Metropolitano Central,Hospital Clínico San Borja Arriarán,Santiago
406,RN egresados con LME durante hospitalización y al alta,11,111100,24300103,13,13101,160,0,3,120,Servicio de Salud Metropolitano Central,Hospital Clínico San Borja Arriarán,Santiago
407,RN egresados que recuperaron LME al alta,11,111100,24311025,13,13101,60,12,0,58,Servicio de Salud Metropolitano Central,Hospital Clínico San Borja Arriarán,Santiago
408,RN egresados con lactancia mixta al alta,11,111100,24311026,13,13101,11,21,0,22,Servicio de Salud Metropolitano Central,Hospital Clínico San Borja Arriarán,Santiago
409,RN egresados solo fórmula láctea (excepto VIH/HTLV-1/Ley 21.155/protección),11,111100,24311027,13,13101,0,1,0,1,Servicio de Salud Metropolitano Central,Hospital Clínico San Borja Arriarán,Santiago
410,RN egresados con madres serología positiva (VIH),11,111100,29101770,13,13101,0,4,0,1,Servicio de Salud Metropolitano Central,Hospital Clínico San Borja Arriarán,Santiago
411,RN egresados con madres acogidas a Ley 21.155,11,111100,29101772,13,13101,3,0,0,2,Servicio de Salud Metropolitano Central,Hospital Clínico San Borja Arriarán,Santiago
412,RN egresados solo fórmula por protección o madre grave,11,111100,24311028,13,13101,0,1,0,0,Servicio de Salud Metropolitano Central,Hospital Clínico San Borja Arriarán,Santiago
413,Total de recién nacidos/as egresados/as,11,111100,24200134,13,13101,221,59,1,250,Servicio de Salud Metropolitano Central,Hospital Clínico San Borja Arriarán,Santiago
414,RN egresados con LME durante hospitalización y al alta,11,111100,24300103,13,13101,159,0,0,117,Servicio de Salud Metropolitano Central,Hospital Clínico San Borja Arriarán,Santiago
415,RN egresados que recuperaron LME al alta,11,111100,24311025,13,13101,55,28,1,78,Servicio de Salud Metropolitano Central,Hospital Clínico San Borja Arriarán,Santiago
416,RN egresados con lactancia mixta al alta,11,111100,24311026,13,13101,6,24,0,27,Servicio de Salud Metropolitano Central,Hospital Clínico San Borja Arriarán,Santiago
417,RN egresados solo fórmula láctea (excepto VIH/HTLV-1/Ley 21.155/protección),11,111100,24311027,13,13101,0,5,0,3,Servicio de Salud Metropolitano Central,Hospital Clínico San Borja Arriarán,Santiago
418,RN egresados con madres acogidas a Ley 21.155,11,111100,29101772,13,13101,1,0,0,0,Servicio de Salud Metropolitano Central,Hospital Clínico San Borja Arriarán,Santiago
419,RN egresados solo fórmula por protección o madre grave,11,111101,24311028,13,13119,,1,0,0,Servicio de Salud Metropolitano Central,Hospital Clínico Metropolitano El Carmen Doctor Luis Valentín Ferrada,Maipú
420,Total de recién nacidos/as egresados/as,11,111101,24200134,13,13119,145,39,10,37,Servicio de Salud Metropolitano Central,Hospital Clínico Metropolitano El Carmen Doctor Luis Valentín Ferrada,Maipú
421,RN egresados con LME durante hospitalización y al alta,11,111101,24300103,13,13119,118,,8,30,Servicio de Salud Metropolitano Central,Hospital Clínico Metropolitano El Carmen Doctor Luis Valentín Ferrada,Maipú
422,RN egresados que recuperaron LME al alta,11,111101,24311025,13,13119,9,4,0,2,Servicio de Salud Metropolitano Central,Hospital Clínico Metropolitano El Carmen Doctor Luis Valentín Ferrada,Maipú
423,RN egresados con lactancia mixta al alta,11,111101,24311026,13,13119,16,30,1,5,Servicio de Salud Metropolitano Central,Hospital Clínico Metropolitano El Carmen Doctor Luis Valentín Ferrada,Maipú
424,RN egresados solo fórmula láctea (excepto VIH/HTLV-1/Ley 21.155/protección),11,111101,24311027,13,13119,1,4,1,0,Servicio de Salud Metropolitano Central,Hospital Clínico Metropolitano El Carmen Doctor Luis Valentín Ferrada,Maipú
425,RN egresados con madres acogidas a Ley 21.155,11,111101,29101772,13,13119,1,0,0,0,Servicio de Salud Metropolitano Central,Hospital Clínico Metropolitano El Carmen Doctor Luis Valentín Ferrada,Maipú
426,RN egresados con lactancia mixta al alta,11,111101,24311026,13,13119,27,25,2,3,Servicio de Salud Metropolitano Central,Hospital Clínico Metropolitano El Carmen Doctor Luis Valentín Ferrada,Maipú
427,RN egresados solo fórmula láctea (excepto VIH/HTLV-1/Ley 21.155/protección),11,111101,24311027,13,13119,3,1,0,0,Servicio de Salud Metropolitano Central,Hospital Clínico Metropolitano El Carmen Doctor Luis Valentín Ferrada,Maipú
428,RN egresados con madres acogidas a Ley 21.155,11,111101,29101772,13,13119,2,,0,0,Servicio de Salud Metropolitano Central,Hospital Clínico Metropolitano El Carmen Doctor Luis Valentín Ferrada,Maipú
429,Total de recién nacidos/as egresados/as,11,111101,24200134,13,13119,153,41,8,40,Servicio de Salud Metropolitano Central,Hospital Clínico Metropolitano El Carmen Doctor Luis Valentín Ferrada,Maipú
430,RN egresados con LME durante hospitalización y al alta,11,111101,24300103,13,13119,116,,7,29,Servicio de Salud Metropolitano Central,Hospital Clínico Metropolitano El Carmen Doctor Luis Valentín Ferrada,Maipú
431,RN egresados que recuperaron LME al alta,11,111101,24311025,13,13119,18,9,1,7,Servicio de Salud Metropolitano Central,Hospital Clínico Metropolitano El Carmen Doctor Luis Valentín Ferrada,Maipú
432,RN egresados con lactancia mixta al alta,11,111101,24311026,13,13119,17,25,0,4,Servicio de Salud Metropolitano Central,Hospital Clínico Metropolitano El Carmen Doctor Luis Valentín Ferrada,Maipú
433,RN egresados solo fórmula láctea (excepto VIH/HTLV-1/Ley 21.155/protección),11,111101,24311027,13,13119,2,5,0,0,Servicio de Salud Metropolitano Central,Hospital Clínico Metropolitano El Carmen Doctor Luis Valentín Ferrada,Maipú
434,Total de recién nacidos/as egresados/as,11,111101,24200134,13,13119,172,37,10,28,Servicio de Salud Metropolitano Central,Hospital Clínico Metropolitano El Carmen Doctor Luis Valentín Ferrada,Maipú
435,RN egresados con LME durante hospitalización y al alta,11,111101,24300103,13,13119,147,0,9,23,Servicio de Salud Metropolitano Central,Hospital Clínico Metropolitano El Carmen Doctor Luis Valentín Ferrada,Maipú
436,RN egresados que recuperaron LME al alta,11,111101,24311025,13,13119,14,6,1,3,Servicio de Salud Metropolitano Central,Hospital Clínico Metropolitano El Carmen Doctor Luis Valentín Ferrada,Maipú
437,RN egresados con lactancia mixta al alta,11,111101,24311026,13,13119,10,28,0,2,Servicio de Salud Metropolitano Central,Hospital Clínico Metropolitano El Carmen Doctor Luis Valentín Ferrada,Maipú
438,RN egresados solo fórmula láctea (excepto VIH/HTLV-1/Ley 21.155/protección),11,111101,24311027,13,13119,,1,0,1,Servicio de Salud Metropolitano Central,Hospital Clínico Metropolitano El Carmen Doctor Luis Valentín Ferrada,Maipú
439,RN egresados solo fórmula por protección o madre grave,11,111101,24311028,13,13119,1,1,0,0,Servicio de Salud Metropolitano Central,Hospital Clínico Metropolitano El Carmen Doctor Luis Valentín Ferrada,Maipú
440,RN egresados solo fórmula por protección o madre grave,11,111101,24311028,13,13119,,1,0,0,Servicio de Salud Metropolitano Central,Hospital Clínico Metropolitano El Carmen Doctor Luis Valentín Ferrada,Maipú
441,RN egresados solo fórmula por protección o madre grave,11,111101,24311028,13,13119,,3,0,0,Servicio de Salud Metropolitano Central,Hospital Clínico Metropolitano El Carmen Doctor Luis Valentín Ferrada,Maipú
442,Total de recién nacidos/as egresados/as,11,111101,24200134,13,13119,122,32,12,31,Servicio de Salud Metropolitano Central,Hospital Clínico Metropolitano El Carmen Doctor Luis Valentín Ferrada,Maipú
443,RN egresados con LME durante hospitalización y al alta,11,111101,24300103,13,13119,96,0,10,24,Servicio de Salud Metropolitano Central,Hospital Clínico Metropolitano El Carmen Doctor Luis Valentín Ferrada,Maipú
444,RN egresados que recuperaron LME al alta,11,111101,24311025,13,13119,9,3,1,3,Servicio de Salud Metropolitano Central,Hospital Clínico Metropolitano El Carmen Doctor Luis Valentín Ferrada,Maipú
445,RN egresados con lactancia mixta al alta,11,111101,24311026,13,13119,16,16,1,4,Servicio de Salud Metropolitano Central,Hospital Clínico Metropolitano El Carmen Doctor Luis Valentín Ferrada,Maipú
446,RN egresados solo fórmula láctea (excepto VIH/HTLV-1/Ley 21.155/protección),11,111101,24311027,13,13119,,10,0,0,Servicio de Salud Metropolitano Central,Hospital Clínico Metropolitano El Carmen Doctor Luis Valentín Ferrada,Maipú
447,RN egresados con madres acogidas a Ley 21.155,11,111101,29101772,13,13119,1,,0,0,Servicio de Salud Metropolitano Central,Hospital Clínico Metropolitano El Carmen Doctor Luis Valentín Ferrada,Maipú
448,Total de recién nacidos/as egresados/as,11,111101,24200134,13,13119,147,27,11,41,Servicio de Salud Metropolitano Central,Hospital Clínico Metropolitano El Carmen Doctor Luis Valentín Ferrada,Maipú
449,RN egresados con LME durante hospitalización y al alta,11,111101,24300103,13,13119,120,0,11,34,Servicio de Salud Metropolitano Central,Hospital Clínico Metropolitano El Carmen Doctor Luis Valentín Ferrada,Maipú
450,RN egresados que recuperaron LME al alta,11,111101,24311025,13,13119,10,10,0,2,Servicio de Salud Metropolitano Central,Hospital Clínico Metropolitano El Carmen Doctor Luis Valentín Ferrada,Maipú
451,RN egresados con lactancia mixta al alta,11,111101,24311026,13,13119,15,17,0,4,Servicio de Salud Metropolitano Central,Hospital Clínico Metropolitano El Carmen Doctor Luis Valentín Ferrada,Maipú
452,RN egresados solo fórmula láctea (excepto VIH/HTLV-1/Ley 21.155/protección),11,111101,24311027,13,13119,1,1,0,0,Servicio de Salud Metropolitano Central,Hospital Clínico Metropolitano El Carmen Doctor Luis Valentín Ferrada,Maipú
453,RN egresados con madres serología positiva (VIH),11,111101,29101770,13,13119,,1,0,0,Servicio de Salud Metropolitano Central,Hospital Clínico Metropolitano El Carmen Doctor Luis Valentín Ferrada,Maipú
454,RN egresados con madres acogidas a Ley 21.155,11,111101,29101772,13,13119,1,,0,1,Servicio de Salud Metropolitano Central,Hospital Clínico Metropolitano El Carmen Doctor Luis Valentín Ferrada,Maipú
455,Total de recién nacidos/as egresados/as,11,111101,24200134,13,13119,175,38,13,41,Servicio de Salud Metropolitano Central,Hospital Clínico Metropolitano El Carmen Doctor Luis Valentín Ferrada,Maipú
456,RN egresados con LME durante hospitalización y al alta,11,111101,24300103,13,13119,140,,13,30,Servicio de Salud Metropolitano Central,Hospital Clínico Metropolitano El Carmen Doctor Luis Valentín Ferrada,Maipú
457,RN egresados que recuperaron LME al alta,11,111101,24311025,13,13119,15,7,0,5,Servicio de Salud Metropolitano Central,Hospital Clínico Metropolitano El Carmen Doctor Luis Valentín Ferrada,Maipú
458,RN egresados con lactancia mixta al alta,11,111101,24311026,13,13119,17,23,0,6,Servicio de Salud Metropolitano Central,Hospital Clínico Metropolitano El Carmen Doctor Luis Valentín Ferrada,Maipú
459,RN egresados solo fórmula láctea (excepto VIH/HTLV-1/Ley 21.155/protección),11,111101,24311027,13,13119,2,5,0,0,Servicio de Salud Metropolitano Central,Hospital Clínico Metropolitano El Carmen Doctor Luis Valentín Ferrada,Maipú
460,RN egresados con madres acogidas a Ley 21.155,11,111101,29101772,13,13119,1,,0,0,Servicio de Salud Metropolitano Central,Hospital Clínico Metropolitano El Carmen Doctor Luis Valentín Ferrada,Maipú
461,Total de recién nacidos/as egresados/as,11,111101,24200134,13,13119,140,33,10,40,Servicio de Salud Metropolitano Central,Hospital Clínico Metropolitano El Carmen Doctor Luis Valentín Ferrada,Maipú
462,RN egresados con LME durante hospitalización y al alta,11,111101,24300103,13,13119,115,,8,35,Servicio de Salud Metropolitano Central,Hospital Clínico Metropolitano El Carmen Doctor Luis Valentín Ferrada,Maipú
463,RN egresados que recuperaron LME al alta,11,111101,24311025,13,13119,7,3,1,1,Servicio de Salud Metropolitano Central,Hospital Clínico Metropolitano El Carmen Doctor Luis Valentín Ferrada,Maipú
464,RN egresados con lactancia mixta al alta,11,111101,24311026,13,13119,16,21,1,3,Servicio de Salud Metropolitano Central,Hospital Clínico Metropolitano El Carmen Doctor Luis Valentín Ferrada,Maipú
465,RN egresados solo fórmula láctea (excepto VIH/HTLV-1/Ley 21.155/protección),11,111101,24311027,13,13119,1,1,0,1,Servicio de Salud Metropolitano Central,Hospital Clínico Metropolitano El Carmen Doctor Luis Valentín Ferrada,Maipú
466,RN egresados con madres acogidas a Ley 21.155,11,111101,29101772,13,13119,1,,0,0,Servicio de Salud Metropolitano Central,Hospital Clínico Metropolitano El Carmen Doctor Luis Valentín Ferrada,Maipú
467,RN egresados solo fórmula por protección o madre grave,11,111101,24311028,13,13119,,8,0,0,Servicio de Salud Metropolitano Central,Hospital Clínico Metropolitano El Carmen Doctor Luis Valentín Ferrada,Maipú
468,Total de recién nacidos/as egresados/as,11,111101,24200134,13,13119,148,19,9,41,Servicio de Salud Metropolitano Central,Hospital Clínico Metropolitano El Carmen Doctor Luis Valentín Ferrada,Maipú
469,RN egresados con LME durante hospitalización y al alta,11,111101,24300103,13,13119,113,,7,31,Servicio de Salud Metropolitano Central,Hospital Clínico Metropolitano El Carmen Doctor Luis Valentín Ferrada,Maipú
470,RN egresados que recuperaron LME al alta,11,111101,24311025,13,13119,14,4,1,6,Servicio de Salud Metropolitano Central,Hospital Clínico Metropolitano El Carmen Doctor Luis Valentín Ferrada,Maipú
471,RN egresados con lactancia mixta al alta,11,111101,24311026,13,13119,17,9,1,3,Servicio de Salud Metropolitano Central,Hospital Clínico Metropolitano El Carmen Doctor Luis Valentín Ferrada,Maipú
472,RN egresados solo fórmula láctea (excepto VIH/HTLV-1/Ley 21.155/protección),11,111101,24311027,13,13119,4,3,0,1,Servicio de Salud Metropolitano Central,Hospital Clínico Metropolitano El Carmen Doctor Luis Valentín Ferrada,Maipú
473,RN egresados solo fórmula por protección o madre grave,11,111101,24311028,13,13119,,2,0,0,Servicio de Salud Metropolitano Central,Hospital Clínico Metropolitano El Carmen Doctor Luis Valentín Ferrada,Maipú
474,RN egresados solo fórmula por protección o madre grave,11,111101,24311028,13,13119,,3,0,0,Servicio de Salud Metropolitano Central,Hospital Clínico Metropolitano El Carmen Doctor Luis Valentín Ferrada,Maipú
475,Total de recién nacidos/as egresados/as,11,111101,24200134,13,13119,172,31,7,43,Servicio de Salud Metropolitano Central,Hospital Clínico Metropolitano El Carmen Doctor Luis Valentín Ferrada,Maipú
476,RN egresados con LME durante hospitalización y al alta,11,111101,24300103,13,13119,140,,6,33,Servicio de Salud Metropolitano Central,Hospital Clínico Metropolitano El Carmen Doctor Luis Valentín Ferrada,Maipú
477,RN egresados que recuperaron LME al alta,11,111101,24311025,13,13119,15,9,1,7,Servicio de Salud Metropolitano Central,Hospital Clínico Metropolitano El Carmen Doctor Luis Valentín Ferrada,Maipú
478,RN egresados con lactancia mixta al alta,11,111101,24311026,13,13119,15,19,0,3,Servicio de Salud Metropolitano Central,Hospital Clínico Metropolitano El Carmen Doctor Luis Valentín Ferrada,Maipú
479,RN egresados solo fórmula láctea (excepto VIH/HTLV-1/Ley 21.155/protección),11,111101,24311027,13,13119,1,3,0,0,Servicio de Salud Metropolitano Central,Hospital Clínico Metropolitano El Carmen Doctor Luis Valentín Ferrada,Maipú
480,RN egresados con madres acogidas a Ley 21.155,11,111101,29101772,13,13119,1,0,0,0,Servicio de Salud Metropolitano Central,Hospital Clínico Metropolitano El Carmen Doctor Luis Valentín Ferrada,Maipú
481,RN egresados solo fórmula por protección o madre grave,11,111101,24311028,13,13119,,2,0,0,Servicio de Salud Metropolitano Central,Hospital Clínico Metropolitano El Carmen Doctor Luis Valentín Ferrada,Maipú
482,Total de recién nacidos/as egresados/as,11,111101,24200134,13,13119,130,32,11,36,Servicio de Salud Metropolitano Central,Hospital Clínico Metropolitano El Carmen Doctor Luis Valentín Ferrada,Maipú
483,RN egresados con LME durante hospitalización y al alta,11,111101,24300103,13,13119,108,,8,29,Servicio de Salud Metropolitano Central,Hospital Clínico Metropolitano El Carmen Doctor Luis Valentín Ferrada,Maipú
484,RN egresados solo fórmula láctea (excepto VIH/HTLV-1/Ley 21.155/protección),11,111101,24311027,13,13119,1,3,0,0,Servicio de Salud Metropolitano Central,Hospital Clínico Metropolitano El Carmen Doctor Luis Valentín Ferrada,Maipú
485,Total de recién nacidos/as egresados/as,11,111101,24200134,13,13119,166,46,6,42,Servicio de Salud Metropolitano Central,Hospital Clínico Metropolitano El Carmen Doctor Luis Valentín Ferrada,Maipú
486,RN egresados con LME durante hospitalización y al alta,11,111101,24300103,13,13119,132,,6,34,Servicio de Salud Metropolitano Central,Hospital Clínico Metropolitano El Carmen Doctor Luis Valentín Ferrada,Maipú
487,RN egresados que recuperaron LME al alta,11,111101,24311025,13,13119,20,5,0,7,Servicio de Salud Metropolitano Central,Hospital Clínico Metropolitano El Carmen Doctor Luis Valentín Ferrada,Maipú
488,RN egresados con lactancia mixta al alta,11,111101,24311026,13,13119,13,37,0,1,Servicio de Salud Metropolitano Central,Hospital Clínico Metropolitano El Carmen Doctor Luis Valentín Ferrada,Maipú
489,RN egresados que recuperaron LME al alta,11,111101,24311025,13,13119,13,5,1,5,Servicio de Salud Metropolitano Central,Hospital Clínico Metropolitano El Carmen Doctor Luis Valentín Ferrada,Maipú
490,RN egresados con lactancia mixta al alta,11,111101,24311026,13,13119,8,21,2,2,Servicio de Salud Metropolitano Central,Hospital Clínico Metropolitano El Carmen Doctor Luis Valentín Ferrada,Maipú
491,RN egresados solo fórmula láctea (excepto VIH/HTLV-1/Ley 21.155/protección),11,111101,24311027,13,13119,1,4,0,0,Servicio de Salud Metropolitano Central,Hospital Clínico Metropolitano El Carmen Doctor Luis Valentín Ferrada,Maipú
492,RN egresados solo fórmula por protección o madre grave,11,111101,24311028,13,13119,,2,0,0,Servicio de Salud Metropolitano Central,Hospital Clínico Metropolitano El Carmen Doctor Luis Valentín Ferrada,Maipú
493,Total de recién nacidos/as egresados/as,11,111101,24200134,13,13119,155,35,9,27,Servicio de Salud Metropolitano Central,Hospital Clínico Metropolitano El Carmen Doctor Luis Valentín Ferrada,Maipú
494,RN egresados con LME durante hospitalización y al alta,11,111101,24300103,13,13119,108,,7,1,Servicio de Salud Metropolitano Central,Hospital Clínico Metropolitano El Carmen Doctor Luis Valentín Ferrada,Maipú
495,RN egresados que recuperaron LME al alta,11,111101,24311025,13,13119,15,7,0,3,Servicio de Salud Metropolitano Central,Hospital Clínico Metropolitano El Carmen Doctor Luis Valentín Ferrada,Maipú
496,RN egresados solo fórmula por protección o madre grave,9,109100,24311028,13,13108,0,5,0,1,Servicio de Salud Metropolitano Norte,"Complejo Hospitalario San José (Santiago, Independencia)",Independencia
497,Total de recién nacidos/as egresados/as,9,109100,24200134,13,13108,337,95,0,144,Servicio de Salud Metropolitano Norte,"Complejo Hospitalario San José (Santiago, Independencia)",Independencia
498,RN egresados con LME durante hospitalización y al alta,9,109100,24300103,13,13108,285,0,0,125,Servicio de Salud Metropolitano Norte,"Complejo Hospitalario San José (Santiago, Independencia)",Independencia
499,RN egresados que recuperaron LME al alta,9,109100,24311025,13,13108,41,47,0,21,Servicio de Salud Metropolitano Norte,"Complejo Hospitalario San José (Santiago, Independencia)",Independencia
500,RN egresados con lactancia mixta al alta,9,109100,24311026,13,13108,48,3,0,14,Servicio de Salud Metropolitano Norte,"Complejo Hospitalario San José (Santiago, Independencia)",Independencia
501,RN egresados con madres serología positiva (VIH),9,109100,29101770,13,13108,1,0,0,1,Servicio de Salud Metropolitano Norte,"Complejo Hospitalario San José (Santiago, Independencia)",Independencia
502,RN egresados que recuperaron LME al alta,9,109100,24311025,13,13108,39,28,0,26,Servicio de Salud Metropolitano Norte,"Complejo Hospitalario San José (Santiago, Independencia)",Independencia
503,Total de recién nacidos/as egresados/as,9,109100,24200134,13,13108,383,89,0,190,Servicio de Salud Metropolitano Norte,"Complejo Hospitalario San José (Santiago, Independencia)",Independencia
504,RN egresados con LME durante hospitalización y al alta,9,109100,24300103,13,13108,222,33,0,107,Servicio de Salud Metropolitano Norte,"Complejo Hospitalario San José (Santiago, Independencia)",Independencia
505,RN egresados que recuperaron LME al alta,9,109100,24311025,13,13108,39,0,0,0,Servicio de Salud Metropolitano Norte,"Complejo Hospitalario San José (Santiago, Independencia)",Independencia
506,RN egresados con lactancia mixta al alta,9,109100,24311026,13,13108,46,1,0,25,Servicio de Salud Metropolitano Norte,"Complejo Hospitalario San José (Santiago, Independencia)",Independencia
507,RN egresados con madres serología positiva (VIH),9,109100,29101770,13,13108,1,0,0,1,Servicio de Salud Metropolitano Norte,"Complejo Hospitalario San José (Santiago, Independencia)",Independencia
508,RN egresados con lactancia mixta al alta,9,109100,24311026,13,13108,27,45,0,24,Servicio de Salud Metropolitano Norte,"Complejo Hospitalario San José (Santiago, Independencia)",Independencia
509,RN egresados solo fórmula láctea (excepto VIH/HTLV-1/Ley 21.155/protección),9,109100,24311027,13,13108,4,2,0,5,Servicio de Salud Metropolitano Norte,"Complejo Hospitalario San José (Santiago, Independencia)",Independencia
510,RN egresados con lactancia mixta al alta,9,109100,24311026,13,13108,54,0,0,21,Servicio de Salud Metropolitano Norte,"Complejo Hospitalario San José (Santiago, Independencia)",Independencia
511,RN egresados con madres serología positiva (VIH),9,109100,29101770,13,13108,1,0,0,0,Servicio de Salud Metropolitano Norte,"Complejo Hospitalario San José (Santiago, Independencia)",Independencia
512,RN egresados con madres acogidas a Ley 21.155,9,109100,29101772,13,13108,1,0,0,0,Servicio de Salud Metropolitano Norte,"Complejo Hospitalario San José (Santiago, Independencia)",Independencia
513,RN egresados que recuperaron LME al alta,9,109100,24311025,13,13108,57,0,0,19,Servicio de Salud Metropolitano Norte,"Complejo Hospitalario San José (Santiago, Independencia)",Independencia
514,RN egresados con madres serología positiva (VIH),9,109100,29101770,13,13108,3,0,0,3,Servicio de Salud Metropolitano Norte,"Complejo Hospitalario San José (Santiago, Independencia)",Independencia
515,RN egresados con madres acogidas a Ley 21.155,9,109100,29101772,13,13108,1,0,0,1,Servicio de Salud Metropolitano Norte,"Complejo Hospitalario San José (Santiago, Independencia)",Independencia
516,RN egresados con madres serología positiva (VIH),9,109100,29101770,13,13108,1,0,0,1,Servicio de Salud Metropolitano Norte,"Complejo Hospitalario San José (Santiago, Independencia)",Independencia
517,RN egresados con madres acogidas a Ley 21.155,9,109100,29101772,13,13108,1,0,0,1,Servicio de Salud Metropolitano Norte,"Complejo Hospitalario San José (Santiago, Independencia)",Independencia
518,RN egresados solo fórmula por protección o madre grave,9,109100,24311028,13,13108,1,0,0,0,Servicio de Salud Metropolitano Norte,"Complejo Hospitalario San José (Santiago, Independencia)",Independencia
519,RN egresados con lactancia mixta al alta,9,109100,24311026,13,13108,28,0,0,11,Servicio de Salud Metropolitano Norte,"Complejo Hospitalario San José (Santiago, Independencia)",Independencia
520,RN egresados con madres acogidas a Ley 21.155,9,109100,29101772,13,13108,1,0,0,0,Servicio de Salud Metropolitano Norte,"Complejo Hospitalario San José (Santiago, Independencia)",Independencia
521,RN egresados que recuperaron LME al alta,9,109100,24311025,13,13108,45,0,0,20,Servicio de Salud Metropolitano Norte,"Complejo Hospitalario San José (Santiago, Independencia)",Independencia
522,RN egresados con lactancia mixta al alta,9,109100,24311026,13,13108,54,0,0,28,Servicio de Salud Metropolitano Norte,"Complejo Hospitalario San José (Santiago, Independencia)",Independencia
523,RN egresados con LME durante hospitalización y al alta,9,109100,24300103,13,13108,275,31,0,142,Servicio de Salud Metropolitano Norte,"Complejo Hospitalario San José (Santiago, Independencia)",Independencia
524,RN egresados que recuperaron LME al alta,9,109100,24311025,13,13108,16,1,0,0,Servicio de Salud Metropolitano Norte,"Complejo Hospitalario San José (Santiago, Independencia)",Independencia
525,RN egresados con lactancia mixta al alta,9,109100,24311026,13,13108,43,0,0,0,Servicio de Salud Metropolitano Norte,"Complejo Hospitalario San José (Santiago, Independencia)",Independencia
526,RN egresados con madres serología positiva (VIH),9,109100,29101770,13,13108,1,0,0,1,Servicio de Salud Metropolitano Norte,"Complejo Hospitalario San José (Santiago, Independencia)",Independencia
527,RN egresados con madres acogidas a Ley 21.155,9,109100,29101772,13,13108,3,0,0,0,Servicio de Salud Metropolitano Norte,"Complejo Hospitalario San José (Santiago, Independencia)",Independencia
528,Total de recién nacidos/as egresados/as,9,109100,24200134,13,13108,334,87,0,191,Servicio de Salud Metropolitano Norte,"Complejo Hospitalario San José (Santiago, Independencia)",Independencia
529,RN egresados con LME durante hospitalización y al alta,9,109100,24300103,13,13108,178,1,0,104,Servicio de Salud Metropolitano Norte,"Complejo Hospitalario San José (Santiago, Independencia)",Independencia
530,RN egresados que recuperaron LME al alta,9,109100,24311025,13,13108,41,26,0,31,Servicio de Salud Metropolitano Norte,"Complejo Hospitalario San José (Santiago, Independencia)",Independencia
531,Total de recién nacidos/as egresados/as,9,109100,24200134,13,13108,411,93,0,194,Servicio de Salud Metropolitano Norte,"Complejo Hospitalario San José (Santiago, Independencia)",Independencia
532,RN egresados con LME durante hospitalización y al alta,9,109100,24300103,13,13108,244,2,0,123,Servicio de Salud Metropolitano Norte,"Complejo Hospitalario San José (Santiago, Independencia)",Independencia
533,RN egresados que recuperaron LME al alta,9,109100,24311025,13,13108,53,33,0,14,Servicio de Salud Metropolitano Norte,"Complejo Hospitalario San José (Santiago, Independencia)",Independencia
534,RN egresados con lactancia mixta al alta,9,109100,24311026,13,13108,28,0,0,11,Servicio de Salud Metropolitano Norte,"Complejo Hospitalario San José (Santiago, Independencia)",Independencia
535,RN egresados con madres serología positiva (VIH),9,109100,29101770,13,13108,2,0,0,1,Servicio de Salud Metropolitano Norte,"Complejo Hospitalario San José (Santiago, Independencia)",Independencia
536,RN egresados con madres acogidas a Ley 21.155,9,109100,29101772,13,13108,1,0,0,1,Servicio de Salud Metropolitano Norte,"Complejo Hospitalario San José (Santiago, Independencia)",Independencia
537,RN egresados solo fórmula por protección o madre grave,9,109100,24311028,13,13108,1,0,0,0,Servicio de Salud Metropolitano Norte,"Complejo Hospitalario San José (Santiago, Independencia)",Independencia
538,Total de recién nacidos/as egresados/as,9,109100,24200134,13,13108,314,94,0,183,Servicio de Salud Metropolitano Norte,"Complejo Hospitalario San José (Santiago, Independencia)",Independencia
539,Total de recién nacidos/as egresados/as,9,109100,24200134,13,13108,397,85,0,163,Servicio de Salud Metropolitano Norte,"Complejo Hospitalario San José (Santiago, Independencia)",Independencia
540,RN egresados con LME durante hospitalización y al alta,9,109100,24300103,13,13108,288,30,0,135,Servicio de Salud Metropolitano Norte,"Complejo Hospitalario San José (Santiago, Independencia)",Independencia
541,RN egresados que recuperaron LME al alta,9,109100,24311025,13,13108,11,0,0,6,Servicio de Salud Metropolitano Norte,"Complejo Hospitalario San José (Santiago, Independencia)",Independencia
542,Total de recién nacidos/as egresados/as,9,109100,24200134,13,13108,235,82,0,135,Servicio de Salud Metropolitano Norte,"Complejo Hospitalario San José (Santiago, Independencia)",Independencia
543,RN egresados con LME durante hospitalización y al alta,9,109100,24300103,13,13108,260,28,0,118,Servicio de Salud Metropolitano Norte,"Complejo Hospitalario San José (Santiago, Independencia)",Independencia
544,Total de recién nacidos/as egresados/as,9,109100,24200134,13,13108,411,88,0,175,Servicio de Salud Metropolitano Norte,"Complejo Hospitalario San José (Santiago, Independencia)",Independencia
545,RN egresados con LME durante hospitalización y al alta,9,109100,24300103,13,13108,293,29,0,143,Servicio de Salud Metropolitano Norte,"Complejo Hospitalario San José (Santiago, Independencia)",Independencia
546,RN egresados que recuperaron LME al alta,9,109100,24311025,13,13108,19,2,0,8,Servicio de Salud Metropolitano Norte,"Complejo Hospitalario San José (Santiago, Independencia)",Independencia
547,RN egresados con lactancia mixta al alta,9,109100,24311026,13,13108,24,0,0,9,Servicio de Salud Metropolitano Norte,"Complejo Hospitalario San José (Santiago, Independencia)",Independencia
548,RN egresados con madres serología positiva (VIH),9,109100,29101770,13,13108,3,0,0,2,Servicio de Salud Metropolitano Norte,"Complejo Hospitalario San José (Santiago, Independencia)",Independencia
549,Total de recién nacidos/as egresados/as,9,109100,24200134,13,13108,347,72,0,180,Servicio de Salud Metropolitano Norte,"Complejo Hospitalario San José (Santiago, Independencia)",Independencia
550,RN egresados con LME durante hospitalización y al alta,9,109100,24300103,13,13108,244,0,0,115,Servicio de Salud Metropolitano Norte,"Complejo Hospitalario San José (Santiago, Independencia)",Independencia
551,RN egresados que recuperaron LME al alta,9,109100,24311025,13,13108,3,16,0,9,Servicio de Salud Metropolitano Norte,"Complejo Hospitalario San José (Santiago, Independencia)",Independencia
552,RN egresados con lactancia mixta al alta,9,109100,24311026,13,13108,49,50,0,35,Servicio de Salud Metropolitano Norte,"Complejo Hospitalario San José (Santiago, Independencia)",Independencia
553,RN egresados solo fórmula láctea (excepto VIH/HTLV-1/Ley 21.155/protección),9,109100,24311027,13,13108,1,1,0,1,Servicio de Salud Metropolitano Norte,"Complejo Hospitalario San José (Santiago, Independencia)",Independencia
554,RN egresados con madres acogidas a Ley 21.155,9,109100,29101772,13,13108,1,1,0,0,Servicio de Salud Metropolitano Norte,"Complejo Hospitalario San José (Santiago, Independencia)",Independencia
555,RN egresados con lactancia mixta al alta,9,109100,24311026,13,13108,43,55,0,35,Servicio de Salud Metropolitano Norte,"Complejo Hospitalario San José (Santiago, Independencia)",Independencia
556,RN egresados solo fórmula láctea (excepto VIH/HTLV-1/Ley 21.155/protección),9,109100,24311027,13,13108,0,6,0,0,Servicio de Salud Metropolitano Norte,"Complejo Hospitalario San José (Santiago, Independencia)",Independencia
557,RN egresados con madres serología positiva (VIH),9,109100,29101770,13,13108,1,0,0,1,Servicio de Salud Metropolitano Norte,"Complejo Hospitalario San José (Santiago, Independencia)",Independencia
558,Total de recién nacidos/as egresados/as,9,109100,24200134,13,13108,414,99,0,216,Servicio de Salud Metropolitano Norte,"Complejo Hospitalario San José (Santiago, Independencia)",Independencia
559,RN egresados solo fórmula por protección o madre grave,9,109100,24311028,13,13108,1,0,0,0,Servicio de Salud Metropolitano Norte,"Complejo Hospitalario San José (Santiago, Independencia)",Independencia
560,Total de recién nacidos/as egresados/as,9,109100,24200134,13,13108,397,112,0,243,Servicio de Salud Metropolitano Norte,"Complejo Hospitalario San José (Santiago, Independencia)",Independencia
561,RN egresados con LME durante hospitalización y al alta,9,109100,24300103,13,13108,192,1,0,101,Servicio de Salud Metropolitano Norte,"Complejo Hospitalario San José (Santiago, Independencia)",Independencia
562,RN egresados que recuperaron LME al alta,9,109100,24311025,13,13108,52,26,0,37,Servicio de Salud Metropolitano Norte,"Complejo Hospitalario San José (Santiago, Independencia)",Independencia
563,RN egresados con lactancia mixta al alta,9,109100,24311026,13,13108,60,78,0,69,Servicio de Salud Metropolitano Norte,"Complejo Hospitalario San José (Santiago, Independencia)",Independencia
564,RN egresados solo fórmula láctea (excepto VIH/HTLV-1/Ley 21.155/protección),9,109100,24311027,13,13108,0,8,0,1,Servicio de Salud Metropolitano Norte,"Complejo Hospitalario San José (Santiago, Independencia)",Independencia
565,RN egresados con madres acogidas a Ley 21.155,9,109100,29101772,13,13108,1,0,0,0,Servicio de Salud Metropolitano Norte,"Complejo Hospitalario San José (Santiago, Independencia)",Independencia
566,RN egresados con LME durante hospitalización y al alta,9,109100,24300103,13,13108,169,0,0,77,Servicio de Salud Metropolitano Norte,"Complejo Hospitalario San José (Santiago, Independencia)",Independencia
567,RN egresados solo fórmula por protección o madre grave,9,109100,24311028,13,13108,0,5,0,2,Servicio de Salud Metropolitano Norte,"Complejo Hospitalario San José (Santiago, Independencia)",Independencia
568,RN egresados solo fórmula por protección o madre grave,9,109100,24311028,13,13108,0,7,0,7,Servicio de Salud Metropolitano Norte,"Complejo Hospitalario San José (Santiago, Independencia)",Independencia
569,Total de recién nacidos/as egresados/as,9,109100,24200134,13,13108,294,91,0,170,Servicio de Salud Metropolitano Norte,"Complejo Hospitalario San José (Santiago, Independencia)",Independencia
570,RN egresados con LME durante hospitalización y al alta,9,109100,24300103,13,13108,198,34,0,107,Servicio de Salud Metropolitano Norte,"Complejo Hospitalario San José (Santiago, Independencia)",Independencia
571,RN egresados solo fórmula por protección o madre grave,9,109100,24311028,13,13108,0,7,0,2,Servicio de Salud Metropolitano Norte,"Complejo Hospitalario San José (Santiago, Independencia)",Independencia
572,RN egresados con madres serología positiva (VIH),9,109100,29101770,13,13108,2,0,0,1,Servicio de Salud Metropolitano Norte,"Complejo Hospitalario San José (Santiago, Independencia)",Independencia
573,Total de recién nacidos/as egresados/as,14,114105,24200134,13,13110,147,33,3,24,Servicio de Salud Metropolitano Sur Oriente,Hospital Clínico Metropolitano La Florida Dra. Eloísa Díaz Insunza,La Florida
574,RN egresados con LME durante hospitalización y al alta,14,114105,24300103,13,13110,112,1,2,18,Servicio de Salud Metropolitano Sur Oriente,Hospital Clínico Metropolitano La Florida Dra. Eloísa Díaz Insunza,La Florida
575,RN egresados que recuperaron LME al alta,14,114105,24311025,13,13110,0,7,0,0,Servicio de Salud Metropolitano Sur Oriente,Hospital Clínico Metropolitano La Florida Dra. Eloísa Díaz Insunza,La Florida
576,RN egresados con lactancia mixta al alta,14,114105,24311026,13,13110,35,21,1,6,Servicio de Salud Metropolitano Sur Oriente,Hospital Clínico Metropolitano La Florida Dra. Eloísa Díaz Insunza,La Florida
577,RN egresados solo fórmula láctea (excepto VIH/HTLV-1/Ley 21.155/protección),14,114105,24311027,13,13110,0,14,0,0,Servicio de Salud Metropolitano Sur Oriente,Hospital Clínico Metropolitano La Florida Dra. Eloísa Díaz Insunza,La Florida
578,RN egresados solo fórmula por protección o madre grave,10,110100,24311028,13,13101,1,2,0,0,Servicio de Salud Metropolitano Occidente,"Hospital San Juan de Dios (Santiago, Santiago)",Santiago
579,Total de recién nacidos/as egresados/as,10,110100,24200134,13,13101,132,43,13,56,Servicio de Salud Metropolitano Occidente,"Hospital San Juan de Dios (Santiago, Santiago)",Santiago
580,RN egresados con LME durante hospitalización y al alta,10,110100,24300103,13,13101,81,0,6,32,Servicio de Salud Metropolitano Occidente,"Hospital San Juan de Dios (Santiago, Santiago)",Santiago
581,RN egresados que recuperaron LME al alta,10,110100,24311025,13,13101,23,10,5,7,Servicio de Salud Metropolitano Occidente,"Hospital San Juan de Dios (Santiago, Santiago)",Santiago
582,RN egresados con lactancia mixta al alta,10,110100,24311026,13,13101,13,29,2,10,Servicio de Salud Metropolitano Occidente,"Hospital San Juan de Dios (Santiago, Santiago)",Santiago
583,RN egresados solo fórmula láctea (excepto VIH/HTLV-1/Ley 21.155/protección),10,110100,24311027,13,13101,1,0,0,0,Servicio de Salud Metropolitano Occidente,"Hospital San Juan de Dios (Santiago, Santiago)",Santiago
584,RN egresados con madres serología positiva (VIH),10,110100,29101770,13,13101,3,0,0,2,Servicio de Salud Metropolitano Occidente,"Hospital San Juan de Dios (Santiago, Santiago)",Santiago
585,RN egresados con madres acogidas a Ley 21.155,10,110100,29101772,13,13101,11,0,0,6,Servicio de Salud Metropolitano Occidente,"Hospital San Juan de Dios (Santiago, Santiago)",Santiago
586,Total de recién nacidos/as egresados/as,10,110100,24200134,13,13101,126,23,10,38,Servicio de Salud Metropolitano Occidente,"Hospital San Juan de Dios (Santiago, Santiago)",Santiago
587,RN egresados con LME durante hospitalización y al alta,10,110100,24300103,13,13101,69,0,7,18,Servicio de Salud Metropolitano Occidente,"Hospital San Juan de Dios (Santiago, Santiago)",Santiago
588,RN egresados solo fórmula por protección o madre grave,10,110100,24311028,13,13101,1,2,0,0,Servicio de Salud Metropolitano Occidente,"Hospital San Juan de Dios (Santiago, Santiago)",Santiago
589,Total de recién nacidos/as egresados/as,10,110100,24200134,13,13101,161,32,8,60,Servicio de Salud Metropolitano Occidente,"Hospital San Juan de Dios (Santiago, Santiago)",Santiago
590,RN egresados con LME durante hospitalización y al alta,10,110100,24300103,13,13101,67,0,5,32,Servicio de Salud Metropolitano Occidente,"Hospital San Juan de Dios (Santiago, Santiago)",Santiago
591,RN egresados que recuperaron LME al alta,10,110100,24311025,13,13101,31,6,0,15,Servicio de Salud Metropolitano Occidente,"Hospital San Juan de Dios (Santiago, Santiago)",Santiago
592,RN egresados con lactancia mixta al alta,10,110100,24311026,13,13101,20,24,0,15,Servicio de Salud Metropolitano Occidente,"Hospital San Juan de Dios (Santiago, Santiago)",Santiago
593,RN egresados solo fórmula láctea (excepto VIH/HTLV-1/Ley 21.155/protección),10,110100,24311027,13,13101,5,1,0,1,Servicio de Salud Metropolitano Occidente,"Hospital San Juan de Dios (Santiago, Santiago)",Santiago
594,RN egresados con madres serología positiva (VIH),10,110100,29101770,13,13101,1,0,0,1,Servicio de Salud Metropolitano Occidente,"Hospital San Juan de Dios (Santiago, Santiago)",Santiago
595,RN egresados con madres acogidas a Ley 21.155,10,110100,29101772,13,13101,17,0,2,5,Servicio de Salud Metropolitano Occidente,"Hospital San Juan de Dios (Santiago, Santiago)",Santiago
596,Total de recién nacidos/as egresados/as,10,110100,24200134,13,13101,119,32,15,49,Servicio de Salud Metropolitano Occidente,"Hospital San Juan de Dios (Santiago, Santiago)",Santiago
597,RN egresados con LME durante hospitalización y al alta,10,110100,24300103,13,13101,70,,10,25,Servicio de Salud Metropolitano Occidente,"Hospital San Juan de Dios (Santiago, Santiago)",Santiago
598,RN egresados que recuperaron LME al alta,10,110100,24311025,13,13101,27,13,3,13,Servicio de Salud Metropolitano Occidente,"Hospital San Juan de Dios (Santiago, Santiago)",Santiago
599,RN egresados con lactancia mixta al alta,10,110100,24311026,13,13101,11,18,1,8,Servicio de Salud Metropolitano Occidente,"Hospital San Juan de Dios (Santiago, Santiago)",Santiago
600,RN egresados solo fórmula láctea (excepto VIH/HTLV-1/Ley 21.155/protección),10,110100,24311027,13,13101,2,1,0,0,Servicio de Salud Metropolitano Occidente,"Hospital San Juan de Dios (Santiago, Santiago)",Santiago
601,RN egresados con madres acogidas a Ley 21.155,10,110100,29101772,13,13101,9,,0,2,Servicio de Salud Metropolitano Occidente,"Hospital San Juan de Dios (Santiago, Santiago)",Santiago
602,Total de recién nacidos/as egresados/as,10,110100,24200134,13,13101,132,37,9,65,Servicio de Salud Metropolitano Occidente,"Hospital San Juan de Dios (Santiago, Santiago)",Santiago
603,RN egresados con LME durante hospitalización y al alta,10,110100,24300103,13,13101,84,,7,34,Servicio de Salud Metropolitano Occidente,"Hospital San Juan de Dios (Santiago, Santiago)",Santiago
604,RN egresados que recuperaron LME al alta,10,110100,24311025,13,13101,25,6,1,10,Servicio de Salud Metropolitano Occidente,"Hospital San Juan de Dios (Santiago, Santiago)",Santiago
605,RN egresados con lactancia mixta al alta,10,110100,24311026,13,13101,14,20,1,16,Servicio de Salud Metropolitano Occidente,"Hospital San Juan de Dios (Santiago, Santiago)",Santiago
606,RN egresados solo fórmula láctea (excepto VIH/HTLV-1/Ley 21.155/protección),10,110100,24311027,13,13101,1,3,0,1,Servicio de Salud Metropolitano Occidente,"Hospital San Juan de Dios (Santiago, Santiago)",Santiago
607,RN egresados con madres serología positiva (VIH),10,110100,29101770,13,13101,,1,0,1,Servicio de Salud Metropolitano Occidente,"Hospital San Juan de Dios (Santiago, Santiago)",Santiago
608,RN egresados con madres acogidas a Ley 21.155,10,110100,29101772,13,13101,4,,0,1,Servicio de Salud Metropolitano Occidente,"Hospital San Juan de Dios (Santiago, Santiago)",Santiago
609,RN egresados solo fórmula por protección o madre grave,10,110100,24311028,13,13101,1,2,0,0,Servicio de Salud Metropolitano Occidente,"Hospital San Juan de Dios (Santiago, Santiago)",Santiago
610,Total de recién nacidos/as egresados/as,10,110120,24200134,13,13126,176,,0,60,Servicio de Salud Metropolitano Occidente,Hospital  Félix Bulnes Cerda,Cerro Navia
611,RN egresados con LME durante hospitalización y al alta,10,110120,24300103,13,13126,157,,0,60,Servicio de Salud Metropolitano Occidente,Hospital  Félix Bulnes Cerda,Cerro Navia
612,RN egresados que recuperaron LME al alta,10,110120,24311025,13,13126,2,,0,0,Servicio de Salud Metropolitano Occidente,Hospital  Félix Bulnes Cerda,Cerro Navia
613,RN egresados con lactancia mixta al alta,10,110120,24311026,13,13126,12,,0,6,Servicio de Salud Metropolitano Occidente,Hospital  Félix Bulnes Cerda,Cerro Navia
614,RN egresados solo fórmula láctea (excepto VIH/HTLV-1/Ley 21.155/protección),10,110120,24311027,13,13126,5,,0,0,Servicio de Salud Metropolitano Occidente,Hospital  Félix Bulnes Cerda,Cerro Navia
615,Total de recién nacidos/as egresados/as,10,110120,24200134,13,13126,200,,0,47,Servicio de Salud Metropolitano Occidente,Hospital  Félix Bulnes Cerda,Cerro Navia
616,RN egresados con LME durante hospitalización y al alta,10,110120,24300103,13,13126,184,,0,41,Servicio de Salud Metropolitano Occidente,Hospital  Félix Bulnes Cerda,Cerro Navia
617,RN egresados con lactancia mixta al alta,10,110120,24311026,13,13126,13,,0,0,Servicio de Salud Metropolitano Occidente,Hospital  Félix Bulnes Cerda,Cerro Navia
618,RN egresados solo fórmula láctea (excepto VIH/HTLV-1/Ley 21.155/protección),10,110120,24311027,13,13126,3,,0,0,Servicio de Salud Metropolitano Occidente,Hospital  Félix Bulnes Cerda,Cerro Navia
619,Total de recién nacidos/as egresados/as,10,110120,24200134,13,13126,152,,0,51,Servicio de Salud Metropolitano Occidente,Hospital  Félix Bulnes Cerda,Cerro Navia
620,RN egresados con LME durante hospitalización y al alta,10,110120,24300103,13,13126,149,,0,47,Servicio de Salud Metropolitano Occidente,Hospital  Félix Bulnes Cerda,Cerro Navia
621,RN egresados que recuperaron LME al alta,10,110120,24311025,13,13126,3,,0,0,Servicio de Salud Metropolitano Occidente,Hospital  Félix Bulnes Cerda,Cerro Navia
622,RN egresados con lactancia mixta al alta,10,110120,24311026,13,13126,15,,0,3,Servicio de Salud Metropolitano Occidente,Hospital  Félix Bulnes Cerda,Cerro Navia
623,RN egresados solo fórmula láctea (excepto VIH/HTLV-1/Ley 21.155/protección),10,110120,24311027,13,13126,1,,0,0,Servicio de Salud Metropolitano Occidente,Hospital  Félix Bulnes Cerda,Cerro Navia
624,Total de recién nacidos/as egresados/as,10,110120,24200134,13,13126,158,,0,56,Servicio de Salud Metropolitano Occidente,Hospital  Félix Bulnes Cerda,Cerro Navia
625,RN egresados con LME durante hospitalización y al alta,10,110120,24300103,13,13126,144,,0,51,Servicio de Salud Metropolitano Occidente,Hospital  Félix Bulnes Cerda,Cerro Navia
626,RN egresados con lactancia mixta al alta,10,110120,24311026,13,13126,11,,0,5,Servicio de Salud Metropolitano Occidente,Hospital  Félix Bulnes Cerda,Cerro Navia
627,RN egresados solo fórmula láctea (excepto VIH/HTLV-1/Ley 21.155/protección),10,110120,24311027,13,13126,3,,0,0,Servicio de Salud Metropolitano Occidente,Hospital  Félix Bulnes Cerda,Cerro Navia
628,Total de recién nacidos/as egresados/as,10,110120,24200134,13,13126,168,,0,53,Servicio de Salud Metropolitano Occidente,Hospital  Félix Bulnes Cerda,Cerro Navia
629,RN egresados con LME durante hospitalización y al alta,10,110120,24300103,13,13126,153,,0,47,Servicio de Salud Metropolitano Occidente,Hospital  Félix Bulnes Cerda,Cerro Navia
630,RN egresados con lactancia mixta al alta,10,110120,24311026,13,13126,14,,0,6,Servicio de Salud Metropolitano Occidente,Hospital  Félix Bulnes Cerda,Cerro Navia
631,RN egresados solo fórmula láctea (excepto VIH/HTLV-1/Ley 21.155/protección),10,110120,24311027,13,13126,1,,0,0,Servicio de Salud Metropolitano Occidente,Hospital  Félix Bulnes Cerda,Cerro Navia
632,Total de recién nacidos/as egresados/as,10,110120,24200134,13,13126,206,,0,59,Servicio de Salud Metropolitano Occidente,Hospital  Félix Bulnes Cerda,Cerro Navia
633,RN egresados con LME durante hospitalización y al alta,10,110120,24300103,13,13126,189,,0,55,Servicio de Salud Metropolitano Occidente,Hospital  Félix Bulnes Cerda,Cerro Navia
634,RN egresados con lactancia mixta al alta,10,110120,24311026,13,13126,16,,0,4,Servicio de Salud Metropolitano Occidente,Hospital  Félix Bulnes Cerda,Cerro Navia
635,RN egresados solo fórmula láctea (excepto VIH/HTLV-1/Ley 21.155/protección),10,110120,24311027,13,13126,1,,0,0,Servicio de Salud Metropolitano Occidente,Hospital  Félix Bulnes Cerda,Cerro Navia
636,Total de recién nacidos/as egresados/as,10,110120,24200134,13,13126,181,0,0,47,Servicio de Salud Metropolitano Occidente,Hospital  Félix Bulnes Cerda,Cerro Navia
637,RN egresados con LME durante hospitalización y al alta,10,110120,24300103,13,13126,161,0,0,42,Servicio de Salud Metropolitano Occidente,Hospital  Félix Bulnes Cerda,Cerro Navia
638,RN egresados que recuperaron LME al alta,10,110120,24311025,13,13126,161,0,0,42,Servicio de Salud Metropolitano Occidente,Hospital  Félix Bulnes Cerda,Cerro Navia
639,Total de recién nacidos/as egresados/as,10,110120,24200134,13,13126,184,0,0,43,Servicio de Salud Metropolitano Occidente,Hospital  Félix Bulnes Cerda,Cerro Navia
640,RN egresados con LME durante hospitalización y al alta,10,110120,24300103,13,13126,169,0,0,39,Servicio de Salud Metropolitano Occidente,Hospital  Félix Bulnes Cerda,Cerro Navia
641,RN egresados que recuperaron LME al alta,10,110120,24311025,13,13126,169,0,0,39,Servicio de Salud Metropolitano Occidente,Hospital  Félix Bulnes Cerda,Cerro Navia
642,Total de recién nacidos/as egresados/as,10,110120,24200134,13,13126,182,,0,62,Servicio de Salud Metropolitano Occidente,Hospital  Félix Bulnes Cerda,Cerro Navia
643,RN egresados con LME durante hospitalización y al alta,10,110120,24300103,13,13126,161,,0,57,Servicio de Salud Metropolitano Occidente,Hospital  Félix Bulnes Cerda,Cerro Navia
644,RN egresados que recuperaron LME al alta,10,110120,24311025,13,13126,161,,0,57,Servicio de Salud Metropolitano Occidente,Hospital  Félix Bulnes Cerda,Cerro Navia
645,RN egresados con lactancia mixta al alta,10,110120,24311026,13,13126,20,,0,5,Servicio de Salud Metropolitano Occidente,Hospital  Félix Bulnes Cerda,Cerro Navia
646,RN egresados solo fórmula láctea (excepto VIH/HTLV-1/Ley 21.155/protección),10,110120,24311027,13,13126,1,,0,0,Servicio de Salud Metropolitano Occidente,Hospital  Félix Bulnes Cerda,Cerro Navia
647,RN egresados solo fórmula láctea (excepto VIH/HTLV-1/Ley 21.155/protección),10,110120,24311027,13,13126,3,,0,0,Servicio de Salud Metropolitano Occidente,Hospital  Félix Bulnes Cerda,Cerro Navia
648,Total de recién nacidos/as egresados/as,10,110120,24200134,13,13126,184,,0,38,Servicio de Salud Metropolitano Occidente,Hospital  Félix Bulnes Cerda,Cerro Navia
649,RN egresados con LME durante hospitalización y al alta,10,110120,24300103,13,13126,162,,0,36,Servicio de Salud Metropolitano Occidente,Hospital  Félix Bulnes Cerda,Cerro Navia
650,RN egresados que recuperaron LME al alta,10,110120,24311025,13,13126,2,,0,0,Servicio de Salud Metropolitano Occidente,Hospital  Félix Bulnes Cerda,Cerro Navia
651,RN egresados con lactancia mixta al alta,10,110120,24311026,13,13126,17,,0,2,Servicio de Salud Metropolitano Occidente,Hospital  Félix Bulnes Cerda,Cerro Navia
652,Total de recién nacidos/as egresados/as,10,110120,24200134,13,13126,177,,0,51,Servicio de Salud Metropolitano Occidente,Hospital  Félix Bulnes Cerda,Cerro Navia
653,RN egresados con LME durante hospitalización y al alta,10,110120,24300103,13,13126,165,,0,49,Servicio de Salud Metropolitano Occidente,Hospital  Félix Bulnes Cerda,Cerro Navia
654,RN egresados que recuperaron LME al alta,10,110120,24311025,13,13126,3,,0,0,Servicio de Salud Metropolitano Occidente,Hospital  Félix Bulnes Cerda,Cerro Navia
655,RN egresados con lactancia mixta al alta,10,110120,24311026,13,13126,5,,0,1,Servicio de Salud Metropolitano Occidente,Hospital  Félix Bulnes Cerda,Cerro Navia
656,RN egresados solo fórmula láctea (excepto VIH/HTLV-1/Ley 21.155/protección),10,110120,24311027,13,13126,4,,0,1,Servicio de Salud Metropolitano Occidente,Hospital  Félix Bulnes Cerda,Cerro Navia
657,Total de recién nacidos/as egresados/as,10,110120,24200134,13,13126,183,,0,45,Servicio de Salud Metropolitano Occidente,Hospital  Félix Bulnes Cerda,Cerro Navia
658,RN egresados con LME durante hospitalización y al alta,10,110120,24300103,13,13126,169,,0,41,Servicio de Salud Metropolitano Occidente,Hospital  Félix Bulnes Cerda,Cerro Navia
659,RN egresados que recuperaron LME al alta,10,110120,24311025,13,13126,2,,0,0,Servicio de Salud Metropolitano Occidente,Hospital  Félix Bulnes Cerda,Cerro Navia
660,RN egresados con lactancia mixta al alta,10,110120,24311026,13,13126,10,,0,4,Servicio de Salud Metropolitano Occidente,Hospital  Félix Bulnes Cerda,Cerro Navia
661,RN egresados solo fórmula láctea (excepto VIH/HTLV-1/Ley 21.155/protección),10,110120,24311027,13,13126,2,,0,0,Servicio de Salud Metropolitano Occidente,Hospital  Félix Bulnes Cerda,Cerro Navia
662,Total de recién nacidos/as egresados/as,10,110150,24200134,13,13501,93,20,0,19,Servicio de Salud Metropolitano Occidente,Hospital San José (Melipilla),Melipilla
663,RN egresados con LME durante hospitalización y al alta,10,110150,24300103,13,13501,87,3,0,17,Servicio de Salud Metropolitano Occidente,Hospital San José (Melipilla),Melipilla
664,RN egresados que recuperaron LME al alta,10,110150,24311025,13,13501,90,17,0,19,Servicio de Salud Metropolitano Occidente,Hospital San José (Melipilla),Melipilla
665,RN egresados con lactancia mixta al alta,10,110150,24311026,13,13501,3,0,0,0,Servicio de Salud Metropolitano Occidente,Hospital San José (Melipilla),Melipilla
666,Total de recién nacidos/as egresados/as,10,110150,24200134,13,13501,118,16,0,0,Servicio de Salud Metropolitano Occidente,Hospital San José (Melipilla),Melipilla
667,RN egresados con LME durante hospitalización y al alta,10,110150,24300103,13,13501,116,2,0,0,Servicio de Salud Metropolitano Occidente,Hospital San José (Melipilla),Melipilla
668,RN egresados que recuperaron LME al alta,10,110150,24311025,13,13501,2,11,0,0,Servicio de Salud Metropolitano Occidente,Hospital San José (Melipilla),Melipilla
669,RN egresados solo fórmula por protección o madre grave,10,110150,24311028,13,13501,0,1,0,0,Servicio de Salud Metropolitano Occidente,Hospital San José (Melipilla),Melipilla
670,Total de recién nacidos/as egresados/as,10,110150,24200134,13,13501,120,19,0,0,Servicio de Salud Metropolitano Occidente,Hospital San José (Melipilla),Melipilla
671,RN egresados con LME durante hospitalización y al alta,10,110150,24300103,13,13501,118,1,0,0,Servicio de Salud Metropolitano Occidente,Hospital San José (Melipilla),Melipilla
672,RN egresados que recuperaron LME al alta,10,110150,24311025,13,13501,0,14,0,0,Servicio de Salud Metropolitano Occidente,Hospital San José (Melipilla),Melipilla
673,RN egresados con lactancia mixta al alta,10,110150,24311026,13,13501,2,5,0,0,Servicio de Salud Metropolitano Occidente,Hospital San José (Melipilla),Melipilla
674,Total de recién nacidos/as egresados/as,10,110150,24200134,13,13501,131,19,0,0,Servicio de Salud Metropolitano Occidente,Hospital San José (Melipilla),Melipilla
675,RN egresados con LME durante hospitalización y al alta,10,110150,24300103,13,13501,129,6,0,0,Servicio de Salud Metropolitano Occidente,Hospital San José (Melipilla),Melipilla
676,RN egresados que recuperaron LME al alta,10,110150,24311025,13,13501,130,12,0,0,Servicio de Salud Metropolitano Occidente,Hospital San José (Melipilla),Melipilla
677,RN egresados solo fórmula por protección o madre grave,10,110150,24311028,13,13501,0,3,0,0,Servicio de Salud Metropolitano Occidente,Hospital San José (Melipilla),Melipilla
678,Total de recién nacidos/as egresados/as,10,110150,24200134,13,13501,112,19,0,48,Servicio de Salud Metropolitano Occidente,Hospital San José (Melipilla),Melipilla
679,RN egresados con LME durante hospitalización y al alta,10,110150,24300103,13,13501,92,17,0,16,Servicio de Salud Metropolitano Occidente,Hospital San José (Melipilla),Melipilla
680,RN egresados que recuperaron LME al alta,10,110150,24311025,13,13501,3,19,0,14,Servicio de Salud Metropolitano Occidente,Hospital San José (Melipilla),Melipilla
681,RN egresados con lactancia mixta al alta,10,110150,24311026,13,13501,1,19,0,0,Servicio de Salud Metropolitano Occidente,Hospital San José (Melipilla),Melipilla
682,RN egresados solo fórmula láctea (excepto VIH/HTLV-1/Ley 21.155/protección),10,110150,24311027,13,13501,0,3,0,0,Servicio de Salud Metropolitano Occidente,Hospital San José (Melipilla),Melipilla
683,Total de recién nacidos/as egresados/as,10,110150,24200134,13,13501,115,16,0,0,Servicio de Salud Metropolitano Occidente,Hospital San José (Melipilla),Melipilla
684,RN egresados con LME durante hospitalización y al alta,10,110150,24300103,13,13501,113,0,0,0,Servicio de Salud Metropolitano Occidente,Hospital San José (Melipilla),Melipilla
685,RN egresados que recuperaron LME al alta,10,110150,24311025,13,13501,2,15,0,0,Servicio de Salud Metropolitano Occidente,Hospital San José (Melipilla),Melipilla
686,RN egresados solo fórmula láctea (excepto VIH/HTLV-1/Ley 21.155/protección),10,110150,24311027,13,13501,0,1,0,0,Servicio de Salud Metropolitano Occidente,Hospital San José (Melipilla),Melipilla
687,Total de recién nacidos/as egresados/as,10,110150,24200134,13,13501,110,21,0,0,Servicio de Salud Metropolitano Occidente,Hospital San José (Melipilla),Melipilla
688,RN egresados con LME durante hospitalización y al alta,10,110150,24300103,13,13501,108,4,0,0,Servicio de Salud Metropolitano Occidente,Hospital San José (Melipilla),Melipilla
689,RN egresados que recuperaron LME al alta,10,110150,24311025,13,13501,0,14,0,0,Servicio de Salud Metropolitano Occidente,Hospital San José (Melipilla),Melipilla
690,RN egresados con lactancia mixta al alta,10,110150,24311026,13,13501,2,3,0,0,Servicio de Salud Metropolitano Occidente,Hospital San José (Melipilla),Melipilla
691,Total de recién nacidos/as egresados/as,10,110150,24200134,13,13501,117,18,2,40,Servicio de Salud Metropolitano Occidente,Hospital San José (Melipilla),Melipilla
692,RN egresados con LME durante hospitalización y al alta,10,110150,24300103,13,13501,115,1,2,40,Servicio de Salud Metropolitano Occidente,Hospital San José (Melipilla),Melipilla
693,RN egresados que recuperaron LME al alta,10,110150,24311025,13,13501,116,17,0,0,Servicio de Salud Metropolitano Occidente,Hospital San José (Melipilla),Melipilla
694,RN egresados con lactancia mixta al alta,10,110150,24311026,13,13501,1,1,0,0,Servicio de Salud Metropolitano Occidente,Hospital San José (Melipilla),Melipilla
695,Total de recién nacidos/as egresados/as,10,110150,24200134,13,13501,93,16,2,39,Servicio de Salud Metropolitano Occidente,Hospital San José (Melipilla),Melipilla
696,RN egresados con LME durante hospitalización y al alta,10,110150,24300103,13,13501,89,0,2,39,Servicio de Salud Metropolitano Occidente,Hospital San José (Melipilla),Melipilla
697,RN egresados que recuperaron LME al alta,10,110150,24311025,13,13501,2,15,0,0,Servicio de Salud Metropolitano Occidente,Hospital San José (Melipilla),Melipilla
698,RN egresados con lactancia mixta al alta,10,110150,24311026,13,13501,4,2,0,0,Servicio de Salud Metropolitano Occidente,Hospital San José (Melipilla),Melipilla
699,Total de recién nacidos/as egresados/as,10,110150,24200134,13,13501,122,13,0,0,Servicio de Salud Metropolitano Occidente,Hospital San José (Melipilla),Melipilla
700,RN egresados con LME durante hospitalización y al alta,10,110150,24300103,13,13501,121,2,0,0,Servicio de Salud Metropolitano Occidente,Hospital San José (Melipilla),Melipilla
701,RN egresados que recuperaron LME al alta,10,110150,24311025,13,13501,121,10,0,0,Servicio de Salud Metropolitano Occidente,Hospital San José (Melipilla),Melipilla
702,RN egresados con lactancia mixta al alta,10,110150,24311026,13,13501,1,0,0,0,Servicio de Salud Metropolitano Occidente,Hospital San José (Melipilla),Melipilla
703,Total de recién nacidos/as egresados/as,10,110150,24200134,13,13501,101,9,0,23,Servicio de Salud Metropolitano Occidente,Hospital San José (Melipilla),Melipilla
704,RN egresados con LME durante hospitalización y al alta,10,110150,24300103,13,13501,91,2,0,23,Servicio de Salud Metropolitano Occidente,Hospital San José (Melipilla),Melipilla
705,RN egresados que recuperaron LME al alta,10,110150,24311025,13,13501,98,7,0,23,Servicio de Salud Metropolitano Occidente,Hospital San José (Melipilla),Melipilla
706,Total de recién nacidos/as egresados/as,10,110150,24200134,13,13501,119,12,0,15,Servicio de Salud Metropolitano Occidente,Hospital San José (Melipilla),Melipilla
707,RN egresados con LME durante hospitalización y al alta,10,110150,24300103,13,13501,107,2,0,14,Servicio de Salud Metropolitano Occidente,Hospital San José (Melipilla),Melipilla
708,RN egresados que recuperaron LME al alta,10,110150,24311025,13,13501,12,6,0,2,Servicio de Salud Metropolitano Occidente,Hospital San José (Melipilla),Melipilla
709,RN egresados con lactancia mixta al alta,10,110150,24311026,13,13501,0,6,0,0,Servicio de Salud Metropolitano Occidente,Hospital San José (Melipilla),Melipilla
710,Total de recién nacidos/as egresados/as,10,110130,24200134,13,13601,70,4,1,14,Servicio de Salud Metropolitano Occidente,Hospital Adalberto Steeger (Talagante),Talagante
711,RN egresados con LME durante hospitalización y al alta,10,110130,24300103,13,13601,62,0,1,13,Servicio de Salud Metropolitano Occidente,Hospital Adalberto Steeger (Talagante),Talagante
712,RN egresados que recuperaron LME al alta,10,110130,24311025,13,13601,0,2,0,0,Servicio de Salud Metropolitano Occidente,Hospital Adalberto Steeger (Talagante),Talagante
713,RN egresados con lactancia mixta al alta,10,110130,24311026,13,13601,6,1,0,1,Servicio de Salud Metropolitano Occidente,Hospital Adalberto Steeger (Talagante),Talagante
714,RN egresados con lactancia mixta al alta,10,110130,24311026,13,13601,1,3,0,0,Servicio de Salud Metropolitano Occidente,Hospital Adalberto Steeger (Talagante),Talagante
715,RN egresados con madres acogidas a Ley 21.155,10,110130,29101772,13,13601,1,0,0,0,Servicio de Salud Metropolitano Occidente,Hospital Adalberto Steeger (Talagante),Talagante
716,RN egresados solo fórmula por protección o madre grave,10,110130,24311028,13,13601,5,1,0,1,Servicio de Salud Metropolitano Occidente,Hospital Adalberto Steeger (Talagante),Talagante
717,Total de recién nacidos/as egresados/as,10,110130,24200134,13,13601,52,4,0,7,Servicio de Salud Metropolitano Occidente,Hospital Adalberto Steeger (Talagante),Talagante
718,Total de recién nacidos/as egresados/as,10,110130,24200134,13,13601,58,4,0,5,Servicio de Salud Metropolitano Occidente,Hospital Adalberto Steeger (Talagante),Talagante
719,RN egresados con LME durante hospitalización y al alta,10,110130,24300103,13,13601,49,0,0,0,Servicio de Salud Metropolitano Occidente,Hospital Adalberto Steeger (Talagante),Talagante
720,RN egresados que recuperaron LME al alta,10,110130,24311025,13,13601,2,0,0,0,Servicio de Salud Metropolitano Occidente,Hospital Adalberto Steeger (Talagante),Talagante
721,RN egresados con lactancia mixta al alta,10,110130,24311026,13,13601,1,3,0,0,Servicio de Salud Metropolitano Occidente,Hospital Adalberto Steeger (Talagante),Talagante
722,RN egresados con madres acogidas a Ley 21.155,10,110130,29101772,13,13601,1,0,0,0,Servicio de Salud Metropolitano Occidente,Hospital Adalberto Steeger (Talagante),Talagante
723,RN egresados solo fórmula por protección o madre grave,10,110130,24311028,13,13601,0,1,0,0,Servicio de Salud Metropolitano Occidente,Hospital Adalberto Steeger (Talagante),Talagante
724,Total de recién nacidos/as egresados/as,10,110130,24200134,13,13601,67,7,0,7,Servicio de Salud Metropolitano Occidente,Hospital Adalberto Steeger (Talagante),Talagante
725,RN egresados que recuperaron LME al alta,10,110130,24311025,13,13601,3,2,0,0,Servicio de Salud Metropolitano Occidente,Hospital Adalberto Steeger (Talagante),Talagante
726,RN egresados con lactancia mixta al alta,10,110130,24311026,13,13601,2,4,0,0,Servicio de Salud Metropolitano Occidente,Hospital Adalberto Steeger (Talagante),Talagante
727,RN egresados con madres acogidas a Ley 21.155,10,110130,29101772,13,13601,1,0,0,0,Servicio de Salud Metropolitano Occidente,Hospital Adalberto Steeger (Talagante),Talagante
728,RN egresados solo fórmula por protección o madre grave,10,110130,24311028,13,13601,2,1,0,0,Servicio de Salud Metropolitano Occidente,Hospital Adalberto Steeger (Talagante),Talagante
729,RN egresados solo fórmula por protección o madre grave,10,110130,24311028,13,13601,0,1,0,0,Servicio de Salud Metropolitano Occidente,Hospital Adalberto Steeger (Talagante),Talagante
730,RN egresados con LME durante hospitalización y al alta,10,110130,24300103,13,13601,48,0,0,0,Servicio de Salud Metropolitano Occidente,Hospital Adalberto Steeger (Talagante),Talagante
731,RN egresados que recuperaron LME al alta,10,110130,24311025,13,13601,2,0,0,1,Servicio de Salud Metropolitano Occidente,Hospital Adalberto Steeger (Talagante),Talagante
732,Total de recién nacidos/as egresados/as,10,110130,24200134,13,13601,70,2,2,17,Servicio de Salud Metropolitano Occidente,Hospital Adalberto Steeger (Talagante),Talagante
733,RN egresados con LME durante hospitalización y al alta,10,110130,24300103,13,13601,59,0,2,15,Servicio de Salud Metropolitano Occidente,Hospital Adalberto Steeger (Talagante),Talagante
734,RN egresados que recuperaron LME al alta,10,110130,24311025,13,13601,2,0,0,0,Servicio de Salud Metropolitano Occidente,Hospital Adalberto Steeger (Talagante),Talagante
735,RN egresados con lactancia mixta al alta,10,110130,24311026,13,13601,8,2,0,2,Servicio de Salud Metropolitano Occidente,Hospital Adalberto Steeger (Talagante),Talagante
736,RN egresados con madres acogidas a Ley 21.155,10,110130,29101772,13,13601,1,0,0,0,Servicio de Salud Metropolitano Occidente,Hospital Adalberto Steeger (Talagante),Talagante
737,RN egresados que recuperaron LME al alta,10,110130,24311025,13,13601,0,2,0,0,Servicio de Salud Metropolitano Occidente,Hospital Adalberto Steeger (Talagante),Talagante
738,RN egresados con lactancia mixta al alta,10,110130,24311026,13,13601,6,0,0,1,Servicio de Salud Metropolitano Occidente,Hospital Adalberto Steeger (Talagante),Talagante
739,RN egresados con madres acogidas a Ley 21.155,10,110130,29101772,13,13601,1,0,0,0,Servicio de Salud Metropolitano Occidente,Hospital Adalberto Steeger (Talagante),Talagante
740,RN egresados con madres acogidas a Ley 21.155,10,110130,29101772,13,13601,1,0,0,0,Servicio de Salud Metropolitano Occidente,Hospital Adalberto Steeger (Talagante),Talagante
741,Total de recién nacidos/as egresados/as,10,110130,24200134,13,13601,62,6,0,5,Servicio de Salud Metropolitano Occidente,Hospital Adalberto Steeger (Talagante),Talagante
742,RN egresados con LME durante hospitalización y al alta,10,110130,24300103,13,13601,58,0,0,0,Servicio de Salud Metropolitano Occidente,Hospital Adalberto Steeger (Talagante),Talagante
743,RN egresados que recuperaron LME al alta,10,110130,24311025,13,13601,1,3,0,0,Servicio de Salud Metropolitano Occidente,Hospital Adalberto Steeger (Talagante),Talagante
744,RN egresados con lactancia mixta al alta,10,110130,24311026,13,13601,2,2,0,0,Servicio de Salud Metropolitano Occidente,Hospital Adalberto Steeger (Talagante),Talagante
745,Total de recién nacidos/as egresados/as,10,110130,24200134,13,13601,65,6,1,6,Servicio de Salud Metropolitano Occidente,Hospital Adalberto Steeger (Talagante),Talagante
746,RN egresados con LME durante hospitalización y al alta,10,110130,24300103,13,13601,59,0,0,0,Servicio de Salud Metropolitano Occidente,Hospital Adalberto Steeger (Talagante),Talagante
747,RN egresados que recuperaron LME al alta,10,110130,24311025,13,13601,2,,0,0,Servicio de Salud Metropolitano Occidente,Hospital Adalberto Steeger (Talagante),Talagante
748,RN egresados con lactancia mixta al alta,10,110130,24311026,13,13601,3,6,0,0,Servicio de Salud Metropolitano Occidente,Hospital Adalberto Steeger (Talagante),Talagante
749,RN egresados solo fórmula por protección o madre grave,10,110130,24311028,13,13601,1,0,0,0,Servicio de Salud Metropolitano Occidente,Hospital Adalberto Steeger (Talagante),Talagante
750,Total de recién nacidos/as egresados/as,10,110130,24200134,13,13601,66,1,1,13,Servicio de Salud Metropolitano Occidente,Hospital Adalberto Steeger (Talagante),Talagante
751,RN egresados con LME durante hospitalización y al alta,10,110130,24300103,13,13601,55,0,0,9,Servicio de Salud Metropolitano Occidente,Hospital Adalberto Steeger (Talagante),Talagante
752,RN egresados con lactancia mixta al alta,10,110130,24311026,13,13601,9,1,0,3,Servicio de Salud Metropolitano Occidente,Hospital Adalberto Steeger (Talagante),Talagante
753,RN egresados con madres acogidas a Ley 21.155,10,110130,29101772,13,13601,2,0,0,1,Servicio de Salud Metropolitano Occidente,Hospital Adalberto Steeger (Talagante),Talagante
754,RN egresados solo fórmula por protección o madre grave,10,110130,24311028,13,13601,1,0,0,0,Servicio de Salud Metropolitano Occidente,Hospital Adalberto Steeger (Talagante),Talagante
755,Total de recién nacidos/as egresados/as,10,110130,24200134,13,13601,53,2,0,9,Servicio de Salud Metropolitano Occidente,Hospital Adalberto Steeger (Talagante),Talagante
756,RN egresados con lactancia mixta al alta,10,110130,24311026,13,13601,4,0,0,1,Servicio de Salud Metropolitano Occidente,Hospital Adalberto Steeger (Talagante),Talagante
757,RN egresados solo fórmula láctea (excepto VIH/HTLV-1/Ley 21.155/protección),10,110130,24311027,13,13601,1,1,0,0,Servicio de Salud Metropolitano Occidente,Hospital Adalberto Steeger (Talagante),Talagante
758,Total de recién nacidos/as egresados/as,10,110130,24200134,13,13601,66,5,0,5,Servicio de Salud Metropolitano Occidente,Hospital Adalberto Steeger (Talagante),Talagante
759,RN egresados con LME durante hospitalización y al alta,10,110130,24300103,13,13601,54,0,0,4,Servicio de Salud Metropolitano Occidente,Hospital Adalberto Steeger (Talagante),Talagante
760,RN egresados que recuperaron LME al alta,10,110130,24311025,13,13601,7,4,0,4,Servicio de Salud Metropolitano Occidente,Hospital Adalberto Steeger (Talagante),Talagante
761,RN egresados con LME durante hospitalización y al alta,10,110130,24300103,13,13601,43,0,0,8,Servicio de Salud Metropolitano Occidente,Hospital Adalberto Steeger (Talagante),Talagante
762,Total de recién nacidos/as egresados/as,10,110130,24200134,13,13601,70,8,4,8,Servicio de Salud Metropolitano Occidente,Hospital Adalberto Steeger (Talagante),Talagante
763,RN egresados con LME durante hospitalización y al alta,10,110130,24300103,13,13601,62,1,0,0,Servicio de Salud Metropolitano Occidente,Hospital Adalberto Steeger (Talagante),Talagante
764,RN egresados con LME durante hospitalización y al alta,10,110130,24300103,13,13601,58,0,0,10,Servicio de Salud Metropolitano Occidente,Hospital Adalberto Steeger (Talagante),Talagante
765,RN egresados que recuperaron LME al alta,10,110130,24311025,13,13601,0,1,0,0,Servicio de Salud Metropolitano Occidente,Hospital Adalberto Steeger (Talagante),Talagante
766,RN egresados con lactancia mixta al alta,10,110130,24311026,13,13601,6,2,0,1,Servicio de Salud Metropolitano Occidente,Hospital Adalberto Steeger (Talagante),Talagante
767,RN egresados con madres acogidas a Ley 21.155,10,110130,29101772,13,13601,1,0,0,0,Servicio de Salud Metropolitano Occidente,Hospital Adalberto Steeger (Talagante),Talagante
768,RN egresados solo fórmula por protección o madre grave,10,110130,24311028,13,13601,0,1,0,0,Servicio de Salud Metropolitano Occidente,Hospital Adalberto Steeger (Talagante),Talagante
769,Total de recién nacidos/as egresados/as,10,110130,24200134,13,13601,65,4,1,11,Servicio de Salud Metropolitano Occidente,Hospital Adalberto Steeger (Talagante),Talagante
770,Total de recién nacidos/as egresados/as,10,110140,24200134,13,13605,5,0,0,0,Servicio de Salud Metropolitano Occidente,Hospital de Peñaflor,Peñaflor
771,RN egresados con LME durante hospitalización y al alta,10,110140,24300103,13,13605,4,0,0,0,Servicio de Salud Metropolitano Occidente,Hospital de Peñaflor,Peñaflor
772,RN egresados con lactancia mixta al alta,10,110140,24311026,13,13605,1,0,0,0,Servicio de Salud Metropolitano Occidente,Hospital de Peñaflor,Peñaflor
773,RN egresados que recuperaron LME al alta,10,110140,24311025,13,13605,1,0,0,0,Servicio de Salud Metropolitano Occidente,Hospital de Peñaflor,Peñaflor
774,Total de recién nacidos/as egresados/as,10,110140,24200134,13,13605,4,0,0,0,Servicio de Salud Metropolitano Occidente,Hospital de Peñaflor,Peñaflor
775,RN egresados con LME durante hospitalización y al alta,10,110140,24300103,13,13605,3,0,0,0,Servicio de Salud Metropolitano Occidente,Hospital de Peñaflor,Peñaflor
776,RN egresados con lactancia mixta al alta,10,110140,24311026,13,13605,1,0,0,0,Servicio de Salud Metropolitano Occidente,Hospital de Peñaflor,Peñaflor
777,Total de recién nacidos/as egresados/as,10,110140,24200134,13,13605,4,0,0,1,Servicio de Salud Metropolitano Occidente,Hospital de Peñaflor,Peñaflor
778,RN egresados con LME durante hospitalización y al alta,10,110140,24300103,13,13605,3,0,0,1,Servicio de Salud Metropolitano Occidente,Hospital de Peñaflor,Peñaflor
779,Total de recién nacidos/as egresados/as,10,110140,24200134,13,13605,8,,0,1,Servicio de Salud Metropolitano Occidente,Hospital de Peñaflor,Peñaflor
780,RN egresados con LME durante hospitalización y al alta,10,110140,24300103,13,13605,7,,0,0,Servicio de Salud Metropolitano Occidente,Hospital de Peñaflor,Peñaflor
781,Total de recién nacidos/as egresados/as,10,110140,24200134,13,13605,3,0,0,1,Servicio de Salud Metropolitano Occidente,Hospital de Peñaflor,Peñaflor
782,RN egresados con LME durante hospitalización y al alta,10,110140,24300103,13,13605,3,0,0,0,Servicio de Salud Metropolitano Occidente,Hospital de Peñaflor,Peñaflor
783,Total de recién nacidos/as egresados/as,10,110140,24200134,13,13605,7,0,1,0,Servicio de Salud Metropolitano Occidente,Hospital de Peñaflor,Peñaflor
784,RN egresados con LME durante hospitalización y al alta,10,110140,24300103,13,13605,6,0,1,0,Servicio de Salud Metropolitano Occidente,Hospital de Peñaflor,Peñaflor
785,RN egresados con lactancia mixta al alta,10,110140,24311026,13,13605,1,0,0,0,Servicio de Salud Metropolitano Occidente,Hospital de Peñaflor,Peñaflor
786,RN egresados solo fórmula por protección o madre grave,10,110140,24311028,13,13605,1,,0,0,Servicio de Salud Metropolitano Occidente,Hospital de Peñaflor,Peñaflor
787,RN egresados con LME durante hospitalización y al alta,10,110140,24300103,13,13605,7,0,0,3,Servicio de Salud Metropolitano Occidente,Hospital de Peñaflor,Peñaflor
788,RN egresados con LME durante hospitalización y al alta,10,110140,24300103,13,13605,5,,0,2,Servicio de Salud Metropolitano Occidente,Hospital de Peñaflor,Peñaflor
789,Total de recién nacidos/as egresados/as,10,110140,24200134,13,13605,6,,0,2,Servicio de Salud Metropolitano Occidente,Hospital de Peñaflor,Peñaflor
790,Total de recién nacidos/as egresados/as,10,110140,24200134,13,13605,7,0,0,3,Servicio de Salud Metropolitano Occidente,Hospital de Peñaflor,Peñaflor
791,Total de recién nacidos/as egresados/as,10,110140,24200134,13,13605,6,0,0,1,Servicio de Salud Metropolitano Occidente,Hospital de Peñaflor,Peñaflor
792,RN egresados con LME durante hospitalización y al alta,10,110140,24300103,13,13605,6,0,0,0,Servicio de Salud Metropolitano Occidente,Hospital de Peñaflor,Peñaflor
793,Total de recién nacidos/as egresados/as,10,110140,24200134,13,13605,3,0,0,3,Servicio de Salud Metropolitano Occidente,Hospital de Peñaflor,Peñaflor
794,RN egresados con LME durante hospitalización y al alta,10,110140,24300103,13,13605,3,0,0,3,Servicio de Salud Metropolitano Occidente,Hospital de Peñaflor,Peñaflor
795,Total de recién nacidos/as egresados/as,10,110140,24200134,13,13605,2,0,0,0,Servicio de Salud Metropolitano Occidente,Hospital de Peñaflor,Peñaflor
796,RN egresados con LME durante hospitalización y al alta,10,110140,24300103,13,13605,2,0,0,0,Servicio de Salud Metropolitano Occidente,Hospital de Peñaflor,Peñaflor
797,Total de recién nacidos/as egresados/as,10,110140,24200134,13,13605,4,,0,1,Servicio de Salud Metropolitano Occidente,Hospital de Peñaflor,Peñaflor
798,RN egresados con LME durante hospitalización y al alta,10,110140,24300103,13,13605,4,,0,0,Servicio de Salud Metropolitano Occidente,Hospital de Peñaflor,Peñaflor
799,Total de recién nacidos/as egresados/as,13,113180,24200134,13,13401,87,1,0,30,Servicio de Salud Metropolitano Sur,"Hospital El Pino (Santiago, San Bernardo)",San Bernardo
800,RN egresados con LME durante hospitalización y al alta,13,113180,24300103,13,13401,80,0,0,0,Servicio de Salud Metropolitano Sur,"Hospital El Pino (Santiago, San Bernardo)",San Bernardo
801,Total de recién nacidos/as egresados/as,13,113180,24200134,13,13401,93,46,0,0,Servicio de Salud Metropolitano Sur,"Hospital El Pino (Santiago, San Bernardo)",San Bernardo
802,RN egresados con LME durante hospitalización y al alta,13,113180,24300103,13,13401,80,0,0,0,Servicio de Salud Metropolitano Sur,"Hospital El Pino (Santiago, San Bernardo)",San Bernardo
803,RN egresados que recuperaron LME al alta,13,113180,24311025,13,13401,87,11,0,0,Servicio de Salud Metropolitano Sur,"Hospital El Pino (Santiago, San Bernardo)",San Bernardo
804,Total de recién nacidos/as egresados/as,13,113180,24200134,13,13401,107,2,0,0,Servicio de Salud Metropolitano Sur,"Hospital El Pino (Santiago, San Bernardo)",San Bernardo
805,RN egresados que recuperaron LME al alta,13,113180,24311025,13,13401,88,0,0,0,Servicio de Salud Metropolitano Sur,"Hospital El Pino (Santiago, San Bernardo)",San Bernardo
806,RN egresados con madres serología positiva (VIH),13,113180,29101770,13,13401,0,1,0,0,Servicio de Salud Metropolitano Sur,"Hospital El Pino (Santiago, San Bernardo)",San Bernardo
807,RN egresados solo fórmula por protección o madre grave,13,113180,24311028,13,13401,0,2,0,0,Servicio de Salud Metropolitano Sur,"Hospital El Pino (Santiago, San Bernardo)",San Bernardo
808,Total de recién nacidos/as egresados/as,13,113180,24200134,13,13401,99,51,0,13,Servicio de Salud Metropolitano Sur,"Hospital El Pino (Santiago, San Bernardo)",San Bernardo
809,RN egresados con LME durante hospitalización y al alta,13,113180,24300103,13,13401,88,0,0,0,Servicio de Salud Metropolitano Sur,"Hospital El Pino (Santiago, San Bernardo)",San Bernardo
810,RN egresados que recuperaron LME al alta,13,113180,24311025,13,13401,1,2,0,0,Servicio de Salud Metropolitano Sur,"Hospital El Pino (Santiago, San Bernardo)",San Bernardo
811,RN egresados con lactancia mixta al alta,13,113180,24311026,13,13401,11,48,0,0,Servicio de Salud Metropolitano Sur,"Hospital El Pino (Santiago, San Bernardo)",San Bernardo
812,Total de recién nacidos/as egresados/as,13,113180,24200134,13,13401,48,31,0,9,Servicio de Salud Metropolitano Sur,"Hospital El Pino (Santiago, San Bernardo)",San Bernardo
813,RN egresados con LME durante hospitalización y al alta,13,113180,24300103,13,13401,40,0,0,0,Servicio de Salud Metropolitano Sur,"Hospital El Pino (Santiago, San Bernardo)",San Bernardo
814,RN egresados que recuperaron LME al alta,13,113180,24311025,13,13401,1,4,0,0,Servicio de Salud Metropolitano Sur,"Hospital El Pino (Santiago, San Bernardo)",San Bernardo
815,RN egresados con lactancia mixta al alta,13,113180,24311026,13,13401,8,25,0,0,Servicio de Salud Metropolitano Sur,"Hospital El Pino (Santiago, San Bernardo)",San Bernardo
816,RN egresados solo fórmula láctea (excepto VIH/HTLV-1/Ley 21.155/protección),13,113180,24311027,13,13401,0,3,0,0,Servicio de Salud Metropolitano Sur,"Hospital El Pino (Santiago, San Bernardo)",San Bernardo
817,RN egresados solo fórmula por protección o madre grave,13,113180,24311028,13,13401,0,1,0,0,Servicio de Salud Metropolitano Sur,"Hospital El Pino (Santiago, San Bernardo)",San Bernardo
818,Total de recién nacidos/as egresados/as,13,113180,24200134,13,13401,95,43,0,5,Servicio de Salud Metropolitano Sur,"Hospital El Pino (Santiago, San Bernardo)",San Bernardo
819,RN egresados con LME durante hospitalización y al alta,13,113180,24300103,13,13401,81,4,0,0,Servicio de Salud Metropolitano Sur,"Hospital El Pino (Santiago, San Bernardo)",San Bernardo
820,RN egresados que recuperaron LME al alta,13,113180,24311025,13,13401,5,1,0,0,Servicio de Salud Metropolitano Sur,"Hospital El Pino (Santiago, San Bernardo)",San Bernardo
821,RN egresados con lactancia mixta al alta,13,113180,24311026,13,13401,5,38,0,0,Servicio de Salud Metropolitano Sur,"Hospital El Pino (Santiago, San Bernardo)",San Bernardo
822,Total de recién nacidos/as egresados/as,13,113180,24200134,13,13401,89,36,0,0,Servicio de Salud Metropolitano Sur,"Hospital El Pino (Santiago, San Bernardo)",San Bernardo
823,RN egresados con LME durante hospitalización y al alta,13,113180,24300103,13,13401,80,0,0,0,Servicio de Salud Metropolitano Sur,"Hospital El Pino (Santiago, San Bernardo)",San Bernardo
824,RN egresados con lactancia mixta al alta,13,113180,24311026,13,13401,6,27,0,0,Servicio de Salud Metropolitano Sur,"Hospital El Pino (Santiago, San Bernardo)",San Bernardo
825,RN egresados solo fórmula por protección o madre grave,13,113180,24311028,13,13401,0,5,0,0,Servicio de Salud Metropolitano Sur,"Hospital El Pino (Santiago, San Bernardo)",San Bernardo
826,Total de recién nacidos/as egresados/as,13,113180,24200134,13,13401,95,45,0,0,Servicio de Salud Metropolitano Sur,"Hospital El Pino (Santiago, San Bernardo)",San Bernardo
827,RN egresados con LME durante hospitalización y al alta,13,113180,24300103,13,13401,85,0,0,0,Servicio de Salud Metropolitano Sur,"Hospital El Pino (Santiago, San Bernardo)",San Bernardo
828,RN egresados con lactancia mixta al alta,13,113180,24311026,13,13401,5,38,0,0,Servicio de Salud Metropolitano Sur,"Hospital El Pino (Santiago, San Bernardo)",San Bernardo
829,RN egresados solo fórmula por protección o madre grave,13,113180,24311028,13,13401,0,5,0,0,Servicio de Salud Metropolitano Sur,"Hospital El Pino (Santiago, San Bernardo)",San Bernardo
830,Total de recién nacidos/as egresados/as,13,113180,24200134,13,13401,62,33,0,4,Servicio de Salud Metropolitano Sur,"Hospital El Pino (Santiago, San Bernardo)",San Bernardo
831,RN egresados con LME durante hospitalización y al alta,13,113180,24300103,13,13401,49,0,0,0,Servicio de Salud Metropolitano Sur,"Hospital El Pino (Santiago, San Bernardo)",San Bernardo
832,RN egresados que recuperaron LME al alta,13,113180,24311025,13,13401,1,3,0,0,Servicio de Salud Metropolitano Sur,"Hospital El Pino (Santiago, San Bernardo)",San Bernardo
833,RN egresados con lactancia mixta al alta,13,113180,24311026,13,13401,36,28,0,0,Servicio de Salud Metropolitano Sur,"Hospital El Pino (Santiago, San Bernardo)",San Bernardo
834,RN egresados solo fórmula por protección o madre grave,13,113180,24311028,13,13401,0,2,0,0,Servicio de Salud Metropolitano Sur,"Hospital El Pino (Santiago, San Bernardo)",San Bernardo
835,RN egresados solo fórmula láctea (excepto VIH/HTLV-1/Ley 21.155/protección),13,113180,24311027,13,13401,0,5,0,0,Servicio de Salud Metropolitano Sur,"Hospital El Pino (Santiago, San Bernardo)",San Bernardo
836,RN egresados con madres serología positiva (VIH),13,113180,29101770,13,13401,0,1,0,0,Servicio de Salud Metropolitano Sur,"Hospital El Pino (Santiago, San Bernardo)",San Bernardo
837,Total de recién nacidos/as egresados/as,13,113180,24200134,13,13401,91,54,0,0,Servicio de Salud Metropolitano Sur,"Hospital El Pino (Santiago, San Bernardo)",San Bernardo
838,RN egresados con LME durante hospitalización y al alta,13,113180,24300103,13,13401,85,6,0,0,Servicio de Salud Metropolitano Sur,"Hospital El Pino (Santiago, San Bernardo)",San Bernardo
839,RN egresados que recuperaron LME al alta,13,113180,24311025,13,13401,0,1,0,0,Servicio de Salud Metropolitano Sur,"Hospital El Pino (Santiago, San Bernardo)",San Bernardo
840,RN egresados con lactancia mixta al alta,13,113180,24311026,13,13401,6,46,0,0,Servicio de Salud Metropolitano Sur,"Hospital El Pino (Santiago, San Bernardo)",San Bernardo
841,Total de recién nacidos/as egresados/as,13,113180,24200134,13,13401,125,45,0,0,Servicio de Salud Metropolitano Sur,"Hospital El Pino (Santiago, San Bernardo)",San Bernardo
842,RN egresados con LME durante hospitalización y al alta,13,113180,24300103,13,13401,110,0,0,0,Servicio de Salud Metropolitano Sur,"Hospital El Pino (Santiago, San Bernardo)",San Bernardo
843,RN egresados que recuperaron LME al alta,13,113180,24311025,13,13401,118,4,0,0,Servicio de Salud Metropolitano Sur,"Hospital El Pino (Santiago, San Bernardo)",San Bernardo
844,RN egresados con madres acogidas a Ley 21.155,13,113180,29101772,13,13401,1,0,0,0,Servicio de Salud Metropolitano Sur,"Hospital El Pino (Santiago, San Bernardo)",San Bernardo
845,RN egresados solo fórmula por protección o madre grave,13,113180,24311028,13,13401,0,5,0,0,Servicio de Salud Metropolitano Sur,"Hospital El Pino (Santiago, San Bernardo)",San Bernardo
846,Total de recién nacidos/as egresados/as,13,113180,24200134,13,13401,89,36,0,0,Servicio de Salud Metropolitano Sur,"Hospital El Pino (Santiago, San Bernardo)",San Bernardo
847,RN egresados con LME durante hospitalización y al alta,13,113180,24300103,13,13401,80,0,0,0,Servicio de Salud Metropolitano Sur,"Hospital El Pino (Santiago, San Bernardo)",San Bernardo
848,RN egresados con lactancia mixta al alta,13,113180,24311026,13,13401,6,27,0,0,Servicio de Salud Metropolitano Sur,"Hospital El Pino (Santiago, San Bernardo)",San Bernardo
849,RN egresados solo fórmula por protección o madre grave,13,113180,24311028,13,13401,0,1,0,0,Servicio de Salud Metropolitano Sur,"Hospital El Pino (Santiago, San Bernardo)",San Bernardo
850,Total de recién nacidos/as egresados/as,13,113190,24200134,13,13401,128,13,1,11,Servicio de Salud Metropolitano Sur,Hospital Parroquial de San Bernardo (D),San Bernardo
851,RN egresados con LME durante hospitalización y al alta,13,113190,24300103,13,13401,128,0,1,11,Servicio de Salud Metropolitano Sur,Hospital Parroquial de San Bernardo (D),San Bernardo
852,RN egresados con madres serología positiva (VIH),13,113190,29101770,13,13401,1,0,0,0,Servicio de Salud Metropolitano Sur,Hospital Parroquial de San Bernardo (D),San Bernardo
853,Total de recién nacidos/as egresados/as,13,113190,24200134,13,13401,82,3,0,5,Servicio de Salud Metropolitano Sur,Hospital Parroquial de San Bernardo (D),San Bernardo
854,RN egresados con LME durante hospitalización y al alta,13,113190,24300103,13,13401,66,0,0,3,Servicio de Salud Metropolitano Sur,Hospital Parroquial de San Bernardo (D),San Bernardo
855,RN egresados con lactancia mixta al alta,13,113190,24311026,13,13401,5,0,0,1,Servicio de Salud Metropolitano Sur,Hospital Parroquial de San Bernardo (D),San Bernardo
856,Total de recién nacidos/as egresados/as,13,113190,24200134,13,13401,43,9,4,5,Servicio de Salud Metropolitano Sur,Hospital Parroquial de San Bernardo (D),San Bernardo
857,RN egresados con LME durante hospitalización y al alta,13,113190,24300103,13,13401,31,0,0,0,Servicio de Salud Metropolitano Sur,Hospital Parroquial de San Bernardo (D),San Bernardo
858,RN egresados con lactancia mixta al alta,13,113190,24311026,13,13401,12,0,0,0,Servicio de Salud Metropolitano Sur,Hospital Parroquial de San Bernardo (D),San Bernardo
859,Total de recién nacidos/as egresados/as,13,113190,24200134,13,13401,81,2,0,3,Servicio de Salud Metropolitano Sur,Hospital Parroquial de San Bernardo (D),San Bernardo
860,Total de recién nacidos/as egresados/as,13,113190,24200134,13,13401,135,11,3,2,Servicio de Salud Metropolitano Sur,Hospital Parroquial de San Bernardo (D),San Bernardo
861,RN egresados con LME durante hospitalización y al alta,13,113190,24300103,13,13401,133,0,3,12,Servicio de Salud Metropolitano Sur,Hospital Parroquial de San Bernardo (D),San Bernardo
862,RN egresados con lactancia mixta al alta,13,113190,24311026,13,13401,2,0,0,0,Servicio de Salud Metropolitano Sur,Hospital Parroquial de San Bernardo (D),San Bernardo
863,RN egresados con LME durante hospitalización y al alta,13,113190,24300103,13,13401,79,0,0,3,Servicio de Salud Metropolitano Sur,Hospital Parroquial de San Bernardo (D),San Bernardo
864,RN egresados con lactancia mixta al alta,13,113190,24311026,13,13401,2,0,0,0,Servicio de Salud Metropolitano Sur,Hospital Parroquial de San Bernardo (D),San Bernardo
865,Total de recién nacidos/as egresados/as,13,113190,24200134,13,13401,75,8,0,7,Servicio de Salud Metropolitano Sur,Hospital Parroquial de San Bernardo (D),San Bernardo
866,RN egresados con LME durante hospitalización y al alta,13,113190,24300103,13,13401,65,0,0,3,Servicio de Salud Metropolitano Sur,Hospital Parroquial de San Bernardo (D),San Bernardo
867,RN egresados con lactancia mixta al alta,13,113190,24311026,13,13401,8,0,0,1,Servicio de Salud Metropolitano Sur,Hospital Parroquial de San Bernardo (D),San Bernardo
868,RN egresados solo fórmula láctea (excepto VIH/HTLV-1/Ley 21.155/protección),13,113190,24311027,13,13401,2,0,0,0,Servicio de Salud Metropolitano Sur,Hospital Parroquial de San Bernardo (D),San Bernardo
869,RN egresados con madres serología positiva (VIH),13,113190,29101770,13,13401,0,1,0,0,Servicio de Salud Metropolitano Sur,Hospital Parroquial de San Bernardo (D),San Bernardo
870,Total de recién nacidos/as egresados/as,13,113190,24200134,13,13401,103,7,0,6,Servicio de Salud Metropolitano Sur,Hospital Parroquial de San Bernardo (D),San Bernardo
871,RN egresados con LME durante hospitalización y al alta,13,113190,24300103,13,13401,103,0,0,6,Servicio de Salud Metropolitano Sur,Hospital Parroquial de San Bernardo (D),San Bernardo
872,RN egresados con lactancia mixta al alta,13,113190,24311026,13,13401,2,0,0,0,Servicio de Salud Metropolitano Sur,Hospital Parroquial de San Bernardo (D),San Bernardo
873,Total de recién nacidos/as egresados/as,13,113190,24200134,13,13401,86,2,0,0,Servicio de Salud Metropolitano Sur,Hospital Parroquial de San Bernardo (D),San Bernardo
874,RN egresados con LME durante hospitalización y al alta,13,113190,24300103,13,13401,84,0,0,0,Servicio de Salud Metropolitano Sur,Hospital Parroquial de San Bernardo (D),San Bernardo
875,RN egresados con lactancia mixta al alta,13,113190,24311026,13,13401,2,,0,0,Servicio de Salud Metropolitano Sur,Hospital Parroquial de San Bernardo (D),San Bernardo
876,RN egresados con LME durante hospitalización y al alta,13,113190,24300103,13,13401,94,0,0,9,Servicio de Salud Metropolitano Sur,Hospital Parroquial de San Bernardo (D),San Bernardo
877,RN egresados con lactancia mixta al alta,13,113190,24311026,13,13401,7,0,0,0,Servicio de Salud Metropolitano Sur,Hospital Parroquial de San Bernardo (D),San Bernardo
878,Total de recién nacidos/as egresados/as,13,113190,24200134,13,13401,101,7,0,10,Servicio de Salud Metropolitano Sur,Hospital Parroquial de San Bernardo (D),San Bernardo
879,Total de recién nacidos/as egresados/as,13,113190,24200134,13,13401,93,4,0,5,Servicio de Salud Metropolitano Sur,Hospital Parroquial de San Bernardo (D),San Bernardo
880,RN egresados con LME durante hospitalización y al alta,13,113190,24300103,13,13401,93,0,0,5,Servicio de Salud Metropolitano Sur,Hospital Parroquial de San Bernardo (D),San Bernardo
881,Total de recién nacidos/as egresados/as,13,113190,24200134,13,13401,91,12,15,3,Servicio de Salud Metropolitano Sur,Hospital Parroquial de San Bernardo (D),San Bernardo
882,RN egresados con LME durante hospitalización y al alta,13,113190,24300103,13,13401,67,0,9,1,Servicio de Salud Metropolitano Sur,Hospital Parroquial de San Bernardo (D),San Bernardo
883,RN egresados con lactancia mixta al alta,13,113190,24311026,13,13401,8,0,2,1,Servicio de Salud Metropolitano Sur,Hospital Parroquial de San Bernardo (D),San Bernardo
884,Total de recién nacidos/as egresados/as,13,113190,24200134,13,13401,100,5,0,4,Servicio de Salud Metropolitano Sur,Hospital Parroquial de San Bernardo (D),San Bernardo
885,RN egresados con LME durante hospitalización y al alta,13,113190,24300103,13,13401,89,0,0,3,Servicio de Salud Metropolitano Sur,Hospital Parroquial de San Bernardo (D),San Bernardo
886,RN egresados con lactancia mixta al alta,13,113190,24311026,13,13401,6,0,0,1,Servicio de Salud Metropolitano Sur,Hospital Parroquial de San Bernardo (D),San Bernardo
