,Mes,IdServicio,IdEstablecimiento,CodigoPrestacion,IdRegion,IdComuna,1° mes,3° mes,6° mes,nombre_ss,nombre_establecimiento,nombre_comuna,Prestación
0,6,13,113324,A0200001,13,13105,15,12,12,Servicio de Salud Metropolitano Sur,Centro de Salud Familiar Dra. Haydeé López Casoou,El Bosque,MENORES CONTROLADOS
1,8,11,111376,A0200002,13,13101,10,20,21,Servicio de Salud Metropolitano Central,Centro de Salud Familiar Matta Sur,Santiago,LACTANCIA MATERNA EXCLUSIVA
2,8,11,111376,A0200001,13,13101,17,28,43,Servicio de Salud Metropolitano Central,Centro de Salud Familiar Matta Sur,Santiago,MENORES CONTROLADOS
3,11,9,200347,A0200002,13,13104,1,2,2,Servicio de Salud Metropolitano Norte,Centro Comunitario de Salud Familiar Alberto Bachelet,Conchalí,LACTANCIA MATERNA EXCLUSIVA
4,11,9,200347,A0200001,13,13104,5,5,4,Servicio de Salud Metropolitano Norte,Centro Comunitario de Salud Familiar Alberto Bachelet,Conchalí,MENORES CONTROLADOS
5,1,9,200347,A0200002,13,13104,1,0,2,Servicio de Salud Metropolitano Norte,Centro Comunitario de Salud Familiar Alberto Bachelet,Conchalí,LACTANCIA MATERNA EXCLUSIVA
6,1,9,200347,A0200001,13,13104,2,2,5,Servicio de Salud Metropolitano Norte,Centro Comunitario de Salud Familiar Alberto Bachelet,Conchalí,MENORES CONTROLADOS
7,11,12,112317,A0200002,13,13113,2,2,2,Servicio de Salud Metropolitano Oriente,Centro de Salud Familiar Ossandon,La Reina,LACTANCIA MATERNA EXCLUSIVA
8,11,12,112317,A0200001,13,13113,2,7,3,Servicio de Salud Metropolitano Oriente,Centro de Salud Familiar Ossandon,La Reina,MENORES CONTROLADOS
9,8,14,114331,A0200001,13,13110,13,17,20,Servicio de Salud Metropolitano Sur Oriente,Centro de Salud Familiar La Florida,La Florida,MENORES CONTROLADOS
10,7,13,113324,A0200001,13,13105,15,20,12,Servicio de Salud Metropolitano Sur,Centro de Salud Familiar Dra. Haydeé López Casoou,El Bosque,MENORES CONTROLADOS
11,4,13,113324,A0200002,13,13105,12,17,8,Servicio de Salud Metropolitano Sur,Centro de Salud Familiar Dra. Haydeé López Casoou,El Bosque,LACTANCIA MATERNA EXCLUSIVA
12,4,13,113324,A0200001,13,13105,20,23,12,Servicio de Salud Metropolitano Sur,Centro de Salud Familiar Dra. Haydeé López Casoou,El Bosque,MENORES CONTROLADOS
13,12,9,200347,A0200002,13,13104,2,1,1,Servicio de Salud Metropolitano Norte,Centro Comunitario de Salud Familiar Alberto Bachelet,Conchalí,LACTANCIA MATERNA EXCLUSIVA
14,12,9,200347,A0200001,13,13104,6,1,1,Servicio de Salud Metropolitano Norte,Centro Comunitario de Salud Familiar Alberto Bachelet,Conchalí,MENORES CONTROLADOS
15,1,9,200609,A0200001,13,13104,2,1,1,Servicio de Salud Metropolitano Norte,Centro Comunitario de Salud Familiar Dr. Lucas Sierra,Conchalí,MENORES CONTROLADOS
16,9,9,200609,A0200002,13,13104,2,2,1,Servicio de Salud Metropolitano Norte,Centro Comunitario de Salud Familiar Dr. Lucas Sierra,Conchalí,LACTANCIA MATERNA EXCLUSIVA
17,10,11,111370,A0200001,13,13101,33,35,35,Servicio de Salud Metropolitano Central,Centro de Salud Familiar Padre Orellana,Santiago,MENORES CONTROLADOS
18,9,11,111370,A0200002,13,13101,15,26,13,Servicio de Salud Metropolitano Central,Centro de Salud Familiar Padre Orellana,Santiago,LACTANCIA MATERNA EXCLUSIVA
19,9,11,111370,A0200001,13,13101,22,38,25,Servicio de Salud Metropolitano Central,Centro de Salud Familiar Padre Orellana,Santiago,MENORES CONTROLADOS
20,9,9,200347,A0200002,13,13104,3,2,2,Servicio de Salud Metropolitano Norte,Centro Comunitario de Salud Familiar Alberto Bachelet,Conchalí,LACTANCIA MATERNA EXCLUSIVA
21,9,9,200347,A0200001,13,13104,7,4,4,Servicio de Salud Metropolitano Norte,Centro Comunitario de Salud Familiar Alberto Bachelet,Conchalí,MENORES CONTROLADOS
22,7,14,114331,A0200001,13,13110,26,27,30,Servicio de Salud Metropolitano Sur Oriente,Centro de Salud Familiar La Florida,La Florida,MENORES CONTROLADOS
23,9,9,200609,A0200001,13,13104,3,2,3,Servicio de Salud Metropolitano Norte,Centro Comunitario de Salud Familiar Dr. Lucas Sierra,Conchalí,MENORES CONTROLADOS
24,7,9,200609,A0200001,13,13104,,3,3,Servicio de Salud Metropolitano Norte,Centro Comunitario de Salud Familiar Dr. Lucas Sierra,Conchalí,MENORES CONTROLADOS
25,7,9,200347,A0200002,13,13104,2,1,0,Servicio de Salud Metropolitano Norte,Centro Comunitario de Salud Familiar Alberto Bachelet,Conchalí,LACTANCIA MATERNA EXCLUSIVA
26,4,11,111370,A0200002,13,13101,15,14,24,Servicio de Salud Metropolitano Central,Centro de Salud Familiar Padre Orellana,Santiago,LACTANCIA MATERNA EXCLUSIVA
27,4,11,111370,A0200001,13,13101,24,28,31,Servicio de Salud Metropolitano Central,Centro de Salud Familiar Padre Orellana,Santiago,MENORES CONTROLADOS
28,6,13,113324,A0200002,13,13105,11,9,7,Servicio de Salud Metropolitano Sur,Centro de Salud Familiar Dra. Haydeé López Casoou,El Bosque,LACTANCIA MATERNA EXCLUSIVA
29,4,14,114331,A0200002,13,13110,15,13,8,Servicio de Salud Metropolitano Sur Oriente,Centro de Salud Familiar La Florida,La Florida,LACTANCIA MATERNA EXCLUSIVA
30,11,14,114316,A0200002,13,13110,8,5,11,Servicio de Salud Metropolitano Sur Oriente,Centro de Salud Familiar Dr. Fernando Maffioletti,La Florida,LACTANCIA MATERNA EXCLUSIVA
31,11,14,114316,A0200001,13,13110,12,9,16,Servicio de Salud Metropolitano Sur Oriente,Centro de Salud Familiar Dr. Fernando Maffioletti,La Florida,MENORES CONTROLADOS
32,1,11,111376,A0200001,13,13101,44,44,38,Servicio de Salud Metropolitano Central,Centro de Salud Familiar Matta Sur,Santiago,MENORES CONTROLADOS
33,6,14,114316,A0200002,13,13110,13,7,6,Servicio de Salud Metropolitano Sur Oriente,Centro de Salud Familiar Dr. Fernando Maffioletti,La Florida,LACTANCIA MATERNA EXCLUSIVA
34,8,9,200347,A0200001,13,13104,3,4,2,Servicio de Salud Metropolitano Norte,Centro Comunitario de Salud Familiar Alberto Bachelet,Conchalí,MENORES CONTROLADOS
35,8,9,200347,A0200002,13,13104,1,3,1,Servicio de Salud Metropolitano Norte,Centro Comunitario de Salud Familiar Alberto Bachelet,Conchalí,LACTANCIA MATERNA EXCLUSIVA
36,10,14,114316,A0200001,13,13110,10,21,20,Servicio de Salud Metropolitano Sur Oriente,Centro de Salud Familiar Dr. Fernando Maffioletti,La Florida,MENORES CONTROLADOS
37,8,13,113324,A0200002,13,13105,10,7,3,Servicio de Salud Metropolitano Sur,Centro de Salud Familiar Dra. Haydeé López Casoou,El Bosque,LACTANCIA MATERNA EXCLUSIVA
38,8,13,113324,A0200001,13,13105,12,14,8,Servicio de Salud Metropolitano Sur,Centro de Salud Familiar Dra. Haydeé López Casoou,El Bosque,MENORES CONTROLADOS
39,2,9,200347,A0200001,13,13104,2,2,2,Servicio de Salud Metropolitano Norte,Centro Comunitario de Salud Familiar Alberto Bachelet,Conchalí,MENORES CONTROLADOS
40,4,9,200347,A0200002,13,13104,0,3,0,Servicio de Salud Metropolitano Norte,Centro Comunitario de Salud Familiar Alberto Bachelet,Conchalí,LACTANCIA MATERNA EXCLUSIVA
41,4,9,200347,A0200001,13,13104,3,3,2,Servicio de Salud Metropolitano Norte,Centro Comunitario de Salud Familiar Alberto Bachelet,Conchalí,MENORES CONTROLADOS
42,2,11,111376,A0200002,13,13101,22,11,12,Servicio de Salud Metropolitano Central,Centro de Salud Familiar Matta Sur,Santiago,LACTANCIA MATERNA EXCLUSIVA
43,7,11,111376,A0200002,13,13101,21,20,32,Servicio de Salud Metropolitano Central,Centro de Salud Familiar Matta Sur,Santiago,LACTANCIA MATERNA EXCLUSIVA
44,7,11,111376,A0200001,13,13101,33,25,50,Servicio de Salud Metropolitano Central,Centro de Salud Familiar Matta Sur,Santiago,MENORES CONTROLADOS
45,8,9,200609,A0200002,13,13104,1,1,3,Servicio de Salud Metropolitano Norte,Centro Comunitario de Salud Familiar Dr. Lucas Sierra,Conchalí,LACTANCIA MATERNA EXCLUSIVA
46,9,13,113324,A0200002,13,13105,10,4,6,Servicio de Salud Metropolitano Sur,Centro de Salud Familiar Dra. Haydeé López Casoou,El Bosque,LACTANCIA MATERNA EXCLUSIVA
47,5,13,113324,A0200001,13,13105,10,12,4,Servicio de Salud Metropolitano Sur,Centro de Salud Familiar Dra. Haydeé López Casoou,El Bosque,MENORES CONTROLADOS
48,10,13,113324,A0200002,13,13105,9,9,3,Servicio de Salud Metropolitano Sur,Centro de Salud Familiar Dra. Haydeé López Casoou,El Bosque,LACTANCIA MATERNA EXCLUSIVA
49,10,13,113324,A0200001,13,13105,14,14,6,Servicio de Salud Metropolitano Sur,Centro de Salud Familiar Dra. Haydeé López Casoou,El Bosque,MENORES CONTROLADOS
50,12,13,113324,A0200002,13,13105,6,7,6,Servicio de Salud Metropolitano Sur,Centro de Salud Familiar Dra. Haydeé López Casoou,El Bosque,LACTANCIA MATERNA EXCLUSIVA
51,12,13,113324,A0200001,13,13105,11,14,12,Servicio de Salud Metropolitano Sur,Centro de Salud Familiar Dra. Haydeé López Casoou,El Bosque,MENORES CONTROLADOS
52,9,13,113324,A0200001,13,13105,14,11,8,Servicio de Salud Metropolitano Sur,Centro de Salud Familiar Dra. Haydeé López Casoou,El Bosque,MENORES CONTROLADOS
53,3,9,200609,A0200001,13,13104,1,2,1,Servicio de Salud Metropolitano Norte,Centro Comunitario de Salud Familiar Dr. Lucas Sierra,Conchalí,MENORES CONTROLADOS
54,3,9,200609,A0200002,13,13104,1,1,1,Servicio de Salud Metropolitano Norte,Centro Comunitario de Salud Familiar Dr. Lucas Sierra,Conchalí,LACTANCIA MATERNA EXCLUSIVA
55,7,9,200347,A0200001,13,13104,3,1,2,Servicio de Salud Metropolitano Norte,Centro Comunitario de Salud Familiar Alberto Bachelet,Conchalí,MENORES CONTROLADOS
56,11,13,113324,A0200002,13,13105,2,9,4,Servicio de Salud Metropolitano Sur,Centro de Salud Familiar Dra. Haydeé López Casoou,El Bosque,LACTANCIA MATERNA EXCLUSIVA
57,11,13,113324,A0200001,13,13105,4,16,10,Servicio de Salud Metropolitano Sur,Centro de Salud Familiar Dra. Haydeé López Casoou,El Bosque,MENORES CONTROLADOS
58,12,9,109302,A0200002,13,13104,7,6,9,Servicio de Salud Metropolitano Norte,Centro de Salud Familiar Lucas Sierra,Conchalí,LACTANCIA MATERNA EXCLUSIVA
59,12,9,109302,A0200001,13,13104,12,11,15,Servicio de Salud Metropolitano Norte,Centro de Salud Familiar Lucas Sierra,Conchalí,MENORES CONTROLADOS
60,2,9,200609,A0200001,13,13104,1,,,Servicio de Salud Metropolitano Norte,Centro Comunitario de Salud Familiar Dr. Lucas Sierra,Conchalí,MENORES CONTROLADOS
61,2,9,200347,A0200002,13,13104,1,2,2,Servicio de Salud Metropolitano Norte,Centro Comunitario de Salud Familiar Alberto Bachelet,Conchalí,LACTANCIA MATERNA EXCLUSIVA
62,5,9,109302,A0200002,13,13104,5,7,6,Servicio de Salud Metropolitano Norte,Centro de Salud Familiar Lucas Sierra,Conchalí,LACTANCIA MATERNA EXCLUSIVA
63,5,9,200347,A0200002,13,13104,1,1,0,Servicio de Salud Metropolitano Norte,Centro Comunitario de Salud Familiar Alberto Bachelet,Conchalí,LACTANCIA MATERNA EXCLUSIVA
64,5,9,200347,A0200001,13,13104,2,2,2,Servicio de Salud Metropolitano Norte,Centro Comunitario de Salud Familiar Alberto Bachelet,Conchalí,MENORES CONTROLADOS
65,6,9,200347,A0200001,13,13104,4,4,2,Servicio de Salud Metropolitano Norte,Centro Comunitario de Salud Familiar Alberto Bachelet,Conchalí,MENORES CONTROLADOS
66,8,14,114331,A0200002,13,13110,9,7,6,Servicio de Salud Metropolitano Sur Oriente,Centro de Salud Familiar La Florida,La Florida,LACTANCIA MATERNA EXCLUSIVA
67,11,14,114331,A0200002,13,13110,18,21,9,Servicio de Salud Metropolitano Sur Oriente,Centro de Salud Familiar La Florida,La Florida,LACTANCIA MATERNA EXCLUSIVA
68,11,9,200609,A0200002,13,13104,1,1,,Servicio de Salud Metropolitano Norte,Centro Comunitario de Salud Familiar Dr. Lucas Sierra,Conchalí,LACTANCIA MATERNA EXCLUSIVA
69,11,9,200609,A0200001,13,13104,3,1,1,Servicio de Salud Metropolitano Norte,Centro Comunitario de Salud Familiar Dr. Lucas Sierra,Conchalí,MENORES CONTROLADOS
70,7,9,200609,A0200002,13,13104,,2,2,Servicio de Salud Metropolitano Norte,Centro Comunitario de Salud Familiar Dr. Lucas Sierra,Conchalí,LACTANCIA MATERNA EXCLUSIVA
71,10,9,200347,A0200002,13,13104,1,2,0,Servicio de Salud Metropolitano Norte,Centro Comunitario de Salud Familiar Alberto Bachelet,Conchalí,LACTANCIA MATERNA EXCLUSIVA
72,10,9,200347,A0200001,13,13104,2,3,1,Servicio de Salud Metropolitano Norte,Centro Comunitario de Salud Familiar Alberto Bachelet,Conchalí,MENORES CONTROLADOS
73,8,9,200609,A0200001,13,13104,1,2,3,Servicio de Salud Metropolitano Norte,Centro Comunitario de Salud Familiar Dr. Lucas Sierra,Conchalí,MENORES CONTROLADOS
74,2,9,109302,A0200002,13,13104,13,9,6,Servicio de Salud Metropolitano Norte,Centro de Salud Familiar Lucas Sierra,Conchalí,LACTANCIA MATERNA EXCLUSIVA
75,4,9,200609,A0200001,13,13104,4,4,2,Servicio de Salud Metropolitano Norte,Centro Comunitario de Salud Familiar Dr. Lucas Sierra,Conchalí,MENORES CONTROLADOS
76,4,9,200609,A0200002,13,13104,4,3,1,Servicio de Salud Metropolitano Norte,Centro Comunitario de Salud Familiar Dr. Lucas Sierra,Conchalí,LACTANCIA MATERNA EXCLUSIVA
77,2,9,109302,A0200001,13,13104,15,20,12,Servicio de Salud Metropolitano Norte,Centro de Salud Familiar Lucas Sierra,Conchalí,MENORES CONTROLADOS
78,6,9,200609,A0200002,13,13104,,2,1,Servicio de Salud Metropolitano Norte,Centro Comunitario de Salud Familiar Dr. Lucas Sierra,Conchalí,LACTANCIA MATERNA EXCLUSIVA
79,5,9,200609,A0200002,13,13104,3,2,2,Servicio de Salud Metropolitano Norte,Centro Comunitario de Salud Familiar Dr. Lucas Sierra,Conchalí,LACTANCIA MATERNA EXCLUSIVA
80,12,9,200609,A0200002,13,13104,,,,Servicio de Salud Metropolitano Norte,Centro Comunitario de Salud Familiar Dr. Lucas Sierra,Conchalí,LACTANCIA MATERNA EXCLUSIVA
81,12,9,200609,A0200001,13,13104,,,,Servicio de Salud Metropolitano Norte,Centro Comunitario de Salud Familiar Dr. Lucas Sierra,Conchalí,MENORES CONTROLADOS
82,10,9,200609,A0200001,13,13104,3,2,4,Servicio de Salud Metropolitano Norte,Centro Comunitario de Salud Familiar Dr. Lucas Sierra,Conchalí,MENORES CONTROLADOS
83,10,9,200609,A0200002,13,13104,1,1,4,Servicio de Salud Metropolitano Norte,Centro Comunitario de Salud Familiar Dr. Lucas Sierra,Conchalí,LACTANCIA MATERNA EXCLUSIVA
84,5,9,200609,A0200001,13,13104,4,2,4,Servicio de Salud Metropolitano Norte,Centro Comunitario de Salud Familiar Dr. Lucas Sierra,Conchalí,MENORES CONTROLADOS
85,12,14,114316,A0200002,13,13110,9,3,7,Servicio de Salud Metropolitano Sur Oriente,Centro de Salud Familiar Dr. Fernando Maffioletti,La Florida,LACTANCIA MATERNA EXCLUSIVA
86,9,12,112317,A0200002,13,13113,3,4,4,Servicio de Salud Metropolitano Oriente,Centro de Salud Familiar Ossandon,La Reina,LACTANCIA MATERNA EXCLUSIVA
87,9,12,112317,A0200001,13,13113,8,5,5,Servicio de Salud Metropolitano Oriente,Centro de Salud Familiar Ossandon,La Reina,MENORES CONTROLADOS
88,7,13,113324,A0200002,13,13105,7,12,5,Servicio de Salud Metropolitano Sur,Centro de Salud Familiar Dra. Haydeé López Casoou,El Bosque,LACTANCIA MATERNA EXCLUSIVA
89,1,13,113324,A0200002,13,13105,8,5,5,Servicio de Salud Metropolitano Sur,Centro de Salud Familiar Dra. Haydeé López Casoou,El Bosque,LACTANCIA MATERNA EXCLUSIVA
90,2,9,200609,A0200002,13,13104,1,,,Servicio de Salud Metropolitano Norte,Centro Comunitario de Salud Familiar Dr. Lucas Sierra,Conchalí,LACTANCIA MATERNA EXCLUSIVA
91,1,13,113324,A0200001,13,13105,8,10,10,Servicio de Salud Metropolitano Sur,Centro de Salud Familiar Dra. Haydeé López Casoou,El Bosque,MENORES CONTROLADOS
92,6,9,200609,A0200001,13,13104,2,3,1,Servicio de Salud Metropolitano Norte,Centro Comunitario de Salud Familiar Dr. Lucas Sierra,Conchalí,MENORES CONTROLADOS
93,1,9,200609,A0200002,13,13104,1,1,1,Servicio de Salud Metropolitano Norte,Centro Comunitario de Salud Familiar Dr. Lucas Sierra,Conchalí,LACTANCIA MATERNA EXCLUSIVA
94,3,12,112317,A0200002,13,13113,3,1,4,Servicio de Salud Metropolitano Oriente,Centro de Salud Familiar Ossandon,La Reina,LACTANCIA MATERNA EXCLUSIVA
95,3,12,112317,A0200001,13,13113,4,1,4,Servicio de Salud Metropolitano Oriente,Centro de Salud Familiar Ossandon,La Reina,MENORES CONTROLADOS
96,8,11,111370,A0200002,13,13101,21,27,13,Servicio de Salud Metropolitano Central,Centro de Salud Familiar Padre Orellana,Santiago,LACTANCIA MATERNA EXCLUSIVA
97,8,11,111370,A0200001,13,13101,30,36,30,Servicio de Salud Metropolitano Central,Centro de Salud Familiar Padre Orellana,Santiago,MENORES CONTROLADOS
98,3,13,113324,A0200002,13,13105,16,7,2,Servicio de Salud Metropolitano Sur,Centro de Salud Familiar Dra. Haydeé López Casoou,El Bosque,LACTANCIA MATERNA EXCLUSIVA
99,1,11,111376,A0200002,13,13101,28,29,16,Servicio de Salud Metropolitano Central,Centro de Salud Familiar Matta Sur,Santiago,LACTANCIA MATERNA EXCLUSIVA
100,3,13,113324,A0200001,13,13105,18,7,5,Servicio de Salud Metropolitano Sur,Centro de Salud Familiar Dra. Haydeé López Casoou,El Bosque,MENORES CONTROLADOS
101,12,14,114331,A0200001,13,13110,28,29,13,Servicio de Salud Metropolitano Sur Oriente,Centro de Salud Familiar La Florida,La Florida,MENORES CONTROLADOS
102,6,12,112317,A0200001,13,13113,4,4,1,Servicio de Salud Metropolitano Oriente,Centro de Salud Familiar Ossandon,La Reina,MENORES CONTROLADOS
103,12,14,114331,A0200002,13,13110,16,22,8,Servicio de Salud Metropolitano Sur Oriente,Centro de Salud Familiar La Florida,La Florida,LACTANCIA MATERNA EXCLUSIVA
104,12,12,112317,A0200002,13,13113,1,1,2,Servicio de Salud Metropolitano Oriente,Centro de Salud Familiar Ossandon,La Reina,LACTANCIA MATERNA EXCLUSIVA
105,12,12,112317,A0200001,13,13113,4,5,3,Servicio de Salud Metropolitano Oriente,Centro de Salud Familiar Ossandon,La Reina,MENORES CONTROLADOS
106,6,12,112317,A0200002,13,13113,3,4,1,Servicio de Salud Metropolitano Oriente,Centro de Salud Familiar Ossandon,La Reina,LACTANCIA MATERNA EXCLUSIVA
107,1,13,113717,A0200002,13,13105,0,2,1,Servicio de Salud Metropolitano Sur,Centro Comunitario de Salud Familiar Santa Laura,El Bosque,LACTANCIA MATERNA EXCLUSIVA
108,6,9,109302,A0200002,13,13104,4,7,5,Servicio de Salud Metropolitano Norte,Centro de Salud Familiar Lucas Sierra,Conchalí,LACTANCIA MATERNA EXCLUSIVA
109,1,13,113717,A0200001,13,13105,3,2,2,Servicio de Salud Metropolitano Sur,Centro Comunitario de Salud Familiar Santa Laura,El Bosque,MENORES CONTROLADOS
110,10,14,114331,A0200001,13,13110,31,14,20,Servicio de Salud Metropolitano Sur Oriente,Centro de Salud Familiar La Florida,La Florida,MENORES CONTROLADOS
111,1,14,114331,A0200002,13,13110,20,8,16,Servicio de Salud Metropolitano Sur Oriente,Centro de Salud Familiar La Florida,La Florida,LACTANCIA MATERNA EXCLUSIVA
112,1,14,114331,A0200001,13,13110,29,17,26,Servicio de Salud Metropolitano Sur Oriente,Centro de Salud Familiar La Florida,La Florida,MENORES CONTROLADOS
113,11,14,114331,A0200001,13,13110,29,31,12,Servicio de Salud Metropolitano Sur Oriente,Centro de Salud Familiar La Florida,La Florida,MENORES CONTROLADOS
114,10,14,114331,A0200002,13,13110,20,9,12,Servicio de Salud Metropolitano Sur Oriente,Centro de Salud Familiar La Florida,La Florida,LACTANCIA MATERNA EXCLUSIVA
115,3,14,114316,A0200002,13,13110,3,2,8,Servicio de Salud Metropolitano Sur Oriente,Centro de Salud Familiar Dr. Fernando Maffioletti,La Florida,LACTANCIA MATERNA EXCLUSIVA
116,5,14,114316,A0200002,13,13110,9,4,17,Servicio de Salud Metropolitano Sur Oriente,Centro de Salud Familiar Dr. Fernando Maffioletti,La Florida,LACTANCIA MATERNA EXCLUSIVA
117,8,14,114316,A0200002,13,13110,10,10,9,Servicio de Salud Metropolitano Sur Oriente,Centro de Salud Familiar Dr. Fernando Maffioletti,La Florida,LACTANCIA MATERNA EXCLUSIVA
118,8,14,114316,A0200001,13,13110,18,15,16,Servicio de Salud Metropolitano Sur Oriente,Centro de Salud Familiar Dr. Fernando Maffioletti,La Florida,MENORES CONTROLADOS
119,5,12,112317,A0200002,13,13113,1,3,2,Servicio de Salud Metropolitano Oriente,Centro de Salud Familiar Ossandon,La Reina,LACTANCIA MATERNA EXCLUSIVA
120,5,12,112317,A0200001,13,13113,1,3,3,Servicio de Salud Metropolitano Oriente,Centro de Salud Familiar Ossandon,La Reina,MENORES CONTROLADOS
121,7,14,114316,A0200002,13,13110,13,10,10,Servicio de Salud Metropolitano Sur Oriente,Centro de Salud Familiar Dr. Fernando Maffioletti,La Florida,LACTANCIA MATERNA EXCLUSIVA
122,4,14,114331,A0200001,13,13110,31,28,13,Servicio de Salud Metropolitano Sur Oriente,Centro de Salud Familiar La Florida,La Florida,MENORES CONTROLADOS
123,5,13,113717,A0200002,13,13105,1,1,0,Servicio de Salud Metropolitano Sur,Centro Comunitario de Salud Familiar Santa Laura,El Bosque,LACTANCIA MATERNA EXCLUSIVA
124,5,13,113717,A0200001,13,13105,1,3,0,Servicio de Salud Metropolitano Sur,Centro Comunitario de Salud Familiar Santa Laura,El Bosque,MENORES CONTROLADOS
125,1,12,112317,A0200002,13,13113,2,3,2,Servicio de Salud Metropolitano Oriente,Centro de Salud Familiar Ossandon,La Reina,LACTANCIA MATERNA EXCLUSIVA
126,1,12,112317,A0200001,13,13113,2,4,3,Servicio de Salud Metropolitano Oriente,Centro de Salud Familiar Ossandon,La Reina,MENORES CONTROLADOS
127,4,12,112317,A0200002,13,13113,1,,4,Servicio de Salud Metropolitano Oriente,Centro de Salud Familiar Ossandon,La Reina,LACTANCIA MATERNA EXCLUSIVA
128,5,12,112320,A0200001,13,13113,11,8,9,Servicio de Salud Metropolitano Oriente,Centro de Salud Familiar Juan Pablo II ( La Reina),La Reina,MENORES CONTROLADOS
129,4,12,112317,A0200001,13,13113,1,,8,Servicio de Salud Metropolitano Oriente,Centro de Salud Familiar Ossandon,La Reina,MENORES CONTROLADOS
130,1,14,114316,A0200002,13,13110,0,8,16,Servicio de Salud Metropolitano Sur Oriente,Centro de Salud Familiar Dr. Fernando Maffioletti,La Florida,LACTANCIA MATERNA EXCLUSIVA
131,8,12,112317,A0200002,13,13113,,1,2,Servicio de Salud Metropolitano Oriente,Centro de Salud Familiar Ossandon,La Reina,LACTANCIA MATERNA EXCLUSIVA
132,8,12,112317,A0200001,13,13113,1,2,4,Servicio de Salud Metropolitano Oriente,Centro de Salud Familiar Ossandon,La Reina,MENORES CONTROLADOS
133,8,13,113717,A0200002,13,13105,0,1,0,Servicio de Salud Metropolitano Sur,Centro Comunitario de Salud Familiar Santa Laura,El Bosque,LACTANCIA MATERNA EXCLUSIVA
134,8,13,113717,A0200001,13,13105,0,2,1,Servicio de Salud Metropolitano Sur,Centro Comunitario de Salud Familiar Santa Laura,El Bosque,MENORES CONTROLADOS
135,2,14,114331,A0200001,13,13110,33,23,21,Servicio de Salud Metropolitano Sur Oriente,Centro de Salud Familiar La Florida,La Florida,MENORES CONTROLADOS
136,2,14,114331,A0200002,13,13110,15,12,15,Servicio de Salud Metropolitano Sur Oriente,Centro de Salud Familiar La Florida,La Florida,LACTANCIA MATERNA EXCLUSIVA
137,6,14,114316,A0200001,13,13110,20,15,13,Servicio de Salud Metropolitano Sur Oriente,Centro de Salud Familiar Dr. Fernando Maffioletti,La Florida,MENORES CONTROLADOS
138,10,12,112317,A0200002,13,13113,2,,3,Servicio de Salud Metropolitano Oriente,Centro de Salud Familiar Ossandon,La Reina,LACTANCIA MATERNA EXCLUSIVA
139,10,12,112317,A0200001,13,13113,4,1,3,Servicio de Salud Metropolitano Oriente,Centro de Salud Familiar Ossandon,La Reina,MENORES CONTROLADOS
140,2,12,112317,A0200002,13,13113,2,1,3,Servicio de Salud Metropolitano Oriente,Centro de Salud Familiar Ossandon,La Reina,LACTANCIA MATERNA EXCLUSIVA
141,2,12,112317,A0200001,13,13113,2,1,4,Servicio de Salud Metropolitano Oriente,Centro de Salud Familiar Ossandon,La Reina,MENORES CONTROLADOS
142,7,12,112317,A0200001,13,13113,6,2,1,Servicio de Salud Metropolitano Oriente,Centro de Salud Familiar Ossandon,La Reina,MENORES CONTROLADOS
143,7,12,112317,A0200002,13,13113,4,2,1,Servicio de Salud Metropolitano Oriente,Centro de Salud Familiar Ossandon,La Reina,LACTANCIA MATERNA EXCLUSIVA
144,6,12,112320,A0200002,13,13113,8,8,4,Servicio de Salud Metropolitano Oriente,Centro de Salud Familiar Juan Pablo II ( La Reina),La Reina,LACTANCIA MATERNA EXCLUSIVA
145,9,12,112320,A0200002,13,13113,4,4,5,Servicio de Salud Metropolitano Oriente,Centro de Salud Familiar Juan Pablo II ( La Reina),La Reina,LACTANCIA MATERNA EXCLUSIVA
146,9,12,112320,A0200001,13,13113,9,6,10,Servicio de Salud Metropolitano Oriente,Centro de Salud Familiar Juan Pablo II ( La Reina),La Reina,MENORES CONTROLADOS
147,3,12,112320,A0200002,13,13113,9,5,4,Servicio de Salud Metropolitano Oriente,Centro de Salud Familiar Juan Pablo II ( La Reina),La Reina,LACTANCIA MATERNA EXCLUSIVA
148,6,12,112320,A0200001,13,13113,9,13,6,Servicio de Salud Metropolitano Oriente,Centro de Salud Familiar Juan Pablo II ( La Reina),La Reina,MENORES CONTROLADOS
149,9,12,112717,A0200002,13,13113,,1,,Servicio de Salud Metropolitano Oriente,Centro Comunitario de Salud Familiar Dragones de La Reina,La Reina,LACTANCIA MATERNA EXCLUSIVA
150,9,12,112717,A0200001,13,13113,,2,,Servicio de Salud Metropolitano Oriente,Centro Comunitario de Salud Familiar Dragones de La Reina,La Reina,MENORES CONTROLADOS
151,8,12,112717,A0200002,13,13113,,1,,Servicio de Salud Metropolitano Oriente,Centro Comunitario de Salud Familiar Dragones de La Reina,La Reina,LACTANCIA MATERNA EXCLUSIVA
152,8,12,112717,A0200001,13,13113,,2,,Servicio de Salud Metropolitano Oriente,Centro Comunitario de Salud Familiar Dragones de La Reina,La Reina,MENORES CONTROLADOS
153,1,12,112717,A0200002,13,13113,,,,Servicio de Salud Metropolitano Oriente,Centro Comunitario de Salud Familiar Dragones de La Reina,La Reina,LACTANCIA MATERNA EXCLUSIVA
154,1,12,112717,A0200001,13,13113,,,,Servicio de Salud Metropolitano Oriente,Centro Comunitario de Salud Familiar Dragones de La Reina,La Reina,MENORES CONTROLADOS
155,3,12,112717,A0200002,13,13113,,,,Servicio de Salud Metropolitano Oriente,Centro Comunitario de Salud Familiar Dragones de La Reina,La Reina,LACTANCIA MATERNA EXCLUSIVA
156,3,12,112717,A0200001,13,13113,0,0,0,Servicio de Salud Metropolitano Oriente,Centro Comunitario de Salud Familiar Dragones de La Reina,La Reina,MENORES CONTROLADOS
157,10,12,112717,A0200001,13,13113,2,1,,Servicio de Salud Metropolitano Oriente,Centro Comunitario de Salud Familiar Dragones de La Reina,La Reina,MENORES CONTROLADOS
158,10,12,112717,A0200002,13,13113,2,1,,Servicio de Salud Metropolitano Oriente,Centro Comunitario de Salud Familiar Dragones de La Reina,La Reina,LACTANCIA MATERNA EXCLUSIVA
159,4,12,112717,A0200002,13,13113,1,,,Servicio de Salud Metropolitano Oriente,Centro Comunitario de Salud Familiar Dragones de La Reina,La Reina,LACTANCIA MATERNA EXCLUSIVA
160,4,12,112717,A0200001,13,13113,3,1,,Servicio de Salud Metropolitano Oriente,Centro Comunitario de Salud Familiar Dragones de La Reina,La Reina,MENORES CONTROLADOS
161,7,12,112717,A0200002,13,13113,4,2,0,Servicio de Salud Metropolitano Oriente,Centro Comunitario de Salud Familiar Dragones de La Reina,La Reina,LACTANCIA MATERNA EXCLUSIVA
162,7,12,112717,A0200001,13,13113,4,4,0,Servicio de Salud Metropolitano Oriente,Centro Comunitario de Salud Familiar Dragones de La Reina,La Reina,MENORES CONTROLADOS
163,6,12,112717,A0200002,13,13113,5,2,,Servicio de Salud Metropolitano Oriente,Centro Comunitario de Salud Familiar Dragones de La Reina,La Reina,LACTANCIA MATERNA EXCLUSIVA
164,6,12,112717,A0200001,13,13113,6,4,0,Servicio de Salud Metropolitano Oriente,Centro Comunitario de Salud Familiar Dragones de La Reina,La Reina,MENORES CONTROLADOS
165,3,12,112306,A0200002,13,13114,17,12,4,Servicio de Salud Metropolitano Oriente,Centro de Salud Familiar Aníbal Ariztía,Las Condes,LACTANCIA MATERNA EXCLUSIVA
166,3,12,112306,A0200001,13,13114,21,17,9,Servicio de Salud Metropolitano Oriente,Centro de Salud Familiar Aníbal Ariztía,Las Condes,MENORES CONTROLADOS
167,9,12,112306,A0200002,13,13114,11,8,5,Servicio de Salud Metropolitano Oriente,Centro de Salud Familiar Aníbal Ariztía,Las Condes,LACTANCIA MATERNA EXCLUSIVA
168,9,12,112306,A0200001,13,13114,15,13,8,Servicio de Salud Metropolitano Oriente,Centro de Salud Familiar Aníbal Ariztía,Las Condes,MENORES CONTROLADOS
169,1,12,112306,A0200001,13,13114,17,12,10,Servicio de Salud Metropolitano Oriente,Centro de Salud Familiar Aníbal Ariztía,Las Condes,MENORES CONTROLADOS
170,1,12,112306,A0200002,13,13114,10,7,5,Servicio de Salud Metropolitano Oriente,Centro de Salud Familiar Aníbal Ariztía,Las Condes,LACTANCIA MATERNA EXCLUSIVA
171,12,12,112306,A0200002,13,13114,6,8,6,Servicio de Salud Metropolitano Oriente,Centro de Salud Familiar Aníbal Ariztía,Las Condes,LACTANCIA MATERNA EXCLUSIVA
172,12,12,112306,A0200001,13,13114,11,12,10,Servicio de Salud Metropolitano Oriente,Centro de Salud Familiar Aníbal Ariztía,Las Condes,MENORES CONTROLADOS
173,5,12,112306,A0200002,13,13114,9,12,3,Servicio de Salud Metropolitano Oriente,Centro de Salud Familiar Aníbal Ariztía,Las Condes,LACTANCIA MATERNA EXCLUSIVA
174,11,12,112306,A0200002,13,13114,13,12,8,Servicio de Salud Metropolitano Oriente,Centro de Salud Familiar Aníbal Ariztía,Las Condes,LACTANCIA MATERNA EXCLUSIVA
175,11,12,112306,A0200001,13,13114,18,15,15,Servicio de Salud Metropolitano Oriente,Centro de Salud Familiar Aníbal Ariztía,Las Condes,MENORES CONTROLADOS
176,6,12,112306,A0200002,13,13114,11,5,4,Servicio de Salud Metropolitano Oriente,Centro de Salud Familiar Aníbal Ariztía,Las Condes,LACTANCIA MATERNA EXCLUSIVA
177,6,12,112306,A0200001,13,13114,18,9,8,Servicio de Salud Metropolitano Oriente,Centro de Salud Familiar Aníbal Ariztía,Las Condes,MENORES CONTROLADOS
178,10,12,112306,A0200002,13,13114,10,9,3,Servicio de Salud Metropolitano Oriente,Centro de Salud Familiar Aníbal Ariztía,Las Condes,LACTANCIA MATERNA EXCLUSIVA
179,10,12,112306,A0200001,13,13114,17,17,6,Servicio de Salud Metropolitano Oriente,Centro de Salud Familiar Aníbal Ariztía,Las Condes,MENORES CONTROLADOS
180,5,12,112306,A0200001,13,13114,14,23,7,Servicio de Salud Metropolitano Oriente,Centro de Salud Familiar Aníbal Ariztía,Las Condes,MENORES CONTROLADOS
181,4,12,112306,A0200002,13,13114,5,11,4,Servicio de Salud Metropolitano Oriente,Centro de Salud Familiar Aníbal Ariztía,Las Condes,LACTANCIA MATERNA EXCLUSIVA
182,4,12,112306,A0200001,13,13114,8,19,5,Servicio de Salud Metropolitano Oriente,Centro de Salud Familiar Aníbal Ariztía,Las Condes,MENORES CONTROLADOS
183,2,12,112306,A0200002,13,13114,12,1,4,Servicio de Salud Metropolitano Oriente,Centro de Salud Familiar Aníbal Ariztía,Las Condes,LACTANCIA MATERNA EXCLUSIVA
184,8,12,112306,A0200002,13,13114,15,10,8,Servicio de Salud Metropolitano Oriente,Centro de Salud Familiar Aníbal Ariztía,Las Condes,LACTANCIA MATERNA EXCLUSIVA
185,8,12,112306,A0200001,13,13114,18,19,15,Servicio de Salud Metropolitano Oriente,Centro de Salud Familiar Aníbal Ariztía,Las Condes,MENORES CONTROLADOS
186,2,12,112306,A0200001,13,13114,18,5,10,Servicio de Salud Metropolitano Oriente,Centro de Salud Familiar Aníbal Ariztía,Las Condes,MENORES CONTROLADOS
187,7,12,112306,A0200002,13,13114,9,4,11,Servicio de Salud Metropolitano Oriente,Centro de Salud Familiar Aníbal Ariztía,Las Condes,LACTANCIA MATERNA EXCLUSIVA
188,7,12,112306,A0200001,13,13114,17,11,20,Servicio de Salud Metropolitano Oriente,Centro de Salud Familiar Aníbal Ariztía,Las Condes,MENORES CONTROLADOS
189,12,12,112304,A0200002,13,13114,2,,6,Servicio de Salud Metropolitano Oriente,Centro de Salud Familiar Apoquindo,Las Condes,LACTANCIA MATERNA EXCLUSIVA
190,12,12,112304,A0200001,13,13114,4,2,7,Servicio de Salud Metropolitano Oriente,Centro de Salud Familiar Apoquindo,Las Condes,MENORES CONTROLADOS
191,8,12,112304,A0200002,13,13114,3,1,,Servicio de Salud Metropolitano Oriente,Centro de Salud Familiar Apoquindo,Las Condes,LACTANCIA MATERNA EXCLUSIVA
192,7,12,112304,A0200002,13,13114,2,2,2,Servicio de Salud Metropolitano Oriente,Centro de Salud Familiar Apoquindo,Las Condes,LACTANCIA MATERNA EXCLUSIVA
193,7,12,112304,A0200001,13,13114,5,4,3,Servicio de Salud Metropolitano Oriente,Centro de Salud Familiar Apoquindo,Las Condes,MENORES CONTROLADOS
194,8,12,112304,A0200001,13,13114,4,2,1,Servicio de Salud Metropolitano Oriente,Centro de Salud Familiar Apoquindo,Las Condes,MENORES CONTROLADOS
195,11,12,112304,A0200002,13,13114,2,1,1,Servicio de Salud Metropolitano Oriente,Centro de Salud Familiar Apoquindo,Las Condes,LACTANCIA MATERNA EXCLUSIVA
196,11,12,112304,A0200001,13,13114,3,1,2,Servicio de Salud Metropolitano Oriente,Centro de Salud Familiar Apoquindo,Las Condes,MENORES CONTROLADOS
197,5,12,112304,A0200002,13,13114,2,,1,Servicio de Salud Metropolitano Oriente,Centro de Salud Familiar Apoquindo,Las Condes,LACTANCIA MATERNA EXCLUSIVA
198,9,12,112304,A0200002,13,13114,,3,,Servicio de Salud Metropolitano Oriente,Centro de Salud Familiar Apoquindo,Las Condes,LACTANCIA MATERNA EXCLUSIVA
199,9,12,112304,A0200001,13,13114,1,4,3,Servicio de Salud Metropolitano Oriente,Centro de Salud Familiar Apoquindo,Las Condes,MENORES CONTROLADOS
200,5,12,112304,A0200001,13,13114,3,1,2,Servicio de Salud Metropolitano Oriente,Centro de Salud Familiar Apoquindo,Las Condes,MENORES CONTROLADOS
201,4,12,112304,A0200002,13,13114,1,2,3,Servicio de Salud Metropolitano Oriente,Centro de Salud Familiar Apoquindo,Las Condes,LACTANCIA MATERNA EXCLUSIVA
202,10,12,112304,A0200002,13,13114,1,4,1,Servicio de Salud Metropolitano Oriente,Centro de Salud Familiar Apoquindo,Las Condes,LACTANCIA MATERNA EXCLUSIVA
203,10,12,112304,A0200001,13,13114,2,6,2,Servicio de Salud Metropolitano Oriente,Centro de Salud Familiar Apoquindo,Las Condes,MENORES CONTROLADOS
204,2,12,112304,A0200002,13,13114,,1,1,Servicio de Salud Metropolitano Oriente,Centro de Salud Familiar Apoquindo,Las Condes,LACTANCIA MATERNA EXCLUSIVA
205,2,12,112304,A0200001,13,13114,2,1,5,Servicio de Salud Metropolitano Oriente,Centro de Salud Familiar Apoquindo,Las Condes,MENORES CONTROLADOS
206,1,12,112304,A0200002,13,13114,,4,1,Servicio de Salud Metropolitano Oriente,Centro de Salud Familiar Apoquindo,Las Condes,LACTANCIA MATERNA EXCLUSIVA
207,1,12,112304,A0200001,13,13114,0,7,3,Servicio de Salud Metropolitano Oriente,Centro de Salud Familiar Apoquindo,Las Condes,MENORES CONTROLADOS
208,3,12,112304,A0200001,13,13114,1,1,4,Servicio de Salud Metropolitano Oriente,Centro de Salud Familiar Apoquindo,Las Condes,MENORES CONTROLADOS
209,3,12,112304,A0200002,13,13114,,1,4,Servicio de Salud Metropolitano Oriente,Centro de Salud Familiar Apoquindo,Las Condes,LACTANCIA MATERNA EXCLUSIVA
210,6,12,112304,A0200002,13,13114,2,1,2,Servicio de Salud Metropolitano Oriente,Centro de Salud Familiar Apoquindo,Las Condes,LACTANCIA MATERNA EXCLUSIVA
211,6,12,112304,A0200001,13,13114,4,4,3,Servicio de Salud Metropolitano Oriente,Centro de Salud Familiar Apoquindo,Las Condes,MENORES CONTROLADOS
212,3,12,112707,A0200002,13,13115,,,1,Servicio de Salud Metropolitano Oriente,Centro Comunitario de Salud Familiar Cerro 18,Lo Barnechea,LACTANCIA MATERNA EXCLUSIVA
213,3,12,112707,A0200001,13,13115,,,1,Servicio de Salud Metropolitano Oriente,Centro Comunitario de Salud Familiar Cerro 18,Lo Barnechea,MENORES CONTROLADOS
214,8,12,112707,A0200001,13,13115,,,,Servicio de Salud Metropolitano Oriente,Centro Comunitario de Salud Familiar Cerro 18,Lo Barnechea,MENORES CONTROLADOS
215,1,12,112707,A0200002,13,13115,,1,,Servicio de Salud Metropolitano Oriente,Centro Comunitario de Salud Familiar Cerro 18,Lo Barnechea,LACTANCIA MATERNA EXCLUSIVA
216,1,12,112707,A0200001,13,13115,,1,,Servicio de Salud Metropolitano Oriente,Centro Comunitario de Salud Familiar Cerro 18,Lo Barnechea,MENORES CONTROLADOS
217,4,12,112707,A0200001,13,13115,,,1,Servicio de Salud Metropolitano Oriente,Centro Comunitario de Salud Familiar Cerro 18,Lo Barnechea,MENORES CONTROLADOS
218,2,12,112707,A0200001,13,13115,1,0,0,Servicio de Salud Metropolitano Oriente,Centro Comunitario de Salud Familiar Cerro 18,Lo Barnechea,MENORES CONTROLADOS
219,10,12,112307,A0200002,13,13115,9,5,13,Servicio de Salud Metropolitano Oriente,Centro de Salud Familiar Lo Barnechea,Lo Barnechea,LACTANCIA MATERNA EXCLUSIVA
220,10,12,112307,A0200001,13,13115,17,13,20,Servicio de Salud Metropolitano Oriente,Centro de Salud Familiar Lo Barnechea,Lo Barnechea,MENORES CONTROLADOS
221,7,12,112307,A0200002,13,13115,6,16,12,Servicio de Salud Metropolitano Oriente,Centro de Salud Familiar Lo Barnechea,Lo Barnechea,LACTANCIA MATERNA EXCLUSIVA
222,7,12,112307,A0200001,13,13115,10,28,19,Servicio de Salud Metropolitano Oriente,Centro de Salud Familiar Lo Barnechea,Lo Barnechea,MENORES CONTROLADOS
223,2,14,114316,A0200002,13,13110,8,9,6,Servicio de Salud Metropolitano Sur Oriente,Centro de Salud Familiar Dr. Fernando Maffioletti,La Florida,LACTANCIA MATERNA EXCLUSIVA
224,1,14,114316,A0200001,13,13110,0,20,25,Servicio de Salud Metropolitano Sur Oriente,Centro de Salud Familiar Dr. Fernando Maffioletti,La Florida,MENORES CONTROLADOS
225,12,14,114316,A0200001,13,13110,12,12,20,Servicio de Salud Metropolitano Sur Oriente,Centro de Salud Familiar Dr. Fernando Maffioletti,La Florida,MENORES CONTROLADOS
226,4,12,112307,A0200002,13,13115,14,13,12,Servicio de Salud Metropolitano Oriente,Centro de Salud Familiar Lo Barnechea,Lo Barnechea,LACTANCIA MATERNA EXCLUSIVA
227,4,12,112307,A0200001,13,13115,26,16,20,Servicio de Salud Metropolitano Oriente,Centro de Salud Familiar Lo Barnechea,Lo Barnechea,MENORES CONTROLADOS
228,8,12,112799,A0200002,13,13115,2,2,3,Servicio de Salud Metropolitano Oriente,Centro Comunitario de Salud Familiar Bicentenario,Lo Barnechea,LACTANCIA MATERNA EXCLUSIVA
229,8,12,112799,A0200001,13,13115,3,2,3,Servicio de Salud Metropolitano Oriente,Centro Comunitario de Salud Familiar Bicentenario,Lo Barnechea,MENORES CONTROLADOS
230,8,12,112307,A0200002,13,13115,11,8,3,Servicio de Salud Metropolitano Oriente,Centro de Salud Familiar Lo Barnechea,Lo Barnechea,LACTANCIA MATERNA EXCLUSIVA
231,8,12,112307,A0200001,13,13115,20,12,7,Servicio de Salud Metropolitano Oriente,Centro de Salud Familiar Lo Barnechea,Lo Barnechea,MENORES CONTROLADOS
232,3,12,112799,A0200001,13,13115,1,2,1,Servicio de Salud Metropolitano Oriente,Centro Comunitario de Salud Familiar Bicentenario,Lo Barnechea,MENORES CONTROLADOS
233,3,12,112799,A0200002,13,13115,1,1,,Servicio de Salud Metropolitano Oriente,Centro Comunitario de Salud Familiar Bicentenario,Lo Barnechea,LACTANCIA MATERNA EXCLUSIVA
234,5,12,112307,A0200002,13,13115,11,6,8,Servicio de Salud Metropolitano Oriente,Centro de Salud Familiar Lo Barnechea,Lo Barnechea,LACTANCIA MATERNA EXCLUSIVA
235,5,12,112307,A0200001,13,13115,18,11,21,Servicio de Salud Metropolitano Oriente,Centro de Salud Familiar Lo Barnechea,Lo Barnechea,MENORES CONTROLADOS
236,9,12,112307,A0200002,13,13115,13,5,15,Servicio de Salud Metropolitano Oriente,Centro de Salud Familiar Lo Barnechea,Lo Barnechea,LACTANCIA MATERNA EXCLUSIVA
237,9,12,112307,A0200001,13,13115,17,8,28,Servicio de Salud Metropolitano Oriente,Centro de Salud Familiar Lo Barnechea,Lo Barnechea,MENORES CONTROLADOS
238,6,12,112307,A0200002,13,13115,10,13,9,Servicio de Salud Metropolitano Oriente,Centro de Salud Familiar Lo Barnechea,Lo Barnechea,LACTANCIA MATERNA EXCLUSIVA
239,2,12,112307,A0200002,13,13115,5,8,7,Servicio de Salud Metropolitano Oriente,Centro de Salud Familiar Lo Barnechea,Lo Barnechea,LACTANCIA MATERNA EXCLUSIVA
240,2,12,112307,A0200001,13,13115,15,17,14,Servicio de Salud Metropolitano Oriente,Centro de Salud Familiar Lo Barnechea,Lo Barnechea,MENORES CONTROLADOS
241,5,12,112799,A0200002,13,13115,1,1,1,Servicio de Salud Metropolitano Oriente,Centro Comunitario de Salud Familiar Bicentenario,Lo Barnechea,LACTANCIA MATERNA EXCLUSIVA
242,5,12,112799,A0200001,13,13115,3,1,1,Servicio de Salud Metropolitano Oriente,Centro Comunitario de Salud Familiar Bicentenario,Lo Barnechea,MENORES CONTROLADOS
243,3,12,112307,A0200001,13,13115,15,22,16,Servicio de Salud Metropolitano Oriente,Centro de Salud Familiar Lo Barnechea,Lo Barnechea,MENORES CONTROLADOS
244,3,12,112307,A0200002,13,13115,9,8,12,Servicio de Salud Metropolitano Oriente,Centro de Salud Familiar Lo Barnechea,Lo Barnechea,LACTANCIA MATERNA EXCLUSIVA
245,12,12,112307,A0200002,13,13115,12,14,5,Servicio de Salud Metropolitano Oriente,Centro de Salud Familiar Lo Barnechea,Lo Barnechea,LACTANCIA MATERNA EXCLUSIVA
246,12,12,112307,A0200001,13,13115,20,23,9,Servicio de Salud Metropolitano Oriente,Centro de Salud Familiar Lo Barnechea,Lo Barnechea,MENORES CONTROLADOS
247,11,12,112307,A0200002,13,13115,10,11,9,Servicio de Salud Metropolitano Oriente,Centro de Salud Familiar Lo Barnechea,Lo Barnechea,LACTANCIA MATERNA EXCLUSIVA
248,11,12,112307,A0200001,13,13115,22,22,13,Servicio de Salud Metropolitano Oriente,Centro de Salud Familiar Lo Barnechea,Lo Barnechea,MENORES CONTROLADOS
249,10,12,112799,A0200002,13,13115,3,1,1,Servicio de Salud Metropolitano Oriente,Centro Comunitario de Salud Familiar Bicentenario,Lo Barnechea,LACTANCIA MATERNA EXCLUSIVA
250,11,12,112799,A0200002,13,13115,0,0,0,Servicio de Salud Metropolitano Oriente,Centro Comunitario de Salud Familiar Bicentenario,Lo Barnechea,LACTANCIA MATERNA EXCLUSIVA
251,11,12,112799,A0200001,13,13115,0,1,0,Servicio de Salud Metropolitano Oriente,Centro Comunitario de Salud Familiar Bicentenario,Lo Barnechea,MENORES CONTROLADOS
252,2,12,112799,A0200002,13,13115,0,0,0,Servicio de Salud Metropolitano Oriente,Centro Comunitario de Salud Familiar Bicentenario,Lo Barnechea,LACTANCIA MATERNA EXCLUSIVA
253,2,12,112799,A0200001,13,13115,1,0,0,Servicio de Salud Metropolitano Oriente,Centro Comunitario de Salud Familiar Bicentenario,Lo Barnechea,MENORES CONTROLADOS
254,1,12,112799,A0200002,13,13115,,2,,Servicio de Salud Metropolitano Oriente,Centro Comunitario de Salud Familiar Bicentenario,Lo Barnechea,LACTANCIA MATERNA EXCLUSIVA
255,1,12,112799,A0200001,13,13115,,2,1,Servicio de Salud Metropolitano Oriente,Centro Comunitario de Salud Familiar Bicentenario,Lo Barnechea,MENORES CONTROLADOS
256,6,12,112799,A0200001,13,13115,2,0,2,Servicio de Salud Metropolitano Oriente,Centro Comunitario de Salud Familiar Bicentenario,Lo Barnechea,MENORES CONTROLADOS
257,7,12,112799,A0200002,13,13115,0,2,1,Servicio de Salud Metropolitano Oriente,Centro Comunitario de Salud Familiar Bicentenario,Lo Barnechea,LACTANCIA MATERNA EXCLUSIVA
258,7,12,112799,A0200001,13,13115,0,2,2,Servicio de Salud Metropolitano Oriente,Centro Comunitario de Salud Familiar Bicentenario,Lo Barnechea,MENORES CONTROLADOS
259,6,12,112307,A0200001,13,13115,15,20,18,Servicio de Salud Metropolitano Oriente,Centro de Salud Familiar Lo Barnechea,Lo Barnechea,MENORES CONTROLADOS
260,12,12,112799,A0200002,13,13115,1,1,2,Servicio de Salud Metropolitano Oriente,Centro Comunitario de Salud Familiar Bicentenario,Lo Barnechea,LACTANCIA MATERNA EXCLUSIVA
261,12,12,112799,A0200001,13,13115,1,1,2,Servicio de Salud Metropolitano Oriente,Centro Comunitario de Salud Familiar Bicentenario,Lo Barnechea,MENORES CONTROLADOS
262,9,12,112799,A0200002,13,13115,2,1,1,Servicio de Salud Metropolitano Oriente,Centro Comunitario de Salud Familiar Bicentenario,Lo Barnechea,LACTANCIA MATERNA EXCLUSIVA
263,9,12,112799,A0200001,13,13115,3,1,1,Servicio de Salud Metropolitano Oriente,Centro Comunitario de Salud Familiar Bicentenario,Lo Barnechea,MENORES CONTROLADOS
264,1,12,112307,A0200002,13,13115,17,14,9,Servicio de Salud Metropolitano Oriente,Centro de Salud Familiar Lo Barnechea,Lo Barnechea,LACTANCIA MATERNA EXCLUSIVA
265,1,12,112307,A0200001,13,13115,24,19,19,Servicio de Salud Metropolitano Oriente,Centro de Salud Familiar Lo Barnechea,Lo Barnechea,MENORES CONTROLADOS
266,4,12,112799,A0200002,13,13115,0,0,0,Servicio de Salud Metropolitano Oriente,Centro Comunitario de Salud Familiar Bicentenario,Lo Barnechea,LACTANCIA MATERNA EXCLUSIVA
267,4,12,112799,A0200001,13,13115,0,1,1,Servicio de Salud Metropolitano Oriente,Centro Comunitario de Salud Familiar Bicentenario,Lo Barnechea,MENORES CONTROLADOS
268,6,12,112799,A0200002,13,13115,2,0,1,Servicio de Salud Metropolitano Oriente,Centro Comunitario de Salud Familiar Bicentenario,Lo Barnechea,LACTANCIA MATERNA EXCLUSIVA
269,10,12,112799,A0200001,13,13115,3,3,1,Servicio de Salud Metropolitano Oriente,Centro Comunitario de Salud Familiar Bicentenario,Lo Barnechea,MENORES CONTROLADOS
270,10,12,112312,A0200002,13,13118,3,7,2,Servicio de Salud Metropolitano Oriente,Centro de Salud Familiar Félix de Amesti,Macul,LACTANCIA MATERNA EXCLUSIVA
271,10,12,112312,A0200001,13,13118,9,8,5,Servicio de Salud Metropolitano Oriente,Centro de Salud Familiar Félix de Amesti,Macul,MENORES CONTROLADOS
272,7,12,112312,A0200002,13,13118,11,4,3,Servicio de Salud Metropolitano Oriente,Centro de Salud Familiar Félix de Amesti,Macul,LACTANCIA MATERNA EXCLUSIVA
273,6,12,112312,A0200001,13,13118,7,10,6,Servicio de Salud Metropolitano Oriente,Centro de Salud Familiar Félix de Amesti,Macul,MENORES CONTROLADOS
274,6,12,112312,A0200002,13,13118,7,5,3,Servicio de Salud Metropolitano Oriente,Centro de Salud Familiar Félix de Amesti,Macul,LACTANCIA MATERNA EXCLUSIVA
275,9,12,112312,A0200002,13,13118,8,6,4,Servicio de Salud Metropolitano Oriente,Centro de Salud Familiar Félix de Amesti,Macul,LACTANCIA MATERNA EXCLUSIVA
276,9,12,112312,A0200001,13,13118,17,10,5,Servicio de Salud Metropolitano Oriente,Centro de Salud Familiar Félix de Amesti,Macul,MENORES CONTROLADOS
277,12,12,112312,A0200002,13,13118,9,3,8,Servicio de Salud Metropolitano Oriente,Centro de Salud Familiar Félix de Amesti,Macul,LACTANCIA MATERNA EXCLUSIVA
278,12,12,112312,A0200001,13,13118,14,8,11,Servicio de Salud Metropolitano Oriente,Centro de Salud Familiar Félix de Amesti,Macul,MENORES CONTROLADOS
279,2,12,112312,A0200002,13,13118,6,13,7,Servicio de Salud Metropolitano Oriente,Centro de Salud Familiar Félix de Amesti,Macul,LACTANCIA MATERNA EXCLUSIVA
280,2,12,112312,A0200001,13,13118,10,22,9,Servicio de Salud Metropolitano Oriente,Centro de Salud Familiar Félix de Amesti,Macul,MENORES CONTROLADOS
281,3,12,112312,A0200002,13,13118,4,5,1,Servicio de Salud Metropolitano Oriente,Centro de Salud Familiar Félix de Amesti,Macul,LACTANCIA MATERNA EXCLUSIVA
282,3,12,112312,A0200001,13,13118,10,16,3,Servicio de Salud Metropolitano Oriente,Centro de Salud Familiar Félix de Amesti,Macul,MENORES CONTROLADOS
283,4,12,112312,A0200002,13,13118,10,5,9,Servicio de Salud Metropolitano Oriente,Centro de Salud Familiar Félix de Amesti,Macul,LACTANCIA MATERNA EXCLUSIVA
284,4,12,112312,A0200001,13,13118,13,8,10,Servicio de Salud Metropolitano Oriente,Centro de Salud Familiar Félix de Amesti,Macul,MENORES CONTROLADOS
285,8,12,112312,A0200001,13,13118,7,12,10,Servicio de Salud Metropolitano Oriente,Centro de Salud Familiar Félix de Amesti,Macul,MENORES CONTROLADOS
286,5,12,112312,A0200001,13,13118,6,10,16,Servicio de Salud Metropolitano Oriente,Centro de Salud Familiar Félix de Amesti,Macul,MENORES CONTROLADOS
287,5,12,112312,A0200002,13,13118,4,5,9,Servicio de Salud Metropolitano Oriente,Centro de Salud Familiar Félix de Amesti,Macul,LACTANCIA MATERNA EXCLUSIVA
288,1,12,112312,A0200002,13,13118,5,6,9,Servicio de Salud Metropolitano Oriente,Centro de Salud Familiar Félix de Amesti,Macul,LACTANCIA MATERNA EXCLUSIVA
289,1,12,112312,A0200001,13,13118,12,9,14,Servicio de Salud Metropolitano Oriente,Centro de Salud Familiar Félix de Amesti,Macul,MENORES CONTROLADOS
290,8,12,112312,A0200002,13,13118,6,6,4,Servicio de Salud Metropolitano Oriente,Centro de Salud Familiar Félix de Amesti,Macul,LACTANCIA MATERNA EXCLUSIVA
291,11,12,112312,A0200002,13,13118,6,9,6,Servicio de Salud Metropolitano Oriente,Centro de Salud Familiar Félix de Amesti,Macul,LACTANCIA MATERNA EXCLUSIVA
292,11,12,112312,A0200001,13,13118,11,16,10,Servicio de Salud Metropolitano Oriente,Centro de Salud Familiar Félix de Amesti,Macul,MENORES CONTROLADOS
293,10,12,112319,A0200002,13,13118,5,4,4,Servicio de Salud Metropolitano Oriente,Centro de Salud Familiar Padre Alberto Hurtado,Macul,LACTANCIA MATERNA EXCLUSIVA
294,10,12,112319,A0200001,13,13118,10,6,9,Servicio de Salud Metropolitano Oriente,Centro de Salud Familiar Padre Alberto Hurtado,Macul,MENORES CONTROLADOS
295,2,12,112319,A0200002,13,13118,12,5,6,Servicio de Salud Metropolitano Oriente,Centro de Salud Familiar Padre Alberto Hurtado,Macul,LACTANCIA MATERNA EXCLUSIVA
296,2,12,112319,A0200001,13,13118,12,7,10,Servicio de Salud Metropolitano Oriente,Centro de Salud Familiar Padre Alberto Hurtado,Macul,MENORES CONTROLADOS
297,7,12,112319,A0200002,13,13118,7,7,3,Servicio de Salud Metropolitano Oriente,Centro de Salud Familiar Padre Alberto Hurtado,Macul,LACTANCIA MATERNA EXCLUSIVA
298,7,12,112319,A0200001,13,13118,10,14,6,Servicio de Salud Metropolitano Oriente,Centro de Salud Familiar Padre Alberto Hurtado,Macul,MENORES CONTROLADOS
299,9,12,112319,A0200001,13,13118,12,8,15,Servicio de Salud Metropolitano Oriente,Centro de Salud Familiar Padre Alberto Hurtado,Macul,MENORES CONTROLADOS
300,9,12,112319,A0200002,13,13118,7,3,3,Servicio de Salud Metropolitano Oriente,Centro de Salud Familiar Padre Alberto Hurtado,Macul,LACTANCIA MATERNA EXCLUSIVA
301,4,12,112319,A0200001,13,13118,13,14,8,Servicio de Salud Metropolitano Oriente,Centro de Salud Familiar Padre Alberto Hurtado,Macul,MENORES CONTROLADOS
302,4,12,112319,A0200002,13,13118,6,8,4,Servicio de Salud Metropolitano Oriente,Centro de Salud Familiar Padre Alberto Hurtado,Macul,LACTANCIA MATERNA EXCLUSIVA
303,8,12,112319,A0200002,13,13118,4,6,0,Servicio de Salud Metropolitano Oriente,Centro de Salud Familiar Padre Alberto Hurtado,Macul,LACTANCIA MATERNA EXCLUSIVA
304,8,12,112319,A0200001,13,13118,6,12,3,Servicio de Salud Metropolitano Oriente,Centro de Salud Familiar Padre Alberto Hurtado,Macul,MENORES CONTROLADOS
305,1,12,112319,A0200002,13,13118,3,6,3,Servicio de Salud Metropolitano Oriente,Centro de Salud Familiar Padre Alberto Hurtado,Macul,LACTANCIA MATERNA EXCLUSIVA
306,1,12,112319,A0200001,13,13118,8,7,8,Servicio de Salud Metropolitano Oriente,Centro de Salud Familiar Padre Alberto Hurtado,Macul,MENORES CONTROLADOS
307,3,12,112319,A0200002,13,13118,3,6,3,Servicio de Salud Metropolitano Oriente,Centro de Salud Familiar Padre Alberto Hurtado,Macul,LACTANCIA MATERNA EXCLUSIVA
308,3,12,112319,A0200001,13,13118,8,12,9,Servicio de Salud Metropolitano Oriente,Centro de Salud Familiar Padre Alberto Hurtado,Macul,MENORES CONTROLADOS
309,6,12,112319,A0200002,13,13118,6,5,7,Servicio de Salud Metropolitano Oriente,Centro de Salud Familiar Padre Alberto Hurtado,Macul,LACTANCIA MATERNA EXCLUSIVA
310,6,12,112319,A0200001,13,13118,12,15,11,Servicio de Salud Metropolitano Oriente,Centro de Salud Familiar Padre Alberto Hurtado,Macul,MENORES CONTROLADOS
311,11,12,112319,A0200002,13,13118,6,11,4,Servicio de Salud Metropolitano Oriente,Centro de Salud Familiar Padre Alberto Hurtado,Macul,LACTANCIA MATERNA EXCLUSIVA
312,11,12,112319,A0200001,13,13118,9,17,8,Servicio de Salud Metropolitano Oriente,Centro de Salud Familiar Padre Alberto Hurtado,Macul,MENORES CONTROLADOS
313,5,12,112319,A0200002,13,13118,6,6,2,Servicio de Salud Metropolitano Oriente,Centro de Salud Familiar Padre Alberto Hurtado,Macul,LACTANCIA MATERNA EXCLUSIVA
314,5,12,112319,A0200001,13,13118,14,12,6,Servicio de Salud Metropolitano Oriente,Centro de Salud Familiar Padre Alberto Hurtado,Macul,MENORES CONTROLADOS
315,12,12,112319,A0200002,13,13118,1,5,6,Servicio de Salud Metropolitano Oriente,Centro de Salud Familiar Padre Alberto Hurtado,Macul,LACTANCIA MATERNA EXCLUSIVA
316,12,12,112319,A0200001,13,13118,5,10,11,Servicio de Salud Metropolitano Oriente,Centro de Salud Familiar Padre Alberto Hurtado,Macul,MENORES CONTROLADOS
317,12,12,112313,A0200002,13,13118,14,7,13,Servicio de Salud Metropolitano Oriente,Centro de Salud Familiar Santa Julia,Macul,LACTANCIA MATERNA EXCLUSIVA
318,12,12,112313,A0200001,13,13118,23,13,19,Servicio de Salud Metropolitano Oriente,Centro de Salud Familiar Santa Julia,Macul,MENORES CONTROLADOS
319,6,12,112313,A0200001,13,13118,25,17,21,Servicio de Salud Metropolitano Oriente,Centro de Salud Familiar Santa Julia,Macul,MENORES CONTROLADOS
320,3,12,112313,A0200002,13,13118,7,8,15,Servicio de Salud Metropolitano Oriente,Centro de Salud Familiar Santa Julia,Macul,LACTANCIA MATERNA EXCLUSIVA
321,3,12,112313,A0200001,13,13118,11,15,24,Servicio de Salud Metropolitano Oriente,Centro de Salud Familiar Santa Julia,Macul,MENORES CONTROLADOS
322,6,12,112313,A0200002,13,13118,20,13,14,Servicio de Salud Metropolitano Oriente,Centro de Salud Familiar Santa Julia,Macul,LACTANCIA MATERNA EXCLUSIVA
323,8,12,112313,A0200002,13,13118,10,6,9,Servicio de Salud Metropolitano Oriente,Centro de Salud Familiar Santa Julia,Macul,LACTANCIA MATERNA EXCLUSIVA
324,8,12,112313,A0200001,13,13118,15,16,13,Servicio de Salud Metropolitano Oriente,Centro de Salud Familiar Santa Julia,Macul,MENORES CONTROLADOS
325,2,12,112313,A0200001,13,13118,25,16,23,Servicio de Salud Metropolitano Oriente,Centro de Salud Familiar Santa Julia,Macul,MENORES CONTROLADOS
326,2,12,112313,A0200002,13,13118,17,9,18,Servicio de Salud Metropolitano Oriente,Centro de Salud Familiar Santa Julia,Macul,LACTANCIA MATERNA EXCLUSIVA
327,11,12,112313,A0200002,13,13118,18,7,11,Servicio de Salud Metropolitano Oriente,Centro de Salud Familiar Santa Julia,Macul,LACTANCIA MATERNA EXCLUSIVA
328,11,12,112313,A0200001,13,13118,23,16,17,Servicio de Salud Metropolitano Oriente,Centro de Salud Familiar Santa Julia,Macul,MENORES CONTROLADOS
329,10,12,112313,A0200002,13,13118,15,5,11,Servicio de Salud Metropolitano Oriente,Centro de Salud Familiar Santa Julia,Macul,LACTANCIA MATERNA EXCLUSIVA
330,10,12,112313,A0200001,13,13118,15,8,18,Servicio de Salud Metropolitano Oriente,Centro de Salud Familiar Santa Julia,Macul,MENORES CONTROLADOS
331,5,12,112313,A0200001,13,13118,24,10,25,Servicio de Salud Metropolitano Oriente,Centro de Salud Familiar Santa Julia,Macul,MENORES CONTROLADOS
332,5,12,112313,A0200002,13,13118,14,5,16,Servicio de Salud Metropolitano Oriente,Centro de Salud Familiar Santa Julia,Macul,LACTANCIA MATERNA EXCLUSIVA
333,7,12,112313,A0200002,13,13118,15,13,11,Servicio de Salud Metropolitano Oriente,Centro de Salud Familiar Santa Julia,Macul,LACTANCIA MATERNA EXCLUSIVA
334,7,12,112313,A0200001,13,13118,22,21,17,Servicio de Salud Metropolitano Oriente,Centro de Salud Familiar Santa Julia,Macul,MENORES CONTROLADOS
335,4,12,112313,A0200002,13,13118,6,9,10,Servicio de Salud Metropolitano Oriente,Centro de Salud Familiar Santa Julia,Macul,LACTANCIA MATERNA EXCLUSIVA
336,4,12,112313,A0200001,13,13118,16,13,17,Servicio de Salud Metropolitano Oriente,Centro de Salud Familiar Santa Julia,Macul,MENORES CONTROLADOS
337,1,12,112313,A0200002,13,13118,11,5,12,Servicio de Salud Metropolitano Oriente,Centro de Salud Familiar Santa Julia,Macul,LACTANCIA MATERNA EXCLUSIVA
338,1,12,112313,A0200001,13,13118,14,10,23,Servicio de Salud Metropolitano Oriente,Centro de Salud Familiar Santa Julia,Macul,MENORES CONTROLADOS
339,9,12,112313,A0200001,13,13118,21,15,19,Servicio de Salud Metropolitano Oriente,Centro de Salud Familiar Santa Julia,Macul,MENORES CONTROLADOS
340,9,12,112313,A0200002,13,13118,16,10,12,Servicio de Salud Metropolitano Oriente,Centro de Salud Familiar Santa Julia,Macul,LACTANCIA MATERNA EXCLUSIVA
341,12,12,112311,A0200002,13,13120,8,6,10,Servicio de Salud Metropolitano Oriente,Centro de Salud Familiar Salvador Bustos,Ñuñoa,LACTANCIA MATERNA EXCLUSIVA
342,12,12,112311,A0200001,13,13120,15,8,16,Servicio de Salud Metropolitano Oriente,Centro de Salud Familiar Salvador Bustos,Ñuñoa,MENORES CONTROLADOS
343,7,12,200236,A0200001,13,13120,2,4,4,Servicio de Salud Metropolitano Oriente,Centro Comunitario de Salud Familiar Villa Olímpica,Ñuñoa,MENORES CONTROLADOS
344,7,12,200236,A0200002,13,13120,1,3,3,Servicio de Salud Metropolitano Oriente,Centro Comunitario de Salud Familiar Villa Olímpica,Ñuñoa,LACTANCIA MATERNA EXCLUSIVA
345,11,12,200236,A0200002,13,13120,1,3,,Servicio de Salud Metropolitano Oriente,Centro Comunitario de Salud Familiar Villa Olímpica,Ñuñoa,LACTANCIA MATERNA EXCLUSIVA
346,11,12,200236,A0200001,13,13120,3,4,1,Servicio de Salud Metropolitano Oriente,Centro Comunitario de Salud Familiar Villa Olímpica,Ñuñoa,MENORES CONTROLADOS
347,2,12,200236,A0200001,13,13120,2,1,1,Servicio de Salud Metropolitano Oriente,Centro Comunitario de Salud Familiar Villa Olímpica,Ñuñoa,MENORES CONTROLADOS
348,2,12,200236,A0200002,13,13120,2,,1,Servicio de Salud Metropolitano Oriente,Centro Comunitario de Salud Familiar Villa Olímpica,Ñuñoa,LACTANCIA MATERNA EXCLUSIVA
349,10,12,112311,A0200002,13,13120,6,13,9,Servicio de Salud Metropolitano Oriente,Centro de Salud Familiar Salvador Bustos,Ñuñoa,LACTANCIA MATERNA EXCLUSIVA
350,10,12,112311,A0200001,13,13120,15,21,13,Servicio de Salud Metropolitano Oriente,Centro de Salud Familiar Salvador Bustos,Ñuñoa,MENORES CONTROLADOS
351,2,12,112311,A0200002,13,13120,6,10,7,Servicio de Salud Metropolitano Oriente,Centro de Salud Familiar Salvador Bustos,Ñuñoa,LACTANCIA MATERNA EXCLUSIVA
352,2,12,112311,A0200001,13,13120,8,15,18,Servicio de Salud Metropolitano Oriente,Centro de Salud Familiar Salvador Bustos,Ñuñoa,MENORES CONTROLADOS
353,3,12,112311,A0200002,13,13120,12,3,12,Servicio de Salud Metropolitano Oriente,Centro de Salud Familiar Salvador Bustos,Ñuñoa,LACTANCIA MATERNA EXCLUSIVA
354,3,12,112311,A0200001,13,13120,15,10,18,Servicio de Salud Metropolitano Oriente,Centro de Salud Familiar Salvador Bustos,Ñuñoa,MENORES CONTROLADOS
355,9,12,200236,A0200002,13,13120,3,,1,Servicio de Salud Metropolitano Oriente,Centro Comunitario de Salud Familiar Villa Olímpica,Ñuñoa,LACTANCIA MATERNA EXCLUSIVA
356,9,12,200236,A0200001,13,13120,3,1,5,Servicio de Salud Metropolitano Oriente,Centro Comunitario de Salud Familiar Villa Olímpica,Ñuñoa,MENORES CONTROLADOS
357,9,12,112311,A0200002,13,13120,10,8,6,Servicio de Salud Metropolitano Oriente,Centro de Salud Familiar Salvador Bustos,Ñuñoa,LACTANCIA MATERNA EXCLUSIVA
358,9,12,112311,A0200001,13,13120,18,12,9,Servicio de Salud Metropolitano Oriente,Centro de Salud Familiar Salvador Bustos,Ñuñoa,MENORES CONTROLADOS
359,4,12,200236,A0200001,13,13120,3,,2,Servicio de Salud Metropolitano Oriente,Centro Comunitario de Salud Familiar Villa Olímpica,Ñuñoa,MENORES CONTROLADOS
360,4,12,200236,A0200002,13,13120,1,,2,Servicio de Salud Metropolitano Oriente,Centro Comunitario de Salud Familiar Villa Olímpica,Ñuñoa,LACTANCIA MATERNA EXCLUSIVA
361,8,12,112311,A0200002,13,13120,4,6,9,Servicio de Salud Metropolitano Oriente,Centro de Salud Familiar Salvador Bustos,Ñuñoa,LACTANCIA MATERNA EXCLUSIVA
362,8,12,112311,A0200001,13,13120,8,8,15,Servicio de Salud Metropolitano Oriente,Centro de Salud Familiar Salvador Bustos,Ñuñoa,MENORES CONTROLADOS
363,6,12,112311,A0200001,13,13120,9,10,14,Servicio de Salud Metropolitano Oriente,Centro de Salud Familiar Salvador Bustos,Ñuñoa,MENORES CONTROLADOS
364,6,12,200236,A0200002,13,13120,1,2,4,Servicio de Salud Metropolitano Oriente,Centro Comunitario de Salud Familiar Villa Olímpica,Ñuñoa,LACTANCIA MATERNA EXCLUSIVA
365,6,12,200236,A0200001,13,13120,2,6,9,Servicio de Salud Metropolitano Oriente,Centro Comunitario de Salud Familiar Villa Olímpica,Ñuñoa,MENORES CONTROLADOS
366,5,12,200236,A0200002,13,13120,5,1,,Servicio de Salud Metropolitano Oriente,Centro Comunitario de Salud Familiar Villa Olímpica,Ñuñoa,LACTANCIA MATERNA EXCLUSIVA
367,3,12,200236,A0200002,13,13120,1,,2,Servicio de Salud Metropolitano Oriente,Centro Comunitario de Salud Familiar Villa Olímpica,Ñuñoa,LACTANCIA MATERNA EXCLUSIVA
368,3,12,200236,A0200001,13,13120,2,2,2,Servicio de Salud Metropolitano Oriente,Centro Comunitario de Salud Familiar Villa Olímpica,Ñuñoa,MENORES CONTROLADOS
369,5,12,200236,A0200001,13,13120,7,4,1,Servicio de Salud Metropolitano Oriente,Centro Comunitario de Salud Familiar Villa Olímpica,Ñuñoa,MENORES CONTROLADOS
370,11,12,112311,A0200002,13,13120,5,10,11,Servicio de Salud Metropolitano Oriente,Centro de Salud Familiar Salvador Bustos,Ñuñoa,LACTANCIA MATERNA EXCLUSIVA
371,11,12,112311,A0200001,13,13120,11,22,15,Servicio de Salud Metropolitano Oriente,Centro de Salud Familiar Salvador Bustos,Ñuñoa,MENORES CONTROLADOS
372,12,12,200236,A0200002,13,13120,3,1,1,Servicio de Salud Metropolitano Oriente,Centro Comunitario de Salud Familiar Villa Olímpica,Ñuñoa,LACTANCIA MATERNA EXCLUSIVA
373,12,12,200236,A0200001,13,13120,4,3,2,Servicio de Salud Metropolitano Oriente,Centro Comunitario de Salud Familiar Villa Olímpica,Ñuñoa,MENORES CONTROLADOS
374,6,12,112311,A0200002,13,13120,5,7,7,Servicio de Salud Metropolitano Oriente,Centro de Salud Familiar Salvador Bustos,Ñuñoa,LACTANCIA MATERNA EXCLUSIVA
375,1,12,200236,A0200002,13,13120,2,5,,Servicio de Salud Metropolitano Oriente,Centro Comunitario de Salud Familiar Villa Olímpica,Ñuñoa,LACTANCIA MATERNA EXCLUSIVA
376,1,12,112311,A0200001,13,13120,18,17,15,Servicio de Salud Metropolitano Oriente,Centro de Salud Familiar Salvador Bustos,Ñuñoa,MENORES CONTROLADOS
377,1,12,112311,A0200002,13,13120,12,8,11,Servicio de Salud Metropolitano Oriente,Centro de Salud Familiar Salvador Bustos,Ñuñoa,LACTANCIA MATERNA EXCLUSIVA
378,1,12,200236,A0200001,13,13120,4,5,2,Servicio de Salud Metropolitano Oriente,Centro Comunitario de Salud Familiar Villa Olímpica,Ñuñoa,MENORES CONTROLADOS
379,7,12,112311,A0200001,13,13120,8,17,16,Servicio de Salud Metropolitano Oriente,Centro de Salud Familiar Salvador Bustos,Ñuñoa,MENORES CONTROLADOS
380,7,12,112311,A0200002,13,13120,4,7,9,Servicio de Salud Metropolitano Oriente,Centro de Salud Familiar Salvador Bustos,Ñuñoa,LACTANCIA MATERNA EXCLUSIVA
381,10,12,200236,A0200002,13,13120,3,2,3,Servicio de Salud Metropolitano Oriente,Centro Comunitario de Salud Familiar Villa Olímpica,Ñuñoa,LACTANCIA MATERNA EXCLUSIVA
382,10,12,200236,A0200001,13,13120,3,3,3,Servicio de Salud Metropolitano Oriente,Centro Comunitario de Salud Familiar Villa Olímpica,Ñuñoa,MENORES CONTROLADOS
383,8,12,200236,A0200002,13,13120,,1,1,Servicio de Salud Metropolitano Oriente,Centro Comunitario de Salud Familiar Villa Olímpica,Ñuñoa,LACTANCIA MATERNA EXCLUSIVA
384,8,12,200236,A0200001,13,13120,,2,5,Servicio de Salud Metropolitano Oriente,Centro Comunitario de Salud Familiar Villa Olímpica,Ñuñoa,MENORES CONTROLADOS
385,5,12,112311,A0200002,13,13120,5,10,7,Servicio de Salud Metropolitano Oriente,Centro de Salud Familiar Salvador Bustos,Ñuñoa,LACTANCIA MATERNA EXCLUSIVA
386,5,12,112311,A0200001,13,13120,9,19,14,Servicio de Salud Metropolitano Oriente,Centro de Salud Familiar Salvador Bustos,Ñuñoa,MENORES CONTROLADOS
387,4,12,112311,A0200002,13,13120,9,7,10,Servicio de Salud Metropolitano Oriente,Centro de Salud Familiar Salvador Bustos,Ñuñoa,LACTANCIA MATERNA EXCLUSIVA
388,4,12,112311,A0200001,13,13120,13,13,20,Servicio de Salud Metropolitano Oriente,Centro de Salud Familiar Salvador Bustos,Ñuñoa,MENORES CONTROLADOS
389,11,12,112310,A0200002,13,13120,5,8,5,Servicio de Salud Metropolitano Oriente,Centro de Salud Familiar Rosita Renard,Ñuñoa,LACTANCIA MATERNA EXCLUSIVA
390,12,12,112310,A0200002,13,13120,11,8,9,Servicio de Salud Metropolitano Oriente,Centro de Salud Familiar Rosita Renard,Ñuñoa,LACTANCIA MATERNA EXCLUSIVA
391,12,12,112310,A0200001,13,13120,18,17,15,Servicio de Salud Metropolitano Oriente,Centro de Salud Familiar Rosita Renard,Ñuñoa,MENORES CONTROLADOS
392,11,12,112310,A0200001,13,13120,10,16,11,Servicio de Salud Metropolitano Oriente,Centro de Salud Familiar Rosita Renard,Ñuñoa,MENORES CONTROLADOS
393,6,12,112310,A0200002,13,13120,6,10,4,Servicio de Salud Metropolitano Oriente,Centro de Salud Familiar Rosita Renard,Ñuñoa,LACTANCIA MATERNA EXCLUSIVA
394,6,12,112310,A0200001,13,13120,12,17,7,Servicio de Salud Metropolitano Oriente,Centro de Salud Familiar Rosita Renard,Ñuñoa,MENORES CONTROLADOS
395,8,12,112310,A0200002,13,13120,7,7,12,Servicio de Salud Metropolitano Oriente,Centro de Salud Familiar Rosita Renard,Ñuñoa,LACTANCIA MATERNA EXCLUSIVA
396,8,12,112310,A0200001,13,13120,11,15,17,Servicio de Salud Metropolitano Oriente,Centro de Salud Familiar Rosita Renard,Ñuñoa,MENORES CONTROLADOS
397,7,12,112310,A0200002,13,13120,9,11,8,Servicio de Salud Metropolitano Oriente,Centro de Salud Familiar Rosita Renard,Ñuñoa,LACTANCIA MATERNA EXCLUSIVA
398,7,12,112310,A0200001,13,13120,14,22,10,Servicio de Salud Metropolitano Oriente,Centro de Salud Familiar Rosita Renard,Ñuñoa,MENORES CONTROLADOS
399,3,12,112310,A0200002,13,13120,12,7,6,Servicio de Salud Metropolitano Oriente,Centro de Salud Familiar Rosita Renard,Ñuñoa,LACTANCIA MATERNA EXCLUSIVA
400,3,12,112310,A0200001,13,13120,14,10,11,Servicio de Salud Metropolitano Oriente,Centro de Salud Familiar Rosita Renard,Ñuñoa,MENORES CONTROLADOS
401,4,12,112310,A0200002,13,13120,11,8,9,Servicio de Salud Metropolitano Oriente,Centro de Salud Familiar Rosita Renard,Ñuñoa,LACTANCIA MATERNA EXCLUSIVA
402,4,12,112310,A0200001,13,13120,16,14,18,Servicio de Salud Metropolitano Oriente,Centro de Salud Familiar Rosita Renard,Ñuñoa,MENORES CONTROLADOS
403,10,12,112310,A0200002,13,13120,10,8,6,Servicio de Salud Metropolitano Oriente,Centro de Salud Familiar Rosita Renard,Ñuñoa,LACTANCIA MATERNA EXCLUSIVA
404,10,12,112310,A0200001,13,13120,17,14,13,Servicio de Salud Metropolitano Oriente,Centro de Salud Familiar Rosita Renard,Ñuñoa,MENORES CONTROLADOS
405,2,12,112310,A0200001,13,13120,6,11,18,Servicio de Salud Metropolitano Oriente,Centro de Salud Familiar Rosita Renard,Ñuñoa,MENORES CONTROLADOS
406,2,12,112310,A0200002,13,13120,4,5,8,Servicio de Salud Metropolitano Oriente,Centro de Salud Familiar Rosita Renard,Ñuñoa,LACTANCIA MATERNA EXCLUSIVA
407,1,12,112310,A0200001,13,13120,9,25,14,Servicio de Salud Metropolitano Oriente,Centro de Salud Familiar Rosita Renard,Ñuñoa,MENORES CONTROLADOS
408,1,12,112310,A0200002,13,13120,6,13,8,Servicio de Salud Metropolitano Oriente,Centro de Salud Familiar Rosita Renard,Ñuñoa,LACTANCIA MATERNA EXCLUSIVA
409,9,12,112310,A0200002,13,13120,8,4,7,Servicio de Salud Metropolitano Oriente,Centro de Salud Familiar Rosita Renard,Ñuñoa,LACTANCIA MATERNA EXCLUSIVA
410,9,12,112310,A0200001,13,13120,11,13,19,Servicio de Salud Metropolitano Oriente,Centro de Salud Familiar Rosita Renard,Ñuñoa,MENORES CONTROLADOS
411,5,12,112310,A0200002,13,13120,7,9,3,Servicio de Salud Metropolitano Oriente,Centro de Salud Familiar Rosita Renard,Ñuñoa,LACTANCIA MATERNA EXCLUSIVA
412,5,12,112310,A0200001,13,13120,11,17,5,Servicio de Salud Metropolitano Oriente,Centro de Salud Familiar Rosita Renard,Ñuñoa,MENORES CONTROLADOS
413,7,12,112322,A0200002,13,13122,3,6,1,Servicio de Salud Metropolitano Oriente,Centro de Salud Familiar Padre Gerardo Whelan,Peñalolén,LACTANCIA MATERNA EXCLUSIVA
414,7,12,112322,A0200001,13,13122,6,16,8,Servicio de Salud Metropolitano Oriente,Centro de Salud Familiar Padre Gerardo Whelan,Peñalolén,MENORES CONTROLADOS
415,5,12,112322,A0200002,13,13122,7,3,7,Servicio de Salud Metropolitano Oriente,Centro de Salud Familiar Padre Gerardo Whelan,Peñalolén,LACTANCIA MATERNA EXCLUSIVA
416,8,12,112322,A0200002,13,13122,5,10,2,Servicio de Salud Metropolitano Oriente,Centro de Salud Familiar Padre Gerardo Whelan,Peñalolén,LACTANCIA MATERNA EXCLUSIVA
417,8,12,112322,A0200001,13,13122,11,16,3,Servicio de Salud Metropolitano Oriente,Centro de Salud Familiar Padre Gerardo Whelan,Peñalolén,MENORES CONTROLADOS
418,4,12,112322,A0200002,13,13122,2,2,5,Servicio de Salud Metropolitano Oriente,Centro de Salud Familiar Padre Gerardo Whelan,Peñalolén,LACTANCIA MATERNA EXCLUSIVA
419,4,12,112322,A0200001,13,13122,6,7,10,Servicio de Salud Metropolitano Oriente,Centro de Salud Familiar Padre Gerardo Whelan,Peñalolén,MENORES CONTROLADOS
420,9,12,112322,A0200002,13,13122,5,7,5,Servicio de Salud Metropolitano Oriente,Centro de Salud Familiar Padre Gerardo Whelan,Peñalolén,LACTANCIA MATERNA EXCLUSIVA
421,9,12,112322,A0200001,13,13122,6,11,9,Servicio de Salud Metropolitano Oriente,Centro de Salud Familiar Padre Gerardo Whelan,Peñalolén,MENORES CONTROLADOS
422,2,12,112322,A0200002,13,13122,1,5,4,Servicio de Salud Metropolitano Oriente,Centro de Salud Familiar Padre Gerardo Whelan,Peñalolén,LACTANCIA MATERNA EXCLUSIVA
423,2,12,112322,A0200001,13,13122,2,9,8,Servicio de Salud Metropolitano Oriente,Centro de Salud Familiar Padre Gerardo Whelan,Peñalolén,MENORES CONTROLADOS
424,10,12,112322,A0200002,13,13122,4,7,6,Servicio de Salud Metropolitano Oriente,Centro de Salud Familiar Padre Gerardo Whelan,Peñalolén,LACTANCIA MATERNA EXCLUSIVA
425,10,12,112322,A0200001,13,13122,10,10,13,Servicio de Salud Metropolitano Oriente,Centro de Salud Familiar Padre Gerardo Whelan,Peñalolén,MENORES CONTROLADOS
426,6,12,112322,A0200002,13,13122,8,4,4,Servicio de Salud Metropolitano Oriente,Centro de Salud Familiar Padre Gerardo Whelan,Peñalolén,LACTANCIA MATERNA EXCLUSIVA
427,6,12,112322,A0200001,13,13122,9,7,7,Servicio de Salud Metropolitano Oriente,Centro de Salud Familiar Padre Gerardo Whelan,Peñalolén,MENORES CONTROLADOS
428,11,12,112322,A0200002,13,13122,1,3,6,Servicio de Salud Metropolitano Oriente,Centro de Salud Familiar Padre Gerardo Whelan,Peñalolén,LACTANCIA MATERNA EXCLUSIVA
429,11,12,112322,A0200001,13,13122,5,5,9,Servicio de Salud Metropolitano Oriente,Centro de Salud Familiar Padre Gerardo Whelan,Peñalolén,MENORES CONTROLADOS
430,3,12,112322,A0200002,13,13122,3,7,7,Servicio de Salud Metropolitano Oriente,Centro de Salud Familiar Padre Gerardo Whelan,Peñalolén,LACTANCIA MATERNA EXCLUSIVA
431,3,12,112322,A0200001,13,13122,6,8,11,Servicio de Salud Metropolitano Oriente,Centro de Salud Familiar Padre Gerardo Whelan,Peñalolén,MENORES CONTROLADOS
432,1,12,112322,A0200002,13,13122,4,5,5,Servicio de Salud Metropolitano Oriente,Centro de Salud Familiar Padre Gerardo Whelan,Peñalolén,LACTANCIA MATERNA EXCLUSIVA
433,1,12,112322,A0200001,13,13122,9,14,7,Servicio de Salud Metropolitano Oriente,Centro de Salud Familiar Padre Gerardo Whelan,Peñalolén,MENORES CONTROLADOS
434,5,12,112322,A0200001,13,13122,14,5,13,Servicio de Salud Metropolitano Oriente,Centro de Salud Familiar Padre Gerardo Whelan,Peñalolén,MENORES CONTROLADOS
435,12,12,112322,A0200002,13,13122,1,4,4,Servicio de Salud Metropolitano Oriente,Centro de Salud Familiar Padre Gerardo Whelan,Peñalolén,LACTANCIA MATERNA EXCLUSIVA
436,12,12,112322,A0200001,13,13122,3,10,7,Servicio de Salud Metropolitano Oriente,Centro de Salud Familiar Padre Gerardo Whelan,Peñalolén,MENORES CONTROLADOS
437,8,12,112314,A0200002,13,13122,9,9,10,Servicio de Salud Metropolitano Oriente,Centro de Salud Familiar La Faena,Peñalolén,LACTANCIA MATERNA EXCLUSIVA
438,6,12,201112,A0200002,13,13122,8,7,11,Servicio de Salud Metropolitano Oriente,Centro de Salud Familiar Las Torres,Peñalolén,LACTANCIA MATERNA EXCLUSIVA
439,10,12,112314,A0200002,13,13122,3,10,10,Servicio de Salud Metropolitano Oriente,Centro de Salud Familiar La Faena,Peñalolén,LACTANCIA MATERNA EXCLUSIVA
440,10,12,112314,A0200001,13,13122,8,19,16,Servicio de Salud Metropolitano Oriente,Centro de Salud Familiar La Faena,Peñalolén,MENORES CONTROLADOS
441,10,12,201112,A0200002,13,13122,5,1,7,Servicio de Salud Metropolitano Oriente,Centro de Salud Familiar Las Torres,Peñalolén,LACTANCIA MATERNA EXCLUSIVA
442,10,12,201112,A0200001,13,13122,8,3,12,Servicio de Salud Metropolitano Oriente,Centro de Salud Familiar Las Torres,Peñalolén,MENORES CONTROLADOS
443,1,12,201112,A0200002,13,13122,10,7,2,Servicio de Salud Metropolitano Oriente,Centro de Salud Familiar Las Torres,Peñalolén,LACTANCIA MATERNA EXCLUSIVA
444,1,12,201112,A0200001,13,13122,15,10,9,Servicio de Salud Metropolitano Oriente,Centro de Salud Familiar Las Torres,Peñalolén,MENORES CONTROLADOS
445,7,12,112315,A0200002,13,13122,7,2,3,Servicio de Salud Metropolitano Oriente,Centro de Salud Familiar San Luis,Peñalolén,LACTANCIA MATERNA EXCLUSIVA
446,7,12,112315,A0200001,13,13122,16,6,12,Servicio de Salud Metropolitano Oriente,Centro de Salud Familiar San Luis,Peñalolén,MENORES CONTROLADOS
447,10,12,112315,A0200002,13,13122,5,5,2,Servicio de Salud Metropolitano Oriente,Centro de Salud Familiar San Luis,Peñalolén,LACTANCIA MATERNA EXCLUSIVA
448,10,12,112315,A0200001,13,13122,10,7,2,Servicio de Salud Metropolitano Oriente,Centro de Salud Familiar San Luis,Peñalolén,MENORES CONTROLADOS
449,4,12,201112,A0200002,13,13122,6,6,10,Servicio de Salud Metropolitano Oriente,Centro de Salud Familiar Las Torres,Peñalolén,LACTANCIA MATERNA EXCLUSIVA
450,9,12,201112,A0200001,13,13122,10,2,9,Servicio de Salud Metropolitano Oriente,Centro de Salud Familiar Las Torres,Peñalolén,MENORES CONTROLADOS
451,12,12,112315,A0200001,13,13122,3,8,13,Servicio de Salud Metropolitano Oriente,Centro de Salud Familiar San Luis,Peñalolén,MENORES CONTROLADOS
452,5,12,201112,A0200001,13,13122,12,3,13,Servicio de Salud Metropolitano Oriente,Centro de Salud Familiar Las Torres,Peñalolén,MENORES CONTROLADOS
453,5,12,201112,A0200002,13,13122,8,1,9,Servicio de Salud Metropolitano Oriente,Centro de Salud Familiar Las Torres,Peñalolén,LACTANCIA MATERNA EXCLUSIVA
454,12,12,112315,A0200002,13,13122,1,3,9,Servicio de Salud Metropolitano Oriente,Centro de Salud Familiar San Luis,Peñalolén,LACTANCIA MATERNA EXCLUSIVA
455,8,12,112314,A0200001,13,13122,14,16,17,Servicio de Salud Metropolitano Oriente,Centro de Salud Familiar La Faena,Peñalolén,MENORES CONTROLADOS
456,8,12,112315,A0200002,13,13122,8,2,8,Servicio de Salud Metropolitano Oriente,Centro de Salud Familiar San Luis,Peñalolén,LACTANCIA MATERNA EXCLUSIVA
457,2,12,112315,A0200001,13,13122,8,7,8,Servicio de Salud Metropolitano Oriente,Centro de Salud Familiar San Luis,Peñalolén,MENORES CONTROLADOS
458,2,12,112315,A0200002,13,13122,7,6,5,Servicio de Salud Metropolitano Oriente,Centro de Salud Familiar San Luis,Peñalolén,LACTANCIA MATERNA EXCLUSIVA
459,11,12,112314,A0200002,13,13122,3,12,6,Servicio de Salud Metropolitano Oriente,Centro de Salud Familiar La Faena,Peñalolén,LACTANCIA MATERNA EXCLUSIVA
460,11,12,112315,A0200002,13,13122,3,7,6,Servicio de Salud Metropolitano Oriente,Centro de Salud Familiar San Luis,Peñalolén,LACTANCIA MATERNA EXCLUSIVA
461,11,12,112315,A0200001,13,13122,7,12,10,Servicio de Salud Metropolitano Oriente,Centro de Salud Familiar San Luis,Peñalolén,MENORES CONTROLADOS
462,8,12,201112,A0200001,13,13122,9,2,13,Servicio de Salud Metropolitano Oriente,Centro de Salud Familiar Las Torres,Peñalolén,MENORES CONTROLADOS
463,8,12,112315,A0200001,13,13122,12,10,11,Servicio de Salud Metropolitano Oriente,Centro de Salud Familiar San Luis,Peñalolén,MENORES CONTROLADOS
464,8,12,201112,A0200002,13,13122,3,2,8,Servicio de Salud Metropolitano Oriente,Centro de Salud Familiar Las Torres,Peñalolén,LACTANCIA MATERNA EXCLUSIVA
465,2,12,112314,A0200001,13,13122,15,2,7,Servicio de Salud Metropolitano Oriente,Centro de Salud Familiar La Faena,Peñalolén,MENORES CONTROLADOS
466,2,12,112314,A0200002,13,13122,10,1,4,Servicio de Salud Metropolitano Oriente,Centro de Salud Familiar La Faena,Peñalolén,LACTANCIA MATERNA EXCLUSIVA
467,11,12,112314,A0200001,13,13122,7,19,9,Servicio de Salud Metropolitano Oriente,Centro de Salud Familiar La Faena,Peñalolén,MENORES CONTROLADOS
468,7,12,201112,A0200002,13,13122,3,3,13,Servicio de Salud Metropolitano Oriente,Centro de Salud Familiar Las Torres,Peñalolén,LACTANCIA MATERNA EXCLUSIVA
469,7,12,201112,A0200001,13,13122,7,6,18,Servicio de Salud Metropolitano Oriente,Centro de Salud Familiar Las Torres,Peñalolén,MENORES CONTROLADOS
470,5,12,112314,A0200002,13,13122,5,9,6,Servicio de Salud Metropolitano Oriente,Centro de Salud Familiar La Faena,Peñalolén,LACTANCIA MATERNA EXCLUSIVA
471,5,12,112314,A0200001,13,13122,13,17,11,Servicio de Salud Metropolitano Oriente,Centro de Salud Familiar La Faena,Peñalolén,MENORES CONTROLADOS
472,4,12,112314,A0200002,13,13122,4,13,7,Servicio de Salud Metropolitano Oriente,Centro de Salud Familiar La Faena,Peñalolén,LACTANCIA MATERNA EXCLUSIVA
473,4,12,112314,A0200001,13,13122,10,21,11,Servicio de Salud Metropolitano Oriente,Centro de Salud Familiar La Faena,Peñalolén,MENORES CONTROLADOS
474,2,12,201112,A0200002,13,13122,12,2,3,Servicio de Salud Metropolitano Oriente,Centro de Salud Familiar Las Torres,Peñalolén,LACTANCIA MATERNA EXCLUSIVA
475,2,12,201112,A0200001,13,13122,14,5,8,Servicio de Salud Metropolitano Oriente,Centro de Salud Familiar Las Torres,Peñalolén,MENORES CONTROLADOS
476,9,12,112314,A0200002,13,13122,9,8,9,Servicio de Salud Metropolitano Oriente,Centro de Salud Familiar La Faena,Peñalolén,LACTANCIA MATERNA EXCLUSIVA
477,9,12,112314,A0200001,13,13122,12,14,14,Servicio de Salud Metropolitano Oriente,Centro de Salud Familiar La Faena,Peñalolén,MENORES CONTROLADOS
478,9,12,112315,A0200002,13,13122,5,5,5,Servicio de Salud Metropolitano Oriente,Centro de Salud Familiar San Luis,Peñalolén,LACTANCIA MATERNA EXCLUSIVA
479,9,12,112315,A0200001,13,13122,11,14,7,Servicio de Salud Metropolitano Oriente,Centro de Salud Familiar San Luis,Peñalolén,MENORES CONTROLADOS
480,9,12,201112,A0200002,13,13122,6,1,7,Servicio de Salud Metropolitano Oriente,Centro de Salud Familiar Las Torres,Peñalolén,LACTANCIA MATERNA EXCLUSIVA
481,6,12,112314,A0200002,13,13122,10,6,8,Servicio de Salud Metropolitano Oriente,Centro de Salud Familiar La Faena,Peñalolén,LACTANCIA MATERNA EXCLUSIVA
482,6,12,112314,A0200001,13,13122,13,10,13,Servicio de Salud Metropolitano Oriente,Centro de Salud Familiar La Faena,Peñalolén,MENORES CONTROLADOS
483,12,12,112314,A0200002,13,13122,14,10,8,Servicio de Salud Metropolitano Oriente,Centro de Salud Familiar La Faena,Peñalolén,LACTANCIA MATERNA EXCLUSIVA
484,12,12,112314,A0200001,13,13122,15,13,14,Servicio de Salud Metropolitano Oriente,Centro de Salud Familiar La Faena,Peñalolén,MENORES CONTROLADOS
485,11,12,201112,A0200001,13,13122,12,5,11,Servicio de Salud Metropolitano Oriente,Centro de Salud Familiar Las Torres,Peñalolén,MENORES CONTROLADOS
486,11,12,201112,A0200002,13,13122,6,2,7,Servicio de Salud Metropolitano Oriente,Centro de Salud Familiar Las Torres,Peñalolén,LACTANCIA MATERNA EXCLUSIVA
487,3,12,201112,A0200002,13,13122,3,2,8,Servicio de Salud Metropolitano Oriente,Centro de Salud Familiar Las Torres,Peñalolén,LACTANCIA MATERNA EXCLUSIVA
488,3,12,201112,A0200001,13,13122,6,2,13,Servicio de Salud Metropolitano Oriente,Centro de Salud Familiar Las Torres,Peñalolén,MENORES CONTROLADOS
489,6,12,112315,A0200002,13,13122,8,7,6,Servicio de Salud Metropolitano Oriente,Centro de Salud Familiar San Luis,Peñalolén,LACTANCIA MATERNA EXCLUSIVA
490,6,12,112315,A0200001,13,13122,12,8,9,Servicio de Salud Metropolitano Oriente,Centro de Salud Familiar San Luis,Peñalolén,MENORES CONTROLADOS
491,3,12,112314,A0200002,13,13122,10,3,8,Servicio de Salud Metropolitano Oriente,Centro de Salud Familiar La Faena,Peñalolén,LACTANCIA MATERNA EXCLUSIVA
492,3,12,112314,A0200001,13,13122,16,8,13,Servicio de Salud Metropolitano Oriente,Centro de Salud Familiar La Faena,Peñalolén,MENORES CONTROLADOS
493,1,12,112315,A0200002,13,13122,6,8,10,Servicio de Salud Metropolitano Oriente,Centro de Salud Familiar San Luis,Peñalolén,LACTANCIA MATERNA EXCLUSIVA
494,5,12,112315,A0200001,13,13122,12,14,9,Servicio de Salud Metropolitano Oriente,Centro de Salud Familiar San Luis,Peñalolén,MENORES CONTROLADOS
495,5,12,112315,A0200002,13,13122,7,7,4,Servicio de Salud Metropolitano Oriente,Centro de Salud Familiar San Luis,Peñalolén,LACTANCIA MATERNA EXCLUSIVA
496,4,12,201112,A0200001,13,13122,8,8,13,Servicio de Salud Metropolitano Oriente,Centro de Salud Familiar Las Torres,Peñalolén,MENORES CONTROLADOS
497,1,12,112315,A0200001,13,13122,10,11,15,Servicio de Salud Metropolitano Oriente,Centro de Salud Familiar San Luis,Peñalolén,MENORES CONTROLADOS
498,1,12,112314,A0200002,13,13122,5,14,10,Servicio de Salud Metropolitano Oriente,Centro de Salud Familiar La Faena,Peñalolén,LACTANCIA MATERNA EXCLUSIVA
499,1,12,112314,A0200001,13,13122,13,19,18,Servicio de Salud Metropolitano Oriente,Centro de Salud Familiar La Faena,Peñalolén,MENORES CONTROLADOS
500,12,12,201112,A0200002,13,13122,4,,8,Servicio de Salud Metropolitano Oriente,Centro de Salud Familiar Las Torres,Peñalolén,LACTANCIA MATERNA EXCLUSIVA
501,12,12,201112,A0200001,13,13122,9,,14,Servicio de Salud Metropolitano Oriente,Centro de Salud Familiar Las Torres,Peñalolén,MENORES CONTROLADOS
502,4,12,112315,A0200002,13,13122,3,3,5,Servicio de Salud Metropolitano Oriente,Centro de Salud Familiar San Luis,Peñalolén,LACTANCIA MATERNA EXCLUSIVA
503,4,12,112315,A0200001,13,13122,7,8,11,Servicio de Salud Metropolitano Oriente,Centro de Salud Familiar San Luis,Peñalolén,MENORES CONTROLADOS
504,6,12,201112,A0200001,13,13122,13,9,15,Servicio de Salud Metropolitano Oriente,Centro de Salud Familiar Las Torres,Peñalolén,MENORES CONTROLADOS
505,7,12,112314,A0200002,13,13122,9,5,13,Servicio de Salud Metropolitano Oriente,Centro de Salud Familiar La Faena,Peñalolén,LACTANCIA MATERNA EXCLUSIVA
506,7,12,112314,A0200001,13,13122,14,8,19,Servicio de Salud Metropolitano Oriente,Centro de Salud Familiar La Faena,Peñalolén,MENORES CONTROLADOS
507,3,12,112315,A0200001,13,13122,12,11,13,Servicio de Salud Metropolitano Oriente,Centro de Salud Familiar San Luis,Peñalolén,MENORES CONTROLADOS
508,3,12,112315,A0200002,13,13122,7,4,3,Servicio de Salud Metropolitano Oriente,Centro de Salud Familiar San Luis,Peñalolén,LACTANCIA MATERNA EXCLUSIVA
509,9,12,112316,A0200002,13,13122,11,5,6,Servicio de Salud Metropolitano Oriente,Centro de Salud Familiar Carol Urzúa Ibáñez,Peñalolén,LACTANCIA MATERNA EXCLUSIVA
510,9,12,112316,A0200001,13,13122,17,12,10,Servicio de Salud Metropolitano Oriente,Centro de Salud Familiar Carol Urzúa Ibáñez,Peñalolén,MENORES CONTROLADOS
511,6,12,112316,A0200002,13,13122,12,6,11,Servicio de Salud Metropolitano Oriente,Centro de Salud Familiar Carol Urzúa Ibáñez,Peñalolén,LACTANCIA MATERNA EXCLUSIVA
512,6,12,112316,A0200001,13,13122,17,11,17,Servicio de Salud Metropolitano Oriente,Centro de Salud Familiar Carol Urzúa Ibáñez,Peñalolén,MENORES CONTROLADOS
513,1,12,112316,A0200002,13,13122,12,7,7,Servicio de Salud Metropolitano Oriente,Centro de Salud Familiar Carol Urzúa Ibáñez,Peñalolén,LACTANCIA MATERNA EXCLUSIVA
514,1,12,112316,A0200001,13,13122,21,16,12,Servicio de Salud Metropolitano Oriente,Centro de Salud Familiar Carol Urzúa Ibáñez,Peñalolén,MENORES CONTROLADOS
515,2,12,112316,A0200002,13,13122,8,5,7,Servicio de Salud Metropolitano Oriente,Centro de Salud Familiar Carol Urzúa Ibáñez,Peñalolén,LACTANCIA MATERNA EXCLUSIVA
516,2,12,112316,A0200001,13,13122,12,9,11,Servicio de Salud Metropolitano Oriente,Centro de Salud Familiar Carol Urzúa Ibáñez,Peñalolén,MENORES CONTROLADOS
517,5,12,112316,A0200002,13,13122,10,7,5,Servicio de Salud Metropolitano Oriente,Centro de Salud Familiar Carol Urzúa Ibáñez,Peñalolén,LACTANCIA MATERNA EXCLUSIVA
518,5,12,112316,A0200001,13,13122,14,13,9,Servicio de Salud Metropolitano Oriente,Centro de Salud Familiar Carol Urzúa Ibáñez,Peñalolén,MENORES CONTROLADOS
519,10,12,112316,A0200002,13,13122,10,6,9,Servicio de Salud Metropolitano Oriente,Centro de Salud Familiar Carol Urzúa Ibáñez,Peñalolén,LACTANCIA MATERNA EXCLUSIVA
520,10,12,112316,A0200001,13,13122,17,10,14,Servicio de Salud Metropolitano Oriente,Centro de Salud Familiar Carol Urzúa Ibáñez,Peñalolén,MENORES CONTROLADOS
521,4,12,112316,A0200002,13,13122,4,4,5,Servicio de Salud Metropolitano Oriente,Centro de Salud Familiar Carol Urzúa Ibáñez,Peñalolén,LACTANCIA MATERNA EXCLUSIVA
522,4,12,112316,A0200001,13,13122,9,10,8,Servicio de Salud Metropolitano Oriente,Centro de Salud Familiar Carol Urzúa Ibáñez,Peñalolén,MENORES CONTROLADOS
523,11,12,112316,A0200002,13,13122,3,7,9,Servicio de Salud Metropolitano Oriente,Centro de Salud Familiar Carol Urzúa Ibáñez,Peñalolén,LACTANCIA MATERNA EXCLUSIVA
524,11,12,112316,A0200001,13,13122,7,18,15,Servicio de Salud Metropolitano Oriente,Centro de Salud Familiar Carol Urzúa Ibáñez,Peñalolén,MENORES CONTROLADOS
525,12,12,112316,A0200002,13,13122,6,4,6,Servicio de Salud Metropolitano Oriente,Centro de Salud Familiar Carol Urzúa Ibáñez,Peñalolén,LACTANCIA MATERNA EXCLUSIVA
526,12,12,112316,A0200001,13,13122,8,12,10,Servicio de Salud Metropolitano Oriente,Centro de Salud Familiar Carol Urzúa Ibáñez,Peñalolén,MENORES CONTROLADOS
527,3,12,112316,A0200002,13,13122,4,11,10,Servicio de Salud Metropolitano Oriente,Centro de Salud Familiar Carol Urzúa Ibáñez,Peñalolén,LACTANCIA MATERNA EXCLUSIVA
528,3,12,112316,A0200001,13,13122,6,15,15,Servicio de Salud Metropolitano Oriente,Centro de Salud Familiar Carol Urzúa Ibáñez,Peñalolén,MENORES CONTROLADOS
529,8,12,112316,A0200002,13,13122,7,7,7,Servicio de Salud Metropolitano Oriente,Centro de Salud Familiar Carol Urzúa Ibáñez,Peñalolén,LACTANCIA MATERNA EXCLUSIVA
530,8,12,112316,A0200001,13,13122,9,11,12,Servicio de Salud Metropolitano Oriente,Centro de Salud Familiar Carol Urzúa Ibáñez,Peñalolén,MENORES CONTROLADOS
531,7,12,112316,A0200002,13,13122,8,14,9,Servicio de Salud Metropolitano Oriente,Centro de Salud Familiar Carol Urzúa Ibáñez,Peñalolén,LACTANCIA MATERNA EXCLUSIVA
532,7,12,112316,A0200001,13,13122,14,20,15,Servicio de Salud Metropolitano Oriente,Centro de Salud Familiar Carol Urzúa Ibáñez,Peñalolén,MENORES CONTROLADOS
533,8,12,112716,A0200002,13,13122,,1,1,Servicio de Salud Metropolitano Oriente,Centro Comunitario de Salud Familiar Esperanza Andina,Peñalolén,LACTANCIA MATERNA EXCLUSIVA
534,8,12,112716,A0200001,13,13122,,2,1,Servicio de Salud Metropolitano Oriente,Centro Comunitario de Salud Familiar Esperanza Andina,Peñalolén,MENORES CONTROLADOS
535,12,12,112716,A0200001,13,13122,,1,,Servicio de Salud Metropolitano Oriente,Centro Comunitario de Salud Familiar Esperanza Andina,Peñalolén,MENORES CONTROLADOS
536,12,12,112716,A0200002,13,13122,,,,Servicio de Salud Metropolitano Oriente,Centro Comunitario de Salud Familiar Esperanza Andina,Peñalolén,LACTANCIA MATERNA EXCLUSIVA
537,2,12,112716,A0200002,13,13122,0,0,1,Servicio de Salud Metropolitano Oriente,Centro Comunitario de Salud Familiar Esperanza Andina,Peñalolén,LACTANCIA MATERNA EXCLUSIVA
538,2,12,112716,A0200001,13,13122,,,1,Servicio de Salud Metropolitano Oriente,Centro Comunitario de Salud Familiar Esperanza Andina,Peñalolén,MENORES CONTROLADOS
539,11,12,112716,A0200002,13,13122,,,1,Servicio de Salud Metropolitano Oriente,Centro Comunitario de Salud Familiar Esperanza Andina,Peñalolén,LACTANCIA MATERNA EXCLUSIVA
540,11,12,112716,A0200001,13,13122,,,2,Servicio de Salud Metropolitano Oriente,Centro Comunitario de Salud Familiar Esperanza Andina,Peñalolén,MENORES CONTROLADOS
541,5,12,112716,A0200002,13,13122,,,,Servicio de Salud Metropolitano Oriente,Centro Comunitario de Salud Familiar Esperanza Andina,Peñalolén,LACTANCIA MATERNA EXCLUSIVA
542,5,12,112716,A0200001,13,13122,,,,Servicio de Salud Metropolitano Oriente,Centro Comunitario de Salud Familiar Esperanza Andina,Peñalolén,MENORES CONTROLADOS
543,3,12,112716,A0200001,13,13122,,1,,Servicio de Salud Metropolitano Oriente,Centro Comunitario de Salud Familiar Esperanza Andina,Peñalolén,MENORES CONTROLADOS
544,3,12,112716,A0200002,13,13122,,,,Servicio de Salud Metropolitano Oriente,Centro Comunitario de Salud Familiar Esperanza Andina,Peñalolén,LACTANCIA MATERNA EXCLUSIVA
545,4,12,112716,A0200002,13,13122,,,,Servicio de Salud Metropolitano Oriente,Centro Comunitario de Salud Familiar Esperanza Andina,Peñalolén,LACTANCIA MATERNA EXCLUSIVA
546,4,12,112716,A0200001,13,13122,,2,1,Servicio de Salud Metropolitano Oriente,Centro Comunitario de Salud Familiar Esperanza Andina,Peñalolén,MENORES CONTROLADOS
547,10,12,112716,A0200001,13,13122,,,1,Servicio de Salud Metropolitano Oriente,Centro Comunitario de Salud Familiar Esperanza Andina,Peñalolén,MENORES CONTROLADOS
548,10,12,112716,A0200002,13,13122,,,1,Servicio de Salud Metropolitano Oriente,Centro Comunitario de Salud Familiar Esperanza Andina,Peñalolén,LACTANCIA MATERNA EXCLUSIVA
549,6,12,112716,A0200002,13,13122,,,,Servicio de Salud Metropolitano Oriente,Centro Comunitario de Salud Familiar Esperanza Andina,Peñalolén,LACTANCIA MATERNA EXCLUSIVA
550,6,12,112716,A0200001,13,13122,,,,Servicio de Salud Metropolitano Oriente,Centro Comunitario de Salud Familiar Esperanza Andina,Peñalolén,MENORES CONTROLADOS
551,1,12,112716,A0200002,13,13122,,,1,Servicio de Salud Metropolitano Oriente,Centro Comunitario de Salud Familiar Esperanza Andina,Peñalolén,LACTANCIA MATERNA EXCLUSIVA
552,1,12,112716,A0200001,13,13122,,,1,Servicio de Salud Metropolitano Oriente,Centro Comunitario de Salud Familiar Esperanza Andina,Peñalolén,MENORES CONTROLADOS
553,7,12,112716,A0200002,13,13122,,,2,Servicio de Salud Metropolitano Oriente,Centro Comunitario de Salud Familiar Esperanza Andina,Peñalolén,LACTANCIA MATERNA EXCLUSIVA
554,7,12,112716,A0200001,13,13122,,,2,Servicio de Salud Metropolitano Oriente,Centro Comunitario de Salud Familiar Esperanza Andina,Peñalolén,MENORES CONTROLADOS
555,9,12,112716,A0200001,13,13122,,,,Servicio de Salud Metropolitano Oriente,Centro Comunitario de Salud Familiar Esperanza Andina,Peñalolén,MENORES CONTROLADOS
556,11,12,112321,A0200002,13,13122,6,4,6,Servicio de Salud Metropolitano Oriente,Centro de Salud Familiar Cardenal Silva Henríquez,Peñalolén,LACTANCIA MATERNA EXCLUSIVA
557,11,12,112321,A0200001,13,13122,10,12,10,Servicio de Salud Metropolitano Oriente,Centro de Salud Familiar Cardenal Silva Henríquez,Peñalolén,MENORES CONTROLADOS
558,10,12,112318,A0200001,13,13122,8,16,19,Servicio de Salud Metropolitano Oriente,Centro de Salud Familiar Lo Hermida,Peñalolén,MENORES CONTROLADOS
559,2,12,112318,A0200002,13,13122,12,5,7,Servicio de Salud Metropolitano Oriente,Centro de Salud Familiar Lo Hermida,Peñalolén,LACTANCIA MATERNA EXCLUSIVA
560,2,12,112318,A0200001,13,13122,17,8,9,Servicio de Salud Metropolitano Oriente,Centro de Salud Familiar Lo Hermida,Peñalolén,MENORES CONTROLADOS
561,10,12,112318,A0200002,13,13122,1,11,9,Servicio de Salud Metropolitano Oriente,Centro de Salud Familiar Lo Hermida,Peñalolén,LACTANCIA MATERNA EXCLUSIVA
562,2,12,112321,A0200002,13,13122,4,9,6,Servicio de Salud Metropolitano Oriente,Centro de Salud Familiar Cardenal Silva Henríquez,Peñalolén,LACTANCIA MATERNA EXCLUSIVA
563,2,12,112321,A0200001,13,13122,6,17,12,Servicio de Salud Metropolitano Oriente,Centro de Salud Familiar Cardenal Silva Henríquez,Peñalolén,MENORES CONTROLADOS
564,8,12,112318,A0200002,13,13122,9,7,7,Servicio de Salud Metropolitano Oriente,Centro de Salud Familiar Lo Hermida,Peñalolén,LACTANCIA MATERNA EXCLUSIVA
565,8,12,112318,A0200001,13,13122,16,11,14,Servicio de Salud Metropolitano Oriente,Centro de Salud Familiar Lo Hermida,Peñalolén,MENORES CONTROLADOS
566,10,12,112321,A0200002,13,13122,8,6,6,Servicio de Salud Metropolitano Oriente,Centro de Salud Familiar Cardenal Silva Henríquez,Peñalolén,LACTANCIA MATERNA EXCLUSIVA
567,10,12,112321,A0200001,13,13122,10,9,10,Servicio de Salud Metropolitano Oriente,Centro de Salud Familiar Cardenal Silva Henríquez,Peñalolén,MENORES CONTROLADOS
568,5,12,112318,A0200002,13,13122,9,11,5,Servicio de Salud Metropolitano Oriente,Centro de Salud Familiar Lo Hermida,Peñalolén,LACTANCIA MATERNA EXCLUSIVA
569,5,12,112318,A0200001,13,13122,14,20,12,Servicio de Salud Metropolitano Oriente,Centro de Salud Familiar Lo Hermida,Peñalolén,MENORES CONTROLADOS
570,9,12,112318,A0200002,13,13122,4,9,7,Servicio de Salud Metropolitano Oriente,Centro de Salud Familiar Lo Hermida,Peñalolén,LACTANCIA MATERNA EXCLUSIVA
571,9,12,112318,A0200001,13,13122,7,16,14,Servicio de Salud Metropolitano Oriente,Centro de Salud Familiar Lo Hermida,Peñalolén,MENORES CONTROLADOS
572,7,12,112321,A0200002,13,13122,2,4,5,Servicio de Salud Metropolitano Oriente,Centro de Salud Familiar Cardenal Silva Henríquez,Peñalolén,LACTANCIA MATERNA EXCLUSIVA
573,7,12,112321,A0200001,13,13122,7,7,9,Servicio de Salud Metropolitano Oriente,Centro de Salud Familiar Cardenal Silva Henríquez,Peñalolén,MENORES CONTROLADOS
574,7,12,112318,A0200002,13,13122,10,7,11,Servicio de Salud Metropolitano Oriente,Centro de Salud Familiar Lo Hermida,Peñalolén,LACTANCIA MATERNA EXCLUSIVA
575,7,12,112318,A0200001,13,13122,18,16,14,Servicio de Salud Metropolitano Oriente,Centro de Salud Familiar Lo Hermida,Peñalolén,MENORES CONTROLADOS
576,4,12,112321,A0200002,13,13122,3,5,6,Servicio de Salud Metropolitano Oriente,Centro de Salud Familiar Cardenal Silva Henríquez,Peñalolén,LACTANCIA MATERNA EXCLUSIVA
577,4,12,112321,A0200001,13,13122,7,10,11,Servicio de Salud Metropolitano Oriente,Centro de Salud Familiar Cardenal Silva Henríquez,Peñalolén,MENORES CONTROLADOS
578,9,12,112321,A0200002,13,13122,3,5,9,Servicio de Salud Metropolitano Oriente,Centro de Salud Familiar Cardenal Silva Henríquez,Peñalolén,LACTANCIA MATERNA EXCLUSIVA
579,9,12,112321,A0200001,13,13122,9,8,11,Servicio de Salud Metropolitano Oriente,Centro de Salud Familiar Cardenal Silva Henríquez,Peñalolén,MENORES CONTROLADOS
580,8,12,112321,A0200002,13,13122,4,5,7,Servicio de Salud Metropolitano Oriente,Centro de Salud Familiar Cardenal Silva Henríquez,Peñalolén,LACTANCIA MATERNA EXCLUSIVA
581,8,12,112321,A0200001,13,13122,8,10,15,Servicio de Salud Metropolitano Oriente,Centro de Salud Familiar Cardenal Silva Henríquez,Peñalolén,MENORES CONTROLADOS
582,12,12,112318,A0200002,13,13122,12,5,6,Servicio de Salud Metropolitano Oriente,Centro de Salud Familiar Lo Hermida,Peñalolén,LACTANCIA MATERNA EXCLUSIVA
583,12,12,112318,A0200001,13,13122,18,8,13,Servicio de Salud Metropolitano Oriente,Centro de Salud Familiar Lo Hermida,Peñalolén,MENORES CONTROLADOS
584,6,12,112318,A0200002,13,13122,8,8,6,Servicio de Salud Metropolitano Oriente,Centro de Salud Familiar Lo Hermida,Peñalolén,LACTANCIA MATERNA EXCLUSIVA
585,5,12,112321,A0200002,13,13122,4,11,8,Servicio de Salud Metropolitano Oriente,Centro de Salud Familiar Cardenal Silva Henríquez,Peñalolén,LACTANCIA MATERNA EXCLUSIVA
586,5,12,112321,A0200001,13,13122,7,18,14,Servicio de Salud Metropolitano Oriente,Centro de Salud Familiar Cardenal Silva Henríquez,Peñalolén,MENORES CONTROLADOS
587,9,14,114316,A0200001,13,13110,18,17,9,Servicio de Salud Metropolitano Sur Oriente,Centro de Salud Familiar Dr. Fernando Maffioletti,La Florida,MENORES CONTROLADOS
588,11,12,112318,A0200002,13,13122,11,3,5,Servicio de Salud Metropolitano Oriente,Centro de Salud Familiar Lo Hermida,Peñalolén,LACTANCIA MATERNA EXCLUSIVA
589,3,12,112321,A0200002,13,13122,9,11,12,Servicio de Salud Metropolitano Oriente,Centro de Salud Familiar Cardenal Silva Henríquez,Peñalolén,LACTANCIA MATERNA EXCLUSIVA
590,3,12,112321,A0200001,13,13122,15,14,21,Servicio de Salud Metropolitano Oriente,Centro de Salud Familiar Cardenal Silva Henríquez,Peñalolén,MENORES CONTROLADOS
591,3,12,112318,A0200002,13,13122,11,7,8,Servicio de Salud Metropolitano Oriente,Centro de Salud Familiar Lo Hermida,Peñalolén,LACTANCIA MATERNA EXCLUSIVA
592,12,12,112321,A0200002,13,13122,6,12,6,Servicio de Salud Metropolitano Oriente,Centro de Salud Familiar Cardenal Silva Henríquez,Peñalolén,LACTANCIA MATERNA EXCLUSIVA
593,12,12,112321,A0200001,13,13122,10,15,10,Servicio de Salud Metropolitano Oriente,Centro de Salud Familiar Cardenal Silva Henríquez,Peñalolén,MENORES CONTROLADOS
594,6,12,112321,A0200002,13,13122,4,5,9,Servicio de Salud Metropolitano Oriente,Centro de Salud Familiar Cardenal Silva Henríquez,Peñalolén,LACTANCIA MATERNA EXCLUSIVA
595,6,12,112321,A0200001,13,13122,10,8,13,Servicio de Salud Metropolitano Oriente,Centro de Salud Familiar Cardenal Silva Henríquez,Peñalolén,MENORES CONTROLADOS
596,7,13,113717,A0200001,13,13105,0,1,1,Servicio de Salud Metropolitano Sur,Centro Comunitario de Salud Familiar Santa Laura,El Bosque,MENORES CONTROLADOS
597,11,12,112318,A0200001,13,13122,17,7,11,Servicio de Salud Metropolitano Oriente,Centro de Salud Familiar Lo Hermida,Peñalolén,MENORES CONTROLADOS
598,6,12,112318,A0200001,13,13122,15,16,10,Servicio de Salud Metropolitano Oriente,Centro de Salud Familiar Lo Hermida,Peñalolén,MENORES CONTROLADOS
599,2,12,112320,A0200002,13,13113,4,6,2,Servicio de Salud Metropolitano Oriente,Centro de Salud Familiar Juan Pablo II ( La Reina),La Reina,LACTANCIA MATERNA EXCLUSIVA
600,2,12,112320,A0200001,13,13113,6,9,5,Servicio de Salud Metropolitano Oriente,Centro de Salud Familiar Juan Pablo II ( La Reina),La Reina,MENORES CONTROLADOS
601,1,12,112318,A0200001,13,13122,21,10,15,Servicio de Salud Metropolitano Oriente,Centro de Salud Familiar Lo Hermida,Peñalolén,MENORES CONTROLADOS
602,1,12,112318,A0200002,13,13122,8,5,9,Servicio de Salud Metropolitano Oriente,Centro de Salud Familiar Lo Hermida,Peñalolén,LACTANCIA MATERNA EXCLUSIVA
603,3,12,112318,A0200001,13,13122,17,17,14,Servicio de Salud Metropolitano Oriente,Centro de Salud Familiar Lo Hermida,Peñalolén,MENORES CONTROLADOS
604,1,12,112321,A0200001,13,13122,11,20,20,Servicio de Salud Metropolitano Oriente,Centro de Salud Familiar Cardenal Silva Henríquez,Peñalolén,MENORES CONTROLADOS
605,4,12,112318,A0200001,13,13122,20,16,12,Servicio de Salud Metropolitano Oriente,Centro de Salud Familiar Lo Hermida,Peñalolén,MENORES CONTROLADOS
606,4,12,112318,A0200002,13,13122,11,9,6,Servicio de Salud Metropolitano Oriente,Centro de Salud Familiar Lo Hermida,Peñalolén,LACTANCIA MATERNA EXCLUSIVA
607,1,12,112321,A0200002,13,13122,9,10,12,Servicio de Salud Metropolitano Oriente,Centro de Salud Familiar Cardenal Silva Henríquez,Peñalolén,LACTANCIA MATERNA EXCLUSIVA
608,3,12,200265,A0200001,13,13123,,,1,Servicio de Salud Metropolitano Oriente,Centro Comunitario de Salud Familiar Andacollo,Providencia,MENORES CONTROLADOS
609,8,12,112302,A0200001,13,13123,2,6,0,Servicio de Salud Metropolitano Oriente,Centro de Salud Familiar Dr. Alfonso Leng,Providencia,MENORES CONTROLADOS
610,8,12,112302,A0200002,13,13123,1,3,0,Servicio de Salud Metropolitano Oriente,Centro de Salud Familiar Dr. Alfonso Leng,Providencia,LACTANCIA MATERNA EXCLUSIVA
611,5,12,112302,A0200001,13,13123,2,0,3,Servicio de Salud Metropolitano Oriente,Centro de Salud Familiar Dr. Alfonso Leng,Providencia,MENORES CONTROLADOS
612,5,12,112302,A0200002,13,13123,1,0,1,Servicio de Salud Metropolitano Oriente,Centro de Salud Familiar Dr. Alfonso Leng,Providencia,LACTANCIA MATERNA EXCLUSIVA
613,2,12,112302,A0200002,13,13123,2,0,1,Servicio de Salud Metropolitano Oriente,Centro de Salud Familiar Dr. Alfonso Leng,Providencia,LACTANCIA MATERNA EXCLUSIVA
614,2,12,112302,A0200001,13,13123,4,0,3,Servicio de Salud Metropolitano Oriente,Centro de Salud Familiar Dr. Alfonso Leng,Providencia,MENORES CONTROLADOS
615,9,12,200265,A0200001,13,13123,,1,2,Servicio de Salud Metropolitano Oriente,Centro Comunitario de Salud Familiar Andacollo,Providencia,MENORES CONTROLADOS
616,6,12,200265,A0200001,13,13123,,,1,Servicio de Salud Metropolitano Oriente,Centro Comunitario de Salud Familiar Andacollo,Providencia,MENORES CONTROLADOS
617,6,12,200265,A0200002,13,13123,,,,Servicio de Salud Metropolitano Oriente,Centro Comunitario de Salud Familiar Andacollo,Providencia,LACTANCIA MATERNA EXCLUSIVA
618,7,12,200265,A0200001,13,13123,,,,Servicio de Salud Metropolitano Oriente,Centro Comunitario de Salud Familiar Andacollo,Providencia,MENORES CONTROLADOS
619,7,12,112302,A0200002,13,13123,1,1,3,Servicio de Salud Metropolitano Oriente,Centro de Salud Familiar Dr. Alfonso Leng,Providencia,LACTANCIA MATERNA EXCLUSIVA
620,7,12,112302,A0200001,13,13123,4,1,3,Servicio de Salud Metropolitano Oriente,Centro de Salud Familiar Dr. Alfonso Leng,Providencia,MENORES CONTROLADOS
621,1,12,112302,A0200001,13,13123,5,6,1,Servicio de Salud Metropolitano Oriente,Centro de Salud Familiar Dr. Alfonso Leng,Providencia,MENORES CONTROLADOS
622,1,12,112302,A0200002,13,13123,4,5,1,Servicio de Salud Metropolitano Oriente,Centro de Salud Familiar Dr. Alfonso Leng,Providencia,LACTANCIA MATERNA EXCLUSIVA
623,5,12,200265,A0200002,13,13123,,,,Servicio de Salud Metropolitano Oriente,Centro Comunitario de Salud Familiar Andacollo,Providencia,LACTANCIA MATERNA EXCLUSIVA
624,5,12,200265,A0200001,13,13123,,,5,Servicio de Salud Metropolitano Oriente,Centro Comunitario de Salud Familiar Andacollo,Providencia,MENORES CONTROLADOS
625,9,12,112302,A0200002,13,13123,3,2,0,Servicio de Salud Metropolitano Oriente,Centro de Salud Familiar Dr. Alfonso Leng,Providencia,LACTANCIA MATERNA EXCLUSIVA
626,9,12,112302,A0200001,13,13123,5,3,0,Servicio de Salud Metropolitano Oriente,Centro de Salud Familiar Dr. Alfonso Leng,Providencia,MENORES CONTROLADOS
627,12,12,112302,A0200002,13,13123,2,3,1,Servicio de Salud Metropolitano Oriente,Centro de Salud Familiar Dr. Alfonso Leng,Providencia,LACTANCIA MATERNA EXCLUSIVA
628,12,12,112302,A0200001,13,13123,3,3,3,Servicio de Salud Metropolitano Oriente,Centro de Salud Familiar Dr. Alfonso Leng,Providencia,MENORES CONTROLADOS
629,12,12,200265,A0200002,13,13123,,,,Servicio de Salud Metropolitano Oriente,Centro Comunitario de Salud Familiar Andacollo,Providencia,LACTANCIA MATERNA EXCLUSIVA
630,12,12,200265,A0200001,13,13123,,,,Servicio de Salud Metropolitano Oriente,Centro Comunitario de Salud Familiar Andacollo,Providencia,MENORES CONTROLADOS
631,6,12,112302,A0200002,13,13123,3,0,1,Servicio de Salud Metropolitano Oriente,Centro de Salud Familiar Dr. Alfonso Leng,Providencia,LACTANCIA MATERNA EXCLUSIVA
632,6,12,112302,A0200001,13,13123,4,0,1,Servicio de Salud Metropolitano Oriente,Centro de Salud Familiar Dr. Alfonso Leng,Providencia,MENORES CONTROLADOS
633,4,12,112302,A0200002,13,13123,2,2,5,Servicio de Salud Metropolitano Oriente,Centro de Salud Familiar Dr. Alfonso Leng,Providencia,LACTANCIA MATERNA EXCLUSIVA
634,4,12,112302,A0200001,13,13123,2,5,5,Servicio de Salud Metropolitano Oriente,Centro de Salud Familiar Dr. Alfonso Leng,Providencia,MENORES CONTROLADOS
635,2,12,200265,A0200002,13,13123,,,1,Servicio de Salud Metropolitano Oriente,Centro Comunitario de Salud Familiar Andacollo,Providencia,LACTANCIA MATERNA EXCLUSIVA
636,2,12,200265,A0200001,13,13123,,,1,Servicio de Salud Metropolitano Oriente,Centro Comunitario de Salud Familiar Andacollo,Providencia,MENORES CONTROLADOS
637,10,12,200265,A0200002,13,13123,,,1,Servicio de Salud Metropolitano Oriente,Centro Comunitario de Salud Familiar Andacollo,Providencia,LACTANCIA MATERNA EXCLUSIVA
638,10,12,200265,A0200001,13,13123,,,1,Servicio de Salud Metropolitano Oriente,Centro Comunitario de Salud Familiar Andacollo,Providencia,MENORES CONTROLADOS
639,10,12,112302,A0200002,13,13123,3,1,0,Servicio de Salud Metropolitano Oriente,Centro de Salud Familiar Dr. Alfonso Leng,Providencia,LACTANCIA MATERNA EXCLUSIVA
640,10,12,112302,A0200001,13,13123,4,2,3,Servicio de Salud Metropolitano Oriente,Centro de Salud Familiar Dr. Alfonso Leng,Providencia,MENORES CONTROLADOS
641,11,12,200265,A0200001,13,13123,,,1,Servicio de Salud Metropolitano Oriente,Centro Comunitario de Salud Familiar Andacollo,Providencia,MENORES CONTROLADOS
642,11,12,112302,A0200002,13,13123,1,2,1,Servicio de Salud Metropolitano Oriente,Centro de Salud Familiar Dr. Alfonso Leng,Providencia,LACTANCIA MATERNA EXCLUSIVA
643,11,12,112302,A0200001,13,13123,1,3,2,Servicio de Salud Metropolitano Oriente,Centro de Salud Familiar Dr. Alfonso Leng,Providencia,MENORES CONTROLADOS
644,3,12,112302,A0200002,13,13123,0,3,3,Servicio de Salud Metropolitano Oriente,Centro de Salud Familiar Dr. Alfonso Leng,Providencia,LACTANCIA MATERNA EXCLUSIVA
645,3,12,112302,A0200001,13,13123,2,5,4,Servicio de Salud Metropolitano Oriente,Centro de Salud Familiar Dr. Alfonso Leng,Providencia,MENORES CONTROLADOS
646,4,12,200265,A0200002,13,13123,,,,Servicio de Salud Metropolitano Oriente,Centro Comunitario de Salud Familiar Andacollo,Providencia,LACTANCIA MATERNA EXCLUSIVA
647,4,12,200265,A0200001,13,13123,,,,Servicio de Salud Metropolitano Oriente,Centro Comunitario de Salud Familiar Andacollo,Providencia,MENORES CONTROLADOS
648,1,12,200265,A0200001,13,13123,,,1,Servicio de Salud Metropolitano Oriente,Centro Comunitario de Salud Familiar Andacollo,Providencia,MENORES CONTROLADOS
649,2,12,112301,A0200002,13,13123,2,2,2,Servicio de Salud Metropolitano Oriente,Centro de Salud Familiar Dr. Hernán Alessandri,Providencia,LACTANCIA MATERNA EXCLUSIVA
650,8,12,112303,A0200002,13,13123,2,1,,Servicio de Salud Metropolitano Oriente,Centro de Salud Familiar Aguilucho,Providencia,LACTANCIA MATERNA EXCLUSIVA
651,2,12,112301,A0200001,13,13123,3,3,2,Servicio de Salud Metropolitano Oriente,Centro de Salud Familiar Dr. Hernán Alessandri,Providencia,MENORES CONTROLADOS
652,8,12,112303,A0200001,13,13123,,,,Servicio de Salud Metropolitano Oriente,Centro de Salud Familiar Aguilucho,Providencia,MENORES CONTROLADOS
653,8,12,112301,A0200002,13,13123,1,1,2,Servicio de Salud Metropolitano Oriente,Centro de Salud Familiar Dr. Hernán Alessandri,Providencia,LACTANCIA MATERNA EXCLUSIVA
654,8,12,112301,A0200001,13,13123,1,3,2,Servicio de Salud Metropolitano Oriente,Centro de Salud Familiar Dr. Hernán Alessandri,Providencia,MENORES CONTROLADOS
655,10,12,112303,A0200002,13,13123,2,4,2,Servicio de Salud Metropolitano Oriente,Centro de Salud Familiar Aguilucho,Providencia,LACTANCIA MATERNA EXCLUSIVA
656,10,12,112303,A0200001,13,13123,2,4,2,Servicio de Salud Metropolitano Oriente,Centro de Salud Familiar Aguilucho,Providencia,MENORES CONTROLADOS
657,5,12,112301,A0200001,13,13123,3,0,1,Servicio de Salud Metropolitano Oriente,Centro de Salud Familiar Dr. Hernán Alessandri,Providencia,MENORES CONTROLADOS
658,11,12,112303,A0200002,13,13123,2,3,1,Servicio de Salud Metropolitano Oriente,Centro de Salud Familiar Aguilucho,Providencia,LACTANCIA MATERNA EXCLUSIVA
659,11,12,112303,A0200001,13,13123,2,3,3,Servicio de Salud Metropolitano Oriente,Centro de Salud Familiar Aguilucho,Providencia,MENORES CONTROLADOS
660,12,12,112301,A0200002,13,13123,0,0,2,Servicio de Salud Metropolitano Oriente,Centro de Salud Familiar Dr. Hernán Alessandri,Providencia,LACTANCIA MATERNA EXCLUSIVA
661,12,12,112301,A0200001,13,13123,0,0,3,Servicio de Salud Metropolitano Oriente,Centro de Salud Familiar Dr. Hernán Alessandri,Providencia,MENORES CONTROLADOS
662,11,12,112301,A0200001,13,13123,5,2,1,Servicio de Salud Metropolitano Oriente,Centro de Salud Familiar Dr. Hernán Alessandri,Providencia,MENORES CONTROLADOS
663,11,12,112301,A0200002,13,13123,4,1,1,Servicio de Salud Metropolitano Oriente,Centro de Salud Familiar Dr. Hernán Alessandri,Providencia,LACTANCIA MATERNA EXCLUSIVA
664,3,12,112301,A0200002,13,13123,2,0,8,Servicio de Salud Metropolitano Oriente,Centro de Salud Familiar Dr. Hernán Alessandri,Providencia,LACTANCIA MATERNA EXCLUSIVA
665,3,12,112301,A0200001,13,13123,3,0,9,Servicio de Salud Metropolitano Oriente,Centro de Salud Familiar Dr. Hernán Alessandri,Providencia,MENORES CONTROLADOS
666,3,12,112303,A0200002,13,13123,1,3,4,Servicio de Salud Metropolitano Oriente,Centro de Salud Familiar Aguilucho,Providencia,LACTANCIA MATERNA EXCLUSIVA
667,3,12,112303,A0200001,13,13123,2,5,4,Servicio de Salud Metropolitano Oriente,Centro de Salud Familiar Aguilucho,Providencia,MENORES CONTROLADOS
668,9,12,112303,A0200002,13,13123,3,3,2,Servicio de Salud Metropolitano Oriente,Centro de Salud Familiar Aguilucho,Providencia,LACTANCIA MATERNA EXCLUSIVA
669,9,12,112303,A0200001,13,13123,4,3,2,Servicio de Salud Metropolitano Oriente,Centro de Salud Familiar Aguilucho,Providencia,MENORES CONTROLADOS
670,10,12,112301,A0200002,13,13123,3,1,1,Servicio de Salud Metropolitano Oriente,Centro de Salud Familiar Dr. Hernán Alessandri,Providencia,LACTANCIA MATERNA EXCLUSIVA
671,10,12,112301,A0200001,13,13123,4,3,4,Servicio de Salud Metropolitano Oriente,Centro de Salud Familiar Dr. Hernán Alessandri,Providencia,MENORES CONTROLADOS
672,9,12,112301,A0200002,13,13123,2,2,1,Servicio de Salud Metropolitano Oriente,Centro de Salud Familiar Dr. Hernán Alessandri,Providencia,LACTANCIA MATERNA EXCLUSIVA
673,9,12,112301,A0200001,13,13123,5,3,2,Servicio de Salud Metropolitano Oriente,Centro de Salud Familiar Dr. Hernán Alessandri,Providencia,MENORES CONTROLADOS
674,5,12,112303,A0200001,13,13123,6,,4,Servicio de Salud Metropolitano Oriente,Centro de Salud Familiar Aguilucho,Providencia,MENORES CONTROLADOS
675,5,12,112303,A0200002,13,13123,3,,1,Servicio de Salud Metropolitano Oriente,Centro de Salud Familiar Aguilucho,Providencia,LACTANCIA MATERNA EXCLUSIVA
676,1,12,112303,A0200002,13,13123,3,,1,Servicio de Salud Metropolitano Oriente,Centro de Salud Familiar Aguilucho,Providencia,LACTANCIA MATERNA EXCLUSIVA
677,6,12,112301,A0200002,13,13123,5,1,2,Servicio de Salud Metropolitano Oriente,Centro de Salud Familiar Dr. Hernán Alessandri,Providencia,LACTANCIA MATERNA EXCLUSIVA
678,6,12,112301,A0200001,13,13123,5,1,2,Servicio de Salud Metropolitano Oriente,Centro de Salud Familiar Dr. Hernán Alessandri,Providencia,MENORES CONTROLADOS
679,1,12,112303,A0200001,13,13123,3,2,3,Servicio de Salud Metropolitano Oriente,Centro de Salud Familiar Aguilucho,Providencia,MENORES CONTROLADOS
680,1,12,112301,A0200001,13,13123,1,7,1,Servicio de Salud Metropolitano Oriente,Centro de Salud Familiar Dr. Hernán Alessandri,Providencia,MENORES CONTROLADOS
681,1,12,112301,A0200002,13,13123,0,3,1,Servicio de Salud Metropolitano Oriente,Centro de Salud Familiar Dr. Hernán Alessandri,Providencia,LACTANCIA MATERNA EXCLUSIVA
682,2,12,112303,A0200002,13,13123,,1,2,Servicio de Salud Metropolitano Oriente,Centro de Salud Familiar Aguilucho,Providencia,LACTANCIA MATERNA EXCLUSIVA
683,2,12,112303,A0200001,13,13123,1,5,5,Servicio de Salud Metropolitano Oriente,Centro de Salud Familiar Aguilucho,Providencia,MENORES CONTROLADOS
684,6,12,112303,A0200002,13,13123,2,2,2,Servicio de Salud Metropolitano Oriente,Centro de Salud Familiar Aguilucho,Providencia,LACTANCIA MATERNA EXCLUSIVA
685,6,12,112303,A0200001,13,13123,2,2,2,Servicio de Salud Metropolitano Oriente,Centro de Salud Familiar Aguilucho,Providencia,MENORES CONTROLADOS
686,7,12,112303,A0200002,13,13123,4,3,,Servicio de Salud Metropolitano Oriente,Centro de Salud Familiar Aguilucho,Providencia,LACTANCIA MATERNA EXCLUSIVA
687,7,12,112303,A0200001,13,13123,6,5,1,Servicio de Salud Metropolitano Oriente,Centro de Salud Familiar Aguilucho,Providencia,MENORES CONTROLADOS
688,5,12,112301,A0200002,13,13123,2,0,1,Servicio de Salud Metropolitano Oriente,Centro de Salud Familiar Dr. Hernán Alessandri,Providencia,LACTANCIA MATERNA EXCLUSIVA
689,12,12,112303,A0200002,13,13123,1,5,4,Servicio de Salud Metropolitano Oriente,Centro de Salud Familiar Aguilucho,Providencia,LACTANCIA MATERNA EXCLUSIVA
690,12,12,112303,A0200001,13,13123,1,6,5,Servicio de Salud Metropolitano Oriente,Centro de Salud Familiar Aguilucho,Providencia,MENORES CONTROLADOS
691,4,12,112303,A0200002,13,13123,2,,,Servicio de Salud Metropolitano Oriente,Centro de Salud Familiar Aguilucho,Providencia,LACTANCIA MATERNA EXCLUSIVA
692,4,12,112303,A0200001,13,13123,3,1,1,Servicio de Salud Metropolitano Oriente,Centro de Salud Familiar Aguilucho,Providencia,MENORES CONTROLADOS
693,4,12,112301,A0200002,13,13123,2,0,1,Servicio de Salud Metropolitano Oriente,Centro de Salud Familiar Dr. Hernán Alessandri,Providencia,LACTANCIA MATERNA EXCLUSIVA
694,4,12,112301,A0200001,13,13123,5,0,3,Servicio de Salud Metropolitano Oriente,Centro de Salud Familiar Dr. Hernán Alessandri,Providencia,MENORES CONTROLADOS
695,7,12,112301,A0200002,13,13123,2,0,2,Servicio de Salud Metropolitano Oriente,Centro de Salud Familiar Dr. Hernán Alessandri,Providencia,LACTANCIA MATERNA EXCLUSIVA
696,7,12,112301,A0200001,13,13123,3,0,3,Servicio de Salud Metropolitano Oriente,Centro de Salud Familiar Dr. Hernán Alessandri,Providencia,MENORES CONTROLADOS
697,9,12,200037,A0200001,13,13123,3,7,2,Servicio de Salud Metropolitano Oriente,Centro Comunitario de Salud Familiar Elena Caffarena,Providencia,MENORES CONTROLADOS
698,9,12,200037,A0200002,13,13123,3,7,2,Servicio de Salud Metropolitano Oriente,Centro Comunitario de Salud Familiar Elena Caffarena,Providencia,LACTANCIA MATERNA EXCLUSIVA
699,7,12,200037,A0200002,13,13123,3,6,1,Servicio de Salud Metropolitano Oriente,Centro Comunitario de Salud Familiar Elena Caffarena,Providencia,LACTANCIA MATERNA EXCLUSIVA
700,7,12,200037,A0200001,13,13123,3,6,1,Servicio de Salud Metropolitano Oriente,Centro Comunitario de Salud Familiar Elena Caffarena,Providencia,MENORES CONTROLADOS
701,12,12,200037,A0200002,13,13123,1,0,2,Servicio de Salud Metropolitano Oriente,Centro Comunitario de Salud Familiar Elena Caffarena,Providencia,LACTANCIA MATERNA EXCLUSIVA
702,12,12,200037,A0200001,13,13123,,,5,Servicio de Salud Metropolitano Oriente,Centro Comunitario de Salud Familiar Elena Caffarena,Providencia,MENORES CONTROLADOS
703,10,12,200037,A0200002,13,13123,0,2,1,Servicio de Salud Metropolitano Oriente,Centro Comunitario de Salud Familiar Elena Caffarena,Providencia,LACTANCIA MATERNA EXCLUSIVA
704,10,12,200037,A0200001,13,13123,0,4,4,Servicio de Salud Metropolitano Oriente,Centro Comunitario de Salud Familiar Elena Caffarena,Providencia,MENORES CONTROLADOS
705,2,12,200037,A0200002,13,13123,1,3,1,Servicio de Salud Metropolitano Oriente,Centro Comunitario de Salud Familiar Elena Caffarena,Providencia,LACTANCIA MATERNA EXCLUSIVA
706,2,12,200037,A0200001,13,13123,2,3,3,Servicio de Salud Metropolitano Oriente,Centro Comunitario de Salud Familiar Elena Caffarena,Providencia,MENORES CONTROLADOS
707,11,12,200037,A0200002,13,13123,1,1,0,Servicio de Salud Metropolitano Oriente,Centro Comunitario de Salud Familiar Elena Caffarena,Providencia,LACTANCIA MATERNA EXCLUSIVA
708,11,12,200037,A0200001,13,13123,3,3,1,Servicio de Salud Metropolitano Oriente,Centro Comunitario de Salud Familiar Elena Caffarena,Providencia,MENORES CONTROLADOS
709,3,12,200037,A0200002,13,13123,1,1,1,Servicio de Salud Metropolitano Oriente,Centro Comunitario de Salud Familiar Elena Caffarena,Providencia,LACTANCIA MATERNA EXCLUSIVA
710,3,12,200037,A0200001,13,13123,1,3,1,Servicio de Salud Metropolitano Oriente,Centro Comunitario de Salud Familiar Elena Caffarena,Providencia,MENORES CONTROLADOS
711,5,12,200037,A0200002,13,13123,2,0,1,Servicio de Salud Metropolitano Oriente,Centro Comunitario de Salud Familiar Elena Caffarena,Providencia,LACTANCIA MATERNA EXCLUSIVA
712,5,12,200037,A0200001,13,13123,3,1,2,Servicio de Salud Metropolitano Oriente,Centro Comunitario de Salud Familiar Elena Caffarena,Providencia,MENORES CONTROLADOS
713,4,12,200037,A0200001,13,13123,5,1,4,Servicio de Salud Metropolitano Oriente,Centro Comunitario de Salud Familiar Elena Caffarena,Providencia,MENORES CONTROLADOS
714,4,12,200037,A0200002,13,13123,3,1,2,Servicio de Salud Metropolitano Oriente,Centro Comunitario de Salud Familiar Elena Caffarena,Providencia,LACTANCIA MATERNA EXCLUSIVA
715,8,12,200037,A0200001,13,13123,2,3,0,Servicio de Salud Metropolitano Oriente,Centro Comunitario de Salud Familiar Elena Caffarena,Providencia,MENORES CONTROLADOS
716,8,12,200037,A0200002,13,13123,1,2,0,Servicio de Salud Metropolitano Oriente,Centro Comunitario de Salud Familiar Elena Caffarena,Providencia,LACTANCIA MATERNA EXCLUSIVA
717,1,12,200037,A0200002,13,13123,1,1,2,Servicio de Salud Metropolitano Oriente,Centro Comunitario de Salud Familiar Elena Caffarena,Providencia,LACTANCIA MATERNA EXCLUSIVA
718,1,12,200037,A0200001,13,13123,1,2,4,Servicio de Salud Metropolitano Oriente,Centro Comunitario de Salud Familiar Elena Caffarena,Providencia,MENORES CONTROLADOS
719,6,12,200037,A0200002,13,13123,3,6,2,Servicio de Salud Metropolitano Oriente,Centro Comunitario de Salud Familiar Elena Caffarena,Providencia,LACTANCIA MATERNA EXCLUSIVA
720,6,12,200037,A0200001,13,13123,3,6,2,Servicio de Salud Metropolitano Oriente,Centro Comunitario de Salud Familiar Elena Caffarena,Providencia,MENORES CONTROLADOS
721,12,12,112309,A0200001,13,13132,3,6,1,Servicio de Salud Metropolitano Oriente,Centro de Salud Familiar Vitacura,Vitacura,MENORES CONTROLADOS
722,12,12,112309,A0200002,13,13132,2,1,1,Servicio de Salud Metropolitano Oriente,Centro de Salud Familiar Vitacura,Vitacura,LACTANCIA MATERNA EXCLUSIVA
723,5,12,112309,A0200001,13,13132,4,7,2,Servicio de Salud Metropolitano Oriente,Centro de Salud Familiar Vitacura,Vitacura,MENORES CONTROLADOS
724,5,12,112309,A0200002,13,13132,3,4,1,Servicio de Salud Metropolitano Oriente,Centro de Salud Familiar Vitacura,Vitacura,LACTANCIA MATERNA EXCLUSIVA
725,3,12,112309,A0200002,13,13132,2,3,1,Servicio de Salud Metropolitano Oriente,Centro de Salud Familiar Vitacura,Vitacura,LACTANCIA MATERNA EXCLUSIVA
726,3,12,112309,A0200001,13,13132,10,4,1,Servicio de Salud Metropolitano Oriente,Centro de Salud Familiar Vitacura,Vitacura,MENORES CONTROLADOS
727,8,12,112309,A0200001,13,13132,4,0,1,Servicio de Salud Metropolitano Oriente,Centro de Salud Familiar Vitacura,Vitacura,MENORES CONTROLADOS
728,8,12,112309,A0200002,13,13132,1,0,0,Servicio de Salud Metropolitano Oriente,Centro de Salud Familiar Vitacura,Vitacura,LACTANCIA MATERNA EXCLUSIVA
729,11,12,112309,A0200002,13,13132,2,1,1,Servicio de Salud Metropolitano Oriente,Centro de Salud Familiar Vitacura,Vitacura,LACTANCIA MATERNA EXCLUSIVA
730,11,12,112309,A0200001,13,13132,4,4,2,Servicio de Salud Metropolitano Oriente,Centro de Salud Familiar Vitacura,Vitacura,MENORES CONTROLADOS
731,6,12,112309,A0200002,13,13132,2,4,1,Servicio de Salud Metropolitano Oriente,Centro de Salud Familiar Vitacura,Vitacura,LACTANCIA MATERNA EXCLUSIVA
732,6,12,112309,A0200001,13,13132,2,8,3,Servicio de Salud Metropolitano Oriente,Centro de Salud Familiar Vitacura,Vitacura,MENORES CONTROLADOS
733,7,12,112309,A0200002,13,13132,2,1,2,Servicio de Salud Metropolitano Oriente,Centro de Salud Familiar Vitacura,Vitacura,LACTANCIA MATERNA EXCLUSIVA
734,7,12,112309,A0200001,13,13132,4,4,5,Servicio de Salud Metropolitano Oriente,Centro de Salud Familiar Vitacura,Vitacura,MENORES CONTROLADOS
735,9,12,112309,A0200002,13,13132,2,1,4,Servicio de Salud Metropolitano Oriente,Centro de Salud Familiar Vitacura,Vitacura,LACTANCIA MATERNA EXCLUSIVA
736,9,12,112309,A0200001,13,13132,9,2,7,Servicio de Salud Metropolitano Oriente,Centro de Salud Familiar Vitacura,Vitacura,MENORES CONTROLADOS
737,10,12,112309,A0200001,13,13132,4,4,3,Servicio de Salud Metropolitano Oriente,Centro de Salud Familiar Vitacura,Vitacura,MENORES CONTROLADOS
738,10,12,112309,A0200002,13,13132,3,1,1,Servicio de Salud Metropolitano Oriente,Centro de Salud Familiar Vitacura,Vitacura,LACTANCIA MATERNA EXCLUSIVA
739,1,12,112309,A0200002,13,13132,1,1,0,Servicio de Salud Metropolitano Oriente,Centro de Salud Familiar Vitacura,Vitacura,LACTANCIA MATERNA EXCLUSIVA
740,1,12,112309,A0200001,13,13132,2,1,0,Servicio de Salud Metropolitano Oriente,Centro de Salud Familiar Vitacura,Vitacura,MENORES CONTROLADOS
741,2,12,112309,A0200001,13,13132,1,1,2,Servicio de Salud Metropolitano Oriente,Centro de Salud Familiar Vitacura,Vitacura,MENORES CONTROLADOS
742,2,12,112309,A0200002,13,13132,0,0,2,Servicio de Salud Metropolitano Oriente,Centro de Salud Familiar Vitacura,Vitacura,LACTANCIA MATERNA EXCLUSIVA
743,4,12,112309,A0200002,13,13132,3,1,1,Servicio de Salud Metropolitano Oriente,Centro de Salud Familiar Vitacura,Vitacura,LACTANCIA MATERNA EXCLUSIVA
744,4,12,112309,A0200001,13,13132,8,2,1,Servicio de Salud Metropolitano Oriente,Centro de Salud Familiar Vitacura,Vitacura,MENORES CONTROLADOS
745,4,14,114316,A0200001,13,13110,14,12,16,Servicio de Salud Metropolitano Sur Oriente,Centro de Salud Familiar Dr. Fernando Maffioletti,La Florida,MENORES CONTROLADOS
746,10,14,114316,A0200002,13,13110,5,9,14,Servicio de Salud Metropolitano Sur Oriente,Centro de Salud Familiar Dr. Fernando Maffioletti,La Florida,LACTANCIA MATERNA EXCLUSIVA
747,7,14,114331,A0200002,13,13110,15,14,17,Servicio de Salud Metropolitano Sur Oriente,Centro de Salud Familiar La Florida,La Florida,LACTANCIA MATERNA EXCLUSIVA
748,7,14,114316,A0200001,13,13110,20,19,16,Servicio de Salud Metropolitano Sur Oriente,Centro de Salud Familiar Dr. Fernando Maffioletti,La Florida,MENORES CONTROLADOS
749,3,14,114331,A0200001,13,13110,23,23,18,Servicio de Salud Metropolitano Sur Oriente,Centro de Salud Familiar La Florida,La Florida,MENORES CONTROLADOS
750,9,14,114331,A0200002,13,13110,14,10,10,Servicio de Salud Metropolitano Sur Oriente,Centro de Salud Familiar La Florida,La Florida,LACTANCIA MATERNA EXCLUSIVA
751,9,14,114331,A0200001,13,13110,25,19,15,Servicio de Salud Metropolitano Sur Oriente,Centro de Salud Familiar La Florida,La Florida,MENORES CONTROLADOS
752,5,14,114331,A0200002,13,13110,14,17,9,Servicio de Salud Metropolitano Sur Oriente,Centro de Salud Familiar La Florida,La Florida,LACTANCIA MATERNA EXCLUSIVA
753,5,14,114331,A0200001,13,13110,24,34,13,Servicio de Salud Metropolitano Sur Oriente,Centro de Salud Familiar La Florida,La Florida,MENORES CONTROLADOS
754,3,14,114331,A0200002,13,13110,13,12,14,Servicio de Salud Metropolitano Sur Oriente,Centro de Salud Familiar La Florida,La Florida,LACTANCIA MATERNA EXCLUSIVA
755,6,14,114331,A0200002,13,13110,10,13,8,Servicio de Salud Metropolitano Sur Oriente,Centro de Salud Familiar La Florida,La Florida,LACTANCIA MATERNA EXCLUSIVA
756,12,14,200475,A0200002,13,13110,,3,1,Servicio de Salud Metropolitano Sur Oriente,Centro Comunitario de Salud Familiar Las Lomas,La Florida,LACTANCIA MATERNA EXCLUSIVA
757,12,14,200475,A0200001,13,13110,3,4,1,Servicio de Salud Metropolitano Sur Oriente,Centro Comunitario de Salud Familiar Las Lomas,La Florida,MENORES CONTROLADOS
758,9,14,114316,A0200002,13,13110,8,10,3,Servicio de Salud Metropolitano Sur Oriente,Centro de Salud Familiar Dr. Fernando Maffioletti,La Florida,LACTANCIA MATERNA EXCLUSIVA
759,11,14,200475,A0200002,13,13110,,1,,Servicio de Salud Metropolitano Sur Oriente,Centro Comunitario de Salud Familiar Las Lomas,La Florida,LACTANCIA MATERNA EXCLUSIVA
760,11,14,200475,A0200001,13,13110,5,2,,Servicio de Salud Metropolitano Sur Oriente,Centro Comunitario de Salud Familiar Las Lomas,La Florida,MENORES CONTROLADOS
761,8,14,200475,A0200001,13,13110,2,2,3,Servicio de Salud Metropolitano Sur Oriente,Centro Comunitario de Salud Familiar Las Lomas,La Florida,MENORES CONTROLADOS
762,7,14,200475,A0200002,13,13110,3,,,Servicio de Salud Metropolitano Sur Oriente,Centro Comunitario de Salud Familiar Las Lomas,La Florida,LACTANCIA MATERNA EXCLUSIVA
763,7,14,200475,A0200001,13,13110,3,1,1,Servicio de Salud Metropolitano Sur Oriente,Centro Comunitario de Salud Familiar Las Lomas,La Florida,MENORES CONTROLADOS
764,3,14,200475,A0200002,13,13110,,,1,Servicio de Salud Metropolitano Sur Oriente,Centro Comunitario de Salud Familiar Las Lomas,La Florida,LACTANCIA MATERNA EXCLUSIVA
765,8,14,200475,A0200002,13,13110,2,2,2,Servicio de Salud Metropolitano Sur Oriente,Centro Comunitario de Salud Familiar Las Lomas,La Florida,LACTANCIA MATERNA EXCLUSIVA
766,4,14,200475,A0200002,13,13110,,,,Servicio de Salud Metropolitano Sur Oriente,Centro Comunitario de Salud Familiar Las Lomas,La Florida,LACTANCIA MATERNA EXCLUSIVA
767,4,14,200475,A0200001,13,13110,1,,,Servicio de Salud Metropolitano Sur Oriente,Centro Comunitario de Salud Familiar Las Lomas,La Florida,MENORES CONTROLADOS
768,9,14,200475,A0200002,13,13110,,2,2,Servicio de Salud Metropolitano Sur Oriente,Centro Comunitario de Salud Familiar Las Lomas,La Florida,LACTANCIA MATERNA EXCLUSIVA
769,9,14,200475,A0200001,13,13110,,2,3,Servicio de Salud Metropolitano Sur Oriente,Centro Comunitario de Salud Familiar Las Lomas,La Florida,MENORES CONTROLADOS
770,6,14,200475,A0200002,13,13110,,,,Servicio de Salud Metropolitano Sur Oriente,Centro Comunitario de Salud Familiar Las Lomas,La Florida,LACTANCIA MATERNA EXCLUSIVA
771,6,14,200475,A0200001,13,13110,1,,,Servicio de Salud Metropolitano Sur Oriente,Centro Comunitario de Salud Familiar Las Lomas,La Florida,MENORES CONTROLADOS
772,12,14,114303,A0200002,13,13110,17,11,11,Servicio de Salud Metropolitano Sur Oriente,Centro de Salud Familiar Bellavista,La Florida,LACTANCIA MATERNA EXCLUSIVA
773,10,14,114303,A0200001,13,13110,31,35,34,Servicio de Salud Metropolitano Sur Oriente,Centro de Salud Familiar Bellavista,La Florida,MENORES CONTROLADOS
774,6,14,114334,A0200002,13,13110,4,2,9,Servicio de Salud Metropolitano Sur Oriente,Centro de Salud Familiar José Alvo,La Florida,LACTANCIA MATERNA EXCLUSIVA
775,12,14,114324,A0200002,13,13110,8,10,8,Servicio de Salud Metropolitano Sur Oriente,Centro de Salud Familiar Santa Amalia,La Florida,LACTANCIA MATERNA EXCLUSIVA
776,12,14,114324,A0200001,13,13110,12,19,16,Servicio de Salud Metropolitano Sur Oriente,Centro de Salud Familiar Santa Amalia,La Florida,MENORES CONTROLADOS
777,1,14,114334,A0200002,13,13110,7,7,7,Servicio de Salud Metropolitano Sur Oriente,Centro de Salud Familiar José Alvo,La Florida,LACTANCIA MATERNA EXCLUSIVA
778,10,14,114334,A0200002,13,13110,4,4,8,Servicio de Salud Metropolitano Sur Oriente,Centro de Salud Familiar José Alvo,La Florida,LACTANCIA MATERNA EXCLUSIVA
779,1,14,114334,A0200001,13,13110,13,11,15,Servicio de Salud Metropolitano Sur Oriente,Centro de Salud Familiar José Alvo,La Florida,MENORES CONTROLADOS
780,11,14,114324,A0200002,13,13110,14,14,7,Servicio de Salud Metropolitano Sur Oriente,Centro de Salud Familiar Santa Amalia,La Florida,LACTANCIA MATERNA EXCLUSIVA
781,6,14,114324,A0200001,13,13110,17,23,20,Servicio de Salud Metropolitano Sur Oriente,Centro de Salud Familiar Santa Amalia,La Florida,MENORES CONTROLADOS
782,5,14,114334,A0200002,13,13110,9,2,8,Servicio de Salud Metropolitano Sur Oriente,Centro de Salud Familiar José Alvo,La Florida,LACTANCIA MATERNA EXCLUSIVA
783,3,14,114324,A0200001,13,13110,17,17,16,Servicio de Salud Metropolitano Sur Oriente,Centro de Salud Familiar Santa Amalia,La Florida,MENORES CONTROLADOS
784,7,14,114334,A0200002,13,13110,6,8,12,Servicio de Salud Metropolitano Sur Oriente,Centro de Salud Familiar José Alvo,La Florida,LACTANCIA MATERNA EXCLUSIVA
785,10,14,114334,A0200001,13,13110,12,16,13,Servicio de Salud Metropolitano Sur Oriente,Centro de Salud Familiar José Alvo,La Florida,MENORES CONTROLADOS
786,12,14,114303,A0200001,13,13110,31,26,20,Servicio de Salud Metropolitano Sur Oriente,Centro de Salud Familiar Bellavista,La Florida,MENORES CONTROLADOS
787,5,14,114303,A0200002,13,13110,16,21,12,Servicio de Salud Metropolitano Sur Oriente,Centro de Salud Familiar Bellavista,La Florida,LACTANCIA MATERNA EXCLUSIVA
788,5,14,114303,A0200001,13,13110,22,28,20,Servicio de Salud Metropolitano Sur Oriente,Centro de Salud Familiar Bellavista,La Florida,MENORES CONTROLADOS
789,10,14,114324,A0200002,13,13110,14,12,7,Servicio de Salud Metropolitano Sur Oriente,Centro de Salud Familiar Santa Amalia,La Florida,LACTANCIA MATERNA EXCLUSIVA
790,6,14,114324,A0200002,13,13110,11,17,12,Servicio de Salud Metropolitano Sur Oriente,Centro de Salud Familiar Santa Amalia,La Florida,LACTANCIA MATERNA EXCLUSIVA
791,1,14,114324,A0200002,13,13110,8,9,8,Servicio de Salud Metropolitano Sur Oriente,Centro de Salud Familiar Santa Amalia,La Florida,LACTANCIA MATERNA EXCLUSIVA
792,12,14,114334,A0200002,13,13110,3,2,8,Servicio de Salud Metropolitano Sur Oriente,Centro de Salud Familiar José Alvo,La Florida,LACTANCIA MATERNA EXCLUSIVA
793,12,14,114334,A0200001,13,13110,6,3,10,Servicio de Salud Metropolitano Sur Oriente,Centro de Salud Familiar José Alvo,La Florida,MENORES CONTROLADOS
794,1,14,114303,A0200001,13,13110,24,22,15,Servicio de Salud Metropolitano Sur Oriente,Centro de Salud Familiar Bellavista,La Florida,MENORES CONTROLADOS
795,7,14,114324,A0200002,13,13110,15,17,9,Servicio de Salud Metropolitano Sur Oriente,Centro de Salud Familiar Santa Amalia,La Florida,LACTANCIA MATERNA EXCLUSIVA
796,7,14,114324,A0200001,13,13110,17,30,16,Servicio de Salud Metropolitano Sur Oriente,Centro de Salud Familiar Santa Amalia,La Florida,MENORES CONTROLADOS
797,9,14,114324,A0200002,13,13110,15,15,16,Servicio de Salud Metropolitano Sur Oriente,Centro de Salud Familiar Santa Amalia,La Florida,LACTANCIA MATERNA EXCLUSIVA
798,9,14,114324,A0200001,13,13110,22,28,22,Servicio de Salud Metropolitano Sur Oriente,Centro de Salud Familiar Santa Amalia,La Florida,MENORES CONTROLADOS
799,5,14,114334,A0200001,13,13110,16,5,12,Servicio de Salud Metropolitano Sur Oriente,Centro de Salud Familiar José Alvo,La Florida,MENORES CONTROLADOS
800,9,14,114303,A0200002,13,13110,19,38,31,Servicio de Salud Metropolitano Sur Oriente,Centro de Salud Familiar Bellavista,La Florida,LACTANCIA MATERNA EXCLUSIVA
801,9,14,114303,A0200001,13,13110,28,47,39,Servicio de Salud Metropolitano Sur Oriente,Centro de Salud Familiar Bellavista,La Florida,MENORES CONTROLADOS
802,7,14,114303,A0200002,13,13110,16,8,15,Servicio de Salud Metropolitano Sur Oriente,Centro de Salud Familiar Bellavista,La Florida,LACTANCIA MATERNA EXCLUSIVA
803,11,14,114303,A0200001,13,13110,29,21,33,Servicio de Salud Metropolitano Sur Oriente,Centro de Salud Familiar Bellavista,La Florida,MENORES CONTROLADOS
804,11,14,114303,A0200002,13,13110,17,13,14,Servicio de Salud Metropolitano Sur Oriente,Centro de Salud Familiar Bellavista,La Florida,LACTANCIA MATERNA EXCLUSIVA
805,4,14,114303,A0200002,13,13110,4,11,13,Servicio de Salud Metropolitano Sur Oriente,Centro de Salud Familiar Bellavista,La Florida,LACTANCIA MATERNA EXCLUSIVA
806,6,14,114303,A0200002,13,13110,11,9,11,Servicio de Salud Metropolitano Sur Oriente,Centro de Salud Familiar Bellavista,La Florida,LACTANCIA MATERNA EXCLUSIVA
807,8,14,114334,A0200001,13,13110,21,6,10,Servicio de Salud Metropolitano Sur Oriente,Centro de Salud Familiar José Alvo,La Florida,MENORES CONTROLADOS
808,8,14,114334,A0200002,13,13110,8,2,7,Servicio de Salud Metropolitano Sur Oriente,Centro de Salud Familiar José Alvo,La Florida,LACTANCIA MATERNA EXCLUSIVA
809,7,14,114334,A0200001,13,13110,20,12,15,Servicio de Salud Metropolitano Sur Oriente,Centro de Salud Familiar José Alvo,La Florida,MENORES CONTROLADOS
810,3,14,114303,A0200002,13,13110,11,15,14,Servicio de Salud Metropolitano Sur Oriente,Centro de Salud Familiar Bellavista,La Florida,LACTANCIA MATERNA EXCLUSIVA
811,7,14,114303,A0200001,13,13110,25,18,28,Servicio de Salud Metropolitano Sur Oriente,Centro de Salud Familiar Bellavista,La Florida,MENORES CONTROLADOS
812,4,14,114324,A0200001,13,13110,16,28,12,Servicio de Salud Metropolitano Sur Oriente,Centro de Salud Familiar Santa Amalia,La Florida,MENORES CONTROLADOS
813,4,14,114324,A0200002,13,13110,10,15,7,Servicio de Salud Metropolitano Sur Oriente,Centro de Salud Familiar Santa Amalia,La Florida,LACTANCIA MATERNA EXCLUSIVA
814,6,14,114303,A0200001,13,13110,23,18,20,Servicio de Salud Metropolitano Sur Oriente,Centro de Salud Familiar Bellavista,La Florida,MENORES CONTROLADOS
815,3,14,114334,A0200001,13,13110,14,9,12,Servicio de Salud Metropolitano Sur Oriente,Centro de Salud Familiar José Alvo,La Florida,MENORES CONTROLADOS
816,3,14,114334,A0200002,13,13110,5,6,8,Servicio de Salud Metropolitano Sur Oriente,Centro de Salud Familiar José Alvo,La Florida,LACTANCIA MATERNA EXCLUSIVA
817,1,14,114303,A0200002,13,13110,15,14,9,Servicio de Salud Metropolitano Sur Oriente,Centro de Salud Familiar Bellavista,La Florida,LACTANCIA MATERNA EXCLUSIVA
818,1,14,114324,A0200001,13,13110,19,14,14,Servicio de Salud Metropolitano Sur Oriente,Centro de Salud Familiar Santa Amalia,La Florida,MENORES CONTROLADOS
819,2,14,114324,A0200002,13,13110,16,13,13,Servicio de Salud Metropolitano Sur Oriente,Centro de Salud Familiar Santa Amalia,La Florida,LACTANCIA MATERNA EXCLUSIVA
820,2,14,114324,A0200001,13,13110,22,23,22,Servicio de Salud Metropolitano Sur Oriente,Centro de Salud Familiar Santa Amalia,La Florida,MENORES CONTROLADOS
821,4,14,114334,A0200002,13,13110,6,4,4,Servicio de Salud Metropolitano Sur Oriente,Centro de Salud Familiar José Alvo,La Florida,LACTANCIA MATERNA EXCLUSIVA
822,3,14,114324,A0200002,13,13110,10,8,8,Servicio de Salud Metropolitano Sur Oriente,Centro de Salud Familiar Santa Amalia,La Florida,LACTANCIA MATERNA EXCLUSIVA
823,4,14,114334,A0200001,13,13110,8,13,13,Servicio de Salud Metropolitano Sur Oriente,Centro de Salud Familiar José Alvo,La Florida,MENORES CONTROLADOS
824,2,14,114334,A0200002,13,13110,5,4,2,Servicio de Salud Metropolitano Sur Oriente,Centro de Salud Familiar José Alvo,La Florida,LACTANCIA MATERNA EXCLUSIVA
825,2,14,114303,A0200002,13,13110,7,12,7,Servicio de Salud Metropolitano Sur Oriente,Centro de Salud Familiar Bellavista,La Florida,LACTANCIA MATERNA EXCLUSIVA
826,3,14,114303,A0200001,13,13110,18,25,21,Servicio de Salud Metropolitano Sur Oriente,Centro de Salud Familiar Bellavista,La Florida,MENORES CONTROLADOS
827,8,14,114324,A0200002,13,13110,11,10,11,Servicio de Salud Metropolitano Sur Oriente,Centro de Salud Familiar Santa Amalia,La Florida,LACTANCIA MATERNA EXCLUSIVA
828,4,14,114303,A0200001,13,13110,12,17,17,Servicio de Salud Metropolitano Sur Oriente,Centro de Salud Familiar Bellavista,La Florida,MENORES CONTROLADOS
829,7,13,113717,A0200002,13,13105,0,0,0,Servicio de Salud Metropolitano Sur,Centro Comunitario de Salud Familiar Santa Laura,El Bosque,LACTANCIA MATERNA EXCLUSIVA
830,2,14,114316,A0200001,13,13110,15,15,10,Servicio de Salud Metropolitano Sur Oriente,Centro de Salud Familiar Dr. Fernando Maffioletti,La Florida,MENORES CONTROLADOS
831,5,14,114324,A0200002,13,13110,18,7,10,Servicio de Salud Metropolitano Sur Oriente,Centro de Salud Familiar Santa Amalia,La Florida,LACTANCIA MATERNA EXCLUSIVA
832,2,14,114303,A0200001,13,13110,10,19,15,Servicio de Salud Metropolitano Sur Oriente,Centro de Salud Familiar Bellavista,La Florida,MENORES CONTROLADOS
833,8,14,114303,A0200002,13,13110,19,13,16,Servicio de Salud Metropolitano Sur Oriente,Centro de Salud Familiar Bellavista,La Florida,LACTANCIA MATERNA EXCLUSIVA
834,8,14,114303,A0200001,13,13110,29,27,30,Servicio de Salud Metropolitano Sur Oriente,Centro de Salud Familiar Bellavista,La Florida,MENORES CONTROLADOS
835,5,14,114324,A0200001,13,13110,23,17,18,Servicio de Salud Metropolitano Sur Oriente,Centro de Salud Familiar Santa Amalia,La Florida,MENORES CONTROLADOS
836,11,14,114324,A0200001,13,13110,19,18,12,Servicio de Salud Metropolitano Sur Oriente,Centro de Salud Familiar Santa Amalia,La Florida,MENORES CONTROLADOS
837,9,14,114334,A0200002,13,13110,9,4,9,Servicio de Salud Metropolitano Sur Oriente,Centro de Salud Familiar José Alvo,La Florida,LACTANCIA MATERNA EXCLUSIVA
838,9,14,114334,A0200001,13,13110,11,11,15,Servicio de Salud Metropolitano Sur Oriente,Centro de Salud Familiar José Alvo,La Florida,MENORES CONTROLADOS
839,2,14,114334,A0200001,13,13110,16,8,7,Servicio de Salud Metropolitano Sur Oriente,Centro de Salud Familiar José Alvo,La Florida,MENORES CONTROLADOS
840,8,14,114324,A0200001,13,13110,14,17,17,Servicio de Salud Metropolitano Sur Oriente,Centro de Salud Familiar Santa Amalia,La Florida,MENORES CONTROLADOS
841,10,14,114303,A0200002,13,13110,19,21,17,Servicio de Salud Metropolitano Sur Oriente,Centro de Salud Familiar Bellavista,La Florida,LACTANCIA MATERNA EXCLUSIVA
842,11,14,114334,A0200002,13,13110,5,2,6,Servicio de Salud Metropolitano Sur Oriente,Centro de Salud Familiar José Alvo,La Florida,LACTANCIA MATERNA EXCLUSIVA
843,11,14,114334,A0200001,13,13110,8,4,10,Servicio de Salud Metropolitano Sur Oriente,Centro de Salud Familiar José Alvo,La Florida,MENORES CONTROLADOS
844,1,14,114330,A0200002,13,13110,6,7,4,Servicio de Salud Metropolitano Sur Oriente,Centro de Salud Familiar Trinidad,La Florida,LACTANCIA MATERNA EXCLUSIVA
845,1,14,114330,A0200001,13,13110,9,15,16,Servicio de Salud Metropolitano Sur Oriente,Centro de Salud Familiar Trinidad,La Florida,MENORES CONTROLADOS
846,7,14,114330,A0200001,13,13110,8,21,19,Servicio de Salud Metropolitano Sur Oriente,Centro de Salud Familiar Trinidad,La Florida,MENORES CONTROLADOS
847,7,14,114330,A0200002,13,13110,5,13,11,Servicio de Salud Metropolitano Sur Oriente,Centro de Salud Familiar Trinidad,La Florida,LACTANCIA MATERNA EXCLUSIVA
848,10,14,114330,A0200001,13,13110,11,22,11,Servicio de Salud Metropolitano Sur Oriente,Centro de Salud Familiar Trinidad,La Florida,MENORES CONTROLADOS
849,10,14,114330,A0200002,13,13110,7,16,6,Servicio de Salud Metropolitano Sur Oriente,Centro de Salud Familiar Trinidad,La Florida,LACTANCIA MATERNA EXCLUSIVA
850,11,14,114330,A0200002,13,13110,5,8,11,Servicio de Salud Metropolitano Sur Oriente,Centro de Salud Familiar Trinidad,La Florida,LACTANCIA MATERNA EXCLUSIVA
851,11,14,114330,A0200001,13,13110,7,14,15,Servicio de Salud Metropolitano Sur Oriente,Centro de Salud Familiar Trinidad,La Florida,MENORES CONTROLADOS
852,9,14,114330,A0200002,13,13110,7,11,6,Servicio de Salud Metropolitano Sur Oriente,Centro de Salud Familiar Trinidad,La Florida,LACTANCIA MATERNA EXCLUSIVA
853,9,14,114330,A0200001,13,13110,14,17,13,Servicio de Salud Metropolitano Sur Oriente,Centro de Salud Familiar Trinidad,La Florida,MENORES CONTROLADOS
854,4,14,114330,A0200002,13,13110,7,7,7,Servicio de Salud Metropolitano Sur Oriente,Centro de Salud Familiar Trinidad,La Florida,LACTANCIA MATERNA EXCLUSIVA
855,4,14,114330,A0200001,13,13110,8,13,12,Servicio de Salud Metropolitano Sur Oriente,Centro de Salud Familiar Trinidad,La Florida,MENORES CONTROLADOS
856,12,14,114330,A0200002,13,13110,5,13,15,Servicio de Salud Metropolitano Sur Oriente,Centro de Salud Familiar Trinidad,La Florida,LACTANCIA MATERNA EXCLUSIVA
857,12,14,114330,A0200001,13,13110,9,18,20,Servicio de Salud Metropolitano Sur Oriente,Centro de Salud Familiar Trinidad,La Florida,MENORES CONTROLADOS
858,6,14,114330,A0200001,13,13110,15,15,16,Servicio de Salud Metropolitano Sur Oriente,Centro de Salud Familiar Trinidad,La Florida,MENORES CONTROLADOS
859,5,14,114330,A0200001,13,13110,8,9,16,Servicio de Salud Metropolitano Sur Oriente,Centro de Salud Familiar Trinidad,La Florida,MENORES CONTROLADOS
860,6,14,114330,A0200002,13,13110,10,6,9,Servicio de Salud Metropolitano Sur Oriente,Centro de Salud Familiar Trinidad,La Florida,LACTANCIA MATERNA EXCLUSIVA
861,8,14,114330,A0200001,13,13110,13,17,11,Servicio de Salud Metropolitano Sur Oriente,Centro de Salud Familiar Trinidad,La Florida,MENORES CONTROLADOS
862,8,14,114330,A0200002,13,13110,9,14,6,Servicio de Salud Metropolitano Sur Oriente,Centro de Salud Familiar Trinidad,La Florida,LACTANCIA MATERNA EXCLUSIVA
863,5,14,114330,A0200002,13,13110,4,7,6,Servicio de Salud Metropolitano Sur Oriente,Centro de Salud Familiar Trinidad,La Florida,LACTANCIA MATERNA EXCLUSIVA
864,3,14,114330,A0200001,13,13110,10,8,18,Servicio de Salud Metropolitano Sur Oriente,Centro de Salud Familiar Trinidad,La Florida,MENORES CONTROLADOS
865,1,14,114302,A0200001,13,13110,16,11,13,Servicio de Salud Metropolitano Sur Oriente,Centro de Salud Familiar Los Castaños,La Florida,MENORES CONTROLADOS
866,6,14,114304,A0200002,13,13110,9,2,11,Servicio de Salud Metropolitano Sur Oriente,Centro de Salud Familiar Villa O'Higgins,La Florida,LACTANCIA MATERNA EXCLUSIVA
867,1,14,114304,A0200002,13,13110,13,2,9,Servicio de Salud Metropolitano Sur Oriente,Centro de Salud Familiar Villa O'Higgins,La Florida,LACTANCIA MATERNA EXCLUSIVA
868,7,14,114304,A0200002,13,13110,17,7,6,Servicio de Salud Metropolitano Sur Oriente,Centro de Salud Familiar Villa O'Higgins,La Florida,LACTANCIA MATERNA EXCLUSIVA
869,7,14,114305,A0200002,13,13110,23,16,13,Servicio de Salud Metropolitano Sur Oriente,Centro de Salud Familiar Los Quillayes,La Florida,LACTANCIA MATERNA EXCLUSIVA
870,7,14,114305,A0200001,13,13110,35,25,24,Servicio de Salud Metropolitano Sur Oriente,Centro de Salud Familiar Los Quillayes,La Florida,MENORES CONTROLADOS
871,8,14,114302,A0200002,13,13110,4,6,5,Servicio de Salud Metropolitano Sur Oriente,Centro de Salud Familiar Los Castaños,La Florida,LACTANCIA MATERNA EXCLUSIVA
872,8,14,114302,A0200001,13,13110,6,11,8,Servicio de Salud Metropolitano Sur Oriente,Centro de Salud Familiar Los Castaños,La Florida,MENORES CONTROLADOS
873,4,14,114304,A0200002,13,13110,6,14,10,Servicio de Salud Metropolitano Sur Oriente,Centro de Salud Familiar Villa O'Higgins,La Florida,LACTANCIA MATERNA EXCLUSIVA
874,12,14,114304,A0200002,13,13110,15,10,8,Servicio de Salud Metropolitano Sur Oriente,Centro de Salud Familiar Villa O'Higgins,La Florida,LACTANCIA MATERNA EXCLUSIVA
875,12,14,114304,A0200001,13,13110,22,17,13,Servicio de Salud Metropolitano Sur Oriente,Centro de Salud Familiar Villa O'Higgins,La Florida,MENORES CONTROLADOS
876,5,12,112320,A0200002,13,13113,11,4,4,Servicio de Salud Metropolitano Oriente,Centro de Salud Familiar Juan Pablo II ( La Reina),La Reina,LACTANCIA MATERNA EXCLUSIVA
877,10,12,112320,A0200002,13,13113,3,4,8,Servicio de Salud Metropolitano Oriente,Centro de Salud Familiar Juan Pablo II ( La Reina),La Reina,LACTANCIA MATERNA EXCLUSIVA
878,10,12,112320,A0200001,13,13113,5,8,10,Servicio de Salud Metropolitano Oriente,Centro de Salud Familiar Juan Pablo II ( La Reina),La Reina,MENORES CONTROLADOS
879,9,14,114304,A0200002,13,13110,12,7,7,Servicio de Salud Metropolitano Sur Oriente,Centro de Salud Familiar Villa O'Higgins,La Florida,LACTANCIA MATERNA EXCLUSIVA
880,9,14,114304,A0200001,13,13110,20,12,12,Servicio de Salud Metropolitano Sur Oriente,Centro de Salud Familiar Villa O'Higgins,La Florida,MENORES CONTROLADOS
881,6,14,114302,A0200001,13,13110,12,16,19,Servicio de Salud Metropolitano Sur Oriente,Centro de Salud Familiar Los Castaños,La Florida,MENORES CONTROLADOS
882,2,14,114305,A0200001,13,13110,16,21,12,Servicio de Salud Metropolitano Sur Oriente,Centro de Salud Familiar Los Quillayes,La Florida,MENORES CONTROLADOS
883,10,14,114305,A0200002,13,13110,12,13,13,Servicio de Salud Metropolitano Sur Oriente,Centro de Salud Familiar Los Quillayes,La Florida,LACTANCIA MATERNA EXCLUSIVA
884,10,14,114305,A0200001,13,13110,22,21,22,Servicio de Salud Metropolitano Sur Oriente,Centro de Salud Familiar Los Quillayes,La Florida,MENORES CONTROLADOS
885,7,14,114304,A0200001,13,13110,24,14,19,Servicio de Salud Metropolitano Sur Oriente,Centro de Salud Familiar Villa O'Higgins,La Florida,MENORES CONTROLADOS
886,10,14,114304,A0200002,13,13110,17,6,12,Servicio de Salud Metropolitano Sur Oriente,Centro de Salud Familiar Villa O'Higgins,La Florida,LACTANCIA MATERNA EXCLUSIVA
887,10,14,114304,A0200001,13,13110,26,8,20,Servicio de Salud Metropolitano Sur Oriente,Centro de Salud Familiar Villa O'Higgins,La Florida,MENORES CONTROLADOS
888,4,14,114302,A0200002,13,13110,10,10,9,Servicio de Salud Metropolitano Sur Oriente,Centro de Salud Familiar Los Castaños,La Florida,LACTANCIA MATERNA EXCLUSIVA
889,5,14,114302,A0200001,13,13110,17,8,14,Servicio de Salud Metropolitano Sur Oriente,Centro de Salud Familiar Los Castaños,La Florida,MENORES CONTROLADOS
890,3,14,114305,A0200001,13,13110,30,20,25,Servicio de Salud Metropolitano Sur Oriente,Centro de Salud Familiar Los Quillayes,La Florida,MENORES CONTROLADOS
891,2,14,114305,A0200002,13,13110,8,13,7,Servicio de Salud Metropolitano Sur Oriente,Centro de Salud Familiar Los Quillayes,La Florida,LACTANCIA MATERNA EXCLUSIVA
892,8,14,114305,A0200002,13,13110,14,15,14,Servicio de Salud Metropolitano Sur Oriente,Centro de Salud Familiar Los Quillayes,La Florida,LACTANCIA MATERNA EXCLUSIVA
893,8,14,114305,A0200001,13,13110,24,21,24,Servicio de Salud Metropolitano Sur Oriente,Centro de Salud Familiar Los Quillayes,La Florida,MENORES CONTROLADOS
894,12,14,114302,A0200001,13,13110,5,11,8,Servicio de Salud Metropolitano Sur Oriente,Centro de Salud Familiar Los Castaños,La Florida,MENORES CONTROLADOS
895,12,14,114302,A0200002,13,13110,3,8,5,Servicio de Salud Metropolitano Sur Oriente,Centro de Salud Familiar Los Castaños,La Florida,LACTANCIA MATERNA EXCLUSIVA
896,4,14,114302,A0200001,13,13110,14,14,16,Servicio de Salud Metropolitano Sur Oriente,Centro de Salud Familiar Los Castaños,La Florida,MENORES CONTROLADOS
897,6,14,114305,A0200002,13,13110,22,9,6,Servicio de Salud Metropolitano Sur Oriente,Centro de Salud Familiar Los Quillayes,La Florida,LACTANCIA MATERNA EXCLUSIVA
898,7,14,114302,A0200002,13,13110,3,9,6,Servicio de Salud Metropolitano Sur Oriente,Centro de Salud Familiar Los Castaños,La Florida,LACTANCIA MATERNA EXCLUSIVA
899,5,14,114304,A0200001,13,13110,5,12,17,Servicio de Salud Metropolitano Sur Oriente,Centro de Salud Familiar Villa O'Higgins,La Florida,MENORES CONTROLADOS
900,6,14,114305,A0200001,13,13110,29,16,11,Servicio de Salud Metropolitano Sur Oriente,Centro de Salud Familiar Los Quillayes,La Florida,MENORES CONTROLADOS
901,8,14,114304,A0200001,13,13110,20,17,17,Servicio de Salud Metropolitano Sur Oriente,Centro de Salud Familiar Villa O'Higgins,La Florida,MENORES CONTROLADOS
902,8,14,114304,A0200002,13,13110,13,9,10,Servicio de Salud Metropolitano Sur Oriente,Centro de Salud Familiar Villa O'Higgins,La Florida,LACTANCIA MATERNA EXCLUSIVA
903,6,14,114302,A0200002,13,13110,7,9,11,Servicio de Salud Metropolitano Sur Oriente,Centro de Salud Familiar Los Castaños,La Florida,LACTANCIA MATERNA EXCLUSIVA
904,5,14,114304,A0200002,13,13110,3,10,4,Servicio de Salud Metropolitano Sur Oriente,Centro de Salud Familiar Villa O'Higgins,La Florida,LACTANCIA MATERNA EXCLUSIVA
905,3,14,114302,A0200002,13,13110,13,11,9,Servicio de Salud Metropolitano Sur Oriente,Centro de Salud Familiar Los Castaños,La Florida,LACTANCIA MATERNA EXCLUSIVA
906,3,14,114302,A0200001,13,13110,16,16,14,Servicio de Salud Metropolitano Sur Oriente,Centro de Salud Familiar Los Castaños,La Florida,MENORES CONTROLADOS
907,12,14,114305,A0200001,13,13110,24,12,23,Servicio de Salud Metropolitano Sur Oriente,Centro de Salud Familiar Los Quillayes,La Florida,MENORES CONTROLADOS
908,7,14,114302,A0200001,13,13110,4,14,10,Servicio de Salud Metropolitano Sur Oriente,Centro de Salud Familiar Los Castaños,La Florida,MENORES CONTROLADOS
909,12,14,114305,A0200002,13,13110,20,6,14,Servicio de Salud Metropolitano Sur Oriente,Centro de Salud Familiar Los Quillayes,La Florida,LACTANCIA MATERNA EXCLUSIVA
910,11,14,114305,A0200002,13,13110,12,13,15,Servicio de Salud Metropolitano Sur Oriente,Centro de Salud Familiar Los Quillayes,La Florida,LACTANCIA MATERNA EXCLUSIVA
911,11,14,114305,A0200001,13,13110,21,22,25,Servicio de Salud Metropolitano Sur Oriente,Centro de Salud Familiar Los Quillayes,La Florida,MENORES CONTROLADOS
912,1,14,114304,A0200001,13,13110,18,10,15,Servicio de Salud Metropolitano Sur Oriente,Centro de Salud Familiar Villa O'Higgins,La Florida,MENORES CONTROLADOS
913,4,14,114304,A0200001,13,13110,9,21,22,Servicio de Salud Metropolitano Sur Oriente,Centro de Salud Familiar Villa O'Higgins,La Florida,MENORES CONTROLADOS
914,6,14,114304,A0200001,13,13110,15,6,20,Servicio de Salud Metropolitano Sur Oriente,Centro de Salud Familiar Villa O'Higgins,La Florida,MENORES CONTROLADOS
915,5,14,114302,A0200002,13,13110,13,6,9,Servicio de Salud Metropolitano Sur Oriente,Centro de Salud Familiar Los Castaños,La Florida,LACTANCIA MATERNA EXCLUSIVA
916,3,14,114305,A0200002,13,13110,17,12,15,Servicio de Salud Metropolitano Sur Oriente,Centro de Salud Familiar Los Quillayes,La Florida,LACTANCIA MATERNA EXCLUSIVA
917,5,14,114305,A0200002,13,13110,13,12,9,Servicio de Salud Metropolitano Sur Oriente,Centro de Salud Familiar Los Quillayes,La Florida,LACTANCIA MATERNA EXCLUSIVA
918,2,14,114302,A0200001,13,13110,15,15,12,Servicio de Salud Metropolitano Sur Oriente,Centro de Salud Familiar Los Castaños,La Florida,MENORES CONTROLADOS
919,3,14,114304,A0200002,13,13110,15,11,10,Servicio de Salud Metropolitano Sur Oriente,Centro de Salud Familiar Villa O'Higgins,La Florida,LACTANCIA MATERNA EXCLUSIVA
920,2,14,114304,A0200001,13,13110,17,16,18,Servicio de Salud Metropolitano Sur Oriente,Centro de Salud Familiar Villa O'Higgins,La Florida,MENORES CONTROLADOS
921,2,14,114304,A0200002,13,13110,8,10,9,Servicio de Salud Metropolitano Sur Oriente,Centro de Salud Familiar Villa O'Higgins,La Florida,LACTANCIA MATERNA EXCLUSIVA
922,1,14,114302,A0200002,13,13110,9,8,8,Servicio de Salud Metropolitano Sur Oriente,Centro de Salud Familiar Los Castaños,La Florida,LACTANCIA MATERNA EXCLUSIVA
923,10,14,114302,A0200002,13,13110,6,7,8,Servicio de Salud Metropolitano Sur Oriente,Centro de Salud Familiar Los Castaños,La Florida,LACTANCIA MATERNA EXCLUSIVA
924,10,14,114302,A0200001,13,13110,9,12,13,Servicio de Salud Metropolitano Sur Oriente,Centro de Salud Familiar Los Castaños,La Florida,MENORES CONTROLADOS
925,4,14,114305,A0200002,13,13110,9,15,12,Servicio de Salud Metropolitano Sur Oriente,Centro de Salud Familiar Los Quillayes,La Florida,LACTANCIA MATERNA EXCLUSIVA
926,3,14,114304,A0200001,13,13110,17,16,25,Servicio de Salud Metropolitano Sur Oriente,Centro de Salud Familiar Villa O'Higgins,La Florida,MENORES CONTROLADOS
927,5,14,114305,A0200001,13,13110,19,26,16,Servicio de Salud Metropolitano Sur Oriente,Centro de Salud Familiar Los Quillayes,La Florida,MENORES CONTROLADOS
928,4,14,114305,A0200001,13,13110,13,30,18,Servicio de Salud Metropolitano Sur Oriente,Centro de Salud Familiar Los Quillayes,La Florida,MENORES CONTROLADOS
929,9,14,114305,A0200001,13,13110,12,29,13,Servicio de Salud Metropolitano Sur Oriente,Centro de Salud Familiar Los Quillayes,La Florida,MENORES CONTROLADOS
930,9,14,114305,A0200002,13,13110,7,16,8,Servicio de Salud Metropolitano Sur Oriente,Centro de Salud Familiar Los Quillayes,La Florida,LACTANCIA MATERNA EXCLUSIVA
931,11,14,114302,A0200002,13,13110,10,7,6,Servicio de Salud Metropolitano Sur Oriente,Centro de Salud Familiar Los Castaños,La Florida,LACTANCIA MATERNA EXCLUSIVA
932,11,14,114302,A0200001,13,13110,14,11,10,Servicio de Salud Metropolitano Sur Oriente,Centro de Salud Familiar Los Castaños,La Florida,MENORES CONTROLADOS
933,9,14,114302,A0200001,13,13110,8,9,10,Servicio de Salud Metropolitano Sur Oriente,Centro de Salud Familiar Los Castaños,La Florida,MENORES CONTROLADOS
934,9,14,114302,A0200002,13,13110,5,5,6,Servicio de Salud Metropolitano Sur Oriente,Centro de Salud Familiar Los Castaños,La Florida,LACTANCIA MATERNA EXCLUSIVA
935,11,14,114304,A0200002,13,13110,5,4,11,Servicio de Salud Metropolitano Sur Oriente,Centro de Salud Familiar Villa O'Higgins,La Florida,LACTANCIA MATERNA EXCLUSIVA
936,1,14,114305,A0200002,13,13110,17,13,17,Servicio de Salud Metropolitano Sur Oriente,Centro de Salud Familiar Los Quillayes,La Florida,LACTANCIA MATERNA EXCLUSIVA
937,1,14,114305,A0200001,13,13110,29,22,29,Servicio de Salud Metropolitano Sur Oriente,Centro de Salud Familiar Los Quillayes,La Florida,MENORES CONTROLADOS
938,11,14,114304,A0200001,13,13110,11,10,16,Servicio de Salud Metropolitano Sur Oriente,Centro de Salud Familiar Villa O'Higgins,La Florida,MENORES CONTROLADOS
939,2,14,114302,A0200002,13,13110,11,8,7,Servicio de Salud Metropolitano Sur Oriente,Centro de Salud Familiar Los Castaños,La Florida,LACTANCIA MATERNA EXCLUSIVA
940,3,14,114325,A0200001,13,13111,8,15,12,Servicio de Salud Metropolitano Sur Oriente,Centro de Salud Familiar Granja Sur,La Granja,MENORES CONTROLADOS
941,4,14,114325,A0200001,13,13111,19,20,11,Servicio de Salud Metropolitano Sur Oriente,Centro de Salud Familiar Granja Sur,La Granja,MENORES CONTROLADOS
942,12,14,114325,A0200001,13,13111,7,12,15,Servicio de Salud Metropolitano Sur Oriente,Centro de Salud Familiar Granja Sur,La Granja,MENORES CONTROLADOS
943,4,14,114325,A0200002,13,13111,9,10,5,Servicio de Salud Metropolitano Sur Oriente,Centro de Salud Familiar Granja Sur,La Granja,LACTANCIA MATERNA EXCLUSIVA
944,1,14,114325,A0200002,13,13111,4,7,6,Servicio de Salud Metropolitano Sur Oriente,Centro de Salud Familiar Granja Sur,La Granja,LACTANCIA MATERNA EXCLUSIVA
945,5,14,114325,A0200002,13,13111,5,10,5,Servicio de Salud Metropolitano Sur Oriente,Centro de Salud Familiar Granja Sur,La Granja,LACTANCIA MATERNA EXCLUSIVA
946,6,14,114325,A0200001,13,13111,6,14,16,Servicio de Salud Metropolitano Sur Oriente,Centro de Salud Familiar Granja Sur,La Granja,MENORES CONTROLADOS
947,6,14,114325,A0200002,13,13111,3,7,6,Servicio de Salud Metropolitano Sur Oriente,Centro de Salud Familiar Granja Sur,La Granja,LACTANCIA MATERNA EXCLUSIVA
948,10,14,114325,A0200002,13,13111,10,8,5,Servicio de Salud Metropolitano Sur Oriente,Centro de Salud Familiar Granja Sur,La Granja,LACTANCIA MATERNA EXCLUSIVA
949,11,14,114325,A0200002,13,13111,6,8,6,Servicio de Salud Metropolitano Sur Oriente,Centro de Salud Familiar Granja Sur,La Granja,LACTANCIA MATERNA EXCLUSIVA
950,11,14,114325,A0200001,13,13111,9,13,10,Servicio de Salud Metropolitano Sur Oriente,Centro de Salud Familiar Granja Sur,La Granja,MENORES CONTROLADOS
951,12,14,114325,A0200002,13,13111,5,6,8,Servicio de Salud Metropolitano Sur Oriente,Centro de Salud Familiar Granja Sur,La Granja,LACTANCIA MATERNA EXCLUSIVA
952,7,14,114325,A0200001,13,13111,16,10,18,Servicio de Salud Metropolitano Sur Oriente,Centro de Salud Familiar Granja Sur,La Granja,MENORES CONTROLADOS
953,10,14,114325,A0200001,13,13111,16,16,15,Servicio de Salud Metropolitano Sur Oriente,Centro de Salud Familiar Granja Sur,La Granja,MENORES CONTROLADOS
954,7,14,114325,A0200002,13,13111,9,5,11,Servicio de Salud Metropolitano Sur Oriente,Centro de Salud Familiar Granja Sur,La Granja,LACTANCIA MATERNA EXCLUSIVA
955,8,14,114325,A0200001,13,13111,11,7,13,Servicio de Salud Metropolitano Sur Oriente,Centro de Salud Familiar Granja Sur,La Granja,MENORES CONTROLADOS
956,8,14,114325,A0200002,13,13111,6,3,6,Servicio de Salud Metropolitano Sur Oriente,Centro de Salud Familiar Granja Sur,La Granja,LACTANCIA MATERNA EXCLUSIVA
957,1,14,114325,A0200001,13,13111,19,16,10,Servicio de Salud Metropolitano Sur Oriente,Centro de Salud Familiar Granja Sur,La Granja,MENORES CONTROLADOS
958,2,14,114325,A0200001,13,13111,21,16,14,Servicio de Salud Metropolitano Sur Oriente,Centro de Salud Familiar Granja Sur,La Granja,MENORES CONTROLADOS
959,2,14,114325,A0200002,13,13111,13,6,7,Servicio de Salud Metropolitano Sur Oriente,Centro de Salud Familiar Granja Sur,La Granja,LACTANCIA MATERNA EXCLUSIVA
960,3,14,114325,A0200002,13,13111,5,7,7,Servicio de Salud Metropolitano Sur Oriente,Centro de Salud Familiar Granja Sur,La Granja,LACTANCIA MATERNA EXCLUSIVA
961,9,14,114325,A0200001,13,13111,6,12,23,Servicio de Salud Metropolitano Sur Oriente,Centro de Salud Familiar Granja Sur,La Granja,MENORES CONTROLADOS
962,9,14,114325,A0200002,13,13111,4,8,12,Servicio de Salud Metropolitano Sur Oriente,Centro de Salud Familiar Granja Sur,La Granja,LACTANCIA MATERNA EXCLUSIVA
963,5,14,114325,A0200001,13,13111,9,14,15,Servicio de Salud Metropolitano Sur Oriente,Centro de Salud Familiar Granja Sur,La Granja,MENORES CONTROLADOS
964,1,14,114315,A0200001,13,13111,11,10,15,Servicio de Salud Metropolitano Sur Oriente,Centro de Salud Familiar Malaquías Concha,La Granja,MENORES CONTROLADOS
965,2,14,114315,A0200001,13,13111,5,4,3,Servicio de Salud Metropolitano Sur Oriente,Centro de Salud Familiar Malaquías Concha,La Granja,MENORES CONTROLADOS
966,2,14,114315,A0200002,13,13111,4,2,3,Servicio de Salud Metropolitano Sur Oriente,Centro de Salud Familiar Malaquías Concha,La Granja,LACTANCIA MATERNA EXCLUSIVA
967,11,14,114315,A0200002,13,13111,5,6,3,Servicio de Salud Metropolitano Sur Oriente,Centro de Salud Familiar Malaquías Concha,La Granja,LACTANCIA MATERNA EXCLUSIVA
968,11,14,114315,A0200001,13,13111,10,9,6,Servicio de Salud Metropolitano Sur Oriente,Centro de Salud Familiar Malaquías Concha,La Granja,MENORES CONTROLADOS
969,4,14,114315,A0200001,13,13111,8,8,6,Servicio de Salud Metropolitano Sur Oriente,Centro de Salud Familiar Malaquías Concha,La Granja,MENORES CONTROLADOS
970,6,14,114315,A0200001,13,13111,1,4,7,Servicio de Salud Metropolitano Sur Oriente,Centro de Salud Familiar Malaquías Concha,La Granja,MENORES CONTROLADOS
971,10,14,113307,A0200002,13,13111,5,5,5,Servicio de Salud Metropolitano Sur Oriente,Centro de Salud Familiar Padre Esteban Gumucio Vives,La Granja,LACTANCIA MATERNA EXCLUSIVA
972,10,14,113307,A0200001,13,13111,9,6,9,Servicio de Salud Metropolitano Sur Oriente,Centro de Salud Familiar Padre Esteban Gumucio Vives,La Granja,MENORES CONTROLADOS
973,11,14,113307,A0200002,13,13111,6,1,5,Servicio de Salud Metropolitano Sur Oriente,Centro de Salud Familiar Padre Esteban Gumucio Vives,La Granja,LACTANCIA MATERNA EXCLUSIVA
974,11,14,113307,A0200001,13,13111,10,8,8,Servicio de Salud Metropolitano Sur Oriente,Centro de Salud Familiar Padre Esteban Gumucio Vives,La Granja,MENORES CONTROLADOS
975,1,14,114315,A0200002,13,13111,8,4,9,Servicio de Salud Metropolitano Sur Oriente,Centro de Salud Familiar Malaquías Concha,La Granja,LACTANCIA MATERNA EXCLUSIVA
976,8,14,114315,A0200002,13,13111,3,1,5,Servicio de Salud Metropolitano Sur Oriente,Centro de Salud Familiar Malaquías Concha,La Granja,LACTANCIA MATERNA EXCLUSIVA
977,8,14,114315,A0200001,13,13111,7,3,14,Servicio de Salud Metropolitano Sur Oriente,Centro de Salud Familiar Malaquías Concha,La Granja,MENORES CONTROLADOS
978,10,14,114315,A0200001,13,13111,16,8,6,Servicio de Salud Metropolitano Sur Oriente,Centro de Salud Familiar Malaquías Concha,La Granja,MENORES CONTROLADOS
979,10,14,114315,A0200002,13,13111,9,4,3,Servicio de Salud Metropolitano Sur Oriente,Centro de Salud Familiar Malaquías Concha,La Granja,LACTANCIA MATERNA EXCLUSIVA
980,12,14,113307,A0200002,13,13111,7,6,1,Servicio de Salud Metropolitano Sur Oriente,Centro de Salud Familiar Padre Esteban Gumucio Vives,La Granja,LACTANCIA MATERNA EXCLUSIVA
981,12,14,113307,A0200001,13,13111,17,10,5,Servicio de Salud Metropolitano Sur Oriente,Centro de Salud Familiar Padre Esteban Gumucio Vives,La Granja,MENORES CONTROLADOS
982,12,14,114315,A0200002,13,13111,4,6,8,Servicio de Salud Metropolitano Sur Oriente,Centro de Salud Familiar Malaquías Concha,La Granja,LACTANCIA MATERNA EXCLUSIVA
983,12,14,114315,A0200001,13,13111,,,14,Servicio de Salud Metropolitano Sur Oriente,Centro de Salud Familiar Malaquías Concha,La Granja,MENORES CONTROLADOS
984,3,14,114315,A0200001,13,13111,14,7,12,Servicio de Salud Metropolitano Sur Oriente,Centro de Salud Familiar Malaquías Concha,La Granja,MENORES CONTROLADOS
985,3,14,114315,A0200002,13,13111,8,4,5,Servicio de Salud Metropolitano Sur Oriente,Centro de Salud Familiar Malaquías Concha,La Granja,LACTANCIA MATERNA EXCLUSIVA
986,5,14,114315,A0200001,13,13111,8,13,4,Servicio de Salud Metropolitano Sur Oriente,Centro de Salud Familiar Malaquías Concha,La Granja,MENORES CONTROLADOS
987,9,14,114315,A0200001,13,13111,9,14,8,Servicio de Salud Metropolitano Sur Oriente,Centro de Salud Familiar Malaquías Concha,La Granja,MENORES CONTROLADOS
988,9,14,114315,A0200002,13,13111,7,6,4,Servicio de Salud Metropolitano Sur Oriente,Centro de Salud Familiar Malaquías Concha,La Granja,LACTANCIA MATERNA EXCLUSIVA
989,5,14,114315,A0200002,13,13111,4,10,2,Servicio de Salud Metropolitano Sur Oriente,Centro de Salud Familiar Malaquías Concha,La Granja,LACTANCIA MATERNA EXCLUSIVA
990,7,14,114315,A0200002,13,13111,6,1,3,Servicio de Salud Metropolitano Sur Oriente,Centro de Salud Familiar Malaquías Concha,La Granja,LACTANCIA MATERNA EXCLUSIVA
991,6,14,114315,A0200002,13,13111,,2,4,Servicio de Salud Metropolitano Sur Oriente,Centro de Salud Familiar Malaquías Concha,La Granja,LACTANCIA MATERNA EXCLUSIVA
992,4,14,114315,A0200002,13,13111,4,6,4,Servicio de Salud Metropolitano Sur Oriente,Centro de Salud Familiar Malaquías Concha,La Granja,LACTANCIA MATERNA EXCLUSIVA
993,7,14,114315,A0200001,13,13111,8,4,6,Servicio de Salud Metropolitano Sur Oriente,Centro de Salud Familiar Malaquías Concha,La Granja,MENORES CONTROLADOS
994,7,14,114706,A0200002,13,13111,1,,,Servicio de Salud Metropolitano Sur Oriente,Centro Comunitario de Salud Familiar Millalemu,La Granja,LACTANCIA MATERNA EXCLUSIVA
995,3,14,114706,A0200001,13,13111,,2,1,Servicio de Salud Metropolitano Sur Oriente,Centro Comunitario de Salud Familiar Millalemu,La Granja,MENORES CONTROLADOS
996,12,14,114706,A0200002,13,13111,1,,2,Servicio de Salud Metropolitano Sur Oriente,Centro Comunitario de Salud Familiar Millalemu,La Granja,LACTANCIA MATERNA EXCLUSIVA
997,12,14,114706,A0200001,13,13111,1,3,4,Servicio de Salud Metropolitano Sur Oriente,Centro Comunitario de Salud Familiar Millalemu,La Granja,MENORES CONTROLADOS
998,10,14,114706,A0200001,13,13111,3,1,1,Servicio de Salud Metropolitano Sur Oriente,Centro Comunitario de Salud Familiar Millalemu,La Granja,MENORES CONTROLADOS
999,10,14,114706,A0200002,13,13111,1,0,0,Servicio de Salud Metropolitano Sur Oriente,Centro Comunitario de Salud Familiar Millalemu,La Granja,LACTANCIA MATERNA EXCLUSIVA
1000,5,14,114706,A0200001,13,13111,4,1,1,Servicio de Salud Metropolitano Sur Oriente,Centro Comunitario de Salud Familiar Millalemu,La Granja,MENORES CONTROLADOS
1001,5,14,114706,A0200002,13,13111,3,,1,Servicio de Salud Metropolitano Sur Oriente,Centro Comunitario de Salud Familiar Millalemu,La Granja,LACTANCIA MATERNA EXCLUSIVA
1002,2,14,114706,A0200002,13,13111,1,,,Servicio de Salud Metropolitano Sur Oriente,Centro Comunitario de Salud Familiar Millalemu,La Granja,LACTANCIA MATERNA EXCLUSIVA
1003,2,14,114706,A0200001,13,13111,1,1,1,Servicio de Salud Metropolitano Sur Oriente,Centro Comunitario de Salud Familiar Millalemu,La Granja,MENORES CONTROLADOS
1004,1,14,114706,A0200002,13,13111,,3,1,Servicio de Salud Metropolitano Sur Oriente,Centro Comunitario de Salud Familiar Millalemu,La Granja,LACTANCIA MATERNA EXCLUSIVA
1005,1,14,114706,A0200001,13,13111,1,5,2,Servicio de Salud Metropolitano Sur Oriente,Centro Comunitario de Salud Familiar Millalemu,La Granja,MENORES CONTROLADOS
1006,7,14,114706,A0200001,13,13111,2,2,1,Servicio de Salud Metropolitano Sur Oriente,Centro Comunitario de Salud Familiar Millalemu,La Granja,MENORES CONTROLADOS
1007,11,14,114706,A0200001,13,13111,1,3,2,Servicio de Salud Metropolitano Sur Oriente,Centro Comunitario de Salud Familiar Millalemu,La Granja,MENORES CONTROLADOS
1008,6,14,114706,A0200002,13,13111,,,,Servicio de Salud Metropolitano Sur Oriente,Centro Comunitario de Salud Familiar Millalemu,La Granja,LACTANCIA MATERNA EXCLUSIVA
1009,11,14,114706,A0200002,13,13111,1,,1,Servicio de Salud Metropolitano Sur Oriente,Centro Comunitario de Salud Familiar Millalemu,La Granja,LACTANCIA MATERNA EXCLUSIVA
1010,9,14,114706,A0200002,13,13111,0,0,0,Servicio de Salud Metropolitano Sur Oriente,Centro Comunitario de Salud Familiar Millalemu,La Granja,LACTANCIA MATERNA EXCLUSIVA
1011,9,14,114706,A0200001,13,13111,1,1,2,Servicio de Salud Metropolitano Sur Oriente,Centro Comunitario de Salud Familiar Millalemu,La Granja,MENORES CONTROLADOS
1012,8,14,114706,A0200001,13,13111,2,1,3,Servicio de Salud Metropolitano Sur Oriente,Centro Comunitario de Salud Familiar Millalemu,La Granja,MENORES CONTROLADOS
1013,6,14,114706,A0200001,13,13111,1,,,Servicio de Salud Metropolitano Sur Oriente,Centro Comunitario de Salud Familiar Millalemu,La Granja,MENORES CONTROLADOS
1014,8,14,114706,A0200002,13,13111,1,,1,Servicio de Salud Metropolitano Sur Oriente,Centro Comunitario de Salud Familiar Millalemu,La Granja,LACTANCIA MATERNA EXCLUSIVA
1015,3,14,114706,A0200002,13,13111,,,,Servicio de Salud Metropolitano Sur Oriente,Centro Comunitario de Salud Familiar Millalemu,La Granja,LACTANCIA MATERNA EXCLUSIVA
1016,4,14,114706,A0200002,13,13111,,,1,Servicio de Salud Metropolitano Sur Oriente,Centro Comunitario de Salud Familiar Millalemu,La Granja,LACTANCIA MATERNA EXCLUSIVA
1017,4,14,114706,A0200001,13,13111,,2,3,Servicio de Salud Metropolitano Sur Oriente,Centro Comunitario de Salud Familiar Millalemu,La Granja,MENORES CONTROLADOS
1018,6,14,114796,A0200001,13,13111,1,3,1,Servicio de Salud Metropolitano Sur Oriente,Centro Comunitario de Salud Familiar San Gregorio,La Granja,MENORES CONTROLADOS
1019,9,14,114796,A0200001,13,13111,1,1,4,Servicio de Salud Metropolitano Sur Oriente,Centro Comunitario de Salud Familiar San Gregorio,La Granja,MENORES CONTROLADOS
1020,9,14,114796,A0200002,13,13111,1,1,2,Servicio de Salud Metropolitano Sur Oriente,Centro Comunitario de Salud Familiar San Gregorio,La Granja,LACTANCIA MATERNA EXCLUSIVA
1021,2,14,114796,A0200002,13,13111,,4,,Servicio de Salud Metropolitano Sur Oriente,Centro Comunitario de Salud Familiar San Gregorio,La Granja,LACTANCIA MATERNA EXCLUSIVA
1022,2,14,114796,A0200001,13,13111,,8,2,Servicio de Salud Metropolitano Sur Oriente,Centro Comunitario de Salud Familiar San Gregorio,La Granja,MENORES CONTROLADOS
1023,11,14,114796,A0200001,13,13111,0,3,5,Servicio de Salud Metropolitano Sur Oriente,Centro Comunitario de Salud Familiar San Gregorio,La Granja,MENORES CONTROLADOS
1024,11,14,114796,A0200002,13,13111,,1,5,Servicio de Salud Metropolitano Sur Oriente,Centro Comunitario de Salud Familiar San Gregorio,La Granja,LACTANCIA MATERNA EXCLUSIVA
1025,5,14,114796,A0200001,13,13111,,2,5,Servicio de Salud Metropolitano Sur Oriente,Centro Comunitario de Salud Familiar San Gregorio,La Granja,MENORES CONTROLADOS
1026,5,14,114796,A0200002,13,13111,,2,2,Servicio de Salud Metropolitano Sur Oriente,Centro Comunitario de Salud Familiar San Gregorio,La Granja,LACTANCIA MATERNA EXCLUSIVA
1027,10,14,114796,A0200002,13,13111,,,1,Servicio de Salud Metropolitano Sur Oriente,Centro Comunitario de Salud Familiar San Gregorio,La Granja,LACTANCIA MATERNA EXCLUSIVA
1028,10,14,114796,A0200001,13,13111,1,0,1,Servicio de Salud Metropolitano Sur Oriente,Centro Comunitario de Salud Familiar San Gregorio,La Granja,MENORES CONTROLADOS
1029,1,14,114796,A0200002,13,13111,4,1,0,Servicio de Salud Metropolitano Sur Oriente,Centro Comunitario de Salud Familiar San Gregorio,La Granja,LACTANCIA MATERNA EXCLUSIVA
1030,1,14,114796,A0200001,13,13111,4,4,2,Servicio de Salud Metropolitano Sur Oriente,Centro Comunitario de Salud Familiar San Gregorio,La Granja,MENORES CONTROLADOS
1031,12,14,114796,A0200002,13,13111,,1,2,Servicio de Salud Metropolitano Sur Oriente,Centro Comunitario de Salud Familiar San Gregorio,La Granja,LACTANCIA MATERNA EXCLUSIVA
1032,12,14,114796,A0200001,13,13111,1,2,4,Servicio de Salud Metropolitano Sur Oriente,Centro Comunitario de Salud Familiar San Gregorio,La Granja,MENORES CONTROLADOS
1033,7,14,114796,A0200001,13,13111,1,,,Servicio de Salud Metropolitano Sur Oriente,Centro Comunitario de Salud Familiar San Gregorio,La Granja,MENORES CONTROLADOS
1034,7,14,114796,A0200002,13,13111,1,,,Servicio de Salud Metropolitano Sur Oriente,Centro Comunitario de Salud Familiar San Gregorio,La Granja,LACTANCIA MATERNA EXCLUSIVA
1035,3,14,114796,A0200001,13,13111,3,1,4,Servicio de Salud Metropolitano Sur Oriente,Centro Comunitario de Salud Familiar San Gregorio,La Granja,MENORES CONTROLADOS
1036,3,14,114796,A0200002,13,13111,3,1,2,Servicio de Salud Metropolitano Sur Oriente,Centro Comunitario de Salud Familiar San Gregorio,La Granja,LACTANCIA MATERNA EXCLUSIVA
1037,6,14,114796,A0200002,13,13111,1,1,,Servicio de Salud Metropolitano Sur Oriente,Centro Comunitario de Salud Familiar San Gregorio,La Granja,LACTANCIA MATERNA EXCLUSIVA
1038,4,14,114796,A0200001,13,13111,7,,4,Servicio de Salud Metropolitano Sur Oriente,Centro Comunitario de Salud Familiar San Gregorio,La Granja,MENORES CONTROLADOS
1039,8,14,114796,A0200001,13,13111,0,3,3,Servicio de Salud Metropolitano Sur Oriente,Centro Comunitario de Salud Familiar San Gregorio,La Granja,MENORES CONTROLADOS
1040,8,14,114796,A0200002,13,13111,0,2,3,Servicio de Salud Metropolitano Sur Oriente,Centro Comunitario de Salud Familiar San Gregorio,La Granja,LACTANCIA MATERNA EXCLUSIVA
1041,4,14,114796,A0200002,13,13111,3,,2,Servicio de Salud Metropolitano Sur Oriente,Centro Comunitario de Salud Familiar San Gregorio,La Granja,LACTANCIA MATERNA EXCLUSIVA
1042,2,14,114306,A0200002,13,13111,7,4,8,Servicio de Salud Metropolitano Sur Oriente,Centro de Salud Familiar La Granja,La Granja,LACTANCIA MATERNA EXCLUSIVA
1043,1,14,114306,A0200002,13,13111,8,4,4,Servicio de Salud Metropolitano Sur Oriente,Centro de Salud Familiar La Granja,La Granja,LACTANCIA MATERNA EXCLUSIVA
1044,3,14,114306,A0200001,13,13111,19,8,11,Servicio de Salud Metropolitano Sur Oriente,Centro de Salud Familiar La Granja,La Granja,MENORES CONTROLADOS
1045,3,14,114306,A0200002,13,13111,9,4,3,Servicio de Salud Metropolitano Sur Oriente,Centro de Salud Familiar La Granja,La Granja,LACTANCIA MATERNA EXCLUSIVA
1046,2,14,114306,A0200001,13,13111,15,8,19,Servicio de Salud Metropolitano Sur Oriente,Centro de Salud Familiar La Granja,La Granja,MENORES CONTROLADOS
1047,1,14,114306,A0200001,13,13111,18,13,9,Servicio de Salud Metropolitano Sur Oriente,Centro de Salud Familiar La Granja,La Granja,MENORES CONTROLADOS
1048,6,14,114306,A0200002,13,13111,5,5,4,Servicio de Salud Metropolitano Sur Oriente,Centro de Salud Familiar La Granja,La Granja,LACTANCIA MATERNA EXCLUSIVA
1049,7,14,114306,A0200001,13,13111,14,14,9,Servicio de Salud Metropolitano Sur Oriente,Centro de Salud Familiar La Granja,La Granja,MENORES CONTROLADOS
1050,7,14,114306,A0200002,13,13111,9,6,7,Servicio de Salud Metropolitano Sur Oriente,Centro de Salud Familiar La Granja,La Granja,LACTANCIA MATERNA EXCLUSIVA
1051,12,14,114306,A0200002,13,13111,9,4,11,Servicio de Salud Metropolitano Sur Oriente,Centro de Salud Familiar La Granja,La Granja,LACTANCIA MATERNA EXCLUSIVA
1052,12,14,114306,A0200001,13,13111,13,8,22,Servicio de Salud Metropolitano Sur Oriente,Centro de Salud Familiar La Granja,La Granja,MENORES CONTROLADOS
1053,11,14,114306,A0200002,13,13111,2,2,19,Servicio de Salud Metropolitano Sur Oriente,Centro de Salud Familiar La Granja,La Granja,LACTANCIA MATERNA EXCLUSIVA
1054,11,14,114306,A0200001,13,13111,6,6,32,Servicio de Salud Metropolitano Sur Oriente,Centro de Salud Familiar La Granja,La Granja,MENORES CONTROLADOS
1055,9,14,114306,A0200002,13,13111,5,7,15,Servicio de Salud Metropolitano Sur Oriente,Centro de Salud Familiar La Granja,La Granja,LACTANCIA MATERNA EXCLUSIVA
1056,9,14,114306,A0200001,13,13111,8,10,22,Servicio de Salud Metropolitano Sur Oriente,Centro de Salud Familiar La Granja,La Granja,MENORES CONTROLADOS
1057,6,14,114306,A0200001,13,13111,12,9,6,Servicio de Salud Metropolitano Sur Oriente,Centro de Salud Familiar La Granja,La Granja,MENORES CONTROLADOS
1058,5,14,114306,A0200002,13,13111,7,6,12,Servicio de Salud Metropolitano Sur Oriente,Centro de Salud Familiar La Granja,La Granja,LACTANCIA MATERNA EXCLUSIVA
1059,5,14,114306,A0200001,13,13111,20,11,24,Servicio de Salud Metropolitano Sur Oriente,Centro de Salud Familiar La Granja,La Granja,MENORES CONTROLADOS
1060,4,14,114306,A0200001,13,13111,24,8,21,Servicio de Salud Metropolitano Sur Oriente,Centro de Salud Familiar La Granja,La Granja,MENORES CONTROLADOS
1061,4,14,114306,A0200002,13,13111,15,7,9,Servicio de Salud Metropolitano Sur Oriente,Centro de Salud Familiar La Granja,La Granja,LACTANCIA MATERNA EXCLUSIVA
1062,8,14,114306,A0200002,13,13111,8,7,11,Servicio de Salud Metropolitano Sur Oriente,Centro de Salud Familiar La Granja,La Granja,LACTANCIA MATERNA EXCLUSIVA
1063,8,14,114306,A0200001,13,13111,12,14,18,Servicio de Salud Metropolitano Sur Oriente,Centro de Salud Familiar La Granja,La Granja,MENORES CONTROLADOS
1064,10,14,114306,A0200001,13,13111,9,12,20,Servicio de Salud Metropolitano Sur Oriente,Centro de Salud Familiar La Granja,La Granja,MENORES CONTROLADOS
1065,10,14,114306,A0200002,13,13111,4,5,11,Servicio de Salud Metropolitano Sur Oriente,Centro de Salud Familiar La Granja,La Granja,LACTANCIA MATERNA EXCLUSIVA
1066,7,14,114319,A0200002,13,13112,10,13,8,Servicio de Salud Metropolitano Sur Oriente,Centro de Salud Familiar El Roble,La Pintana,LACTANCIA MATERNA EXCLUSIVA
1067,9,14,114327,A0200002,13,13112,3,2,5,Servicio de Salud Metropolitano Sur Oriente,Centro de Salud Familiar Juan Pablo II Red de Salud UC CHRISTUS,La Pintana,LACTANCIA MATERNA EXCLUSIVA
1068,4,14,114327,A0200002,13,13112,4,6,4,Servicio de Salud Metropolitano Sur Oriente,Centro de Salud Familiar Juan Pablo II Red de Salud UC CHRISTUS,La Pintana,LACTANCIA MATERNA EXCLUSIVA
1069,1,14,114319,A0200001,13,13112,11,13,9,Servicio de Salud Metropolitano Sur Oriente,Centro de Salud Familiar El Roble,La Pintana,MENORES CONTROLADOS
1070,1,14,114319,A0200002,13,13112,4,8,2,Servicio de Salud Metropolitano Sur Oriente,Centro de Salud Familiar El Roble,La Pintana,LACTANCIA MATERNA EXCLUSIVA
1071,4,14,114327,A0200001,13,13112,7,12,12,Servicio de Salud Metropolitano Sur Oriente,Centro de Salud Familiar Juan Pablo II Red de Salud UC CHRISTUS,La Pintana,MENORES CONTROLADOS
1072,12,14,114319,A0200002,13,13112,10,6,6,Servicio de Salud Metropolitano Sur Oriente,Centro de Salud Familiar El Roble,La Pintana,LACTANCIA MATERNA EXCLUSIVA
1073,12,14,114319,A0200001,13,13112,14,8,20,Servicio de Salud Metropolitano Sur Oriente,Centro de Salud Familiar El Roble,La Pintana,MENORES CONTROLADOS
1074,5,14,114327,A0200002,13,13112,5,6,2,Servicio de Salud Metropolitano Sur Oriente,Centro de Salud Familiar Juan Pablo II Red de Salud UC CHRISTUS,La Pintana,LACTANCIA MATERNA EXCLUSIVA
1075,12,14,114327,A0200002,13,13112,4,1,1,Servicio de Salud Metropolitano Sur Oriente,Centro de Salud Familiar Juan Pablo II Red de Salud UC CHRISTUS,La Pintana,LACTANCIA MATERNA EXCLUSIVA
1076,12,14,114327,A0200001,13,13112,7,7,5,Servicio de Salud Metropolitano Sur Oriente,Centro de Salud Familiar Juan Pablo II Red de Salud UC CHRISTUS,La Pintana,MENORES CONTROLADOS
1077,5,14,114327,A0200001,13,13112,7,11,9,Servicio de Salud Metropolitano Sur Oriente,Centro de Salud Familiar Juan Pablo II Red de Salud UC CHRISTUS,La Pintana,MENORES CONTROLADOS
1078,11,14,114319,A0200002,13,13112,6,9,4,Servicio de Salud Metropolitano Sur Oriente,Centro de Salud Familiar El Roble,La Pintana,LACTANCIA MATERNA EXCLUSIVA
1079,11,14,114319,A0200001,13,13112,9,10,14,Servicio de Salud Metropolitano Sur Oriente,Centro de Salud Familiar El Roble,La Pintana,MENORES CONTROLADOS
1080,10,14,114327,A0200001,13,13112,4,7,11,Servicio de Salud Metropolitano Sur Oriente,Centro de Salud Familiar Juan Pablo II Red de Salud UC CHRISTUS,La Pintana,MENORES CONTROLADOS
1081,10,14,114327,A0200002,13,13112,0,1,5,Servicio de Salud Metropolitano Sur Oriente,Centro de Salud Familiar Juan Pablo II Red de Salud UC CHRISTUS,La Pintana,LACTANCIA MATERNA EXCLUSIVA
1082,4,14,114319,A0200001,13,13112,19,9,14,Servicio de Salud Metropolitano Sur Oriente,Centro de Salud Familiar El Roble,La Pintana,MENORES CONTROLADOS
1083,4,14,114319,A0200002,13,13112,11,5,8,Servicio de Salud Metropolitano Sur Oriente,Centro de Salud Familiar El Roble,La Pintana,LACTANCIA MATERNA EXCLUSIVA
1084,10,14,114319,A0200002,13,13112,8,2,8,Servicio de Salud Metropolitano Sur Oriente,Centro de Salud Familiar El Roble,La Pintana,LACTANCIA MATERNA EXCLUSIVA
1085,10,14,114319,A0200001,13,13112,12,9,15,Servicio de Salud Metropolitano Sur Oriente,Centro de Salud Familiar El Roble,La Pintana,MENORES CONTROLADOS
1086,6,14,114327,A0200001,13,13112,14,11,7,Servicio de Salud Metropolitano Sur Oriente,Centro de Salud Familiar Juan Pablo II Red de Salud UC CHRISTUS,La Pintana,MENORES CONTROLADOS
1087,3,14,114327,A0200001,13,13112,12,6,11,Servicio de Salud Metropolitano Sur Oriente,Centro de Salud Familiar Juan Pablo II Red de Salud UC CHRISTUS,La Pintana,MENORES CONTROLADOS
1088,2,14,114319,A0200002,13,13112,7,1,7,Servicio de Salud Metropolitano Sur Oriente,Centro de Salud Familiar El Roble,La Pintana,LACTANCIA MATERNA EXCLUSIVA
1089,2,14,114327,A0200002,13,13112,9,5,5,Servicio de Salud Metropolitano Sur Oriente,Centro de Salud Familiar Juan Pablo II Red de Salud UC CHRISTUS,La Pintana,LACTANCIA MATERNA EXCLUSIVA
1090,2,14,114327,A0200001,13,13112,18,10,9,Servicio de Salud Metropolitano Sur Oriente,Centro de Salud Familiar Juan Pablo II Red de Salud UC CHRISTUS,La Pintana,MENORES CONTROLADOS
1091,3,14,114327,A0200002,13,13112,10,3,2,Servicio de Salud Metropolitano Sur Oriente,Centro de Salud Familiar Juan Pablo II Red de Salud UC CHRISTUS,La Pintana,LACTANCIA MATERNA EXCLUSIVA
1092,2,14,114319,A0200001,13,13112,12,6,14,Servicio de Salud Metropolitano Sur Oriente,Centro de Salud Familiar El Roble,La Pintana,MENORES CONTROLADOS
1093,8,14,114319,A0200001,13,13112,11,9,20,Servicio de Salud Metropolitano Sur Oriente,Centro de Salud Familiar El Roble,La Pintana,MENORES CONTROLADOS
1094,8,14,114319,A0200002,13,13112,3,5,5,Servicio de Salud Metropolitano Sur Oriente,Centro de Salud Familiar El Roble,La Pintana,LACTANCIA MATERNA EXCLUSIVA
1095,3,14,114319,A0200002,13,13112,17,4,7,Servicio de Salud Metropolitano Sur Oriente,Centro de Salud Familiar El Roble,La Pintana,LACTANCIA MATERNA EXCLUSIVA
1096,6,14,114327,A0200002,13,13112,9,3,3,Servicio de Salud Metropolitano Sur Oriente,Centro de Salud Familiar Juan Pablo II Red de Salud UC CHRISTUS,La Pintana,LACTANCIA MATERNA EXCLUSIVA
1097,8,14,114327,A0200001,13,13112,5,10,11,Servicio de Salud Metropolitano Sur Oriente,Centro de Salud Familiar Juan Pablo II Red de Salud UC CHRISTUS,La Pintana,MENORES CONTROLADOS
1098,3,14,114319,A0200001,13,13112,22,10,13,Servicio de Salud Metropolitano Sur Oriente,Centro de Salud Familiar El Roble,La Pintana,MENORES CONTROLADOS
1099,9,14,114327,A0200001,13,13112,9,8,9,Servicio de Salud Metropolitano Sur Oriente,Centro de Salud Familiar Juan Pablo II Red de Salud UC CHRISTUS,La Pintana,MENORES CONTROLADOS
1100,11,14,114327,A0200001,13,13112,13,6,11,Servicio de Salud Metropolitano Sur Oriente,Centro de Salud Familiar Juan Pablo II Red de Salud UC CHRISTUS,La Pintana,MENORES CONTROLADOS
1101,11,14,114327,A0200002,13,13112,7,2,3,Servicio de Salud Metropolitano Sur Oriente,Centro de Salud Familiar Juan Pablo II Red de Salud UC CHRISTUS,La Pintana,LACTANCIA MATERNA EXCLUSIVA
1102,9,14,114319,A0200002,13,13112,10,10,9,Servicio de Salud Metropolitano Sur Oriente,Centro de Salud Familiar El Roble,La Pintana,LACTANCIA MATERNA EXCLUSIVA
1103,9,14,114319,A0200001,13,13112,11,17,19,Servicio de Salud Metropolitano Sur Oriente,Centro de Salud Familiar El Roble,La Pintana,MENORES CONTROLADOS
1104,7,14,114327,A0200002,13,13112,2,5,7,Servicio de Salud Metropolitano Sur Oriente,Centro de Salud Familiar Juan Pablo II Red de Salud UC CHRISTUS,La Pintana,LACTANCIA MATERNA EXCLUSIVA
1105,7,14,114319,A0200001,13,13112,19,23,20,Servicio de Salud Metropolitano Sur Oriente,Centro de Salud Familiar El Roble,La Pintana,MENORES CONTROLADOS
1106,7,14,114327,A0200001,13,13112,8,6,15,Servicio de Salud Metropolitano Sur Oriente,Centro de Salud Familiar Juan Pablo II Red de Salud UC CHRISTUS,La Pintana,MENORES CONTROLADOS
1107,6,14,114319,A0200002,13,13112,17,6,6,Servicio de Salud Metropolitano Sur Oriente,Centro de Salud Familiar El Roble,La Pintana,LACTANCIA MATERNA EXCLUSIVA
1108,6,14,114319,A0200001,13,13112,20,14,14,Servicio de Salud Metropolitano Sur Oriente,Centro de Salud Familiar El Roble,La Pintana,MENORES CONTROLADOS
1109,5,14,114319,A0200002,13,13112,12,14,4,Servicio de Salud Metropolitano Sur Oriente,Centro de Salud Familiar El Roble,La Pintana,LACTANCIA MATERNA EXCLUSIVA
1110,5,14,114319,A0200001,13,13112,22,22,14,Servicio de Salud Metropolitano Sur Oriente,Centro de Salud Familiar El Roble,La Pintana,MENORES CONTROLADOS
1111,1,14,114327,A0200001,13,13112,15,11,10,Servicio de Salud Metropolitano Sur Oriente,Centro de Salud Familiar Juan Pablo II Red de Salud UC CHRISTUS,La Pintana,MENORES CONTROLADOS
1112,1,14,114327,A0200002,13,13112,7,3,3,Servicio de Salud Metropolitano Sur Oriente,Centro de Salud Familiar Juan Pablo II Red de Salud UC CHRISTUS,La Pintana,LACTANCIA MATERNA EXCLUSIVA
1113,8,14,114327,A0200002,13,13112,1,4,3,Servicio de Salud Metropolitano Sur Oriente,Centro de Salud Familiar Juan Pablo II Red de Salud UC CHRISTUS,La Pintana,LACTANCIA MATERNA EXCLUSIVA
1114,10,14,114311,A0200002,13,13112,1,8,5,Servicio de Salud Metropolitano Sur Oriente,Centro de Salud Familiar Santiago de Nueva Extremadura,La Pintana,LACTANCIA MATERNA EXCLUSIVA
1115,10,14,114311,A0200001,13,13112,2,9,9,Servicio de Salud Metropolitano Sur Oriente,Centro de Salud Familiar Santiago de Nueva Extremadura,La Pintana,MENORES CONTROLADOS
1116,10,14,114318,A0200001,13,13112,1,4,3,Servicio de Salud Metropolitano Sur Oriente,Centro de Salud Familiar Flor Fernández,La Pintana,MENORES CONTROLADOS
1117,8,14,114311,A0200002,13,13112,4,7,15,Servicio de Salud Metropolitano Sur Oriente,Centro de Salud Familiar Santiago de Nueva Extremadura,La Pintana,LACTANCIA MATERNA EXCLUSIVA
1118,8,14,114311,A0200001,13,13112,6,12,22,Servicio de Salud Metropolitano Sur Oriente,Centro de Salud Familiar Santiago de Nueva Extremadura,La Pintana,MENORES CONTROLADOS
1119,12,14,114318,A0200002,13,13112,4,1,1,Servicio de Salud Metropolitano Sur Oriente,Centro de Salud Familiar Flor Fernández,La Pintana,LACTANCIA MATERNA EXCLUSIVA
1120,12,14,114318,A0200001,13,13112,6,4,2,Servicio de Salud Metropolitano Sur Oriente,Centro de Salud Familiar Flor Fernández,La Pintana,MENORES CONTROLADOS
1121,1,14,114311,A0200002,13,13112,5,11,6,Servicio de Salud Metropolitano Sur Oriente,Centro de Salud Familiar Santiago de Nueva Extremadura,La Pintana,LACTANCIA MATERNA EXCLUSIVA
1122,1,14,114311,A0200001,13,13112,8,17,16,Servicio de Salud Metropolitano Sur Oriente,Centro de Salud Familiar Santiago de Nueva Extremadura,La Pintana,MENORES CONTROLADOS
1123,1,14,114318,A0200002,13,13112,1,4,2,Servicio de Salud Metropolitano Sur Oriente,Centro de Salud Familiar Flor Fernández,La Pintana,LACTANCIA MATERNA EXCLUSIVA
1124,1,14,114318,A0200001,13,13112,4,9,5,Servicio de Salud Metropolitano Sur Oriente,Centro de Salud Familiar Flor Fernández,La Pintana,MENORES CONTROLADOS
1125,7,14,114318,A0200002,13,13112,5,4,4,Servicio de Salud Metropolitano Sur Oriente,Centro de Salud Familiar Flor Fernández,La Pintana,LACTANCIA MATERNA EXCLUSIVA
1126,4,14,114311,A0200001,13,13112,12,15,18,Servicio de Salud Metropolitano Sur Oriente,Centro de Salud Familiar Santiago de Nueva Extremadura,La Pintana,MENORES CONTROLADOS
1127,6,14,114311,A0200002,13,13112,7,8,5,Servicio de Salud Metropolitano Sur Oriente,Centro de Salud Familiar Santiago de Nueva Extremadura,La Pintana,LACTANCIA MATERNA EXCLUSIVA
1128,7,14,114318,A0200001,13,13112,5,9,5,Servicio de Salud Metropolitano Sur Oriente,Centro de Salud Familiar Flor Fernández,La Pintana,MENORES CONTROLADOS
1129,10,14,114318,A0200002,13,13112,,2,2,Servicio de Salud Metropolitano Sur Oriente,Centro de Salud Familiar Flor Fernández,La Pintana,LACTANCIA MATERNA EXCLUSIVA
1130,6,14,114318,A0200002,13,13112,1,4,2,Servicio de Salud Metropolitano Sur Oriente,Centro de Salud Familiar Flor Fernández,La Pintana,LACTANCIA MATERNA EXCLUSIVA
1131,6,14,114318,A0200001,13,13112,4,6,3,Servicio de Salud Metropolitano Sur Oriente,Centro de Salud Familiar Flor Fernández,La Pintana,MENORES CONTROLADOS
1132,9,14,114318,A0200001,13,13112,4,5,7,Servicio de Salud Metropolitano Sur Oriente,Centro de Salud Familiar Flor Fernández,La Pintana,MENORES CONTROLADOS
1133,9,14,114318,A0200002,13,13112,3,3,3,Servicio de Salud Metropolitano Sur Oriente,Centro de Salud Familiar Flor Fernández,La Pintana,LACTANCIA MATERNA EXCLUSIVA
1134,3,14,114311,A0200002,13,13112,7,7,8,Servicio de Salud Metropolitano Sur Oriente,Centro de Salud Familiar Santiago de Nueva Extremadura,La Pintana,LACTANCIA MATERNA EXCLUSIVA
1135,3,14,114311,A0200001,13,13112,11,12,16,Servicio de Salud Metropolitano Sur Oriente,Centro de Salud Familiar Santiago de Nueva Extremadura,La Pintana,MENORES CONTROLADOS
1136,4,14,114311,A0200002,13,13112,9,8,7,Servicio de Salud Metropolitano Sur Oriente,Centro de Salud Familiar Santiago de Nueva Extremadura,La Pintana,LACTANCIA MATERNA EXCLUSIVA
1137,5,14,114311,A0200002,13,13112,7,14,5,Servicio de Salud Metropolitano Sur Oriente,Centro de Salud Familiar Santiago de Nueva Extremadura,La Pintana,LACTANCIA MATERNA EXCLUSIVA
1138,11,14,114318,A0200002,13,13112,2,2,,Servicio de Salud Metropolitano Sur Oriente,Centro de Salud Familiar Flor Fernández,La Pintana,LACTANCIA MATERNA EXCLUSIVA
1139,11,14,114318,A0200001,13,13112,4,3,2,Servicio de Salud Metropolitano Sur Oriente,Centro de Salud Familiar Flor Fernández,La Pintana,MENORES CONTROLADOS
1140,5,14,114318,A0200002,13,13112,5,4,2,Servicio de Salud Metropolitano Sur Oriente,Centro de Salud Familiar Flor Fernández,La Pintana,LACTANCIA MATERNA EXCLUSIVA
1141,5,14,114318,A0200001,13,13112,8,6,4,Servicio de Salud Metropolitano Sur Oriente,Centro de Salud Familiar Flor Fernández,La Pintana,MENORES CONTROLADOS
1142,2,14,114311,A0200002,13,13112,4,6,2,Servicio de Salud Metropolitano Sur Oriente,Centro de Salud Familiar Santiago de Nueva Extremadura,La Pintana,LACTANCIA MATERNA EXCLUSIVA
1143,2,14,114318,A0200002,13,13112,5,3,1,Servicio de Salud Metropolitano Sur Oriente,Centro de Salud Familiar Flor Fernández,La Pintana,LACTANCIA MATERNA EXCLUSIVA
1144,2,14,114318,A0200001,13,13112,6,4,4,Servicio de Salud Metropolitano Sur Oriente,Centro de Salud Familiar Flor Fernández,La Pintana,MENORES CONTROLADOS
1145,2,14,114311,A0200001,13,13112,10,12,13,Servicio de Salud Metropolitano Sur Oriente,Centro de Salud Familiar Santiago de Nueva Extremadura,La Pintana,MENORES CONTROLADOS
1146,8,14,114318,A0200002,13,13112,5,1,1,Servicio de Salud Metropolitano Sur Oriente,Centro de Salud Familiar Flor Fernández,La Pintana,LACTANCIA MATERNA EXCLUSIVA
1147,7,14,114311,A0200001,13,13112,18,14,23,Servicio de Salud Metropolitano Sur Oriente,Centro de Salud Familiar Santiago de Nueva Extremadura,La Pintana,MENORES CONTROLADOS
1148,5,14,114311,A0200001,13,13112,10,22,12,Servicio de Salud Metropolitano Sur Oriente,Centro de Salud Familiar Santiago de Nueva Extremadura,La Pintana,MENORES CONTROLADOS
1149,4,14,114318,A0200001,13,13112,9,5,3,Servicio de Salud Metropolitano Sur Oriente,Centro de Salud Familiar Flor Fernández,La Pintana,MENORES CONTROLADOS
1150,4,14,114318,A0200002,13,13112,6,2,1,Servicio de Salud Metropolitano Sur Oriente,Centro de Salud Familiar Flor Fernández,La Pintana,LACTANCIA MATERNA EXCLUSIVA
1151,9,14,114311,A0200001,13,13112,15,16,12,Servicio de Salud Metropolitano Sur Oriente,Centro de Salud Familiar Santiago de Nueva Extremadura,La Pintana,MENORES CONTROLADOS
1152,9,14,114311,A0200002,13,13112,7,8,7,Servicio de Salud Metropolitano Sur Oriente,Centro de Salud Familiar Santiago de Nueva Extremadura,La Pintana,LACTANCIA MATERNA EXCLUSIVA
1153,7,14,114311,A0200002,13,13112,13,9,17,Servicio de Salud Metropolitano Sur Oriente,Centro de Salud Familiar Santiago de Nueva Extremadura,La Pintana,LACTANCIA MATERNA EXCLUSIVA
1154,8,14,114318,A0200001,13,13112,7,3,2,Servicio de Salud Metropolitano Sur Oriente,Centro de Salud Familiar Flor Fernández,La Pintana,MENORES CONTROLADOS
1155,6,14,114311,A0200001,13,13112,12,15,9,Servicio de Salud Metropolitano Sur Oriente,Centro de Salud Familiar Santiago de Nueva Extremadura,La Pintana,MENORES CONTROLADOS
1156,3,14,114318,A0200001,13,13112,2,3,3,Servicio de Salud Metropolitano Sur Oriente,Centro de Salud Familiar Flor Fernández,La Pintana,MENORES CONTROLADOS
1157,3,14,114318,A0200002,13,13112,,3,2,Servicio de Salud Metropolitano Sur Oriente,Centro de Salud Familiar Flor Fernández,La Pintana,LACTANCIA MATERNA EXCLUSIVA
1158,11,14,114311,A0200002,13,13112,8,7,9,Servicio de Salud Metropolitano Sur Oriente,Centro de Salud Familiar Santiago de Nueva Extremadura,La Pintana,LACTANCIA MATERNA EXCLUSIVA
1159,11,14,114311,A0200001,13,13112,11,11,13,Servicio de Salud Metropolitano Sur Oriente,Centro de Salud Familiar Santiago de Nueva Extremadura,La Pintana,MENORES CONTROLADOS
1160,12,14,114311,A0200002,13,13112,9,5,8,Servicio de Salud Metropolitano Sur Oriente,Centro de Salud Familiar Santiago de Nueva Extremadura,La Pintana,LACTANCIA MATERNA EXCLUSIVA
1161,12,14,114311,A0200001,13,13112,14,10,12,Servicio de Salud Metropolitano Sur Oriente,Centro de Salud Familiar Santiago de Nueva Extremadura,La Pintana,MENORES CONTROLADOS
1162,3,14,114308,A0200001,13,13112,9,5,8,Servicio de Salud Metropolitano Sur Oriente,Centro de Salud Familiar San Rafael,La Pintana,MENORES CONTROLADOS
1163,3,14,114308,A0200002,13,13112,3,3,4,Servicio de Salud Metropolitano Sur Oriente,Centro de Salud Familiar San Rafael,La Pintana,LACTANCIA MATERNA EXCLUSIVA
1164,8,14,114308,A0200002,13,13112,7,5,3,Servicio de Salud Metropolitano Sur Oriente,Centro de Salud Familiar San Rafael,La Pintana,LACTANCIA MATERNA EXCLUSIVA
1165,10,14,114309,A0200002,13,13112,6,8,8,Servicio de Salud Metropolitano Sur Oriente,Centro de Salud Familiar Pablo de Rokha,La Pintana,LACTANCIA MATERNA EXCLUSIVA
1166,10,14,114309,A0200001,13,13112,10,11,14,Servicio de Salud Metropolitano Sur Oriente,Centro de Salud Familiar Pablo de Rokha,La Pintana,MENORES CONTROLADOS
1167,6,14,114308,A0200002,13,13112,6,7,9,Servicio de Salud Metropolitano Sur Oriente,Centro de Salud Familiar San Rafael,La Pintana,LACTANCIA MATERNA EXCLUSIVA
1168,7,14,114308,A0200001,13,13112,10,12,13,Servicio de Salud Metropolitano Sur Oriente,Centro de Salud Familiar San Rafael,La Pintana,MENORES CONTROLADOS
1169,12,14,114308,A0200002,13,13112,7,5,7,Servicio de Salud Metropolitano Sur Oriente,Centro de Salud Familiar San Rafael,La Pintana,LACTANCIA MATERNA EXCLUSIVA
1170,12,14,114308,A0200001,13,13112,10,8,10,Servicio de Salud Metropolitano Sur Oriente,Centro de Salud Familiar San Rafael,La Pintana,MENORES CONTROLADOS
1171,7,14,114308,A0200002,13,13112,5,5,7,Servicio de Salud Metropolitano Sur Oriente,Centro de Salud Familiar San Rafael,La Pintana,LACTANCIA MATERNA EXCLUSIVA
1172,6,14,114309,A0200001,13,13112,14,13,15,Servicio de Salud Metropolitano Sur Oriente,Centro de Salud Familiar Pablo de Rokha,La Pintana,MENORES CONTROLADOS
1173,2,14,114308,A0200001,13,13112,11,8,12,Servicio de Salud Metropolitano Sur Oriente,Centro de Salud Familiar San Rafael,La Pintana,MENORES CONTROLADOS
1174,8,14,114309,A0200002,13,13112,6,6,3,Servicio de Salud Metropolitano Sur Oriente,Centro de Salud Familiar Pablo de Rokha,La Pintana,LACTANCIA MATERNA EXCLUSIVA
1175,8,14,114309,A0200001,13,13112,9,8,7,Servicio de Salud Metropolitano Sur Oriente,Centro de Salud Familiar Pablo de Rokha,La Pintana,MENORES CONTROLADOS
1176,4,14,114308,A0200001,13,13112,11,12,6,Servicio de Salud Metropolitano Sur Oriente,Centro de Salud Familiar San Rafael,La Pintana,MENORES CONTROLADOS
1177,4,14,114308,A0200002,13,13112,8,8,4,Servicio de Salud Metropolitano Sur Oriente,Centro de Salud Familiar San Rafael,La Pintana,LACTANCIA MATERNA EXCLUSIVA
1178,6,14,114308,A0200001,13,13112,7,12,13,Servicio de Salud Metropolitano Sur Oriente,Centro de Salud Familiar San Rafael,La Pintana,MENORES CONTROLADOS
1179,3,14,114309,A0200002,13,13112,4,3,10,Servicio de Salud Metropolitano Sur Oriente,Centro de Salud Familiar Pablo de Rokha,La Pintana,LACTANCIA MATERNA EXCLUSIVA
1180,5,14,114309,A0200002,13,13112,12,4,4,Servicio de Salud Metropolitano Sur Oriente,Centro de Salud Familiar Pablo de Rokha,La Pintana,LACTANCIA MATERNA EXCLUSIVA
1181,7,14,114309,A0200001,13,13112,15,20,8,Servicio de Salud Metropolitano Sur Oriente,Centro de Salud Familiar Pablo de Rokha,La Pintana,MENORES CONTROLADOS
1182,7,14,114309,A0200002,13,13112,10,14,6,Servicio de Salud Metropolitano Sur Oriente,Centro de Salud Familiar Pablo de Rokha,La Pintana,LACTANCIA MATERNA EXCLUSIVA
1183,9,14,114309,A0200002,13,13112,8,7,10,Servicio de Salud Metropolitano Sur Oriente,Centro de Salud Familiar Pablo de Rokha,La Pintana,LACTANCIA MATERNA EXCLUSIVA
1184,9,14,114308,A0200002,13,13112,7,7,5,Servicio de Salud Metropolitano Sur Oriente,Centro de Salud Familiar San Rafael,La Pintana,LACTANCIA MATERNA EXCLUSIVA
1185,9,14,114308,A0200001,13,13112,12,11,6,Servicio de Salud Metropolitano Sur Oriente,Centro de Salud Familiar San Rafael,La Pintana,MENORES CONTROLADOS
1186,10,14,114308,A0200002,13,13112,5,4,9,Servicio de Salud Metropolitano Sur Oriente,Centro de Salud Familiar San Rafael,La Pintana,LACTANCIA MATERNA EXCLUSIVA
1187,10,14,114308,A0200001,13,13112,13,7,13,Servicio de Salud Metropolitano Sur Oriente,Centro de Salud Familiar San Rafael,La Pintana,MENORES CONTROLADOS
1188,9,14,114309,A0200001,13,13112,11,13,18,Servicio de Salud Metropolitano Sur Oriente,Centro de Salud Familiar Pablo de Rokha,La Pintana,MENORES CONTROLADOS
1189,2,14,114308,A0200002,13,13112,4,5,3,Servicio de Salud Metropolitano Sur Oriente,Centro de Salud Familiar San Rafael,La Pintana,LACTANCIA MATERNA EXCLUSIVA
1190,8,14,114308,A0200001,13,13112,9,14,7,Servicio de Salud Metropolitano Sur Oriente,Centro de Salud Familiar San Rafael,La Pintana,MENORES CONTROLADOS
1191,2,14,114309,A0200002,13,13112,4,5,5,Servicio de Salud Metropolitano Sur Oriente,Centro de Salud Familiar Pablo de Rokha,La Pintana,LACTANCIA MATERNA EXCLUSIVA
1192,6,14,114309,A0200002,13,13112,11,8,6,Servicio de Salud Metropolitano Sur Oriente,Centro de Salud Familiar Pablo de Rokha,La Pintana,LACTANCIA MATERNA EXCLUSIVA
1193,12,14,114309,A0200001,13,13112,11,7,9,Servicio de Salud Metropolitano Sur Oriente,Centro de Salud Familiar Pablo de Rokha,La Pintana,MENORES CONTROLADOS
1194,12,14,114309,A0200002,13,13112,6,4,5,Servicio de Salud Metropolitano Sur Oriente,Centro de Salud Familiar Pablo de Rokha,La Pintana,LACTANCIA MATERNA EXCLUSIVA
1195,3,14,114309,A0200001,13,13112,11,7,12,Servicio de Salud Metropolitano Sur Oriente,Centro de Salud Familiar Pablo de Rokha,La Pintana,MENORES CONTROLADOS
1196,1,14,114309,A0200001,13,13112,17,10,12,Servicio de Salud Metropolitano Sur Oriente,Centro de Salud Familiar Pablo de Rokha,La Pintana,MENORES CONTROLADOS
1197,1,14,114309,A0200002,13,13112,8,8,6,Servicio de Salud Metropolitano Sur Oriente,Centro de Salud Familiar Pablo de Rokha,La Pintana,LACTANCIA MATERNA EXCLUSIVA
1198,11,14,114309,A0200002,13,13112,7,4,9,Servicio de Salud Metropolitano Sur Oriente,Centro de Salud Familiar Pablo de Rokha,La Pintana,LACTANCIA MATERNA EXCLUSIVA
1199,11,14,114309,A0200001,13,13112,19,8,15,Servicio de Salud Metropolitano Sur Oriente,Centro de Salud Familiar Pablo de Rokha,La Pintana,MENORES CONTROLADOS
1200,11,14,114308,A0200002,13,13112,6,3,6,Servicio de Salud Metropolitano Sur Oriente,Centro de Salud Familiar San Rafael,La Pintana,LACTANCIA MATERNA EXCLUSIVA
1201,11,14,114308,A0200001,13,13112,12,6,11,Servicio de Salud Metropolitano Sur Oriente,Centro de Salud Familiar San Rafael,La Pintana,MENORES CONTROLADOS
1202,5,14,114308,A0200002,13,13112,6,1,2,Servicio de Salud Metropolitano Sur Oriente,Centro de Salud Familiar San Rafael,La Pintana,LACTANCIA MATERNA EXCLUSIVA
1203,5,14,114309,A0200001,13,13112,16,8,8,Servicio de Salud Metropolitano Sur Oriente,Centro de Salud Familiar Pablo de Rokha,La Pintana,MENORES CONTROLADOS
1204,4,14,114309,A0200002,13,13112,7,4,8,Servicio de Salud Metropolitano Sur Oriente,Centro de Salud Familiar Pablo de Rokha,La Pintana,LACTANCIA MATERNA EXCLUSIVA
1205,4,14,114309,A0200001,13,13112,12,10,14,Servicio de Salud Metropolitano Sur Oriente,Centro de Salud Familiar Pablo de Rokha,La Pintana,MENORES CONTROLADOS
1206,5,14,114308,A0200001,13,13112,10,4,6,Servicio de Salud Metropolitano Sur Oriente,Centro de Salud Familiar San Rafael,La Pintana,MENORES CONTROLADOS
1207,2,14,114309,A0200001,13,13112,7,9,13,Servicio de Salud Metropolitano Sur Oriente,Centro de Salud Familiar Pablo de Rokha,La Pintana,MENORES CONTROLADOS
1208,1,14,114308,A0200002,13,13112,12,2,1,Servicio de Salud Metropolitano Sur Oriente,Centro de Salud Familiar San Rafael,La Pintana,LACTANCIA MATERNA EXCLUSIVA
1209,1,14,114308,A0200001,13,13112,17,2,13,Servicio de Salud Metropolitano Sur Oriente,Centro de Salud Familiar San Rafael,La Pintana,MENORES CONTROLADOS
1210,7,14,114317,A0200001,13,13112,11,14,8,Servicio de Salud Metropolitano Sur Oriente,Centro de Salud Familiar Santo Tomás,La Pintana,MENORES CONTROLADOS
1211,4,14,114317,A0200001,13,13112,11,13,6,Servicio de Salud Metropolitano Sur Oriente,Centro de Salud Familiar Santo Tomás,La Pintana,MENORES CONTROLADOS
1212,3,14,114317,A0200001,13,13112,13,16,8,Servicio de Salud Metropolitano Sur Oriente,Centro de Salud Familiar Santo Tomás,La Pintana,MENORES CONTROLADOS
1213,6,14,114317,A0200001,13,13112,11,9,9,Servicio de Salud Metropolitano Sur Oriente,Centro de Salud Familiar Santo Tomás,La Pintana,MENORES CONTROLADOS
1214,6,14,114317,A0200002,13,13112,6,3,6,Servicio de Salud Metropolitano Sur Oriente,Centro de Salud Familiar Santo Tomás,La Pintana,LACTANCIA MATERNA EXCLUSIVA
1215,2,14,114317,A0200002,13,13112,8,7,4,Servicio de Salud Metropolitano Sur Oriente,Centro de Salud Familiar Santo Tomás,La Pintana,LACTANCIA MATERNA EXCLUSIVA
1216,2,14,114317,A0200001,13,13112,14,9,10,Servicio de Salud Metropolitano Sur Oriente,Centro de Salud Familiar Santo Tomás,La Pintana,MENORES CONTROLADOS
1217,1,14,114317,A0200001,13,13112,14,9,14,Servicio de Salud Metropolitano Sur Oriente,Centro de Salud Familiar Santo Tomás,La Pintana,MENORES CONTROLADOS
1218,12,14,114317,A0200002,13,13112,7,4,2,Servicio de Salud Metropolitano Sur Oriente,Centro de Salud Familiar Santo Tomás,La Pintana,LACTANCIA MATERNA EXCLUSIVA
1219,12,14,114317,A0200001,13,13112,9,11,8,Servicio de Salud Metropolitano Sur Oriente,Centro de Salud Familiar Santo Tomás,La Pintana,MENORES CONTROLADOS
1220,4,14,114317,A0200002,13,13112,4,7,2,Servicio de Salud Metropolitano Sur Oriente,Centro de Salud Familiar Santo Tomás,La Pintana,LACTANCIA MATERNA EXCLUSIVA
1221,9,14,114317,A0200002,13,13112,6,3,4,Servicio de Salud Metropolitano Sur Oriente,Centro de Salud Familiar Santo Tomás,La Pintana,LACTANCIA MATERNA EXCLUSIVA
1222,9,14,114317,A0200001,13,13112,12,14,8,Servicio de Salud Metropolitano Sur Oriente,Centro de Salud Familiar Santo Tomás,La Pintana,MENORES CONTROLADOS
1223,5,14,114317,A0200001,13,13112,14,12,4,Servicio de Salud Metropolitano Sur Oriente,Centro de Salud Familiar Santo Tomás,La Pintana,MENORES CONTROLADOS
1224,1,14,114317,A0200002,13,13112,11,4,4,Servicio de Salud Metropolitano Sur Oriente,Centro de Salud Familiar Santo Tomás,La Pintana,LACTANCIA MATERNA EXCLUSIVA
1225,11,14,114317,A0200001,13,13112,11,6,10,Servicio de Salud Metropolitano Sur Oriente,Centro de Salud Familiar Santo Tomás,La Pintana,MENORES CONTROLADOS
1226,11,14,114317,A0200002,13,13112,4,4,5,Servicio de Salud Metropolitano Sur Oriente,Centro de Salud Familiar Santo Tomás,La Pintana,LACTANCIA MATERNA EXCLUSIVA
1227,10,14,114317,A0200002,13,13112,4,6,8,Servicio de Salud Metropolitano Sur Oriente,Centro de Salud Familiar Santo Tomás,La Pintana,LACTANCIA MATERNA EXCLUSIVA
1228,10,14,114317,A0200001,13,13112,13,13,12,Servicio de Salud Metropolitano Sur Oriente,Centro de Salud Familiar Santo Tomás,La Pintana,MENORES CONTROLADOS
1229,3,14,114317,A0200002,13,13112,5,11,2,Servicio de Salud Metropolitano Sur Oriente,Centro de Salud Familiar Santo Tomás,La Pintana,LACTANCIA MATERNA EXCLUSIVA
1230,8,14,114317,A0200001,13,13112,9,16,16,Servicio de Salud Metropolitano Sur Oriente,Centro de Salud Familiar Santo Tomás,La Pintana,MENORES CONTROLADOS
1231,8,14,114317,A0200002,13,13112,6,7,5,Servicio de Salud Metropolitano Sur Oriente,Centro de Salud Familiar Santo Tomás,La Pintana,LACTANCIA MATERNA EXCLUSIVA
1232,5,14,114317,A0200002,13,13112,9,4,1,Servicio de Salud Metropolitano Sur Oriente,Centro de Salud Familiar Santo Tomás,La Pintana,LACTANCIA MATERNA EXCLUSIVA
1233,7,14,114317,A0200002,13,13112,3,9,5,Servicio de Salud Metropolitano Sur Oriente,Centro de Salud Familiar Santo Tomás,La Pintana,LACTANCIA MATERNA EXCLUSIVA
1234,4,14,114328,A0200002,13,13131,6,6,6,Servicio de Salud Metropolitano Sur Oriente,Centro de Salud Familiar Poetisa Gabriela Mistral,San Ramón,LACTANCIA MATERNA EXCLUSIVA
1235,12,14,114328,A0200002,13,13131,2,2,4,Servicio de Salud Metropolitano Sur Oriente,Centro de Salud Familiar Poetisa Gabriela Mistral,San Ramón,LACTANCIA MATERNA EXCLUSIVA
1236,12,14,114328,A0200001,13,13131,5,8,6,Servicio de Salud Metropolitano Sur Oriente,Centro de Salud Familiar Poetisa Gabriela Mistral,San Ramón,MENORES CONTROLADOS
1237,10,14,114328,A0200001,13,13131,6,12,13,Servicio de Salud Metropolitano Sur Oriente,Centro de Salud Familiar Poetisa Gabriela Mistral,San Ramón,MENORES CONTROLADOS
1238,1,14,114328,A0200002,13,13131,3,4,4,Servicio de Salud Metropolitano Sur Oriente,Centro de Salud Familiar Poetisa Gabriela Mistral,San Ramón,LACTANCIA MATERNA EXCLUSIVA
1239,3,14,114328,A0200002,13,13131,6,4,8,Servicio de Salud Metropolitano Sur Oriente,Centro de Salud Familiar Poetisa Gabriela Mistral,San Ramón,LACTANCIA MATERNA EXCLUSIVA
1240,6,14,114328,A0200002,13,13131,6,7,7,Servicio de Salud Metropolitano Sur Oriente,Centro de Salud Familiar Poetisa Gabriela Mistral,San Ramón,LACTANCIA MATERNA EXCLUSIVA
1241,6,14,114328,A0200001,13,13131,9,11,9,Servicio de Salud Metropolitano Sur Oriente,Centro de Salud Familiar Poetisa Gabriela Mistral,San Ramón,MENORES CONTROLADOS
1242,1,14,114328,A0200001,13,13131,3,4,7,Servicio de Salud Metropolitano Sur Oriente,Centro de Salud Familiar Poetisa Gabriela Mistral,San Ramón,MENORES CONTROLADOS
1243,7,14,114328,A0200002,13,13131,9,12,9,Servicio de Salud Metropolitano Sur Oriente,Centro de Salud Familiar Poetisa Gabriela Mistral,San Ramón,LACTANCIA MATERNA EXCLUSIVA
1244,5,14,114328,A0200002,13,13131,10,8,9,Servicio de Salud Metropolitano Sur Oriente,Centro de Salud Familiar Poetisa Gabriela Mistral,San Ramón,LACTANCIA MATERNA EXCLUSIVA
1245,10,14,114328,A0200002,13,13131,2,10,9,Servicio de Salud Metropolitano Sur Oriente,Centro de Salud Familiar Poetisa Gabriela Mistral,San Ramón,LACTANCIA MATERNA EXCLUSIVA
1246,2,14,114328,A0200002,13,13131,2,1,2,Servicio de Salud Metropolitano Sur Oriente,Centro de Salud Familiar Poetisa Gabriela Mistral,San Ramón,LACTANCIA MATERNA EXCLUSIVA
1247,2,14,114328,A0200001,13,13131,2,2,2,Servicio de Salud Metropolitano Sur Oriente,Centro de Salud Familiar Poetisa Gabriela Mistral,San Ramón,MENORES CONTROLADOS
1248,8,14,114328,A0200002,13,13131,3,1,7,Servicio de Salud Metropolitano Sur Oriente,Centro de Salud Familiar Poetisa Gabriela Mistral,San Ramón,LACTANCIA MATERNA EXCLUSIVA
1249,3,14,114328,A0200001,13,13131,10,6,14,Servicio de Salud Metropolitano Sur Oriente,Centro de Salud Familiar Poetisa Gabriela Mistral,San Ramón,MENORES CONTROLADOS
1250,7,14,114328,A0200001,13,13131,10,13,15,Servicio de Salud Metropolitano Sur Oriente,Centro de Salud Familiar Poetisa Gabriela Mistral,San Ramón,MENORES CONTROLADOS
1251,4,14,114328,A0200001,13,13131,9,8,8,Servicio de Salud Metropolitano Sur Oriente,Centro de Salud Familiar Poetisa Gabriela Mistral,San Ramón,MENORES CONTROLADOS
1252,11,14,114328,A0200002,13,13131,7,4,7,Servicio de Salud Metropolitano Sur Oriente,Centro de Salud Familiar Poetisa Gabriela Mistral,San Ramón,LACTANCIA MATERNA EXCLUSIVA
1253,11,14,114328,A0200001,13,13131,9,5,9,Servicio de Salud Metropolitano Sur Oriente,Centro de Salud Familiar Poetisa Gabriela Mistral,San Ramón,MENORES CONTROLADOS
1254,9,14,114328,A0200001,13,13131,9,7,16,Servicio de Salud Metropolitano Sur Oriente,Centro de Salud Familiar Poetisa Gabriela Mistral,San Ramón,MENORES CONTROLADOS
1255,9,14,114328,A0200002,13,13131,8,7,11,Servicio de Salud Metropolitano Sur Oriente,Centro de Salud Familiar Poetisa Gabriela Mistral,San Ramón,LACTANCIA MATERNA EXCLUSIVA
1256,5,14,114328,A0200001,13,13131,19,15,12,Servicio de Salud Metropolitano Sur Oriente,Centro de Salud Familiar Poetisa Gabriela Mistral,San Ramón,MENORES CONTROLADOS
1257,8,14,114328,A0200001,13,13131,5,2,14,Servicio de Salud Metropolitano Sur Oriente,Centro de Salud Familiar Poetisa Gabriela Mistral,San Ramón,MENORES CONTROLADOS
1258,2,14,114307,A0200001,13,13131,19,8,17,Servicio de Salud Metropolitano Sur Oriente,Centro de Salud Familiar La Bandera,San Ramón,MENORES CONTROLADOS
1259,2,14,114314,A0200002,13,13131,8,4,5,Servicio de Salud Metropolitano Sur Oriente,Centro de Salud Familiar Dr. Salvador Allende (Ex Consultorio San Ramón),San Ramón,LACTANCIA MATERNA EXCLUSIVA
1260,2,14,114314,A0200001,13,13131,11,7,10,Servicio de Salud Metropolitano Sur Oriente,Centro de Salud Familiar Dr. Salvador Allende (Ex Consultorio San Ramón),San Ramón,MENORES CONTROLADOS
1261,5,14,114714,A0200002,13,13131,1,,2,Servicio de Salud Metropolitano Sur Oriente,Centro Comunitario de Salud Familiar Modelo,San Ramón,LACTANCIA MATERNA EXCLUSIVA
1262,5,14,114714,A0200001,13,13131,1,,3,Servicio de Salud Metropolitano Sur Oriente,Centro Comunitario de Salud Familiar Modelo,San Ramón,MENORES CONTROLADOS
1263,2,14,114307,A0200002,13,13131,12,4,12,Servicio de Salud Metropolitano Sur Oriente,Centro de Salud Familiar La Bandera,San Ramón,LACTANCIA MATERNA EXCLUSIVA
1264,4,14,114714,A0200002,13,13131,1,3,2,Servicio de Salud Metropolitano Sur Oriente,Centro Comunitario de Salud Familiar Modelo,San Ramón,LACTANCIA MATERNA EXCLUSIVA
1265,4,14,114714,A0200001,13,13131,2,5,4,Servicio de Salud Metropolitano Sur Oriente,Centro Comunitario de Salud Familiar Modelo,San Ramón,MENORES CONTROLADOS
1266,11,14,114314,A0200002,13,13131,4,2,9,Servicio de Salud Metropolitano Sur Oriente,Centro de Salud Familiar Dr. Salvador Allende (Ex Consultorio San Ramón),San Ramón,LACTANCIA MATERNA EXCLUSIVA
1267,11,14,114314,A0200001,13,13131,6,7,13,Servicio de Salud Metropolitano Sur Oriente,Centro de Salud Familiar Dr. Salvador Allende (Ex Consultorio San Ramón),San Ramón,MENORES CONTROLADOS
1268,1,14,114714,A0200002,13,13131,1,1,1,Servicio de Salud Metropolitano Sur Oriente,Centro Comunitario de Salud Familiar Modelo,San Ramón,LACTANCIA MATERNA EXCLUSIVA
1269,1,14,114714,A0200001,13,13131,4,1,2,Servicio de Salud Metropolitano Sur Oriente,Centro Comunitario de Salud Familiar Modelo,San Ramón,MENORES CONTROLADOS
1270,8,14,114314,A0200002,13,13131,4,7,6,Servicio de Salud Metropolitano Sur Oriente,Centro de Salud Familiar Dr. Salvador Allende (Ex Consultorio San Ramón),San Ramón,LACTANCIA MATERNA EXCLUSIVA
1271,8,14,114314,A0200001,13,13131,8,12,10,Servicio de Salud Metropolitano Sur Oriente,Centro de Salud Familiar Dr. Salvador Allende (Ex Consultorio San Ramón),San Ramón,MENORES CONTROLADOS
1272,3,14,114307,A0200002,13,13131,14,10,4,Servicio de Salud Metropolitano Sur Oriente,Centro de Salud Familiar La Bandera,San Ramón,LACTANCIA MATERNA EXCLUSIVA
1273,10,14,114714,A0200002,13,13131,1,1,2,Servicio de Salud Metropolitano Sur Oriente,Centro Comunitario de Salud Familiar Modelo,San Ramón,LACTANCIA MATERNA EXCLUSIVA
1274,10,14,114714,A0200001,13,13131,1,1,2,Servicio de Salud Metropolitano Sur Oriente,Centro Comunitario de Salud Familiar Modelo,San Ramón,MENORES CONTROLADOS
1275,5,14,114307,A0200001,13,13131,11,17,10,Servicio de Salud Metropolitano Sur Oriente,Centro de Salud Familiar La Bandera,San Ramón,MENORES CONTROLADOS
1276,4,14,114307,A0200001,13,13131,16,20,5,Servicio de Salud Metropolitano Sur Oriente,Centro de Salud Familiar La Bandera,San Ramón,MENORES CONTROLADOS
1277,4,14,114307,A0200002,13,13131,12,13,4,Servicio de Salud Metropolitano Sur Oriente,Centro de Salud Familiar La Bandera,San Ramón,LACTANCIA MATERNA EXCLUSIVA
1278,3,14,114314,A0200001,13,13131,11,12,8,Servicio de Salud Metropolitano Sur Oriente,Centro de Salud Familiar Dr. Salvador Allende (Ex Consultorio San Ramón),San Ramón,MENORES CONTROLADOS
1279,12,14,114714,A0200002,13,13131,3,4,,Servicio de Salud Metropolitano Sur Oriente,Centro Comunitario de Salud Familiar Modelo,San Ramón,LACTANCIA MATERNA EXCLUSIVA
1280,12,14,114714,A0200001,13,13131,3,4,,Servicio de Salud Metropolitano Sur Oriente,Centro Comunitario de Salud Familiar Modelo,San Ramón,MENORES CONTROLADOS
1281,10,14,114314,A0200001,13,13131,6,8,11,Servicio de Salud Metropolitano Sur Oriente,Centro de Salud Familiar Dr. Salvador Allende (Ex Consultorio San Ramón),San Ramón,MENORES CONTROLADOS
1282,10,14,114307,A0200002,13,13131,16,7,10,Servicio de Salud Metropolitano Sur Oriente,Centro de Salud Familiar La Bandera,San Ramón,LACTANCIA MATERNA EXCLUSIVA
1283,6,14,114714,A0200001,13,13131,2,1,3,Servicio de Salud Metropolitano Sur Oriente,Centro Comunitario de Salud Familiar Modelo,San Ramón,MENORES CONTROLADOS
1284,5,14,114307,A0200002,13,13131,9,11,7,Servicio de Salud Metropolitano Sur Oriente,Centro de Salud Familiar La Bandera,San Ramón,LACTANCIA MATERNA EXCLUSIVA
1285,11,14,114714,A0200002,13,13131,1,1,1,Servicio de Salud Metropolitano Sur Oriente,Centro Comunitario de Salud Familiar Modelo,San Ramón,LACTANCIA MATERNA EXCLUSIVA
1286,11,14,114714,A0200001,13,13131,1,2,1,Servicio de Salud Metropolitano Sur Oriente,Centro Comunitario de Salud Familiar Modelo,San Ramón,MENORES CONTROLADOS
1287,3,14,114307,A0200001,13,13131,16,17,13,Servicio de Salud Metropolitano Sur Oriente,Centro de Salud Familiar La Bandera,San Ramón,MENORES CONTROLADOS
1288,12,14,114307,A0200001,13,13131,26,24,13,Servicio de Salud Metropolitano Sur Oriente,Centro de Salud Familiar La Bandera,San Ramón,MENORES CONTROLADOS
1289,12,14,114307,A0200002,13,13131,21,18,7,Servicio de Salud Metropolitano Sur Oriente,Centro de Salud Familiar La Bandera,San Ramón,LACTANCIA MATERNA EXCLUSIVA
1290,2,14,114714,A0200002,13,13131,,,,Servicio de Salud Metropolitano Sur Oriente,Centro Comunitario de Salud Familiar Modelo,San Ramón,LACTANCIA MATERNA EXCLUSIVA
1291,2,14,114714,A0200001,13,13131,,,1,Servicio de Salud Metropolitano Sur Oriente,Centro Comunitario de Salud Familiar Modelo,San Ramón,MENORES CONTROLADOS
1292,8,14,114307,A0200002,13,13131,13,17,8,Servicio de Salud Metropolitano Sur Oriente,Centro de Salud Familiar La Bandera,San Ramón,LACTANCIA MATERNA EXCLUSIVA
1293,12,14,114314,A0200002,13,13131,9,3,6,Servicio de Salud Metropolitano Sur Oriente,Centro de Salud Familiar Dr. Salvador Allende (Ex Consultorio San Ramón),San Ramón,LACTANCIA MATERNA EXCLUSIVA
1294,12,14,114314,A0200001,13,13131,13,6,6,Servicio de Salud Metropolitano Sur Oriente,Centro de Salud Familiar Dr. Salvador Allende (Ex Consultorio San Ramón),San Ramón,MENORES CONTROLADOS
1295,10,14,114314,A0200002,13,13131,3,4,8,Servicio de Salud Metropolitano Sur Oriente,Centro de Salud Familiar Dr. Salvador Allende (Ex Consultorio San Ramón),San Ramón,LACTANCIA MATERNA EXCLUSIVA
1296,1,14,114314,A0200002,13,13131,6,4,6,Servicio de Salud Metropolitano Sur Oriente,Centro de Salud Familiar Dr. Salvador Allende (Ex Consultorio San Ramón),San Ramón,LACTANCIA MATERNA EXCLUSIVA
1297,1,14,114314,A0200001,13,13131,13,7,7,Servicio de Salud Metropolitano Sur Oriente,Centro de Salud Familiar Dr. Salvador Allende (Ex Consultorio San Ramón),San Ramón,MENORES CONTROLADOS
1298,7,14,114714,A0200002,13,13131,0,2,1,Servicio de Salud Metropolitano Sur Oriente,Centro Comunitario de Salud Familiar Modelo,San Ramón,LACTANCIA MATERNA EXCLUSIVA
1299,7,14,114714,A0200001,13,13131,1,2,2,Servicio de Salud Metropolitano Sur Oriente,Centro Comunitario de Salud Familiar Modelo,San Ramón,MENORES CONTROLADOS
1300,6,14,114314,A0200002,13,13131,4,7,5,Servicio de Salud Metropolitano Sur Oriente,Centro de Salud Familiar Dr. Salvador Allende (Ex Consultorio San Ramón),San Ramón,LACTANCIA MATERNA EXCLUSIVA
1301,1,14,114307,A0200002,13,13131,11,20,5,Servicio de Salud Metropolitano Sur Oriente,Centro de Salud Familiar La Bandera,San Ramón,LACTANCIA MATERNA EXCLUSIVA
1302,7,14,114307,A0200002,13,13131,20,27,4,Servicio de Salud Metropolitano Sur Oriente,Centro de Salud Familiar La Bandera,San Ramón,LACTANCIA MATERNA EXCLUSIVA
1303,7,14,114307,A0200001,13,13131,21,29,10,Servicio de Salud Metropolitano Sur Oriente,Centro de Salud Familiar La Bandera,San Ramón,MENORES CONTROLADOS
1304,5,14,114314,A0200002,13,13131,5,8,4,Servicio de Salud Metropolitano Sur Oriente,Centro de Salud Familiar Dr. Salvador Allende (Ex Consultorio San Ramón),San Ramón,LACTANCIA MATERNA EXCLUSIVA
1305,5,14,114314,A0200001,13,13131,9,13,7,Servicio de Salud Metropolitano Sur Oriente,Centro de Salud Familiar Dr. Salvador Allende (Ex Consultorio San Ramón),San Ramón,MENORES CONTROLADOS
1306,3,14,114714,A0200002,13,13131,2,1,1,Servicio de Salud Metropolitano Sur Oriente,Centro Comunitario de Salud Familiar Modelo,San Ramón,LACTANCIA MATERNA EXCLUSIVA
1307,3,14,114714,A0200001,13,13131,1,2,3,Servicio de Salud Metropolitano Sur Oriente,Centro Comunitario de Salud Familiar Modelo,San Ramón,MENORES CONTROLADOS
1308,6,14,114714,A0200002,13,13131,2,1,1,Servicio de Salud Metropolitano Sur Oriente,Centro Comunitario de Salud Familiar Modelo,San Ramón,LACTANCIA MATERNA EXCLUSIVA
1309,6,14,114314,A0200001,13,13131,6,7,9,Servicio de Salud Metropolitano Sur Oriente,Centro de Salud Familiar Dr. Salvador Allende (Ex Consultorio San Ramón),San Ramón,MENORES CONTROLADOS
1310,6,14,114307,A0200002,13,13131,10,8,6,Servicio de Salud Metropolitano Sur Oriente,Centro de Salud Familiar La Bandera,San Ramón,LACTANCIA MATERNA EXCLUSIVA
1311,4,14,114314,A0200002,13,13131,9,6,4,Servicio de Salud Metropolitano Sur Oriente,Centro de Salud Familiar Dr. Salvador Allende (Ex Consultorio San Ramón),San Ramón,LACTANCIA MATERNA EXCLUSIVA
1312,11,14,114307,A0200001,13,13131,15,9,9,Servicio de Salud Metropolitano Sur Oriente,Centro de Salud Familiar La Bandera,San Ramón,MENORES CONTROLADOS
1313,11,14,114307,A0200002,13,13131,12,7,4,Servicio de Salud Metropolitano Sur Oriente,Centro de Salud Familiar La Bandera,San Ramón,LACTANCIA MATERNA EXCLUSIVA
1314,3,14,114314,A0200002,13,13131,6,5,4,Servicio de Salud Metropolitano Sur Oriente,Centro de Salud Familiar Dr. Salvador Allende (Ex Consultorio San Ramón),San Ramón,LACTANCIA MATERNA EXCLUSIVA
1315,10,14,114307,A0200001,13,13131,18,11,14,Servicio de Salud Metropolitano Sur Oriente,Centro de Salud Familiar La Bandera,San Ramón,MENORES CONTROLADOS
1316,7,14,114314,A0200002,13,13131,8,3,6,Servicio de Salud Metropolitano Sur Oriente,Centro de Salud Familiar Dr. Salvador Allende (Ex Consultorio San Ramón),San Ramón,LACTANCIA MATERNA EXCLUSIVA
1317,7,14,114314,A0200001,13,13131,14,9,13,Servicio de Salud Metropolitano Sur Oriente,Centro de Salud Familiar Dr. Salvador Allende (Ex Consultorio San Ramón),San Ramón,MENORES CONTROLADOS
1318,6,14,114307,A0200001,13,13131,12,10,6,Servicio de Salud Metropolitano Sur Oriente,Centro de Salud Familiar La Bandera,San Ramón,MENORES CONTROLADOS
1319,1,14,114307,A0200001,13,13131,12,23,7,Servicio de Salud Metropolitano Sur Oriente,Centro de Salud Familiar La Bandera,San Ramón,MENORES CONTROLADOS
1320,8,14,114714,A0200002,13,13131,,1,,Servicio de Salud Metropolitano Sur Oriente,Centro Comunitario de Salud Familiar Modelo,San Ramón,LACTANCIA MATERNA EXCLUSIVA
1321,4,14,114314,A0200001,13,13131,10,11,9,Servicio de Salud Metropolitano Sur Oriente,Centro de Salud Familiar Dr. Salvador Allende (Ex Consultorio San Ramón),San Ramón,MENORES CONTROLADOS
1322,8,14,114714,A0200001,13,13131,,1,,Servicio de Salud Metropolitano Sur Oriente,Centro Comunitario de Salud Familiar Modelo,San Ramón,MENORES CONTROLADOS
1323,9,14,114314,A0200001,13,13131,7,7,7,Servicio de Salud Metropolitano Sur Oriente,Centro de Salud Familiar Dr. Salvador Allende (Ex Consultorio San Ramón),San Ramón,MENORES CONTROLADOS
1324,9,14,114307,A0200001,13,13131,21,14,16,Servicio de Salud Metropolitano Sur Oriente,Centro de Salud Familiar La Bandera,San Ramón,MENORES CONTROLADOS
1325,9,14,114314,A0200002,13,13131,3,4,4,Servicio de Salud Metropolitano Sur Oriente,Centro de Salud Familiar Dr. Salvador Allende (Ex Consultorio San Ramón),San Ramón,LACTANCIA MATERNA EXCLUSIVA
1326,9,14,114307,A0200002,13,13131,20,10,10,Servicio de Salud Metropolitano Sur Oriente,Centro de Salud Familiar La Bandera,San Ramón,LACTANCIA MATERNA EXCLUSIVA
1327,8,14,114307,A0200001,13,13131,13,17,11,Servicio de Salud Metropolitano Sur Oriente,Centro de Salud Familiar La Bandera,San Ramón,MENORES CONTROLADOS
1328,9,14,114714,A0200002,13,13131,1,,,Servicio de Salud Metropolitano Sur Oriente,Centro Comunitario de Salud Familiar Modelo,San Ramón,LACTANCIA MATERNA EXCLUSIVA
1329,9,14,114714,A0200001,13,13131,4,1,1,Servicio de Salud Metropolitano Sur Oriente,Centro Comunitario de Salud Familiar Modelo,San Ramón,MENORES CONTROLADOS
1330,5,14,114323,A0200002,13,13201,6,8,4,Servicio de Salud Metropolitano Sur Oriente,Centro de Salud Familiar Madre Teresa de Calcuta Red de Salud UC CHRISTUS,Puente Alto,LACTANCIA MATERNA EXCLUSIVA
1331,2,14,114323,A0200001,13,13201,15,10,10,Servicio de Salud Metropolitano Sur Oriente,Centro de Salud Familiar Madre Teresa de Calcuta Red de Salud UC CHRISTUS,Puente Alto,MENORES CONTROLADOS
1332,2,14,114323,A0200002,13,13201,10,5,2,Servicio de Salud Metropolitano Sur Oriente,Centro de Salud Familiar Madre Teresa de Calcuta Red de Salud UC CHRISTUS,Puente Alto,LACTANCIA MATERNA EXCLUSIVA
1333,12,14,114323,A0200001,13,13201,7,8,11,Servicio de Salud Metropolitano Sur Oriente,Centro de Salud Familiar Madre Teresa de Calcuta Red de Salud UC CHRISTUS,Puente Alto,MENORES CONTROLADOS
1334,10,14,114323,A0200001,13,13201,12,10,13,Servicio de Salud Metropolitano Sur Oriente,Centro de Salud Familiar Madre Teresa de Calcuta Red de Salud UC CHRISTUS,Puente Alto,MENORES CONTROLADOS
1335,10,14,114323,A0200002,13,13201,5,5,6,Servicio de Salud Metropolitano Sur Oriente,Centro de Salud Familiar Madre Teresa de Calcuta Red de Salud UC CHRISTUS,Puente Alto,LACTANCIA MATERNA EXCLUSIVA
1336,12,14,114323,A0200002,13,13201,6,5,1,Servicio de Salud Metropolitano Sur Oriente,Centro de Salud Familiar Madre Teresa de Calcuta Red de Salud UC CHRISTUS,Puente Alto,LACTANCIA MATERNA EXCLUSIVA
1337,5,14,114323,A0200001,13,13201,12,14,10,Servicio de Salud Metropolitano Sur Oriente,Centro de Salud Familiar Madre Teresa de Calcuta Red de Salud UC CHRISTUS,Puente Alto,MENORES CONTROLADOS
1338,3,14,114323,A0200001,13,13201,11,15,9,Servicio de Salud Metropolitano Sur Oriente,Centro de Salud Familiar Madre Teresa de Calcuta Red de Salud UC CHRISTUS,Puente Alto,MENORES CONTROLADOS
1339,9,14,114323,A0200002,13,13201,8,2,6,Servicio de Salud Metropolitano Sur Oriente,Centro de Salud Familiar Madre Teresa de Calcuta Red de Salud UC CHRISTUS,Puente Alto,LACTANCIA MATERNA EXCLUSIVA
1340,11,14,114323,A0200001,13,13201,10,10,8,Servicio de Salud Metropolitano Sur Oriente,Centro de Salud Familiar Madre Teresa de Calcuta Red de Salud UC CHRISTUS,Puente Alto,MENORES CONTROLADOS
1341,11,14,114323,A0200002,13,13201,5,5,4,Servicio de Salud Metropolitano Sur Oriente,Centro de Salud Familiar Madre Teresa de Calcuta Red de Salud UC CHRISTUS,Puente Alto,LACTANCIA MATERNA EXCLUSIVA
1342,4,14,114323,A0200001,13,13201,10,9,11,Servicio de Salud Metropolitano Sur Oriente,Centro de Salud Familiar Madre Teresa de Calcuta Red de Salud UC CHRISTUS,Puente Alto,MENORES CONTROLADOS
1343,4,14,114323,A0200002,13,13201,5,6,5,Servicio de Salud Metropolitano Sur Oriente,Centro de Salud Familiar Madre Teresa de Calcuta Red de Salud UC CHRISTUS,Puente Alto,LACTANCIA MATERNA EXCLUSIVA
1344,6,14,114323,A0200002,13,13201,4,4,5,Servicio de Salud Metropolitano Sur Oriente,Centro de Salud Familiar Madre Teresa de Calcuta Red de Salud UC CHRISTUS,Puente Alto,LACTANCIA MATERNA EXCLUSIVA
1345,6,14,114323,A0200001,13,13201,9,8,9,Servicio de Salud Metropolitano Sur Oriente,Centro de Salud Familiar Madre Teresa de Calcuta Red de Salud UC CHRISTUS,Puente Alto,MENORES CONTROLADOS
1346,7,14,114323,A0200002,13,13201,6,6,4,Servicio de Salud Metropolitano Sur Oriente,Centro de Salud Familiar Madre Teresa de Calcuta Red de Salud UC CHRISTUS,Puente Alto,LACTANCIA MATERNA EXCLUSIVA
1347,7,14,114323,A0200001,13,13201,13,9,14,Servicio de Salud Metropolitano Sur Oriente,Centro de Salud Familiar Madre Teresa de Calcuta Red de Salud UC CHRISTUS,Puente Alto,MENORES CONTROLADOS
1348,3,14,114323,A0200002,13,13201,8,7,5,Servicio de Salud Metropolitano Sur Oriente,Centro de Salud Familiar Madre Teresa de Calcuta Red de Salud UC CHRISTUS,Puente Alto,LACTANCIA MATERNA EXCLUSIVA
1349,8,14,114323,A0200001,13,13201,7,6,8,Servicio de Salud Metropolitano Sur Oriente,Centro de Salud Familiar Madre Teresa de Calcuta Red de Salud UC CHRISTUS,Puente Alto,MENORES CONTROLADOS
1350,8,14,114323,A0200002,13,13201,4,4,5,Servicio de Salud Metropolitano Sur Oriente,Centro de Salud Familiar Madre Teresa de Calcuta Red de Salud UC CHRISTUS,Puente Alto,LACTANCIA MATERNA EXCLUSIVA
1351,1,14,114323,A0200002,13,13201,5,7,5,Servicio de Salud Metropolitano Sur Oriente,Centro de Salud Familiar Madre Teresa de Calcuta Red de Salud UC CHRISTUS,Puente Alto,LACTANCIA MATERNA EXCLUSIVA
1352,1,14,114323,A0200001,13,13201,10,11,10,Servicio de Salud Metropolitano Sur Oriente,Centro de Salud Familiar Madre Teresa de Calcuta Red de Salud UC CHRISTUS,Puente Alto,MENORES CONTROLADOS
1353,9,14,114323,A0200001,13,13201,12,10,13,Servicio de Salud Metropolitano Sur Oriente,Centro de Salud Familiar Madre Teresa de Calcuta Red de Salud UC CHRISTUS,Puente Alto,MENORES CONTROLADOS
1354,1,14,114326,A0200001,13,13201,14,4,19,Servicio de Salud Metropolitano Sur Oriente,Centro de Salud Familiar Karol Wojtyla,Puente Alto,MENORES CONTROLADOS
1355,9,14,114326,A0200002,13,13201,0,2,2,Servicio de Salud Metropolitano Sur Oriente,Centro de Salud Familiar Karol Wojtyla,Puente Alto,LACTANCIA MATERNA EXCLUSIVA
1356,9,14,114326,A0200001,13,13201,0,6,9,Servicio de Salud Metropolitano Sur Oriente,Centro de Salud Familiar Karol Wojtyla,Puente Alto,MENORES CONTROLADOS
1357,10,14,114326,A0200002,13,13201,5,5,9,Servicio de Salud Metropolitano Sur Oriente,Centro de Salud Familiar Karol Wojtyla,Puente Alto,LACTANCIA MATERNA EXCLUSIVA
1358,10,14,114326,A0200001,13,13201,14,10,16,Servicio de Salud Metropolitano Sur Oriente,Centro de Salud Familiar Karol Wojtyla,Puente Alto,MENORES CONTROLADOS
1359,1,14,114326,A0200002,13,13201,8,3,7,Servicio de Salud Metropolitano Sur Oriente,Centro de Salud Familiar Karol Wojtyla,Puente Alto,LACTANCIA MATERNA EXCLUSIVA
1360,12,14,114326,A0200002,13,13201,11,5,8,Servicio de Salud Metropolitano Sur Oriente,Centro de Salud Familiar Karol Wojtyla,Puente Alto,LACTANCIA MATERNA EXCLUSIVA
1361,12,14,114326,A0200001,13,13201,11,12,17,Servicio de Salud Metropolitano Sur Oriente,Centro de Salud Familiar Karol Wojtyla,Puente Alto,MENORES CONTROLADOS
1362,11,14,114326,A0200002,13,13201,8,13,8,Servicio de Salud Metropolitano Sur Oriente,Centro de Salud Familiar Karol Wojtyla,Puente Alto,LACTANCIA MATERNA EXCLUSIVA
1363,11,14,114326,A0200001,13,13201,18,16,15,Servicio de Salud Metropolitano Sur Oriente,Centro de Salud Familiar Karol Wojtyla,Puente Alto,MENORES CONTROLADOS
1364,6,14,114326,A0200002,13,13201,7,1,13,Servicio de Salud Metropolitano Sur Oriente,Centro de Salud Familiar Karol Wojtyla,Puente Alto,LACTANCIA MATERNA EXCLUSIVA
1365,7,14,114326,A0200001,13,13201,17,8,24,Servicio de Salud Metropolitano Sur Oriente,Centro de Salud Familiar Karol Wojtyla,Puente Alto,MENORES CONTROLADOS
1366,7,14,114326,A0200002,13,13201,11,4,15,Servicio de Salud Metropolitano Sur Oriente,Centro de Salud Familiar Karol Wojtyla,Puente Alto,LACTANCIA MATERNA EXCLUSIVA
1367,3,14,114326,A0200002,13,13201,5,,18,Servicio de Salud Metropolitano Sur Oriente,Centro de Salud Familiar Karol Wojtyla,Puente Alto,LACTANCIA MATERNA EXCLUSIVA
1368,3,14,114326,A0200001,13,13201,11,4,27,Servicio de Salud Metropolitano Sur Oriente,Centro de Salud Familiar Karol Wojtyla,Puente Alto,MENORES CONTROLADOS
1369,5,14,114326,A0200002,13,13201,5,,9,Servicio de Salud Metropolitano Sur Oriente,Centro de Salud Familiar Karol Wojtyla,Puente Alto,LACTANCIA MATERNA EXCLUSIVA
1370,4,14,114326,A0200002,13,13201,5,,15,Servicio de Salud Metropolitano Sur Oriente,Centro de Salud Familiar Karol Wojtyla,Puente Alto,LACTANCIA MATERNA EXCLUSIVA
1371,2,14,114326,A0200002,13,13201,9,,11,Servicio de Salud Metropolitano Sur Oriente,Centro de Salud Familiar Karol Wojtyla,Puente Alto,LACTANCIA MATERNA EXCLUSIVA
1372,4,14,114326,A0200001,13,13201,9,2,28,Servicio de Salud Metropolitano Sur Oriente,Centro de Salud Familiar Karol Wojtyla,Puente Alto,MENORES CONTROLADOS
1373,2,14,114326,A0200001,13,13201,16,,20,Servicio de Salud Metropolitano Sur Oriente,Centro de Salud Familiar Karol Wojtyla,Puente Alto,MENORES CONTROLADOS
1374,5,14,114326,A0200001,13,13201,12,1,18,Servicio de Salud Metropolitano Sur Oriente,Centro de Salud Familiar Karol Wojtyla,Puente Alto,MENORES CONTROLADOS
1375,6,14,114326,A0200001,13,13201,16,3,24,Servicio de Salud Metropolitano Sur Oriente,Centro de Salud Familiar Karol Wojtyla,Puente Alto,MENORES CONTROLADOS
1376,8,14,114326,A0200001,13,13201,14,7,9,Servicio de Salud Metropolitano Sur Oriente,Centro de Salud Familiar Karol Wojtyla,Puente Alto,MENORES CONTROLADOS
1377,8,14,114326,A0200002,13,13201,10,4,2,Servicio de Salud Metropolitano Sur Oriente,Centro de Salud Familiar Karol Wojtyla,Puente Alto,LACTANCIA MATERNA EXCLUSIVA
1378,1,14,114313,A0200001,13,13201,9,9,22,Servicio de Salud Metropolitano Sur Oriente,Centro de Salud Familiar Vista Hermosa,Puente Alto,MENORES CONTROLADOS
1379,8,14,114301,A0200002,13,13201,9,10,11,Servicio de Salud Metropolitano Sur Oriente,Centro de Salud Familiar Dr. Alejandro del Río,Puente Alto,LACTANCIA MATERNA EXCLUSIVA
1380,8,14,114301,A0200001,13,13201,20,22,26,Servicio de Salud Metropolitano Sur Oriente,Centro de Salud Familiar Dr. Alejandro del Río,Puente Alto,MENORES CONTROLADOS
1381,5,14,114313,A0200001,13,13201,10,5,14,Servicio de Salud Metropolitano Sur Oriente,Centro de Salud Familiar Vista Hermosa,Puente Alto,MENORES CONTROLADOS
1382,5,14,114320,A0200001,13,13201,29,,19,Servicio de Salud Metropolitano Sur Oriente,Centro de Salud Familiar Bernardo Leighton,Puente Alto,MENORES CONTROLADOS
1383,10,14,114332,A0200002,13,13201,5,8,4,Servicio de Salud Metropolitano Sur Oriente,Centro de Salud Familiar Laurita Vicuña,Puente Alto,LACTANCIA MATERNA EXCLUSIVA
1384,10,14,114329,A0200002,13,13201,5,1,4,Servicio de Salud Metropolitano Sur Oriente,Centro de Salud Familiar San Alberto Hurtado Red de Salud UC CHRISTUS,Puente Alto,LACTANCIA MATERNA EXCLUSIVA
1385,10,14,114329,A0200001,13,13201,9,4,8,Servicio de Salud Metropolitano Sur Oriente,Centro de Salud Familiar San Alberto Hurtado Red de Salud UC CHRISTUS,Puente Alto,MENORES CONTROLADOS
1386,10,14,114332,A0200001,13,13201,11,12,9,Servicio de Salud Metropolitano Sur Oriente,Centro de Salud Familiar Laurita Vicuña,Puente Alto,MENORES CONTROLADOS
1387,12,14,114301,A0200002,13,13201,12,14,7,Servicio de Salud Metropolitano Sur Oriente,Centro de Salud Familiar Dr. Alejandro del Río,Puente Alto,LACTANCIA MATERNA EXCLUSIVA
1388,12,14,114301,A0200001,13,13201,27,24,22,Servicio de Salud Metropolitano Sur Oriente,Centro de Salud Familiar Dr. Alejandro del Río,Puente Alto,MENORES CONTROLADOS
1389,12,14,114332,A0200002,13,13201,8,9,9,Servicio de Salud Metropolitano Sur Oriente,Centro de Salud Familiar Laurita Vicuña,Puente Alto,LACTANCIA MATERNA EXCLUSIVA
1390,12,14,114332,A0200001,13,13201,11,14,10,Servicio de Salud Metropolitano Sur Oriente,Centro de Salud Familiar Laurita Vicuña,Puente Alto,MENORES CONTROLADOS
1391,1,14,114320,A0200002,13,13201,13,,17,Servicio de Salud Metropolitano Sur Oriente,Centro de Salud Familiar Bernardo Leighton,Puente Alto,LACTANCIA MATERNA EXCLUSIVA
1392,6,14,114313,A0200002,13,13201,5,,10,Servicio de Salud Metropolitano Sur Oriente,Centro de Salud Familiar Vista Hermosa,Puente Alto,LACTANCIA MATERNA EXCLUSIVA
1393,6,14,114313,A0200001,13,13201,8,,15,Servicio de Salud Metropolitano Sur Oriente,Centro de Salud Familiar Vista Hermosa,Puente Alto,MENORES CONTROLADOS
1394,3,14,114329,A0200002,13,13201,4,7,5,Servicio de Salud Metropolitano Sur Oriente,Centro de Salud Familiar San Alberto Hurtado Red de Salud UC CHRISTUS,Puente Alto,LACTANCIA MATERNA EXCLUSIVA
1395,7,14,114332,A0200001,13,13201,13,18,24,Servicio de Salud Metropolitano Sur Oriente,Centro de Salud Familiar Laurita Vicuña,Puente Alto,MENORES CONTROLADOS
1396,10,14,114313,A0200001,13,13201,4,3,13,Servicio de Salud Metropolitano Sur Oriente,Centro de Salud Familiar Vista Hermosa,Puente Alto,MENORES CONTROLADOS
1397,8,14,114313,A0200002,13,13201,4,1,5,Servicio de Salud Metropolitano Sur Oriente,Centro de Salud Familiar Vista Hermosa,Puente Alto,LACTANCIA MATERNA EXCLUSIVA
1398,8,14,114313,A0200001,13,13201,1,5,9,Servicio de Salud Metropolitano Sur Oriente,Centro de Salud Familiar Vista Hermosa,Puente Alto,MENORES CONTROLADOS
1399,11,14,114329,A0200002,13,13201,8,4,9,Servicio de Salud Metropolitano Sur Oriente,Centro de Salud Familiar San Alberto Hurtado Red de Salud UC CHRISTUS,Puente Alto,LACTANCIA MATERNA EXCLUSIVA
1400,11,14,114329,A0200001,13,13201,13,4,16,Servicio de Salud Metropolitano Sur Oriente,Centro de Salud Familiar San Alberto Hurtado Red de Salud UC CHRISTUS,Puente Alto,MENORES CONTROLADOS
1401,1,14,114332,A0200001,13,13201,17,6,14,Servicio de Salud Metropolitano Sur Oriente,Centro de Salud Familiar Laurita Vicuña,Puente Alto,MENORES CONTROLADOS
1402,1,14,114329,A0200002,13,13201,5,6,5,Servicio de Salud Metropolitano Sur Oriente,Centro de Salud Familiar San Alberto Hurtado Red de Salud UC CHRISTUS,Puente Alto,LACTANCIA MATERNA EXCLUSIVA
1403,1,14,114329,A0200001,13,13201,9,10,9,Servicio de Salud Metropolitano Sur Oriente,Centro de Salud Familiar San Alberto Hurtado Red de Salud UC CHRISTUS,Puente Alto,MENORES CONTROLADOS
1404,5,14,114313,A0200002,13,13201,8,2,11,Servicio de Salud Metropolitano Sur Oriente,Centro de Salud Familiar Vista Hermosa,Puente Alto,LACTANCIA MATERNA EXCLUSIVA
1405,2,14,114301,A0200001,13,13201,38,21,47,Servicio de Salud Metropolitano Sur Oriente,Centro de Salud Familiar Dr. Alejandro del Río,Puente Alto,MENORES CONTROLADOS
1406,9,14,114320,A0200002,13,13201,1,3,9,Servicio de Salud Metropolitano Sur Oriente,Centro de Salud Familiar Bernardo Leighton,Puente Alto,LACTANCIA MATERNA EXCLUSIVA
1407,9,14,114320,A0200001,13,13201,3,5,18,Servicio de Salud Metropolitano Sur Oriente,Centro de Salud Familiar Bernardo Leighton,Puente Alto,MENORES CONTROLADOS
1408,4,14,114301,A0200002,13,13201,22,24,16,Servicio de Salud Metropolitano Sur Oriente,Centro de Salud Familiar Dr. Alejandro del Río,Puente Alto,LACTANCIA MATERNA EXCLUSIVA
1409,2,14,114320,A0200002,13,13201,12,,9,Servicio de Salud Metropolitano Sur Oriente,Centro de Salud Familiar Bernardo Leighton,Puente Alto,LACTANCIA MATERNA EXCLUSIVA
1410,6,14,114329,A0200001,13,13201,15,7,8,Servicio de Salud Metropolitano Sur Oriente,Centro de Salud Familiar San Alberto Hurtado Red de Salud UC CHRISTUS,Puente Alto,MENORES CONTROLADOS
1411,3,14,114320,A0200002,13,13201,12,,9,Servicio de Salud Metropolitano Sur Oriente,Centro de Salud Familiar Bernardo Leighton,Puente Alto,LACTANCIA MATERNA EXCLUSIVA
1412,12,14,114329,A0200002,13,13201,4,7,8,Servicio de Salud Metropolitano Sur Oriente,Centro de Salud Familiar San Alberto Hurtado Red de Salud UC CHRISTUS,Puente Alto,LACTANCIA MATERNA EXCLUSIVA
1413,12,14,114329,A0200001,13,13201,7,12,16,Servicio de Salud Metropolitano Sur Oriente,Centro de Salud Familiar San Alberto Hurtado Red de Salud UC CHRISTUS,Puente Alto,MENORES CONTROLADOS
1414,3,14,114301,A0200002,13,13201,18,15,25,Servicio de Salud Metropolitano Sur Oriente,Centro de Salud Familiar Dr. Alejandro del Río,Puente Alto,LACTANCIA MATERNA EXCLUSIVA
1415,3,14,114301,A0200001,13,13201,40,27,47,Servicio de Salud Metropolitano Sur Oriente,Centro de Salud Familiar Dr. Alejandro del Río,Puente Alto,MENORES CONTROLADOS
1416,11,14,114332,A0200002,13,13201,6,10,5,Servicio de Salud Metropolitano Sur Oriente,Centro de Salud Familiar Laurita Vicuña,Puente Alto,LACTANCIA MATERNA EXCLUSIVA
1417,11,14,114332,A0200001,13,13201,12,15,13,Servicio de Salud Metropolitano Sur Oriente,Centro de Salud Familiar Laurita Vicuña,Puente Alto,MENORES CONTROLADOS
1418,6,14,114301,A0200002,13,13201,21,21,32,Servicio de Salud Metropolitano Sur Oriente,Centro de Salud Familiar Dr. Alejandro del Río,Puente Alto,LACTANCIA MATERNA EXCLUSIVA
1419,10,14,114320,A0200002,13,13201,6,,4,Servicio de Salud Metropolitano Sur Oriente,Centro de Salud Familiar Bernardo Leighton,Puente Alto,LACTANCIA MATERNA EXCLUSIVA
1420,10,14,114320,A0200001,13,13201,9,1,17,Servicio de Salud Metropolitano Sur Oriente,Centro de Salud Familiar Bernardo Leighton,Puente Alto,MENORES CONTROLADOS
1421,1,14,114301,A0200002,13,13201,21,9,27,Servicio de Salud Metropolitano Sur Oriente,Centro de Salud Familiar Dr. Alejandro del Río,Puente Alto,LACTANCIA MATERNA EXCLUSIVA
1422,7,14,114313,A0200001,13,13201,7,3,11,Servicio de Salud Metropolitano Sur Oriente,Centro de Salud Familiar Vista Hermosa,Puente Alto,MENORES CONTROLADOS
1423,7,14,114313,A0200002,13,13201,6,2,4,Servicio de Salud Metropolitano Sur Oriente,Centro de Salud Familiar Vista Hermosa,Puente Alto,LACTANCIA MATERNA EXCLUSIVA
1424,4,14,114313,A0200001,13,13201,14,8,16,Servicio de Salud Metropolitano Sur Oriente,Centro de Salud Familiar Vista Hermosa,Puente Alto,MENORES CONTROLADOS
1425,6,14,114332,A0200002,13,13201,9,6,12,Servicio de Salud Metropolitano Sur Oriente,Centro de Salud Familiar Laurita Vicuña,Puente Alto,LACTANCIA MATERNA EXCLUSIVA
1426,4,14,114301,A0200001,13,13201,39,40,41,Servicio de Salud Metropolitano Sur Oriente,Centro de Salud Familiar Dr. Alejandro del Río,Puente Alto,MENORES CONTROLADOS
1427,2,14,114320,A0200001,13,13201,20,,22,Servicio de Salud Metropolitano Sur Oriente,Centro de Salud Familiar Bernardo Leighton,Puente Alto,MENORES CONTROLADOS
1428,2,14,114332,A0200002,13,13201,9,4,5,Servicio de Salud Metropolitano Sur Oriente,Centro de Salud Familiar Laurita Vicuña,Puente Alto,LACTANCIA MATERNA EXCLUSIVA
1429,7,14,114301,A0200002,13,13201,15,21,28,Servicio de Salud Metropolitano Sur Oriente,Centro de Salud Familiar Dr. Alejandro del Río,Puente Alto,LACTANCIA MATERNA EXCLUSIVA
1430,4,14,114332,A0200002,13,13201,7,5,9,Servicio de Salud Metropolitano Sur Oriente,Centro de Salud Familiar Laurita Vicuña,Puente Alto,LACTANCIA MATERNA EXCLUSIVA
1431,7,14,114301,A0200001,13,13201,32,33,50,Servicio de Salud Metropolitano Sur Oriente,Centro de Salud Familiar Dr. Alejandro del Río,Puente Alto,MENORES CONTROLADOS
1432,2,14,114332,A0200001,13,13201,14,6,16,Servicio de Salud Metropolitano Sur Oriente,Centro de Salud Familiar Laurita Vicuña,Puente Alto,MENORES CONTROLADOS
1433,4,14,114332,A0200001,13,13201,12,11,16,Servicio de Salud Metropolitano Sur Oriente,Centro de Salud Familiar Laurita Vicuña,Puente Alto,MENORES CONTROLADOS
1434,2,14,114329,A0200002,13,13201,5,1,9,Servicio de Salud Metropolitano Sur Oriente,Centro de Salud Familiar San Alberto Hurtado Red de Salud UC CHRISTUS,Puente Alto,LACTANCIA MATERNA EXCLUSIVA
1435,2,14,114329,A0200001,13,13201,7,3,15,Servicio de Salud Metropolitano Sur Oriente,Centro de Salud Familiar San Alberto Hurtado Red de Salud UC CHRISTUS,Puente Alto,MENORES CONTROLADOS
1436,2,14,114313,A0200002,13,13201,5,3,11,Servicio de Salud Metropolitano Sur Oriente,Centro de Salud Familiar Vista Hermosa,Puente Alto,LACTANCIA MATERNA EXCLUSIVA
1437,2,14,114313,A0200001,13,13201,9,7,19,Servicio de Salud Metropolitano Sur Oriente,Centro de Salud Familiar Vista Hermosa,Puente Alto,MENORES CONTROLADOS
1438,3,14,114329,A0200001,13,13201,7,13,11,Servicio de Salud Metropolitano Sur Oriente,Centro de Salud Familiar San Alberto Hurtado Red de Salud UC CHRISTUS,Puente Alto,MENORES CONTROLADOS
1439,5,14,114329,A0200001,13,13201,10,4,7,Servicio de Salud Metropolitano Sur Oriente,Centro de Salud Familiar San Alberto Hurtado Red de Salud UC CHRISTUS,Puente Alto,MENORES CONTROLADOS
1440,4,14,114329,A0200001,13,13201,11,7,7,Servicio de Salud Metropolitano Sur Oriente,Centro de Salud Familiar San Alberto Hurtado Red de Salud UC CHRISTUS,Puente Alto,MENORES CONTROLADOS
1441,12,14,114320,A0200002,13,13201,3,1,9,Servicio de Salud Metropolitano Sur Oriente,Centro de Salud Familiar Bernardo Leighton,Puente Alto,LACTANCIA MATERNA EXCLUSIVA
1442,12,14,114320,A0200001,13,13201,6,1,19,Servicio de Salud Metropolitano Sur Oriente,Centro de Salud Familiar Bernardo Leighton,Puente Alto,MENORES CONTROLADOS
1443,8,14,114320,A0200001,13,13201,13,2,14,Servicio de Salud Metropolitano Sur Oriente,Centro de Salud Familiar Bernardo Leighton,Puente Alto,MENORES CONTROLADOS
1444,1,14,114320,A0200001,13,13201,24,29,29,Servicio de Salud Metropolitano Sur Oriente,Centro de Salud Familiar Bernardo Leighton,Puente Alto,MENORES CONTROLADOS
1445,1,14,114332,A0200002,13,13201,9,2,6,Servicio de Salud Metropolitano Sur Oriente,Centro de Salud Familiar Laurita Vicuña,Puente Alto,LACTANCIA MATERNA EXCLUSIVA
1446,10,14,114313,A0200002,13,13201,3,3,7,Servicio de Salud Metropolitano Sur Oriente,Centro de Salud Familiar Vista Hermosa,Puente Alto,LACTANCIA MATERNA EXCLUSIVA
1447,4,14,114329,A0200002,13,13201,3,4,3,Servicio de Salud Metropolitano Sur Oriente,Centro de Salud Familiar San Alberto Hurtado Red de Salud UC CHRISTUS,Puente Alto,LACTANCIA MATERNA EXCLUSIVA
1448,8,14,114320,A0200002,13,13201,8,1,7,Servicio de Salud Metropolitano Sur Oriente,Centro de Salud Familiar Bernardo Leighton,Puente Alto,LACTANCIA MATERNA EXCLUSIVA
1449,6,14,114329,A0200002,13,13201,9,2,4,Servicio de Salud Metropolitano Sur Oriente,Centro de Salud Familiar San Alberto Hurtado Red de Salud UC CHRISTUS,Puente Alto,LACTANCIA MATERNA EXCLUSIVA
1450,5,14,114320,A0200002,13,13201,11,,6,Servicio de Salud Metropolitano Sur Oriente,Centro de Salud Familiar Bernardo Leighton,Puente Alto,LACTANCIA MATERNA EXCLUSIVA
1451,6,14,114301,A0200001,13,13201,34,41,48,Servicio de Salud Metropolitano Sur Oriente,Centro de Salud Familiar Dr. Alejandro del Río,Puente Alto,MENORES CONTROLADOS
1452,9,14,114329,A0200002,13,13201,7,11,4,Servicio de Salud Metropolitano Sur Oriente,Centro de Salud Familiar San Alberto Hurtado Red de Salud UC CHRISTUS,Puente Alto,LACTANCIA MATERNA EXCLUSIVA
1453,9,14,114329,A0200001,13,13201,7,16,11,Servicio de Salud Metropolitano Sur Oriente,Centro de Salud Familiar San Alberto Hurtado Red de Salud UC CHRISTUS,Puente Alto,MENORES CONTROLADOS
1454,5,14,114316,A0200001,13,13110,14,13,23,Servicio de Salud Metropolitano Sur Oriente,Centro de Salud Familiar Dr. Fernando Maffioletti,La Florida,MENORES CONTROLADOS
1455,11,11,111370,A0200002,13,13101,17,19,19,Servicio de Salud Metropolitano Central,Centro de Salud Familiar Padre Orellana,Santiago,LACTANCIA MATERNA EXCLUSIVA
1456,11,11,111370,A0200001,13,13101,27,31,30,Servicio de Salud Metropolitano Central,Centro de Salud Familiar Padre Orellana,Santiago,MENORES CONTROLADOS
1457,11,14,114320,A0200002,13,13201,9,,7,Servicio de Salud Metropolitano Sur Oriente,Centro de Salud Familiar Bernardo Leighton,Puente Alto,LACTANCIA MATERNA EXCLUSIVA
1458,5,14,114329,A0200002,13,13201,5,3,3,Servicio de Salud Metropolitano Sur Oriente,Centro de Salud Familiar San Alberto Hurtado Red de Salud UC CHRISTUS,Puente Alto,LACTANCIA MATERNA EXCLUSIVA
1459,11,14,114320,A0200001,13,13201,10,,16,Servicio de Salud Metropolitano Sur Oriente,Centro de Salud Familiar Bernardo Leighton,Puente Alto,MENORES CONTROLADOS
1460,1,14,114313,A0200002,13,13201,5,2,12,Servicio de Salud Metropolitano Sur Oriente,Centro de Salud Familiar Vista Hermosa,Puente Alto,LACTANCIA MATERNA EXCLUSIVA
1461,9,14,114301,A0200002,13,13201,9,7,12,Servicio de Salud Metropolitano Sur Oriente,Centro de Salud Familiar Dr. Alejandro del Río,Puente Alto,LACTANCIA MATERNA EXCLUSIVA
1462,8,14,114329,A0200001,13,13201,3,18,9,Servicio de Salud Metropolitano Sur Oriente,Centro de Salud Familiar San Alberto Hurtado Red de Salud UC CHRISTUS,Puente Alto,MENORES CONTROLADOS
1463,4,14,114320,A0200001,13,13201,23,,16,Servicio de Salud Metropolitano Sur Oriente,Centro de Salud Familiar Bernardo Leighton,Puente Alto,MENORES CONTROLADOS
1464,11,14,114301,A0200002,13,13201,12,15,7,Servicio de Salud Metropolitano Sur Oriente,Centro de Salud Familiar Dr. Alejandro del Río,Puente Alto,LACTANCIA MATERNA EXCLUSIVA
1465,11,14,114301,A0200001,13,13201,22,29,18,Servicio de Salud Metropolitano Sur Oriente,Centro de Salud Familiar Dr. Alejandro del Río,Puente Alto,MENORES CONTROLADOS
1466,7,14,114329,A0200001,13,13201,16,9,8,Servicio de Salud Metropolitano Sur Oriente,Centro de Salud Familiar San Alberto Hurtado Red de Salud UC CHRISTUS,Puente Alto,MENORES CONTROLADOS
1467,9,14,114332,A0200002,13,13201,2,3,7,Servicio de Salud Metropolitano Sur Oriente,Centro de Salud Familiar Laurita Vicuña,Puente Alto,LACTANCIA MATERNA EXCLUSIVA
1468,9,14,114332,A0200001,13,13201,7,6,11,Servicio de Salud Metropolitano Sur Oriente,Centro de Salud Familiar Laurita Vicuña,Puente Alto,MENORES CONTROLADOS
1469,6,14,114320,A0200001,13,13201,21,,28,Servicio de Salud Metropolitano Sur Oriente,Centro de Salud Familiar Bernardo Leighton,Puente Alto,MENORES CONTROLADOS
1470,9,14,114301,A0200001,13,13201,19,17,20,Servicio de Salud Metropolitano Sur Oriente,Centro de Salud Familiar Dr. Alejandro del Río,Puente Alto,MENORES CONTROLADOS
1471,8,14,114329,A0200002,13,13201,0,11,3,Servicio de Salud Metropolitano Sur Oriente,Centro de Salud Familiar San Alberto Hurtado Red de Salud UC CHRISTUS,Puente Alto,LACTANCIA MATERNA EXCLUSIVA
1472,7,14,114332,A0200002,13,13201,7,8,9,Servicio de Salud Metropolitano Sur Oriente,Centro de Salud Familiar Laurita Vicuña,Puente Alto,LACTANCIA MATERNA EXCLUSIVA
1473,8,14,114332,A0200002,13,13201,4,4,5,Servicio de Salud Metropolitano Sur Oriente,Centro de Salud Familiar Laurita Vicuña,Puente Alto,LACTANCIA MATERNA EXCLUSIVA
1474,8,14,114332,A0200001,13,13201,6,6,11,Servicio de Salud Metropolitano Sur Oriente,Centro de Salud Familiar Laurita Vicuña,Puente Alto,MENORES CONTROLADOS
1475,5,14,114301,A0200001,13,13201,30,20,43,Servicio de Salud Metropolitano Sur Oriente,Centro de Salud Familiar Dr. Alejandro del Río,Puente Alto,MENORES CONTROLADOS
1476,12,14,114313,A0200002,13,13201,2,4,5,Servicio de Salud Metropolitano Sur Oriente,Centro de Salud Familiar Vista Hermosa,Puente Alto,LACTANCIA MATERNA EXCLUSIVA
1477,12,14,114313,A0200001,13,13201,3,12,10,Servicio de Salud Metropolitano Sur Oriente,Centro de Salud Familiar Vista Hermosa,Puente Alto,MENORES CONTROLADOS
1478,11,14,114313,A0200002,13,13201,3,4,7,Servicio de Salud Metropolitano Sur Oriente,Centro de Salud Familiar Vista Hermosa,Puente Alto,LACTANCIA MATERNA EXCLUSIVA
1479,11,14,114313,A0200001,13,13201,3,6,10,Servicio de Salud Metropolitano Sur Oriente,Centro de Salud Familiar Vista Hermosa,Puente Alto,MENORES CONTROLADOS
1480,3,14,114313,A0200002,13,13201,3,6,11,Servicio de Salud Metropolitano Sur Oriente,Centro de Salud Familiar Vista Hermosa,Puente Alto,LACTANCIA MATERNA EXCLUSIVA
1481,6,14,114332,A0200001,13,13201,16,9,25,Servicio de Salud Metropolitano Sur Oriente,Centro de Salud Familiar Laurita Vicuña,Puente Alto,MENORES CONTROLADOS
1482,3,14,114320,A0200001,13,13201,16,,23,Servicio de Salud Metropolitano Sur Oriente,Centro de Salud Familiar Bernardo Leighton,Puente Alto,MENORES CONTROLADOS
1483,3,14,114313,A0200001,13,13201,6,9,16,Servicio de Salud Metropolitano Sur Oriente,Centro de Salud Familiar Vista Hermosa,Puente Alto,MENORES CONTROLADOS
1484,4,14,114313,A0200002,13,13201,7,4,7,Servicio de Salud Metropolitano Sur Oriente,Centro de Salud Familiar Vista Hermosa,Puente Alto,LACTANCIA MATERNA EXCLUSIVA
1485,7,14,114329,A0200002,13,13201,8,3,4,Servicio de Salud Metropolitano Sur Oriente,Centro de Salud Familiar San Alberto Hurtado Red de Salud UC CHRISTUS,Puente Alto,LACTANCIA MATERNA EXCLUSIVA
1486,5,14,114301,A0200002,13,13201,15,9,27,Servicio de Salud Metropolitano Sur Oriente,Centro de Salud Familiar Dr. Alejandro del Río,Puente Alto,LACTANCIA MATERNA EXCLUSIVA
1487,5,14,114332,A0200001,13,13201,14,10,19,Servicio de Salud Metropolitano Sur Oriente,Centro de Salud Familiar Laurita Vicuña,Puente Alto,MENORES CONTROLADOS
1488,5,14,114332,A0200002,13,13201,10,7,9,Servicio de Salud Metropolitano Sur Oriente,Centro de Salud Familiar Laurita Vicuña,Puente Alto,LACTANCIA MATERNA EXCLUSIVA
1489,2,14,114301,A0200002,13,13201,19,12,26,Servicio de Salud Metropolitano Sur Oriente,Centro de Salud Familiar Dr. Alejandro del Río,Puente Alto,LACTANCIA MATERNA EXCLUSIVA
1490,6,14,114320,A0200002,13,13201,12,,14,Servicio de Salud Metropolitano Sur Oriente,Centro de Salud Familiar Bernardo Leighton,Puente Alto,LACTANCIA MATERNA EXCLUSIVA
1491,10,14,114301,A0200001,13,13201,22,19,26,Servicio de Salud Metropolitano Sur Oriente,Centro de Salud Familiar Dr. Alejandro del Río,Puente Alto,MENORES CONTROLADOS
1492,10,14,114301,A0200002,13,13201,12,15,12,Servicio de Salud Metropolitano Sur Oriente,Centro de Salud Familiar Dr. Alejandro del Río,Puente Alto,LACTANCIA MATERNA EXCLUSIVA
1493,7,14,114320,A0200001,13,13201,19,,35,Servicio de Salud Metropolitano Sur Oriente,Centro de Salud Familiar Bernardo Leighton,Puente Alto,MENORES CONTROLADOS
1494,4,14,114320,A0200002,13,13201,10,,7,Servicio de Salud Metropolitano Sur Oriente,Centro de Salud Familiar Bernardo Leighton,Puente Alto,LACTANCIA MATERNA EXCLUSIVA
1495,7,14,114320,A0200002,13,13201,11,,16,Servicio de Salud Metropolitano Sur Oriente,Centro de Salud Familiar Bernardo Leighton,Puente Alto,LACTANCIA MATERNA EXCLUSIVA
1496,1,14,114301,A0200001,13,13201,31,21,59,Servicio de Salud Metropolitano Sur Oriente,Centro de Salud Familiar Dr. Alejandro del Río,Puente Alto,MENORES CONTROLADOS
1497,3,14,114332,A0200002,13,13201,11,8,5,Servicio de Salud Metropolitano Sur Oriente,Centro de Salud Familiar Laurita Vicuña,Puente Alto,LACTANCIA MATERNA EXCLUSIVA
1498,3,14,114332,A0200001,13,13201,22,13,12,Servicio de Salud Metropolitano Sur Oriente,Centro de Salud Familiar Laurita Vicuña,Puente Alto,MENORES CONTROLADOS
1499,9,14,114313,A0200002,13,13201,3,3,2,Servicio de Salud Metropolitano Sur Oriente,Centro de Salud Familiar Vista Hermosa,Puente Alto,LACTANCIA MATERNA EXCLUSIVA
1500,9,14,114313,A0200001,13,13201,4,12,2,Servicio de Salud Metropolitano Sur Oriente,Centro de Salud Familiar Vista Hermosa,Puente Alto,MENORES CONTROLADOS
1501,8,14,114321,A0200001,13,13201,8,7,20,Servicio de Salud Metropolitano Sur Oriente,Centro de Salud Familiar Cardenal Silva Henríquez,Puente Alto,MENORES CONTROLADOS
1502,5,14,114322,A0200001,13,13201,23,,38,Servicio de Salud Metropolitano Sur Oriente,Centro de Salud Familiar Padre Manuel Villaseca,Puente Alto,MENORES CONTROLADOS
1503,5,14,114322,A0200002,13,13201,13,,22,Servicio de Salud Metropolitano Sur Oriente,Centro de Salud Familiar Padre Manuel Villaseca,Puente Alto,LACTANCIA MATERNA EXCLUSIVA
1504,10,14,114322,A0200001,13,13201,24,14,26,Servicio de Salud Metropolitano Sur Oriente,Centro de Salud Familiar Padre Manuel Villaseca,Puente Alto,MENORES CONTROLADOS
1505,4,14,114322,A0200001,13,13201,19,4,53,Servicio de Salud Metropolitano Sur Oriente,Centro de Salud Familiar Padre Manuel Villaseca,Puente Alto,MENORES CONTROLADOS
1506,2,14,114321,A0200002,13,13201,7,1,15,Servicio de Salud Metropolitano Sur Oriente,Centro de Salud Familiar Cardenal Silva Henríquez,Puente Alto,LACTANCIA MATERNA EXCLUSIVA
1507,4,14,114321,A0200001,13,13201,17,9,19,Servicio de Salud Metropolitano Sur Oriente,Centro de Salud Familiar Cardenal Silva Henríquez,Puente Alto,MENORES CONTROLADOS
1508,4,14,114321,A0200002,13,13201,8,3,8,Servicio de Salud Metropolitano Sur Oriente,Centro de Salud Familiar Cardenal Silva Henríquez,Puente Alto,LACTANCIA MATERNA EXCLUSIVA
1509,3,14,114321,A0200002,13,13201,2,2,8,Servicio de Salud Metropolitano Sur Oriente,Centro de Salud Familiar Cardenal Silva Henríquez,Puente Alto,LACTANCIA MATERNA EXCLUSIVA
1510,10,14,114321,A0200002,13,13201,7,2,2,Servicio de Salud Metropolitano Sur Oriente,Centro de Salud Familiar Cardenal Silva Henríquez,Puente Alto,LACTANCIA MATERNA EXCLUSIVA
1511,1,14,114321,A0200002,13,13201,10,,13,Servicio de Salud Metropolitano Sur Oriente,Centro de Salud Familiar Cardenal Silva Henríquez,Puente Alto,LACTANCIA MATERNA EXCLUSIVA
1512,10,14,114321,A0200001,13,13201,9,8,7,Servicio de Salud Metropolitano Sur Oriente,Centro de Salud Familiar Cardenal Silva Henríquez,Puente Alto,MENORES CONTROLADOS
1513,10,14,114322,A0200002,13,13201,15,6,15,Servicio de Salud Metropolitano Sur Oriente,Centro de Salud Familiar Padre Manuel Villaseca,Puente Alto,LACTANCIA MATERNA EXCLUSIVA
1514,12,14,114322,A0200002,13,13201,21,12,10,Servicio de Salud Metropolitano Sur Oriente,Centro de Salud Familiar Padre Manuel Villaseca,Puente Alto,LACTANCIA MATERNA EXCLUSIVA
1515,12,14,114322,A0200001,13,13201,25,21,25,Servicio de Salud Metropolitano Sur Oriente,Centro de Salud Familiar Padre Manuel Villaseca,Puente Alto,MENORES CONTROLADOS
1516,12,14,114321,A0200002,13,13201,4,7,6,Servicio de Salud Metropolitano Sur Oriente,Centro de Salud Familiar Cardenal Silva Henríquez,Puente Alto,LACTANCIA MATERNA EXCLUSIVA
1517,12,14,114321,A0200001,13,13201,4,13,17,Servicio de Salud Metropolitano Sur Oriente,Centro de Salud Familiar Cardenal Silva Henríquez,Puente Alto,MENORES CONTROLADOS
1518,6,14,114321,A0200002,13,13201,2,2,17,Servicio de Salud Metropolitano Sur Oriente,Centro de Salud Familiar Cardenal Silva Henríquez,Puente Alto,LACTANCIA MATERNA EXCLUSIVA
1519,1,14,114322,A0200002,13,13201,15,1,31,Servicio de Salud Metropolitano Sur Oriente,Centro de Salud Familiar Padre Manuel Villaseca,Puente Alto,LACTANCIA MATERNA EXCLUSIVA
1520,11,14,114321,A0200002,13,13201,6,8,4,Servicio de Salud Metropolitano Sur Oriente,Centro de Salud Familiar Cardenal Silva Henríquez,Puente Alto,LACTANCIA MATERNA EXCLUSIVA
1521,11,14,114321,A0200001,13,13201,10,16,10,Servicio de Salud Metropolitano Sur Oriente,Centro de Salud Familiar Cardenal Silva Henríquez,Puente Alto,MENORES CONTROLADOS
1522,11,14,114322,A0200002,13,13201,9,13,5,Servicio de Salud Metropolitano Sur Oriente,Centro de Salud Familiar Padre Manuel Villaseca,Puente Alto,LACTANCIA MATERNA EXCLUSIVA
1523,11,14,114322,A0200001,13,13201,20,27,24,Servicio de Salud Metropolitano Sur Oriente,Centro de Salud Familiar Padre Manuel Villaseca,Puente Alto,MENORES CONTROLADOS
1524,1,14,114321,A0200001,13,13201,18,4,29,Servicio de Salud Metropolitano Sur Oriente,Centro de Salud Familiar Cardenal Silva Henríquez,Puente Alto,MENORES CONTROLADOS
1525,9,14,114321,A0200002,13,13201,5,2,6,Servicio de Salud Metropolitano Sur Oriente,Centro de Salud Familiar Cardenal Silva Henríquez,Puente Alto,LACTANCIA MATERNA EXCLUSIVA
1526,9,14,114321,A0200001,13,13201,7,8,19,Servicio de Salud Metropolitano Sur Oriente,Centro de Salud Familiar Cardenal Silva Henríquez,Puente Alto,MENORES CONTROLADOS
1527,7,14,114322,A0200002,13,13201,19,,22,Servicio de Salud Metropolitano Sur Oriente,Centro de Salud Familiar Padre Manuel Villaseca,Puente Alto,LACTANCIA MATERNA EXCLUSIVA
1528,7,14,114321,A0200001,13,13201,14,6,44,Servicio de Salud Metropolitano Sur Oriente,Centro de Salud Familiar Cardenal Silva Henríquez,Puente Alto,MENORES CONTROLADOS
1529,6,14,114322,A0200001,13,13201,20,2,45,Servicio de Salud Metropolitano Sur Oriente,Centro de Salud Familiar Padre Manuel Villaseca,Puente Alto,MENORES CONTROLADOS
1530,9,14,114322,A0200002,13,13201,7,4,3,Servicio de Salud Metropolitano Sur Oriente,Centro de Salud Familiar Padre Manuel Villaseca,Puente Alto,LACTANCIA MATERNA EXCLUSIVA
1531,9,14,114322,A0200001,13,13201,12,7,20,Servicio de Salud Metropolitano Sur Oriente,Centro de Salud Familiar Padre Manuel Villaseca,Puente Alto,MENORES CONTROLADOS
1532,7,14,114321,A0200002,13,13201,8,3,24,Servicio de Salud Metropolitano Sur Oriente,Centro de Salud Familiar Cardenal Silva Henríquez,Puente Alto,LACTANCIA MATERNA EXCLUSIVA
1533,5,14,114321,A0200002,13,13201,3,4,14,Servicio de Salud Metropolitano Sur Oriente,Centro de Salud Familiar Cardenal Silva Henríquez,Puente Alto,LACTANCIA MATERNA EXCLUSIVA
1534,8,14,114322,A0200002,13,13201,10,5,13,Servicio de Salud Metropolitano Sur Oriente,Centro de Salud Familiar Padre Manuel Villaseca,Puente Alto,LACTANCIA MATERNA EXCLUSIVA
1535,8,14,114322,A0200001,13,13201,20,7,26,Servicio de Salud Metropolitano Sur Oriente,Centro de Salud Familiar Padre Manuel Villaseca,Puente Alto,MENORES CONTROLADOS
1536,3,14,114321,A0200001,13,13201,8,9,22,Servicio de Salud Metropolitano Sur Oriente,Centro de Salud Familiar Cardenal Silva Henríquez,Puente Alto,MENORES CONTROLADOS
1537,5,14,114321,A0200001,13,13201,8,6,27,Servicio de Salud Metropolitano Sur Oriente,Centro de Salud Familiar Cardenal Silva Henríquez,Puente Alto,MENORES CONTROLADOS
1538,2,14,114322,A0200002,13,13201,17,,38,Servicio de Salud Metropolitano Sur Oriente,Centro de Salud Familiar Padre Manuel Villaseca,Puente Alto,LACTANCIA MATERNA EXCLUSIVA
1539,1,14,114322,A0200001,13,13201,25,1,51,Servicio de Salud Metropolitano Sur Oriente,Centro de Salud Familiar Padre Manuel Villaseca,Puente Alto,MENORES CONTROLADOS
1540,2,14,114322,A0200001,13,13201,24,1,56,Servicio de Salud Metropolitano Sur Oriente,Centro de Salud Familiar Padre Manuel Villaseca,Puente Alto,MENORES CONTROLADOS
1541,2,14,114321,A0200001,13,13201,15,4,24,Servicio de Salud Metropolitano Sur Oriente,Centro de Salud Familiar Cardenal Silva Henríquez,Puente Alto,MENORES CONTROLADOS
1542,3,14,114322,A0200001,13,13201,25,2,47,Servicio de Salud Metropolitano Sur Oriente,Centro de Salud Familiar Padre Manuel Villaseca,Puente Alto,MENORES CONTROLADOS
1543,8,14,114321,A0200002,13,13201,4,2,8,Servicio de Salud Metropolitano Sur Oriente,Centro de Salud Familiar Cardenal Silva Henríquez,Puente Alto,LACTANCIA MATERNA EXCLUSIVA
1544,7,14,114322,A0200001,13,13201,29,3,45,Servicio de Salud Metropolitano Sur Oriente,Centro de Salud Familiar Padre Manuel Villaseca,Puente Alto,MENORES CONTROLADOS
1545,6,14,114322,A0200002,13,13201,14,,17,Servicio de Salud Metropolitano Sur Oriente,Centro de Salud Familiar Padre Manuel Villaseca,Puente Alto,LACTANCIA MATERNA EXCLUSIVA
1546,4,14,114322,A0200002,13,13201,10,3,28,Servicio de Salud Metropolitano Sur Oriente,Centro de Salud Familiar Padre Manuel Villaseca,Puente Alto,LACTANCIA MATERNA EXCLUSIVA
1547,3,14,114322,A0200002,13,13201,12,,28,Servicio de Salud Metropolitano Sur Oriente,Centro de Salud Familiar Padre Manuel Villaseca,Puente Alto,LACTANCIA MATERNA EXCLUSIVA
1548,6,14,114321,A0200001,13,13201,5,3,32,Servicio de Salud Metropolitano Sur Oriente,Centro de Salud Familiar Cardenal Silva Henríquez,Puente Alto,MENORES CONTROLADOS
1549,8,14,114312,A0200002,13,13201,8,7,7,Servicio de Salud Metropolitano Sur Oriente,Centro de Salud Familiar San Gerónimo,Puente Alto,LACTANCIA MATERNA EXCLUSIVA
1550,1,14,114312,A0200001,13,13201,30,9,18,Servicio de Salud Metropolitano Sur Oriente,Centro de Salud Familiar San Gerónimo,Puente Alto,MENORES CONTROLADOS
1551,1,14,114312,A0200002,13,13201,20,6,9,Servicio de Salud Metropolitano Sur Oriente,Centro de Salud Familiar San Gerónimo,Puente Alto,LACTANCIA MATERNA EXCLUSIVA
1552,3,14,114312,A0200001,13,13201,17,15,33,Servicio de Salud Metropolitano Sur Oriente,Centro de Salud Familiar San Gerónimo,Puente Alto,MENORES CONTROLADOS
1553,10,14,114312,A0200002,13,13201,8,5,4,Servicio de Salud Metropolitano Sur Oriente,Centro de Salud Familiar San Gerónimo,Puente Alto,LACTANCIA MATERNA EXCLUSIVA
1554,12,14,114312,A0200002,13,13201,4,8,9,Servicio de Salud Metropolitano Sur Oriente,Centro de Salud Familiar San Gerónimo,Puente Alto,LACTANCIA MATERNA EXCLUSIVA
1555,12,14,114312,A0200001,13,13201,9,13,17,Servicio de Salud Metropolitano Sur Oriente,Centro de Salud Familiar San Gerónimo,Puente Alto,MENORES CONTROLADOS
1556,7,14,114312,A0200002,13,13201,22,8,17,Servicio de Salud Metropolitano Sur Oriente,Centro de Salud Familiar San Gerónimo,Puente Alto,LACTANCIA MATERNA EXCLUSIVA
1557,4,14,114312,A0200002,13,13201,8,3,23,Servicio de Salud Metropolitano Sur Oriente,Centro de Salud Familiar San Gerónimo,Puente Alto,LACTANCIA MATERNA EXCLUSIVA
1558,7,14,114312,A0200001,13,13201,29,16,35,Servicio de Salud Metropolitano Sur Oriente,Centro de Salud Familiar San Gerónimo,Puente Alto,MENORES CONTROLADOS
1559,3,14,114312,A0200002,13,13201,10,8,22,Servicio de Salud Metropolitano Sur Oriente,Centro de Salud Familiar San Gerónimo,Puente Alto,LACTANCIA MATERNA EXCLUSIVA
1560,5,14,114312,A0200002,13,13201,19,6,18,Servicio de Salud Metropolitano Sur Oriente,Centro de Salud Familiar San Gerónimo,Puente Alto,LACTANCIA MATERNA EXCLUSIVA
1561,5,14,114312,A0200001,13,13201,30,13,23,Servicio de Salud Metropolitano Sur Oriente,Centro de Salud Familiar San Gerónimo,Puente Alto,MENORES CONTROLADOS
1562,10,14,114312,A0200001,13,13201,10,9,14,Servicio de Salud Metropolitano Sur Oriente,Centro de Salud Familiar San Gerónimo,Puente Alto,MENORES CONTROLADOS
1563,8,14,114312,A0200001,13,13201,15,10,14,Servicio de Salud Metropolitano Sur Oriente,Centro de Salud Familiar San Gerónimo,Puente Alto,MENORES CONTROLADOS
1564,2,14,114312,A0200001,13,13201,26,12,23,Servicio de Salud Metropolitano Sur Oriente,Centro de Salud Familiar San Gerónimo,Puente Alto,MENORES CONTROLADOS
1565,2,14,114312,A0200002,13,13201,12,6,14,Servicio de Salud Metropolitano Sur Oriente,Centro de Salud Familiar San Gerónimo,Puente Alto,LACTANCIA MATERNA EXCLUSIVA
1566,9,14,114312,A0200002,13,13201,7,11,5,Servicio de Salud Metropolitano Sur Oriente,Centro de Salud Familiar San Gerónimo,Puente Alto,LACTANCIA MATERNA EXCLUSIVA
1567,9,14,114312,A0200001,13,13201,10,16,12,Servicio de Salud Metropolitano Sur Oriente,Centro de Salud Familiar San Gerónimo,Puente Alto,MENORES CONTROLADOS
1568,6,14,114312,A0200001,13,13201,20,13,32,Servicio de Salud Metropolitano Sur Oriente,Centro de Salud Familiar San Gerónimo,Puente Alto,MENORES CONTROLADOS
1569,4,14,114312,A0200001,13,13201,15,9,29,Servicio de Salud Metropolitano Sur Oriente,Centro de Salud Familiar San Gerónimo,Puente Alto,MENORES CONTROLADOS
1570,11,14,114312,A0200002,13,13201,5,8,3,Servicio de Salud Metropolitano Sur Oriente,Centro de Salud Familiar San Gerónimo,Puente Alto,LACTANCIA MATERNA EXCLUSIVA
1571,11,14,114312,A0200001,13,13201,12,12,11,Servicio de Salud Metropolitano Sur Oriente,Centro de Salud Familiar San Gerónimo,Puente Alto,MENORES CONTROLADOS
1572,6,14,114312,A0200002,13,13201,12,8,14,Servicio de Salud Metropolitano Sur Oriente,Centro de Salud Familiar San Gerónimo,Puente Alto,LACTANCIA MATERNA EXCLUSIVA
1573,9,14,114401,A0200002,13,13202,1,,1,Servicio de Salud Metropolitano Sur Oriente,Posta de Salud Rural Puntilla,Pirque,LACTANCIA MATERNA EXCLUSIVA
1574,9,14,114401,A0200001,13,13202,1,,2,Servicio de Salud Metropolitano Sur Oriente,Posta de Salud Rural Puntilla,Pirque,MENORES CONTROLADOS
1575,9,14,114333,A0200001,13,13202,4,1,4,Servicio de Salud Metropolitano Sur Oriente,Centro de Salud Rural El Principal,Pirque,MENORES CONTROLADOS
1576,9,14,114333,A0200002,13,13202,2,0,1,Servicio de Salud Metropolitano Sur Oriente,Centro de Salud Rural El Principal,Pirque,LACTANCIA MATERNA EXCLUSIVA
1577,8,14,114333,A0200002,13,13202,2,2,4,Servicio de Salud Metropolitano Sur Oriente,Centro de Salud Rural El Principal,Pirque,LACTANCIA MATERNA EXCLUSIVA
1578,12,14,114333,A0200002,13,13202,1,0,2,Servicio de Salud Metropolitano Sur Oriente,Centro de Salud Rural El Principal,Pirque,LACTANCIA MATERNA EXCLUSIVA
1579,12,14,114333,A0200001,13,13202,2,0,2,Servicio de Salud Metropolitano Sur Oriente,Centro de Salud Rural El Principal,Pirque,MENORES CONTROLADOS
1580,5,14,114333,A0200002,13,13202,2,1,3,Servicio de Salud Metropolitano Sur Oriente,Centro de Salud Rural El Principal,Pirque,LACTANCIA MATERNA EXCLUSIVA
1581,4,14,114401,A0200001,13,13202,1,,,Servicio de Salud Metropolitano Sur Oriente,Posta de Salud Rural Puntilla,Pirque,MENORES CONTROLADOS
1582,6,14,114401,A0200002,13,13202,,,,Servicio de Salud Metropolitano Sur Oriente,Posta de Salud Rural Puntilla,Pirque,LACTANCIA MATERNA EXCLUSIVA
1583,6,14,114401,A0200001,13,13202,1,,,Servicio de Salud Metropolitano Sur Oriente,Posta de Salud Rural Puntilla,Pirque,MENORES CONTROLADOS
1584,1,14,114401,A0200001,13,13202,,,0,Servicio de Salud Metropolitano Sur Oriente,Posta de Salud Rural Puntilla,Pirque,MENORES CONTROLADOS
1585,10,14,114333,A0200002,13,13202,1,5,1,Servicio de Salud Metropolitano Sur Oriente,Centro de Salud Rural El Principal,Pirque,LACTANCIA MATERNA EXCLUSIVA
1586,10,14,114333,A0200001,13,13202,5,6,3,Servicio de Salud Metropolitano Sur Oriente,Centro de Salud Rural El Principal,Pirque,MENORES CONTROLADOS
1587,10,14,114401,A0200002,13,13202,1,0,0,Servicio de Salud Metropolitano Sur Oriente,Posta de Salud Rural Puntilla,Pirque,LACTANCIA MATERNA EXCLUSIVA
1588,10,14,114401,A0200001,13,13202,1,0,0,Servicio de Salud Metropolitano Sur Oriente,Posta de Salud Rural Puntilla,Pirque,MENORES CONTROLADOS
1589,4,14,114333,A0200001,13,13202,2,4,3,Servicio de Salud Metropolitano Sur Oriente,Centro de Salud Rural El Principal,Pirque,MENORES CONTROLADOS
1590,3,14,114401,A0200001,13,13202,1,0,1,Servicio de Salud Metropolitano Sur Oriente,Posta de Salud Rural Puntilla,Pirque,MENORES CONTROLADOS
1591,4,14,114333,A0200002,13,13202,1,1,1,Servicio de Salud Metropolitano Sur Oriente,Centro de Salud Rural El Principal,Pirque,LACTANCIA MATERNA EXCLUSIVA
1592,2,14,114401,A0200001,13,13202,,,2,Servicio de Salud Metropolitano Sur Oriente,Posta de Salud Rural Puntilla,Pirque,MENORES CONTROLADOS
1593,11,14,114333,A0200002,13,13202,1,2,3,Servicio de Salud Metropolitano Sur Oriente,Centro de Salud Rural El Principal,Pirque,LACTANCIA MATERNA EXCLUSIVA
1594,11,14,114333,A0200001,13,13202,3,3,6,Servicio de Salud Metropolitano Sur Oriente,Centro de Salud Rural El Principal,Pirque,MENORES CONTROLADOS
1595,1,14,114333,A0200001,13,13202,6,5,8,Servicio de Salud Metropolitano Sur Oriente,Centro de Salud Rural El Principal,Pirque,MENORES CONTROLADOS
1596,1,14,114333,A0200002,13,13202,5,4,3,Servicio de Salud Metropolitano Sur Oriente,Centro de Salud Rural El Principal,Pirque,LACTANCIA MATERNA EXCLUSIVA
1597,3,14,114401,A0200002,13,13202,1,0,1,Servicio de Salud Metropolitano Sur Oriente,Posta de Salud Rural Puntilla,Pirque,LACTANCIA MATERNA EXCLUSIVA
1598,11,14,114401,A0200001,13,13202,0,1,1,Servicio de Salud Metropolitano Sur Oriente,Posta de Salud Rural Puntilla,Pirque,MENORES CONTROLADOS
1599,11,14,114401,A0200002,13,13202,0,1,0,Servicio de Salud Metropolitano Sur Oriente,Posta de Salud Rural Puntilla,Pirque,LACTANCIA MATERNA EXCLUSIVA
1600,6,14,114333,A0200001,13,13202,5,4,7,Servicio de Salud Metropolitano Sur Oriente,Centro de Salud Rural El Principal,Pirque,MENORES CONTROLADOS
1601,7,14,114401,A0200001,13,13202,,1,,Servicio de Salud Metropolitano Sur Oriente,Posta de Salud Rural Puntilla,Pirque,MENORES CONTROLADOS
1602,8,14,114401,A0200002,13,13202,1,,,Servicio de Salud Metropolitano Sur Oriente,Posta de Salud Rural Puntilla,Pirque,LACTANCIA MATERNA EXCLUSIVA
1603,5,14,114333,A0200001,13,13202,2,2,7,Servicio de Salud Metropolitano Sur Oriente,Centro de Salud Rural El Principal,Pirque,MENORES CONTROLADOS
1604,6,14,114333,A0200002,13,13202,2,3,6,Servicio de Salud Metropolitano Sur Oriente,Centro de Salud Rural El Principal,Pirque,LACTANCIA MATERNA EXCLUSIVA
1605,2,14,114333,A0200001,13,13202,3,4,3,Servicio de Salud Metropolitano Sur Oriente,Centro de Salud Rural El Principal,Pirque,MENORES CONTROLADOS
1606,8,14,114333,A0200001,13,13202,4,6,5,Servicio de Salud Metropolitano Sur Oriente,Centro de Salud Rural El Principal,Pirque,MENORES CONTROLADOS
1607,8,14,114401,A0200001,13,13202,1,1,,Servicio de Salud Metropolitano Sur Oriente,Posta de Salud Rural Puntilla,Pirque,MENORES CONTROLADOS
1608,7,14,114333,A0200002,13,13202,1,2,3,Servicio de Salud Metropolitano Sur Oriente,Centro de Salud Rural El Principal,Pirque,LACTANCIA MATERNA EXCLUSIVA
1609,7,14,114333,A0200001,13,13202,1,2,4,Servicio de Salud Metropolitano Sur Oriente,Centro de Salud Rural El Principal,Pirque,MENORES CONTROLADOS
1610,3,14,114333,A0200001,13,13202,5,4,3,Servicio de Salud Metropolitano Sur Oriente,Centro de Salud Rural El Principal,Pirque,MENORES CONTROLADOS
1611,3,14,114333,A0200002,13,13202,3,4,0,Servicio de Salud Metropolitano Sur Oriente,Centro de Salud Rural El Principal,Pirque,LACTANCIA MATERNA EXCLUSIVA
1612,2,14,114333,A0200002,13,13202,2,0,1,Servicio de Salud Metropolitano Sur Oriente,Centro de Salud Rural El Principal,Pirque,LACTANCIA MATERNA EXCLUSIVA
1613,8,14,114406,A0200002,13,13202,1,0,0,Servicio de Salud Metropolitano Sur Oriente,Posta de Salud Rural San Vicente,Pirque,LACTANCIA MATERNA EXCLUSIVA
1614,8,14,114406,A0200001,13,13202,1,,,Servicio de Salud Metropolitano Sur Oriente,Posta de Salud Rural San Vicente,Pirque,MENORES CONTROLADOS
1615,7,14,114406,A0200001,13,13202,0,1,0,Servicio de Salud Metropolitano Sur Oriente,Posta de Salud Rural San Vicente,Pirque,MENORES CONTROLADOS
1616,7,14,114406,A0200002,13,13202,0,0,0,Servicio de Salud Metropolitano Sur Oriente,Posta de Salud Rural San Vicente,Pirque,LACTANCIA MATERNA EXCLUSIVA
1617,4,14,114406,A0200002,13,13202,,,1,Servicio de Salud Metropolitano Sur Oriente,Posta de Salud Rural San Vicente,Pirque,LACTANCIA MATERNA EXCLUSIVA
1618,4,14,114406,A0200001,13,13202,,,1,Servicio de Salud Metropolitano Sur Oriente,Posta de Salud Rural San Vicente,Pirque,MENORES CONTROLADOS
1619,5,14,114406,A0200002,13,13202,1,0,0,Servicio de Salud Metropolitano Sur Oriente,Posta de Salud Rural San Vicente,Pirque,LACTANCIA MATERNA EXCLUSIVA
1620,5,14,114406,A0200001,13,13202,2,0,0,Servicio de Salud Metropolitano Sur Oriente,Posta de Salud Rural San Vicente,Pirque,MENORES CONTROLADOS
1621,5,14,114310,A0200001,13,13202,7,3,8,Servicio de Salud Metropolitano Sur Oriente,Centro de Salud Familiar Dr. José Manuel Balmaceda,Pirque,MENORES CONTROLADOS
1622,2,14,114310,A0200001,13,13202,3,4,3,Servicio de Salud Metropolitano Sur Oriente,Centro de Salud Familiar Dr. José Manuel Balmaceda,Pirque,MENORES CONTROLADOS
1623,2,14,114310,A0200002,13,13202,2,0,1,Servicio de Salud Metropolitano Sur Oriente,Centro de Salud Familiar Dr. José Manuel Balmaceda,Pirque,LACTANCIA MATERNA EXCLUSIVA
1624,10,14,114310,A0200002,13,13202,3,3,4,Servicio de Salud Metropolitano Sur Oriente,Centro de Salud Familiar Dr. José Manuel Balmaceda,Pirque,LACTANCIA MATERNA EXCLUSIVA
1625,4,14,114310,A0200002,13,13202,1,3,0,Servicio de Salud Metropolitano Sur Oriente,Centro de Salud Familiar Dr. José Manuel Balmaceda,Pirque,LACTANCIA MATERNA EXCLUSIVA
1626,10,14,114310,A0200001,13,13202,5,3,5,Servicio de Salud Metropolitano Sur Oriente,Centro de Salud Familiar Dr. José Manuel Balmaceda,Pirque,MENORES CONTROLADOS
1627,6,14,114310,A0200001,13,13202,4,4,3,Servicio de Salud Metropolitano Sur Oriente,Centro de Salud Familiar Dr. José Manuel Balmaceda,Pirque,MENORES CONTROLADOS
1628,5,14,114310,A0200002,13,13202,5,1,2,Servicio de Salud Metropolitano Sur Oriente,Centro de Salud Familiar Dr. José Manuel Balmaceda,Pirque,LACTANCIA MATERNA EXCLUSIVA
1629,3,14,114310,A0200002,13,13202,0,2,1,Servicio de Salud Metropolitano Sur Oriente,Centro de Salud Familiar Dr. José Manuel Balmaceda,Pirque,LACTANCIA MATERNA EXCLUSIVA
1630,11,14,114310,A0200002,13,13202,3,1,3,Servicio de Salud Metropolitano Sur Oriente,Centro de Salud Familiar Dr. José Manuel Balmaceda,Pirque,LACTANCIA MATERNA EXCLUSIVA
1631,11,14,114310,A0200001,13,13202,4,5,4,Servicio de Salud Metropolitano Sur Oriente,Centro de Salud Familiar Dr. José Manuel Balmaceda,Pirque,MENORES CONTROLADOS
1632,1,14,114310,A0200002,13,13202,2,4,4,Servicio de Salud Metropolitano Sur Oriente,Centro de Salud Familiar Dr. José Manuel Balmaceda,Pirque,LACTANCIA MATERNA EXCLUSIVA
1633,1,14,114310,A0200001,13,13202,3,6,7,Servicio de Salud Metropolitano Sur Oriente,Centro de Salud Familiar Dr. José Manuel Balmaceda,Pirque,MENORES CONTROLADOS
1634,7,14,114310,A0200001,13,13202,7,3,9,Servicio de Salud Metropolitano Sur Oriente,Centro de Salud Familiar Dr. José Manuel Balmaceda,Pirque,MENORES CONTROLADOS
1635,7,14,114310,A0200002,13,13202,4,0,6,Servicio de Salud Metropolitano Sur Oriente,Centro de Salud Familiar Dr. José Manuel Balmaceda,Pirque,LACTANCIA MATERNA EXCLUSIVA
1636,3,14,114310,A0200001,13,13202,1,4,5,Servicio de Salud Metropolitano Sur Oriente,Centro de Salud Familiar Dr. José Manuel Balmaceda,Pirque,MENORES CONTROLADOS
1637,9,14,114310,A0200002,13,13202,4,2,3,Servicio de Salud Metropolitano Sur Oriente,Centro de Salud Familiar Dr. José Manuel Balmaceda,Pirque,LACTANCIA MATERNA EXCLUSIVA
1638,9,14,114310,A0200001,13,13202,4,3,3,Servicio de Salud Metropolitano Sur Oriente,Centro de Salud Familiar Dr. José Manuel Balmaceda,Pirque,MENORES CONTROLADOS
1639,8,14,114310,A0200002,13,13202,1,2,1,Servicio de Salud Metropolitano Sur Oriente,Centro de Salud Familiar Dr. José Manuel Balmaceda,Pirque,LACTANCIA MATERNA EXCLUSIVA
1640,4,14,114310,A0200001,13,13202,1,5,2,Servicio de Salud Metropolitano Sur Oriente,Centro de Salud Familiar Dr. José Manuel Balmaceda,Pirque,MENORES CONTROLADOS
1641,8,14,114310,A0200001,13,13202,1,5,3,Servicio de Salud Metropolitano Sur Oriente,Centro de Salud Familiar Dr. José Manuel Balmaceda,Pirque,MENORES CONTROLADOS
1642,12,14,114310,A0200002,13,13202,1,2,5,Servicio de Salud Metropolitano Sur Oriente,Centro de Salud Familiar Dr. José Manuel Balmaceda,Pirque,LACTANCIA MATERNA EXCLUSIVA
1643,12,14,114310,A0200001,13,13202,5,2,6,Servicio de Salud Metropolitano Sur Oriente,Centro de Salud Familiar Dr. José Manuel Balmaceda,Pirque,MENORES CONTROLADOS
1644,6,14,114310,A0200002,13,13202,2,1,2,Servicio de Salud Metropolitano Sur Oriente,Centro de Salud Familiar Dr. José Manuel Balmaceda,Pirque,LACTANCIA MATERNA EXCLUSIVA
1645,4,14,114407,A0200002,13,13203,,,1,Servicio de Salud Metropolitano Sur Oriente,Posta de Salud Rural Las Vertientes,San José de Maipo,LACTANCIA MATERNA EXCLUSIVA
1646,4,14,114407,A0200001,13,13203,,,1,Servicio de Salud Metropolitano Sur Oriente,Posta de Salud Rural Las Vertientes,San José de Maipo,MENORES CONTROLADOS
1647,11,14,114407,A0200002,13,13203,,4,2,Servicio de Salud Metropolitano Sur Oriente,Posta de Salud Rural Las Vertientes,San José de Maipo,LACTANCIA MATERNA EXCLUSIVA
1648,11,14,114407,A0200001,13,13203,,5,4,Servicio de Salud Metropolitano Sur Oriente,Posta de Salud Rural Las Vertientes,San José de Maipo,MENORES CONTROLADOS
1649,12,14,114407,A0200002,13,13203,,,1,Servicio de Salud Metropolitano Sur Oriente,Posta de Salud Rural Las Vertientes,San José de Maipo,LACTANCIA MATERNA EXCLUSIVA
1650,12,14,114407,A0200001,13,13203,,,1,Servicio de Salud Metropolitano Sur Oriente,Posta de Salud Rural Las Vertientes,San José de Maipo,MENORES CONTROLADOS
1651,3,14,114407,A0200002,13,13203,,,1,Servicio de Salud Metropolitano Sur Oriente,Posta de Salud Rural Las Vertientes,San José de Maipo,LACTANCIA MATERNA EXCLUSIVA
1652,3,14,114407,A0200001,13,13203,,,,Servicio de Salud Metropolitano Sur Oriente,Posta de Salud Rural Las Vertientes,San José de Maipo,MENORES CONTROLADOS
1653,5,14,114407,A0200001,13,13203,,,1,Servicio de Salud Metropolitano Sur Oriente,Posta de Salud Rural Las Vertientes,San José de Maipo,MENORES CONTROLADOS
1654,10,14,114407,A0200001,13,13203,,,2,Servicio de Salud Metropolitano Sur Oriente,Posta de Salud Rural Las Vertientes,San José de Maipo,MENORES CONTROLADOS
1655,10,14,114407,A0200002,13,13203,,,,Servicio de Salud Metropolitano Sur Oriente,Posta de Salud Rural Las Vertientes,San José de Maipo,LACTANCIA MATERNA EXCLUSIVA
1656,1,14,114407,A0200002,13,13203,1,,3,Servicio de Salud Metropolitano Sur Oriente,Posta de Salud Rural Las Vertientes,San José de Maipo,LACTANCIA MATERNA EXCLUSIVA
1657,1,14,114407,A0200001,13,13203,1,1,3,Servicio de Salud Metropolitano Sur Oriente,Posta de Salud Rural Las Vertientes,San José de Maipo,MENORES CONTROLADOS
1658,2,14,114407,A0200001,13,13203,2,1,1,Servicio de Salud Metropolitano Sur Oriente,Posta de Salud Rural Las Vertientes,San José de Maipo,MENORES CONTROLADOS
1659,2,14,114407,A0200002,13,13203,2,1,1,Servicio de Salud Metropolitano Sur Oriente,Posta de Salud Rural Las Vertientes,San José de Maipo,LACTANCIA MATERNA EXCLUSIVA
1660,6,14,114407,A0200001,13,13203,,,1,Servicio de Salud Metropolitano Sur Oriente,Posta de Salud Rural Las Vertientes,San José de Maipo,MENORES CONTROLADOS
1661,7,14,114407,A0200001,13,13203,,2,1,Servicio de Salud Metropolitano Sur Oriente,Posta de Salud Rural Las Vertientes,San José de Maipo,MENORES CONTROLADOS
1662,7,14,114407,A0200002,13,13203,,2,,Servicio de Salud Metropolitano Sur Oriente,Posta de Salud Rural Las Vertientes,San José de Maipo,LACTANCIA MATERNA EXCLUSIVA
1663,9,14,114407,A0200002,13,13203,3,,,Servicio de Salud Metropolitano Sur Oriente,Posta de Salud Rural Las Vertientes,San José de Maipo,LACTANCIA MATERNA EXCLUSIVA
1664,9,14,114407,A0200001,13,13203,3,,2,Servicio de Salud Metropolitano Sur Oriente,Posta de Salud Rural Las Vertientes,San José de Maipo,MENORES CONTROLADOS
1665,8,14,114407,A0200002,13,13203,,,,Servicio de Salud Metropolitano Sur Oriente,Posta de Salud Rural Las Vertientes,San José de Maipo,LACTANCIA MATERNA EXCLUSIVA
1666,8,14,114407,A0200001,13,13203,,,,Servicio de Salud Metropolitano Sur Oriente,Posta de Salud Rural Las Vertientes,San José de Maipo,MENORES CONTROLADOS
1667,6,14,114407,A0200002,13,13203,,,1,Servicio de Salud Metropolitano Sur Oriente,Posta de Salud Rural Las Vertientes,San José de Maipo,LACTANCIA MATERNA EXCLUSIVA
1668,5,14,114407,A0200002,13,13203,,,2,Servicio de Salud Metropolitano Sur Oriente,Posta de Salud Rural Las Vertientes,San José de Maipo,LACTANCIA MATERNA EXCLUSIVA
1669,7,14,114102,A0200001,13,13203,4,9,6,Servicio de Salud Metropolitano Sur Oriente,Hospital San José de Maipo,San José de Maipo,MENORES CONTROLADOS
1670,10,14,114102,A0200001,13,13203,4,2,8,Servicio de Salud Metropolitano Sur Oriente,Hospital San José de Maipo,San José de Maipo,MENORES CONTROLADOS
1671,10,14,114102,A0200002,13,13203,3,2,7,Servicio de Salud Metropolitano Sur Oriente,Hospital San José de Maipo,San José de Maipo,LACTANCIA MATERNA EXCLUSIVA
1672,8,14,114102,A0200002,13,13203,4,3,,Servicio de Salud Metropolitano Sur Oriente,Hospital San José de Maipo,San José de Maipo,LACTANCIA MATERNA EXCLUSIVA
1673,3,14,114102,A0200001,13,13203,,4,,Servicio de Salud Metropolitano Sur Oriente,Hospital San José de Maipo,San José de Maipo,MENORES CONTROLADOS
1674,3,14,114102,A0200002,13,13203,,2,,Servicio de Salud Metropolitano Sur Oriente,Hospital San José de Maipo,San José de Maipo,LACTANCIA MATERNA EXCLUSIVA
1675,5,14,114102,A0200002,13,13203,3,,8,Servicio de Salud Metropolitano Sur Oriente,Hospital San José de Maipo,San José de Maipo,LACTANCIA MATERNA EXCLUSIVA
1676,1,14,114102,A0200002,13,13203,4,6,3,Servicio de Salud Metropolitano Sur Oriente,Hospital San José de Maipo,San José de Maipo,LACTANCIA MATERNA EXCLUSIVA
1677,1,14,114102,A0200001,13,13203,5,8,5,Servicio de Salud Metropolitano Sur Oriente,Hospital San José de Maipo,San José de Maipo,MENORES CONTROLADOS
1678,4,14,114102,A0200002,13,13203,4,1,4,Servicio de Salud Metropolitano Sur Oriente,Hospital San José de Maipo,San José de Maipo,LACTANCIA MATERNA EXCLUSIVA
1679,12,14,114102,A0200002,13,13203,2,1,2,Servicio de Salud Metropolitano Sur Oriente,Hospital San José de Maipo,San José de Maipo,LACTANCIA MATERNA EXCLUSIVA
1680,12,14,114102,A0200001,13,13203,3,5,4,Servicio de Salud Metropolitano Sur Oriente,Hospital San José de Maipo,San José de Maipo,MENORES CONTROLADOS
1681,11,14,114102,A0200002,13,13203,,4,2,Servicio de Salud Metropolitano Sur Oriente,Hospital San José de Maipo,San José de Maipo,LACTANCIA MATERNA EXCLUSIVA
1682,6,14,114102,A0200002,13,13203,2,4,4,Servicio de Salud Metropolitano Sur Oriente,Hospital San José de Maipo,San José de Maipo,LACTANCIA MATERNA EXCLUSIVA
1683,7,14,114102,A0200002,13,13203,3,6,1,Servicio de Salud Metropolitano Sur Oriente,Hospital San José de Maipo,San José de Maipo,LACTANCIA MATERNA EXCLUSIVA
1684,6,14,114102,A0200001,13,13203,4,4,5,Servicio de Salud Metropolitano Sur Oriente,Hospital San José de Maipo,San José de Maipo,MENORES CONTROLADOS
1685,5,14,114102,A0200001,13,13203,3,,10,Servicio de Salud Metropolitano Sur Oriente,Hospital San José de Maipo,San José de Maipo,MENORES CONTROLADOS
1686,8,14,114102,A0200001,13,13203,4,6,,Servicio de Salud Metropolitano Sur Oriente,Hospital San José de Maipo,San José de Maipo,MENORES CONTROLADOS
1687,11,14,114102,A0200001,13,13203,,7,5,Servicio de Salud Metropolitano Sur Oriente,Hospital San José de Maipo,San José de Maipo,MENORES CONTROLADOS
1688,4,14,114102,A0200001,13,13203,,,7,Servicio de Salud Metropolitano Sur Oriente,Hospital San José de Maipo,San José de Maipo,MENORES CONTROLADOS
1689,9,14,114102,A0200002,13,13203,2,3,4,Servicio de Salud Metropolitano Sur Oriente,Hospital San José de Maipo,San José de Maipo,LACTANCIA MATERNA EXCLUSIVA
1690,9,14,114102,A0200001,13,13203,2,4,3,Servicio de Salud Metropolitano Sur Oriente,Hospital San José de Maipo,San José de Maipo,MENORES CONTROLADOS
1691,2,14,114102,A0200002,13,13203,1,2,3,Servicio de Salud Metropolitano Sur Oriente,Hospital San José de Maipo,San José de Maipo,LACTANCIA MATERNA EXCLUSIVA
1692,2,14,114102,A0200001,13,13203,1,,3,Servicio de Salud Metropolitano Sur Oriente,Hospital San José de Maipo,San José de Maipo,MENORES CONTROLADOS
1693,11,14,114410,A0200001,13,13203,,,,Servicio de Salud Metropolitano Sur Oriente,Posta de Salud Rural San Gabriel,San José de Maipo,MENORES CONTROLADOS
1694,11,14,114410,A0200002,13,13203,,,,Servicio de Salud Metropolitano Sur Oriente,Posta de Salud Rural San Gabriel,San José de Maipo,LACTANCIA MATERNA EXCLUSIVA
1695,9,14,114410,A0200001,13,13203,,1,,Servicio de Salud Metropolitano Sur Oriente,Posta de Salud Rural San Gabriel,San José de Maipo,MENORES CONTROLADOS
1696,12,14,114410,A0200002,13,13203,,,1,Servicio de Salud Metropolitano Sur Oriente,Posta de Salud Rural San Gabriel,San José de Maipo,LACTANCIA MATERNA EXCLUSIVA
1697,12,14,114410,A0200001,13,13203,,,1,Servicio de Salud Metropolitano Sur Oriente,Posta de Salud Rural San Gabriel,San José de Maipo,MENORES CONTROLADOS
1698,8,14,114410,A0200002,13,13203,,1,,Servicio de Salud Metropolitano Sur Oriente,Posta de Salud Rural San Gabriel,San José de Maipo,LACTANCIA MATERNA EXCLUSIVA
1699,5,13,200962,A0200001,13,13105,2,2,2,Servicio de Salud Metropolitano Sur,Centro Comunitario de Salud Familiar Los Sauces,El Bosque,MENORES CONTROLADOS
1700,5,13,200962,A0200002,13,13105,0,1,0,Servicio de Salud Metropolitano Sur,Centro Comunitario de Salud Familiar Los Sauces,El Bosque,LACTANCIA MATERNA EXCLUSIVA
1701,12,13,113717,A0200002,13,13105,0,2,0,Servicio de Salud Metropolitano Sur,Centro Comunitario de Salud Familiar Santa Laura,El Bosque,LACTANCIA MATERNA EXCLUSIVA
1702,12,13,113717,A0200001,13,13105,2,3,0,Servicio de Salud Metropolitano Sur,Centro Comunitario de Salud Familiar Santa Laura,El Bosque,MENORES CONTROLADOS
1703,9,13,200962,A0200002,13,13105,0,2,0,Servicio de Salud Metropolitano Sur,Centro Comunitario de Salud Familiar Los Sauces,El Bosque,LACTANCIA MATERNA EXCLUSIVA
1704,9,13,200962,A0200001,13,13105,1,2,0,Servicio de Salud Metropolitano Sur,Centro Comunitario de Salud Familiar Los Sauces,El Bosque,MENORES CONTROLADOS
1705,10,13,113717,A0200002,13,13105,2,0,0,Servicio de Salud Metropolitano Sur,Centro Comunitario de Salud Familiar Santa Laura,El Bosque,LACTANCIA MATERNA EXCLUSIVA
1706,10,13,113717,A0200001,13,13105,3,0,1,Servicio de Salud Metropolitano Sur,Centro Comunitario de Salud Familiar Santa Laura,El Bosque,MENORES CONTROLADOS
1707,2,13,200962,A0200002,13,13105,0,0,2,Servicio de Salud Metropolitano Sur,Centro Comunitario de Salud Familiar Los Sauces,El Bosque,LACTANCIA MATERNA EXCLUSIVA
1708,2,13,200962,A0200001,13,13105,1,0,2,Servicio de Salud Metropolitano Sur,Centro Comunitario de Salud Familiar Los Sauces,El Bosque,MENORES CONTROLADOS
1709,8,12,112320,A0200002,13,13113,5,9,7,Servicio de Salud Metropolitano Oriente,Centro de Salud Familiar Juan Pablo II ( La Reina),La Reina,LACTANCIA MATERNA EXCLUSIVA
1710,8,12,112320,A0200001,13,13113,8,11,11,Servicio de Salud Metropolitano Oriente,Centro de Salud Familiar Juan Pablo II ( La Reina),La Reina,MENORES CONTROLADOS
1711,6,11,111370,A0200002,13,13101,22,18,25,Servicio de Salud Metropolitano Central,Centro de Salud Familiar Padre Orellana,Santiago,LACTANCIA MATERNA EXCLUSIVA
1712,6,11,111370,A0200001,13,13101,36,33,34,Servicio de Salud Metropolitano Central,Centro de Salud Familiar Padre Orellana,Santiago,MENORES CONTROLADOS
1713,12,13,200962,A0200002,13,13105,1,1,2,Servicio de Salud Metropolitano Sur,Centro Comunitario de Salud Familiar Los Sauces,El Bosque,LACTANCIA MATERNA EXCLUSIVA
1714,10,11,111370,A0200002,13,13101,27,16,20,Servicio de Salud Metropolitano Central,Centro de Salud Familiar Padre Orellana,Santiago,LACTANCIA MATERNA EXCLUSIVA
1715,3,9,109302,A0200002,13,13104,8,3,9,Servicio de Salud Metropolitano Norte,Centro de Salud Familiar Lucas Sierra,Conchalí,LACTANCIA MATERNA EXCLUSIVA
1716,3,9,109302,A0200001,13,13104,14,7,12,Servicio de Salud Metropolitano Norte,Centro de Salud Familiar Lucas Sierra,Conchalí,MENORES CONTROLADOS
1717,2,11,111370,A0200002,13,13101,11,17,20,Servicio de Salud Metropolitano Central,Centro de Salud Familiar Padre Orellana,Santiago,LACTANCIA MATERNA EXCLUSIVA
1718,12,13,200962,A0200001,13,13105,1,1,4,Servicio de Salud Metropolitano Sur,Centro Comunitario de Salud Familiar Los Sauces,El Bosque,MENORES CONTROLADOS
1719,6,11,111376,A0200001,13,13101,7,27,39,Servicio de Salud Metropolitano Central,Centro de Salud Familiar Matta Sur,Santiago,MENORES CONTROLADOS
1720,9,9,109709,A0200001,13,13104,5,10,6,Servicio de Salud Metropolitano Norte,Centro Comunitario de Salud Familiar Dr. José Symón Ojeda,Conchalí,MENORES CONTROLADOS
1721,11,12,112320,A0200002,13,13113,5,2,6,Servicio de Salud Metropolitano Oriente,Centro de Salud Familiar Juan Pablo II ( La Reina),La Reina,LACTANCIA MATERNA EXCLUSIVA
1722,11,12,112320,A0200001,13,13113,7,5,8,Servicio de Salud Metropolitano Oriente,Centro de Salud Familiar Juan Pablo II ( La Reina),La Reina,MENORES CONTROLADOS
1723,3,12,112320,A0200001,13,13113,11,8,4,Servicio de Salud Metropolitano Oriente,Centro de Salud Familiar Juan Pablo II ( La Reina),La Reina,MENORES CONTROLADOS
1724,1,12,112320,A0200002,13,13113,5,8,4,Servicio de Salud Metropolitano Oriente,Centro de Salud Familiar Juan Pablo II ( La Reina),La Reina,LACTANCIA MATERNA EXCLUSIVA
1725,1,12,112320,A0200001,13,13113,7,10,8,Servicio de Salud Metropolitano Oriente,Centro de Salud Familiar Juan Pablo II ( La Reina),La Reina,MENORES CONTROLADOS
1726,6,11,111376,A0200002,13,13101,6,20,24,Servicio de Salud Metropolitano Central,Centro de Salud Familiar Matta Sur,Santiago,LACTANCIA MATERNA EXCLUSIVA
1727,9,9,109709,A0200002,13,13104,2,7,4,Servicio de Salud Metropolitano Norte,Centro Comunitario de Salud Familiar Dr. José Symón Ojeda,Conchalí,LACTANCIA MATERNA EXCLUSIVA
1728,5,9,109308,A0200002,13,13104,7,4,4,Servicio de Salud Metropolitano Norte,Centro de Salud Familiar Alberto Bachelet Martínez,Conchalí,LACTANCIA MATERNA EXCLUSIVA
1729,4,14,114316,A0200002,13,13110,8,4,9,Servicio de Salud Metropolitano Sur Oriente,Centro de Salud Familiar Dr. Fernando Maffioletti,La Florida,LACTANCIA MATERNA EXCLUSIVA
1730,6,14,114331,A0200001,13,13110,20,26,14,Servicio de Salud Metropolitano Sur Oriente,Centro de Salud Familiar La Florida,La Florida,MENORES CONTROLADOS
1731,9,11,111376,A0200002,13,13101,18,16,15,Servicio de Salud Metropolitano Central,Centro de Salud Familiar Matta Sur,Santiago,LACTANCIA MATERNA EXCLUSIVA
1732,9,11,111376,A0200001,13,13101,25,29,36,Servicio de Salud Metropolitano Central,Centro de Salud Familiar Matta Sur,Santiago,MENORES CONTROLADOS
1733,5,11,111376,A0200002,13,13101,17,18,15,Servicio de Salud Metropolitano Central,Centro de Salud Familiar Matta Sur,Santiago,LACTANCIA MATERNA EXCLUSIVA
1734,4,12,112320,A0200002,13,13113,5,2,6,Servicio de Salud Metropolitano Oriente,Centro de Salud Familiar Juan Pablo II ( La Reina),La Reina,LACTANCIA MATERNA EXCLUSIVA
1735,4,12,112320,A0200001,13,13113,10,7,12,Servicio de Salud Metropolitano Oriente,Centro de Salud Familiar Juan Pablo II ( La Reina),La Reina,MENORES CONTROLADOS
1736,7,11,111370,A0200002,13,13101,27,19,12,Servicio de Salud Metropolitano Central,Centro de Salud Familiar Padre Orellana,Santiago,LACTANCIA MATERNA EXCLUSIVA
1737,7,11,111370,A0200001,13,13101,39,29,36,Servicio de Salud Metropolitano Central,Centro de Salud Familiar Padre Orellana,Santiago,MENORES CONTROLADOS
1738,12,12,112320,A0200002,13,13113,4,5,3,Servicio de Salud Metropolitano Oriente,Centro de Salud Familiar Juan Pablo II ( La Reina),La Reina,LACTANCIA MATERNA EXCLUSIVA
1739,12,12,112320,A0200001,13,13113,6,9,7,Servicio de Salud Metropolitano Oriente,Centro de Salud Familiar Juan Pablo II ( La Reina),La Reina,MENORES CONTROLADOS
1740,2,11,111300,A0200002,13,13101,23,17,11,Servicio de Salud Metropolitano Central,Centro de Salud Familiar N° 1 Dr. Ramón Corbalán Melgarejo,Santiago,LACTANCIA MATERNA EXCLUSIVA
1741,2,11,111300,A0200001,13,13101,34,25,29,Servicio de Salud Metropolitano Central,Centro de Salud Familiar N° 1 Dr. Ramón Corbalán Melgarejo,Santiago,MENORES CONTROLADOS
1742,3,14,114316,A0200001,13,13110,5,5,14,Servicio de Salud Metropolitano Sur Oriente,Centro de Salud Familiar Dr. Fernando Maffioletti,La Florida,MENORES CONTROLADOS
1743,7,12,112320,A0200002,13,13113,5,8,2,Servicio de Salud Metropolitano Oriente,Centro de Salud Familiar Juan Pablo II ( La Reina),La Reina,LACTANCIA MATERNA EXCLUSIVA
1744,7,12,112320,A0200001,13,13113,7,10,3,Servicio de Salud Metropolitano Oriente,Centro de Salud Familiar Juan Pablo II ( La Reina),La Reina,MENORES CONTROLADOS
1745,7,10,110331,A0200001,13,13103,12,8,20,Servicio de Salud Metropolitano Occidente,Centro de Salud Familiar Lo Amor,Cerro Navia,MENORES CONTROLADOS
1746,7,10,110331,A0200002,13,13103,8,5,14,Servicio de Salud Metropolitano Occidente,Centro de Salud Familiar Lo Amor,Cerro Navia,LACTANCIA MATERNA EXCLUSIVA
1747,5,11,111300,A0200002,13,13101,28,26,22,Servicio de Salud Metropolitano Central,Centro de Salud Familiar N° 1 Dr. Ramón Corbalán Melgarejo,Santiago,LACTANCIA MATERNA EXCLUSIVA
1748,5,11,111300,A0200001,13,13101,46,37,31,Servicio de Salud Metropolitano Central,Centro de Salud Familiar N° 1 Dr. Ramón Corbalán Melgarejo,Santiago,MENORES CONTROLADOS
1749,7,11,111300,A0200001,13,13101,37,37,41,Servicio de Salud Metropolitano Central,Centro de Salud Familiar N° 1 Dr. Ramón Corbalán Melgarejo,Santiago,MENORES CONTROLADOS
1750,7,11,111300,A0200002,13,13101,22,18,23,Servicio de Salud Metropolitano Central,Centro de Salud Familiar N° 1 Dr. Ramón Corbalán Melgarejo,Santiago,LACTANCIA MATERNA EXCLUSIVA
1751,11,12,112717,A0200001,13,13113,0,0,3,Servicio de Salud Metropolitano Oriente,Centro Comunitario de Salud Familiar Dragones de La Reina,La Reina,MENORES CONTROLADOS
1752,7,9,109709,A0200002,13,13104,7,2,0,Servicio de Salud Metropolitano Norte,Centro Comunitario de Salud Familiar Dr. José Symón Ojeda,Conchalí,LACTANCIA MATERNA EXCLUSIVA
1753,11,12,112717,A0200002,13,13113,0,0,2,Servicio de Salud Metropolitano Oriente,Centro Comunitario de Salud Familiar Dragones de La Reina,La Reina,LACTANCIA MATERNA EXCLUSIVA
1754,12,11,111300,A0200002,13,13101,27,22,16,Servicio de Salud Metropolitano Central,Centro de Salud Familiar N° 1 Dr. Ramón Corbalán Melgarejo,Santiago,LACTANCIA MATERNA EXCLUSIVA
1755,12,11,111300,A0200001,13,13101,41,32,32,Servicio de Salud Metropolitano Central,Centro de Salud Familiar N° 1 Dr. Ramón Corbalán Melgarejo,Santiago,MENORES CONTROLADOS
1756,12,12,112717,A0200002,13,13113,,2,1,Servicio de Salud Metropolitano Oriente,Centro Comunitario de Salud Familiar Dragones de La Reina,La Reina,LACTANCIA MATERNA EXCLUSIVA
1757,12,12,112717,A0200001,13,13113,,3,1,Servicio de Salud Metropolitano Oriente,Centro Comunitario de Salud Familiar Dragones de La Reina,La Reina,MENORES CONTROLADOS
1758,5,12,112717,A0200002,13,13113,2,1,0,Servicio de Salud Metropolitano Oriente,Centro Comunitario de Salud Familiar Dragones de La Reina,La Reina,LACTANCIA MATERNA EXCLUSIVA
1759,5,12,112717,A0200001,13,13113,3,1,0,Servicio de Salud Metropolitano Oriente,Centro Comunitario de Salud Familiar Dragones de La Reina,La Reina,MENORES CONTROLADOS
1760,3,14,200475,A0200001,13,13110,1,0,1,Servicio de Salud Metropolitano Sur Oriente,Centro Comunitario de Salud Familiar Las Lomas,La Florida,MENORES CONTROLADOS
1761,10,14,200475,A0200002,13,13110,3,2,1,Servicio de Salud Metropolitano Sur Oriente,Centro Comunitario de Salud Familiar Las Lomas,La Florida,LACTANCIA MATERNA EXCLUSIVA
1762,4,11,111300,A0200002,13,13101,15,20,15,Servicio de Salud Metropolitano Central,Centro de Salud Familiar N° 1 Dr. Ramón Corbalán Melgarejo,Santiago,LACTANCIA MATERNA EXCLUSIVA
1763,4,11,111300,A0200001,13,13101,24,35,28,Servicio de Salud Metropolitano Central,Centro de Salud Familiar N° 1 Dr. Ramón Corbalán Melgarejo,Santiago,MENORES CONTROLADOS
1764,5,10,110331,A0200002,13,13103,8,12,10,Servicio de Salud Metropolitano Occidente,Centro de Salud Familiar Lo Amor,Cerro Navia,LACTANCIA MATERNA EXCLUSIVA
1765,2,12,112717,A0200002,13,13113,,,,Servicio de Salud Metropolitano Oriente,Centro Comunitario de Salud Familiar Dragones de La Reina,La Reina,LACTANCIA MATERNA EXCLUSIVA
1766,2,12,112717,A0200001,13,13113,1,,0,Servicio de Salud Metropolitano Oriente,Centro Comunitario de Salud Familiar Dragones de La Reina,La Reina,MENORES CONTROLADOS
1767,3,9,109308,A0200001,13,13104,16,12,9,Servicio de Salud Metropolitano Norte,Centro de Salud Familiar Alberto Bachelet Martínez,Conchalí,MENORES CONTROLADOS
1768,5,9,109709,A0200001,13,13104,5,7,4,Servicio de Salud Metropolitano Norte,Centro Comunitario de Salud Familiar Dr. José Symón Ojeda,Conchalí,MENORES CONTROLADOS
1769,2,11,111376,A0200001,13,13101,31,20,21,Servicio de Salud Metropolitano Central,Centro de Salud Familiar Matta Sur,Santiago,MENORES CONTROLADOS
1770,10,11,111376,A0200001,13,13101,37,23,34,Servicio de Salud Metropolitano Central,Centro de Salud Familiar Matta Sur,Santiago,MENORES CONTROLADOS
1771,12,11,111376,A0200001,13,13101,17,25,29,Servicio de Salud Metropolitano Central,Centro de Salud Familiar Matta Sur,Santiago,MENORES CONTROLADOS
1772,10,11,111376,A0200002,13,13101,20,13,25,Servicio de Salud Metropolitano Central,Centro de Salud Familiar Matta Sur,Santiago,LACTANCIA MATERNA EXCLUSIVA
1773,12,11,111376,A0200002,13,13101,15,15,17,Servicio de Salud Metropolitano Central,Centro de Salud Familiar Matta Sur,Santiago,LACTANCIA MATERNA EXCLUSIVA
1774,1,11,111370,A0200002,13,13101,26,14,23,Servicio de Salud Metropolitano Central,Centro de Salud Familiar Padre Orellana,Santiago,LACTANCIA MATERNA EXCLUSIVA
1775,1,11,111370,A0200001,13,13101,35,24,28,Servicio de Salud Metropolitano Central,Centro de Salud Familiar Padre Orellana,Santiago,MENORES CONTROLADOS
1776,3,11,111376,A0200002,13,13101,20,14,14,Servicio de Salud Metropolitano Central,Centro de Salud Familiar Matta Sur,Santiago,LACTANCIA MATERNA EXCLUSIVA
1777,3,11,111376,A0200001,13,13101,30,34,37,Servicio de Salud Metropolitano Central,Centro de Salud Familiar Matta Sur,Santiago,MENORES CONTROLADOS
1778,5,11,111370,A0200002,13,13101,18,9,9,Servicio de Salud Metropolitano Central,Centro de Salud Familiar Padre Orellana,Santiago,LACTANCIA MATERNA EXCLUSIVA
1779,5,11,111370,A0200001,13,13101,27,25,31,Servicio de Salud Metropolitano Central,Centro de Salud Familiar Padre Orellana,Santiago,MENORES CONTROLADOS
1780,11,11,111376,A0200001,13,13101,31,26,51,Servicio de Salud Metropolitano Central,Centro de Salud Familiar Matta Sur,Santiago,MENORES CONTROLADOS
1781,11,11,111376,A0200002,13,13101,22,18,27,Servicio de Salud Metropolitano Central,Centro de Salud Familiar Matta Sur,Santiago,LACTANCIA MATERNA EXCLUSIVA
1782,2,11,111370,A0200001,13,13101,30,33,31,Servicio de Salud Metropolitano Central,Centro de Salud Familiar Padre Orellana,Santiago,MENORES CONTROLADOS
1783,3,11,111370,A0200002,13,13101,14,23,12,Servicio de Salud Metropolitano Central,Centro de Salud Familiar Padre Orellana,Santiago,LACTANCIA MATERNA EXCLUSIVA
1784,3,11,111370,A0200001,13,13101,28,28,21,Servicio de Salud Metropolitano Central,Centro de Salud Familiar Padre Orellana,Santiago,MENORES CONTROLADOS
1785,5,11,111376,A0200001,13,13101,26,26,26,Servicio de Salud Metropolitano Central,Centro de Salud Familiar Matta Sur,Santiago,MENORES CONTROLADOS
1786,4,11,111376,A0200002,13,13101,17,21,19,Servicio de Salud Metropolitano Central,Centro de Salud Familiar Matta Sur,Santiago,LACTANCIA MATERNA EXCLUSIVA
1787,12,11,111370,A0200002,13,13101,16,14,19,Servicio de Salud Metropolitano Central,Centro de Salud Familiar Padre Orellana,Santiago,LACTANCIA MATERNA EXCLUSIVA
1788,4,11,111376,A0200001,13,13101,29,31,36,Servicio de Salud Metropolitano Central,Centro de Salud Familiar Matta Sur,Santiago,MENORES CONTROLADOS
1789,12,11,111370,A0200001,13,13101,36,28,27,Servicio de Salud Metropolitano Central,Centro de Salud Familiar Padre Orellana,Santiago,MENORES CONTROLADOS
1790,9,11,111300,A0200002,13,13101,29,20,17,Servicio de Salud Metropolitano Central,Centro de Salud Familiar N° 1 Dr. Ramón Corbalán Melgarejo,Santiago,LACTANCIA MATERNA EXCLUSIVA
1791,9,11,111300,A0200001,13,13101,42,29,26,Servicio de Salud Metropolitano Central,Centro de Salud Familiar N° 1 Dr. Ramón Corbalán Melgarejo,Santiago,MENORES CONTROLADOS
1792,6,11,111300,A0200002,13,13101,24,20,19,Servicio de Salud Metropolitano Central,Centro de Salud Familiar N° 1 Dr. Ramón Corbalán Melgarejo,Santiago,LACTANCIA MATERNA EXCLUSIVA
1793,1,11,111300,A0200001,13,13101,34,33,31,Servicio de Salud Metropolitano Central,Centro de Salud Familiar N° 1 Dr. Ramón Corbalán Melgarejo,Santiago,MENORES CONTROLADOS
1794,6,11,111300,A0200001,13,13101,36,32,28,Servicio de Salud Metropolitano Central,Centro de Salud Familiar N° 1 Dr. Ramón Corbalán Melgarejo,Santiago,MENORES CONTROLADOS
1795,3,11,111300,A0200002,13,13101,26,26,21,Servicio de Salud Metropolitano Central,Centro de Salud Familiar N° 1 Dr. Ramón Corbalán Melgarejo,Santiago,LACTANCIA MATERNA EXCLUSIVA
1796,3,11,111300,A0200001,13,13101,40,33,37,Servicio de Salud Metropolitano Central,Centro de Salud Familiar N° 1 Dr. Ramón Corbalán Melgarejo,Santiago,MENORES CONTROLADOS
1797,10,11,111300,A0200002,13,13101,26,14,17,Servicio de Salud Metropolitano Central,Centro de Salud Familiar N° 1 Dr. Ramón Corbalán Melgarejo,Santiago,LACTANCIA MATERNA EXCLUSIVA
1798,10,11,111300,A0200001,13,13101,43,27,34,Servicio de Salud Metropolitano Central,Centro de Salud Familiar N° 1 Dr. Ramón Corbalán Melgarejo,Santiago,MENORES CONTROLADOS
1799,8,11,111300,A0200002,13,13101,17,16,10,Servicio de Salud Metropolitano Central,Centro de Salud Familiar N° 1 Dr. Ramón Corbalán Melgarejo,Santiago,LACTANCIA MATERNA EXCLUSIVA
1800,8,11,111300,A0200001,13,13101,24,31,29,Servicio de Salud Metropolitano Central,Centro de Salud Familiar N° 1 Dr. Ramón Corbalán Melgarejo,Santiago,MENORES CONTROLADOS
1801,1,11,111300,A0200002,13,13101,23,25,18,Servicio de Salud Metropolitano Central,Centro de Salud Familiar N° 1 Dr. Ramón Corbalán Melgarejo,Santiago,LACTANCIA MATERNA EXCLUSIVA
1802,11,11,111300,A0200002,13,13101,15,16,14,Servicio de Salud Metropolitano Central,Centro de Salud Familiar N° 1 Dr. Ramón Corbalán Melgarejo,Santiago,LACTANCIA MATERNA EXCLUSIVA
1803,11,11,111300,A0200001,13,13101,23,28,30,Servicio de Salud Metropolitano Central,Centro de Salud Familiar N° 1 Dr. Ramón Corbalán Melgarejo,Santiago,MENORES CONTROLADOS
1804,9,11,111301,A0200002,13,13101,12,13,9,Servicio de Salud Metropolitano Central,Centro de Salud Familiar Nº 5,Santiago,LACTANCIA MATERNA EXCLUSIVA
1805,9,11,111301,A0200001,13,13101,19,25,11,Servicio de Salud Metropolitano Central,Centro de Salud Familiar Nº 5,Santiago,MENORES CONTROLADOS
1806,2,11,111301,A0200001,13,13101,15,14,15,Servicio de Salud Metropolitano Central,Centro de Salud Familiar Nº 5,Santiago,MENORES CONTROLADOS
1807,10,11,111301,A0200002,13,13101,6,13,12,Servicio de Salud Metropolitano Central,Centro de Salud Familiar Nº 5,Santiago,LACTANCIA MATERNA EXCLUSIVA
1808,10,11,111301,A0200001,13,13101,17,25,19,Servicio de Salud Metropolitano Central,Centro de Salud Familiar Nº 5,Santiago,MENORES CONTROLADOS
1809,11,11,111301,A0200002,13,13101,12,10,9,Servicio de Salud Metropolitano Central,Centro de Salud Familiar Nº 5,Santiago,LACTANCIA MATERNA EXCLUSIVA
1810,11,11,111301,A0200001,13,13101,23,20,14,Servicio de Salud Metropolitano Central,Centro de Salud Familiar Nº 5,Santiago,MENORES CONTROLADOS
1811,5,11,111301,A0200001,13,13101,20,17,16,Servicio de Salud Metropolitano Central,Centro de Salud Familiar Nº 5,Santiago,MENORES CONTROLADOS
1812,5,11,111301,A0200002,13,13101,13,8,10,Servicio de Salud Metropolitano Central,Centro de Salud Familiar Nº 5,Santiago,LACTANCIA MATERNA EXCLUSIVA
1813,3,11,111301,A0200002,13,13101,11,11,11,Servicio de Salud Metropolitano Central,Centro de Salud Familiar Nº 5,Santiago,LACTANCIA MATERNA EXCLUSIVA
1814,3,11,111301,A0200001,13,13101,15,20,18,Servicio de Salud Metropolitano Central,Centro de Salud Familiar Nº 5,Santiago,MENORES CONTROLADOS
1815,1,11,111301,A0200002,13,13101,10,17,11,Servicio de Salud Metropolitano Central,Centro de Salud Familiar Nº 5,Santiago,LACTANCIA MATERNA EXCLUSIVA
1816,1,11,111301,A0200001,13,13101,22,28,19,Servicio de Salud Metropolitano Central,Centro de Salud Familiar Nº 5,Santiago,MENORES CONTROLADOS
1817,7,11,111301,A0200002,13,13101,14,14,8,Servicio de Salud Metropolitano Central,Centro de Salud Familiar Nº 5,Santiago,LACTANCIA MATERNA EXCLUSIVA
1818,7,11,111301,A0200001,13,13101,28,19,17,Servicio de Salud Metropolitano Central,Centro de Salud Familiar Nº 5,Santiago,MENORES CONTROLADOS
1819,8,11,111301,A0200002,13,13101,17,9,8,Servicio de Salud Metropolitano Central,Centro de Salud Familiar Nº 5,Santiago,LACTANCIA MATERNA EXCLUSIVA
1820,8,11,111301,A0200001,13,13101,24,20,17,Servicio de Salud Metropolitano Central,Centro de Salud Familiar Nº 5,Santiago,MENORES CONTROLADOS
1821,4,11,111301,A0200002,13,13101,13,5,14,Servicio de Salud Metropolitano Central,Centro de Salud Familiar Nº 5,Santiago,LACTANCIA MATERNA EXCLUSIVA
1822,12,11,111301,A0200002,13,13101,20,7,13,Servicio de Salud Metropolitano Central,Centro de Salud Familiar Nº 5,Santiago,LACTANCIA MATERNA EXCLUSIVA
1823,12,11,111301,A0200001,13,13101,28,20,24,Servicio de Salud Metropolitano Central,Centro de Salud Familiar Nº 5,Santiago,MENORES CONTROLADOS
1824,2,11,111301,A0200002,13,13101,10,11,6,Servicio de Salud Metropolitano Central,Centro de Salud Familiar Nº 5,Santiago,LACTANCIA MATERNA EXCLUSIVA
1825,11,11,111372,A0200001,13,13101,11,8,19,Servicio de Salud Metropolitano Central,Centro de Salud Familiar Arauco,Santiago,MENORES CONTROLADOS
1826,3,11,111372,A0200002,13,13101,8,4,5,Servicio de Salud Metropolitano Central,Centro de Salud Familiar Arauco,Santiago,LACTANCIA MATERNA EXCLUSIVA
1827,3,11,111381,A0200002,13,13101,28,25,22,Servicio de Salud Metropolitano Central,Centro de Salud Familiar Ignacio Domeyko,Santiago,LACTANCIA MATERNA EXCLUSIVA
1828,3,11,111381,A0200001,13,13101,44,42,36,Servicio de Salud Metropolitano Central,Centro de Salud Familiar Ignacio Domeyko,Santiago,MENORES CONTROLADOS
1829,8,11,111372,A0200002,13,13101,5,11,9,Servicio de Salud Metropolitano Central,Centro de Salud Familiar Arauco,Santiago,LACTANCIA MATERNA EXCLUSIVA
1830,8,11,111372,A0200001,13,13101,9,17,12,Servicio de Salud Metropolitano Central,Centro de Salud Familiar Arauco,Santiago,MENORES CONTROLADOS
1831,9,11,111372,A0200002,13,13101,6,8,9,Servicio de Salud Metropolitano Central,Centro de Salud Familiar Arauco,Santiago,LACTANCIA MATERNA EXCLUSIVA
1832,9,11,111372,A0200001,13,13101,7,16,12,Servicio de Salud Metropolitano Central,Centro de Salud Familiar Arauco,Santiago,MENORES CONTROLADOS
1833,1,11,111381,A0200002,13,13101,34,23,18,Servicio de Salud Metropolitano Central,Centro de Salud Familiar Ignacio Domeyko,Santiago,LACTANCIA MATERNA EXCLUSIVA
1834,1,11,111381,A0200001,13,13101,66,39,32,Servicio de Salud Metropolitano Central,Centro de Salud Familiar Ignacio Domeyko,Santiago,MENORES CONTROLADOS
1835,7,11,111372,A0200002,13,13101,10,6,12,Servicio de Salud Metropolitano Central,Centro de Salud Familiar Arauco,Santiago,LACTANCIA MATERNA EXCLUSIVA
1836,7,11,111372,A0200001,13,13101,19,10,19,Servicio de Salud Metropolitano Central,Centro de Salud Familiar Arauco,Santiago,MENORES CONTROLADOS
1837,7,11,111381,A0200002,13,13101,37,32,27,Servicio de Salud Metropolitano Central,Centro de Salud Familiar Ignacio Domeyko,Santiago,LACTANCIA MATERNA EXCLUSIVA
1838,7,11,111381,A0200001,13,13101,54,55,51,Servicio de Salud Metropolitano Central,Centro de Salud Familiar Ignacio Domeyko,Santiago,MENORES CONTROLADOS
1839,9,11,111381,A0200001,13,13101,51,33,55,Servicio de Salud Metropolitano Central,Centro de Salud Familiar Ignacio Domeyko,Santiago,MENORES CONTROLADOS
1840,9,11,111381,A0200002,13,13101,37,25,29,Servicio de Salud Metropolitano Central,Centro de Salud Familiar Ignacio Domeyko,Santiago,LACTANCIA MATERNA EXCLUSIVA
1841,4,11,111372,A0200001,13,13101,11,10,20,Servicio de Salud Metropolitano Central,Centro de Salud Familiar Arauco,Santiago,MENORES CONTROLADOS
1842,4,11,111372,A0200002,13,13101,6,9,14,Servicio de Salud Metropolitano Central,Centro de Salud Familiar Arauco,Santiago,LACTANCIA MATERNA EXCLUSIVA
1843,10,11,111381,A0200002,13,13101,19,19,30,Servicio de Salud Metropolitano Central,Centro de Salud Familiar Ignacio Domeyko,Santiago,LACTANCIA MATERNA EXCLUSIVA
1844,10,11,111381,A0200001,13,13101,37,37,62,Servicio de Salud Metropolitano Central,Centro de Salud Familiar Ignacio Domeyko,Santiago,MENORES CONTROLADOS
1845,10,11,111372,A0200001,13,13101,8,9,23,Servicio de Salud Metropolitano Central,Centro de Salud Familiar Arauco,Santiago,MENORES CONTROLADOS
1846,5,11,111372,A0200002,13,13101,11,7,5,Servicio de Salud Metropolitano Central,Centro de Salud Familiar Arauco,Santiago,LACTANCIA MATERNA EXCLUSIVA
1847,10,11,111372,A0200002,13,13101,7,5,16,Servicio de Salud Metropolitano Central,Centro de Salud Familiar Arauco,Santiago,LACTANCIA MATERNA EXCLUSIVA
1848,5,11,111372,A0200001,13,13101,15,11,9,Servicio de Salud Metropolitano Central,Centro de Salud Familiar Arauco,Santiago,MENORES CONTROLADOS
1849,2,11,111372,A0200001,13,13101,16,14,12,Servicio de Salud Metropolitano Central,Centro de Salud Familiar Arauco,Santiago,MENORES CONTROLADOS
1850,2,11,111372,A0200002,13,13101,11,9,11,Servicio de Salud Metropolitano Central,Centro de Salud Familiar Arauco,Santiago,LACTANCIA MATERNA EXCLUSIVA
1851,8,11,111381,A0200002,13,13101,26,23,32,Servicio de Salud Metropolitano Central,Centro de Salud Familiar Ignacio Domeyko,Santiago,LACTANCIA MATERNA EXCLUSIVA
1852,12,11,111372,A0200001,13,13101,12,8,13,Servicio de Salud Metropolitano Central,Centro de Salud Familiar Arauco,Santiago,MENORES CONTROLADOS
1853,12,11,111372,A0200002,13,13101,6,7,8,Servicio de Salud Metropolitano Central,Centro de Salud Familiar Arauco,Santiago,LACTANCIA MATERNA EXCLUSIVA
1854,6,11,111372,A0200002,13,13101,4,7,4,Servicio de Salud Metropolitano Central,Centro de Salud Familiar Arauco,Santiago,LACTANCIA MATERNA EXCLUSIVA
1855,6,11,111372,A0200001,13,13101,5,8,9,Servicio de Salud Metropolitano Central,Centro de Salud Familiar Arauco,Santiago,MENORES CONTROLADOS
1856,4,11,111381,A0200002,13,13101,34,20,23,Servicio de Salud Metropolitano Central,Centro de Salud Familiar Ignacio Domeyko,Santiago,LACTANCIA MATERNA EXCLUSIVA
1857,4,11,111381,A0200001,13,13101,49,36,36,Servicio de Salud Metropolitano Central,Centro de Salud Familiar Ignacio Domeyko,Santiago,MENORES CONTROLADOS
1858,2,11,111381,A0200002,13,13101,31,23,21,Servicio de Salud Metropolitano Central,Centro de Salud Familiar Ignacio Domeyko,Santiago,LACTANCIA MATERNA EXCLUSIVA
1859,2,11,111381,A0200001,13,13101,44,40,40,Servicio de Salud Metropolitano Central,Centro de Salud Familiar Ignacio Domeyko,Santiago,MENORES CONTROLADOS
1860,1,11,111372,A0200002,13,13101,3,10,9,Servicio de Salud Metropolitano Central,Centro de Salud Familiar Arauco,Santiago,LACTANCIA MATERNA EXCLUSIVA
1861,1,11,111372,A0200001,13,13101,7,12,15,Servicio de Salud Metropolitano Central,Centro de Salud Familiar Arauco,Santiago,MENORES CONTROLADOS
1862,8,11,111381,A0200001,13,13101,41,36,50,Servicio de Salud Metropolitano Central,Centro de Salud Familiar Ignacio Domeyko,Santiago,MENORES CONTROLADOS
1863,5,11,111381,A0200002,13,13101,31,30,20,Servicio de Salud Metropolitano Central,Centro de Salud Familiar Ignacio Domeyko,Santiago,LACTANCIA MATERNA EXCLUSIVA
1864,5,11,111381,A0200001,13,13101,54,42,40,Servicio de Salud Metropolitano Central,Centro de Salud Familiar Ignacio Domeyko,Santiago,MENORES CONTROLADOS
1865,11,11,111381,A0200002,13,13101,37,18,31,Servicio de Salud Metropolitano Central,Centro de Salud Familiar Ignacio Domeyko,Santiago,LACTANCIA MATERNA EXCLUSIVA
1866,11,11,111381,A0200001,13,13101,48,28,49,Servicio de Salud Metropolitano Central,Centro de Salud Familiar Ignacio Domeyko,Santiago,MENORES CONTROLADOS
1867,11,11,111372,A0200002,13,13101,5,7,10,Servicio de Salud Metropolitano Central,Centro de Salud Familiar Arauco,Santiago,LACTANCIA MATERNA EXCLUSIVA
1868,3,11,111372,A0200001,13,13101,10,6,8,Servicio de Salud Metropolitano Central,Centro de Salud Familiar Arauco,Santiago,MENORES CONTROLADOS
1869,6,11,111381,A0200001,13,13101,12,30,52,Servicio de Salud Metropolitano Central,Centro de Salud Familiar Ignacio Domeyko,Santiago,MENORES CONTROLADOS
1870,6,11,111381,A0200002,13,13101,8,18,29,Servicio de Salud Metropolitano Central,Centro de Salud Familiar Ignacio Domeyko,Santiago,LACTANCIA MATERNA EXCLUSIVA
1871,12,11,111381,A0200002,13,13101,18,15,20,Servicio de Salud Metropolitano Central,Centro de Salud Familiar Ignacio Domeyko,Santiago,LACTANCIA MATERNA EXCLUSIVA
1872,12,11,111381,A0200001,13,13101,36,27,42,Servicio de Salud Metropolitano Central,Centro de Salud Familiar Ignacio Domeyko,Santiago,MENORES CONTROLADOS
1873,11,11,111305,A0200002,13,13102,15,14,12,Servicio de Salud Metropolitano Central,Centro de Salud Familiar Dr. Norman Voulliéme,Cerrillos,LACTANCIA MATERNA EXCLUSIVA
1874,7,11,111305,A0200002,13,13102,26,27,17,Servicio de Salud Metropolitano Central,Centro de Salud Familiar Dr. Norman Voulliéme,Cerrillos,LACTANCIA MATERNA EXCLUSIVA
1875,7,11,111305,A0200001,13,13102,26,27,17,Servicio de Salud Metropolitano Central,Centro de Salud Familiar Dr. Norman Voulliéme,Cerrillos,MENORES CONTROLADOS
1876,9,11,111305,A0200002,13,13102,9,16,13,Servicio de Salud Metropolitano Central,Centro de Salud Familiar Dr. Norman Voulliéme,Cerrillos,LACTANCIA MATERNA EXCLUSIVA
1877,9,11,111305,A0200001,13,13102,11,17,18,Servicio de Salud Metropolitano Central,Centro de Salud Familiar Dr. Norman Voulliéme,Cerrillos,MENORES CONTROLADOS
1878,3,11,111305,A0200001,13,13102,21,25,24,Servicio de Salud Metropolitano Central,Centro de Salud Familiar Dr. Norman Voulliéme,Cerrillos,MENORES CONTROLADOS
1879,4,11,111305,A0200001,13,13102,19,13,18,Servicio de Salud Metropolitano Central,Centro de Salud Familiar Dr. Norman Voulliéme,Cerrillos,MENORES CONTROLADOS
1880,4,11,111305,A0200002,13,13102,17,9,9,Servicio de Salud Metropolitano Central,Centro de Salud Familiar Dr. Norman Voulliéme,Cerrillos,LACTANCIA MATERNA EXCLUSIVA
1881,12,11,111305,A0200001,13,13102,14,23,33,Servicio de Salud Metropolitano Central,Centro de Salud Familiar Dr. Norman Voulliéme,Cerrillos,MENORES CONTROLADOS
1882,12,11,111305,A0200002,13,13102,11,18,23,Servicio de Salud Metropolitano Central,Centro de Salud Familiar Dr. Norman Voulliéme,Cerrillos,LACTANCIA MATERNA EXCLUSIVA
1883,10,11,111305,A0200002,13,13102,20,14,21,Servicio de Salud Metropolitano Central,Centro de Salud Familiar Dr. Norman Voulliéme,Cerrillos,LACTANCIA MATERNA EXCLUSIVA
1884,10,11,111305,A0200001,13,13102,25,16,27,Servicio de Salud Metropolitano Central,Centro de Salud Familiar Dr. Norman Voulliéme,Cerrillos,MENORES CONTROLADOS
1885,8,11,111305,A0200002,13,13102,19,25,16,Servicio de Salud Metropolitano Central,Centro de Salud Familiar Dr. Norman Voulliéme,Cerrillos,LACTANCIA MATERNA EXCLUSIVA
1886,8,11,111305,A0200001,13,13102,20,27,21,Servicio de Salud Metropolitano Central,Centro de Salud Familiar Dr. Norman Voulliéme,Cerrillos,MENORES CONTROLADOS
1887,2,11,111305,A0200001,13,13102,17,13,24,Servicio de Salud Metropolitano Central,Centro de Salud Familiar Dr. Norman Voulliéme,Cerrillos,MENORES CONTROLADOS
1888,2,11,111305,A0200002,13,13102,11,9,14,Servicio de Salud Metropolitano Central,Centro de Salud Familiar Dr. Norman Voulliéme,Cerrillos,LACTANCIA MATERNA EXCLUSIVA
1889,5,11,111305,A0200001,13,13102,21,18,19,Servicio de Salud Metropolitano Central,Centro de Salud Familiar Dr. Norman Voulliéme,Cerrillos,MENORES CONTROLADOS
1890,5,11,111305,A0200002,13,13102,21,18,19,Servicio de Salud Metropolitano Central,Centro de Salud Familiar Dr. Norman Voulliéme,Cerrillos,LACTANCIA MATERNA EXCLUSIVA
1891,6,11,111305,A0200001,13,13102,20,29,19,Servicio de Salud Metropolitano Central,Centro de Salud Familiar Dr. Norman Voulliéme,Cerrillos,MENORES CONTROLADOS
1892,3,11,111305,A0200002,13,13102,16,19,10,Servicio de Salud Metropolitano Central,Centro de Salud Familiar Dr. Norman Voulliéme,Cerrillos,LACTANCIA MATERNA EXCLUSIVA
1893,1,11,111305,A0200002,13,13102,23,28,11,Servicio de Salud Metropolitano Central,Centro de Salud Familiar Dr. Norman Voulliéme,Cerrillos,LACTANCIA MATERNA EXCLUSIVA
1894,1,11,111305,A0200001,13,13102,29,31,18,Servicio de Salud Metropolitano Central,Centro de Salud Familiar Dr. Norman Voulliéme,Cerrillos,MENORES CONTROLADOS
1895,11,11,111305,A0200001,13,13102,18,25,29,Servicio de Salud Metropolitano Central,Centro de Salud Familiar Dr. Norman Voulliéme,Cerrillos,MENORES CONTROLADOS
1896,6,11,111305,A0200002,13,13102,15,23,14,Servicio de Salud Metropolitano Central,Centro de Salud Familiar Dr. Norman Voulliéme,Cerrillos,LACTANCIA MATERNA EXCLUSIVA
1897,8,11,111307,A0200002,13,13102,9,3,6,Servicio de Salud Metropolitano Central,Centro de Salud Familiar Enfermera Sofía Pincheira,Cerrillos,LACTANCIA MATERNA EXCLUSIVA
1898,8,11,111307,A0200001,13,13102,15,10,10,Servicio de Salud Metropolitano Central,Centro de Salud Familiar Enfermera Sofía Pincheira,Cerrillos,MENORES CONTROLADOS
1899,9,11,111307,A0200002,13,13102,6,4,8,Servicio de Salud Metropolitano Central,Centro de Salud Familiar Enfermera Sofía Pincheira,Cerrillos,LACTANCIA MATERNA EXCLUSIVA
1900,9,11,111307,A0200001,13,13102,13,9,14,Servicio de Salud Metropolitano Central,Centro de Salud Familiar Enfermera Sofía Pincheira,Cerrillos,MENORES CONTROLADOS
1901,5,11,111307,A0200001,13,13102,16,10,4,Servicio de Salud Metropolitano Central,Centro de Salud Familiar Enfermera Sofía Pincheira,Cerrillos,MENORES CONTROLADOS
1902,5,11,111307,A0200002,13,13102,11,3,2,Servicio de Salud Metropolitano Central,Centro de Salud Familiar Enfermera Sofía Pincheira,Cerrillos,LACTANCIA MATERNA EXCLUSIVA
1903,10,11,111307,A0200002,13,13102,10,2,8,Servicio de Salud Metropolitano Central,Centro de Salud Familiar Enfermera Sofía Pincheira,Cerrillos,LACTANCIA MATERNA EXCLUSIVA
1904,10,11,111307,A0200001,13,13102,13,3,13,Servicio de Salud Metropolitano Central,Centro de Salud Familiar Enfermera Sofía Pincheira,Cerrillos,MENORES CONTROLADOS
1905,11,11,111307,A0200001,13,13102,6,7,15,Servicio de Salud Metropolitano Central,Centro de Salud Familiar Enfermera Sofía Pincheira,Cerrillos,MENORES CONTROLADOS
1906,11,11,111307,A0200002,13,13102,2,4,7,Servicio de Salud Metropolitano Central,Centro de Salud Familiar Enfermera Sofía Pincheira,Cerrillos,LACTANCIA MATERNA EXCLUSIVA
1907,7,11,111307,A0200002,13,13102,7,4,9,Servicio de Salud Metropolitano Central,Centro de Salud Familiar Enfermera Sofía Pincheira,Cerrillos,LACTANCIA MATERNA EXCLUSIVA
1908,7,11,111307,A0200001,13,13102,11,8,16,Servicio de Salud Metropolitano Central,Centro de Salud Familiar Enfermera Sofía Pincheira,Cerrillos,MENORES CONTROLADOS
1909,6,11,111307,A0200001,13,13102,10,6,10,Servicio de Salud Metropolitano Central,Centro de Salud Familiar Enfermera Sofía Pincheira,Cerrillos,MENORES CONTROLADOS
1910,6,11,111307,A0200002,13,13102,2,6,5,Servicio de Salud Metropolitano Central,Centro de Salud Familiar Enfermera Sofía Pincheira,Cerrillos,LACTANCIA MATERNA EXCLUSIVA
1911,1,11,111307,A0200002,13,13102,5,5,10,Servicio de Salud Metropolitano Central,Centro de Salud Familiar Enfermera Sofía Pincheira,Cerrillos,LACTANCIA MATERNA EXCLUSIVA
1912,2,11,111307,A0200002,13,13102,8,1,1,Servicio de Salud Metropolitano Central,Centro de Salud Familiar Enfermera Sofía Pincheira,Cerrillos,LACTANCIA MATERNA EXCLUSIVA
1913,2,11,111307,A0200001,13,13102,13,3,1,Servicio de Salud Metropolitano Central,Centro de Salud Familiar Enfermera Sofía Pincheira,Cerrillos,MENORES CONTROLADOS
1914,12,11,111307,A0200001,13,13102,17,9,9,Servicio de Salud Metropolitano Central,Centro de Salud Familiar Enfermera Sofía Pincheira,Cerrillos,MENORES CONTROLADOS
1915,12,11,111307,A0200002,13,13102,12,6,5,Servicio de Salud Metropolitano Central,Centro de Salud Familiar Enfermera Sofía Pincheira,Cerrillos,LACTANCIA MATERNA EXCLUSIVA
1916,1,11,111307,A0200001,13,13102,9,10,13,Servicio de Salud Metropolitano Central,Centro de Salud Familiar Enfermera Sofía Pincheira,Cerrillos,MENORES CONTROLADOS
1917,4,11,111307,A0200001,13,13102,5,5,16,Servicio de Salud Metropolitano Central,Centro de Salud Familiar Enfermera Sofía Pincheira,Cerrillos,MENORES CONTROLADOS
1918,4,11,111307,A0200002,13,13102,1,4,10,Servicio de Salud Metropolitano Central,Centro de Salud Familiar Enfermera Sofía Pincheira,Cerrillos,LACTANCIA MATERNA EXCLUSIVA
1919,3,11,111307,A0200001,13,13102,12,4,26,Servicio de Salud Metropolitano Central,Centro de Salud Familiar Enfermera Sofía Pincheira,Cerrillos,MENORES CONTROLADOS
1920,3,11,111307,A0200002,13,13102,7,3,13,Servicio de Salud Metropolitano Central,Centro de Salud Familiar Enfermera Sofía Pincheira,Cerrillos,LACTANCIA MATERNA EXCLUSIVA
1921,10,11,200346,A0200002,13,13102,1,1,,Servicio de Salud Metropolitano Central,Centro Comunitario de Salud Familiar Buzeta,Cerrillos,LACTANCIA MATERNA EXCLUSIVA
1922,10,11,200346,A0200001,13,13102,1,1,1,Servicio de Salud Metropolitano Central,Centro Comunitario de Salud Familiar Buzeta,Cerrillos,MENORES CONTROLADOS
1923,8,11,200346,A0200002,13,13102,1,,,Servicio de Salud Metropolitano Central,Centro Comunitario de Salud Familiar Buzeta,Cerrillos,LACTANCIA MATERNA EXCLUSIVA
1924,8,11,200346,A0200001,13,13102,3,1,1,Servicio de Salud Metropolitano Central,Centro Comunitario de Salud Familiar Buzeta,Cerrillos,MENORES CONTROLADOS
1925,7,11,200346,A0200002,13,13102,2,2,1,Servicio de Salud Metropolitano Central,Centro Comunitario de Salud Familiar Buzeta,Cerrillos,LACTANCIA MATERNA EXCLUSIVA
1926,7,11,200346,A0200001,13,13102,2,2,1,Servicio de Salud Metropolitano Central,Centro Comunitario de Salud Familiar Buzeta,Cerrillos,MENORES CONTROLADOS
1927,4,11,200346,A0200001,13,13102,1,3,1,Servicio de Salud Metropolitano Central,Centro Comunitario de Salud Familiar Buzeta,Cerrillos,MENORES CONTROLADOS
1928,4,11,200346,A0200002,13,13102,1,1,,Servicio de Salud Metropolitano Central,Centro Comunitario de Salud Familiar Buzeta,Cerrillos,LACTANCIA MATERNA EXCLUSIVA
1929,6,11,200346,A0200002,13,13102,1,1,2,Servicio de Salud Metropolitano Central,Centro Comunitario de Salud Familiar Buzeta,Cerrillos,LACTANCIA MATERNA EXCLUSIVA
1930,6,11,200346,A0200001,13,13102,1,2,3,Servicio de Salud Metropolitano Central,Centro Comunitario de Salud Familiar Buzeta,Cerrillos,MENORES CONTROLADOS
1931,9,11,200346,A0200002,13,13102,0,1,1,Servicio de Salud Metropolitano Central,Centro Comunitario de Salud Familiar Buzeta,Cerrillos,LACTANCIA MATERNA EXCLUSIVA
1932,9,11,200346,A0200001,13,13102,0,2,1,Servicio de Salud Metropolitano Central,Centro Comunitario de Salud Familiar Buzeta,Cerrillos,MENORES CONTROLADOS
1933,12,11,200346,A0200002,13,13102,3,1,0,Servicio de Salud Metropolitano Central,Centro Comunitario de Salud Familiar Buzeta,Cerrillos,LACTANCIA MATERNA EXCLUSIVA
1934,12,11,200346,A0200001,13,13102,3,1,2,Servicio de Salud Metropolitano Central,Centro Comunitario de Salud Familiar Buzeta,Cerrillos,MENORES CONTROLADOS
1935,1,11,200346,A0200001,13,13102,3,3,3,Servicio de Salud Metropolitano Central,Centro Comunitario de Salud Familiar Buzeta,Cerrillos,MENORES CONTROLADOS
1936,1,11,200346,A0200002,13,13102,3,2,1,Servicio de Salud Metropolitano Central,Centro Comunitario de Salud Familiar Buzeta,Cerrillos,LACTANCIA MATERNA EXCLUSIVA
1937,3,11,200346,A0200002,13,13102,,,3,Servicio de Salud Metropolitano Central,Centro Comunitario de Salud Familiar Buzeta,Cerrillos,LACTANCIA MATERNA EXCLUSIVA
1938,3,11,200346,A0200001,13,13102,,1,3,Servicio de Salud Metropolitano Central,Centro Comunitario de Salud Familiar Buzeta,Cerrillos,MENORES CONTROLADOS
1939,11,11,200346,A0200001,13,13102,4,3,1,Servicio de Salud Metropolitano Central,Centro Comunitario de Salud Familiar Buzeta,Cerrillos,MENORES CONTROLADOS
1940,11,11,200346,A0200002,13,13102,3,0,0,Servicio de Salud Metropolitano Central,Centro Comunitario de Salud Familiar Buzeta,Cerrillos,LACTANCIA MATERNA EXCLUSIVA
1941,2,11,200346,A0200002,13,13102,1,0,1,Servicio de Salud Metropolitano Central,Centro Comunitario de Salud Familiar Buzeta,Cerrillos,LACTANCIA MATERNA EXCLUSIVA
1942,2,11,200346,A0200001,13,13102,2,1,1,Servicio de Salud Metropolitano Central,Centro Comunitario de Salud Familiar Buzeta,Cerrillos,MENORES CONTROLADOS
1943,5,11,200346,A0200001,13,13102,1,,1,Servicio de Salud Metropolitano Central,Centro Comunitario de Salud Familiar Buzeta,Cerrillos,MENORES CONTROLADOS
1944,5,11,200346,A0200002,13,13102,1,,1,Servicio de Salud Metropolitano Central,Centro Comunitario de Salud Familiar Buzeta,Cerrillos,LACTANCIA MATERNA EXCLUSIVA
1945,4,11,111306,A0200001,13,13106,8,19,22,Servicio de Salud Metropolitano Central,Centro de Salud Familiar San José de Chuchunco,Estación Central,MENORES CONTROLADOS
1946,4,11,111306,A0200002,13,13106,3,10,16,Servicio de Salud Metropolitano Central,Centro de Salud Familiar San José de Chuchunco,Estación Central,LACTANCIA MATERNA EXCLUSIVA
1947,9,11,111306,A0200001,13,13106,4,9,11,Servicio de Salud Metropolitano Central,Centro de Salud Familiar San José de Chuchunco,Estación Central,MENORES CONTROLADOS
1948,9,11,111306,A0200002,13,13106,2,3,7,Servicio de Salud Metropolitano Central,Centro de Salud Familiar San José de Chuchunco,Estación Central,LACTANCIA MATERNA EXCLUSIVA
1949,10,11,111306,A0200002,13,13106,10,9,7,Servicio de Salud Metropolitano Central,Centro de Salud Familiar San José de Chuchunco,Estación Central,LACTANCIA MATERNA EXCLUSIVA
1950,10,11,111306,A0200001,13,13106,15,13,10,Servicio de Salud Metropolitano Central,Centro de Salud Familiar San José de Chuchunco,Estación Central,MENORES CONTROLADOS
1951,8,11,111306,A0200002,13,13106,5,3,9,Servicio de Salud Metropolitano Central,Centro de Salud Familiar San José de Chuchunco,Estación Central,LACTANCIA MATERNA EXCLUSIVA
1952,8,11,111306,A0200001,13,13106,5,4,15,Servicio de Salud Metropolitano Central,Centro de Salud Familiar San José de Chuchunco,Estación Central,MENORES CONTROLADOS
1953,9,11,111302,A0200002,13,13106,12,6,8,Servicio de Salud Metropolitano Central,Centro de Salud Familiar Padre Vicente Irarrázabal,Estación Central,LACTANCIA MATERNA EXCLUSIVA
1954,9,11,111302,A0200001,13,13106,16,12,14,Servicio de Salud Metropolitano Central,Centro de Salud Familiar Padre Vicente Irarrázabal,Estación Central,MENORES CONTROLADOS
1955,1,11,111302,A0200002,13,13106,7,6,9,Servicio de Salud Metropolitano Central,Centro de Salud Familiar Padre Vicente Irarrázabal,Estación Central,LACTANCIA MATERNA EXCLUSIVA
1956,1,11,111302,A0200001,13,13106,13,16,15,Servicio de Salud Metropolitano Central,Centro de Salud Familiar Padre Vicente Irarrázabal,Estación Central,MENORES CONTROLADOS
1957,6,11,111306,A0200002,13,13106,4,6,6,Servicio de Salud Metropolitano Central,Centro de Salud Familiar San José de Chuchunco,Estación Central,LACTANCIA MATERNA EXCLUSIVA
1958,6,11,111306,A0200001,13,13106,6,12,10,Servicio de Salud Metropolitano Central,Centro de Salud Familiar San José de Chuchunco,Estación Central,MENORES CONTROLADOS
1959,11,11,111306,A0200001,13,13106,10,5,10,Servicio de Salud Metropolitano Central,Centro de Salud Familiar San José de Chuchunco,Estación Central,MENORES CONTROLADOS
1960,11,11,111306,A0200002,13,13106,8,2,6,Servicio de Salud Metropolitano Central,Centro de Salud Familiar San José de Chuchunco,Estación Central,LACTANCIA MATERNA EXCLUSIVA
1961,7,11,111302,A0200002,13,13106,8,13,12,Servicio de Salud Metropolitano Central,Centro de Salud Familiar Padre Vicente Irarrázabal,Estación Central,LACTANCIA MATERNA EXCLUSIVA
1962,7,11,111302,A0200001,13,13106,14,24,14,Servicio de Salud Metropolitano Central,Centro de Salud Familiar Padre Vicente Irarrázabal,Estación Central,MENORES CONTROLADOS
1963,12,11,111306,A0200002,13,13106,5,6,7,Servicio de Salud Metropolitano Central,Centro de Salud Familiar San José de Chuchunco,Estación Central,LACTANCIA MATERNA EXCLUSIVA
1964,12,11,111306,A0200001,13,13106,8,10,12,Servicio de Salud Metropolitano Central,Centro de Salud Familiar San José de Chuchunco,Estación Central,MENORES CONTROLADOS
1965,8,11,111302,A0200002,13,13106,8,14,11,Servicio de Salud Metropolitano Central,Centro de Salud Familiar Padre Vicente Irarrázabal,Estación Central,LACTANCIA MATERNA EXCLUSIVA
1966,8,11,111302,A0200001,13,13106,13,18,18,Servicio de Salud Metropolitano Central,Centro de Salud Familiar Padre Vicente Irarrázabal,Estación Central,MENORES CONTROLADOS
1967,6,11,111302,A0200002,13,13106,15,7,7,Servicio de Salud Metropolitano Central,Centro de Salud Familiar Padre Vicente Irarrázabal,Estación Central,LACTANCIA MATERNA EXCLUSIVA
1968,6,11,111302,A0200001,13,13106,22,13,12,Servicio de Salud Metropolitano Central,Centro de Salud Familiar Padre Vicente Irarrázabal,Estación Central,MENORES CONTROLADOS
1969,10,11,111302,A0200001,13,13106,17,17,16,Servicio de Salud Metropolitano Central,Centro de Salud Familiar Padre Vicente Irarrázabal,Estación Central,MENORES CONTROLADOS
1970,10,11,111302,A0200002,13,13106,9,9,5,Servicio de Salud Metropolitano Central,Centro de Salud Familiar Padre Vicente Irarrázabal,Estación Central,LACTANCIA MATERNA EXCLUSIVA
1971,1,11,111306,A0200001,13,13106,9,19,16,Servicio de Salud Metropolitano Central,Centro de Salud Familiar San José de Chuchunco,Estación Central,MENORES CONTROLADOS
1972,1,11,111306,A0200002,13,13106,7,8,10,Servicio de Salud Metropolitano Central,Centro de Salud Familiar San José de Chuchunco,Estación Central,LACTANCIA MATERNA EXCLUSIVA
1973,7,11,111306,A0200002,13,13106,9,5,9,Servicio de Salud Metropolitano Central,Centro de Salud Familiar San José de Chuchunco,Estación Central,LACTANCIA MATERNA EXCLUSIVA
1974,7,11,111306,A0200001,13,13106,12,7,13,Servicio de Salud Metropolitano Central,Centro de Salud Familiar San José de Chuchunco,Estación Central,MENORES CONTROLADOS
1975,3,11,111302,A0200002,13,13106,20,8,14,Servicio de Salud Metropolitano Central,Centro de Salud Familiar Padre Vicente Irarrázabal,Estación Central,LACTANCIA MATERNA EXCLUSIVA
1976,3,11,111302,A0200001,13,13106,23,12,18,Servicio de Salud Metropolitano Central,Centro de Salud Familiar Padre Vicente Irarrázabal,Estación Central,MENORES CONTROLADOS
1977,12,11,111302,A0200002,13,13106,9,7,6,Servicio de Salud Metropolitano Central,Centro de Salud Familiar Padre Vicente Irarrázabal,Estación Central,LACTANCIA MATERNA EXCLUSIVA
1978,12,11,111302,A0200001,13,13106,16,18,10,Servicio de Salud Metropolitano Central,Centro de Salud Familiar Padre Vicente Irarrázabal,Estación Central,MENORES CONTROLADOS
1979,2,11,111302,A0200002,13,13106,15,11,4,Servicio de Salud Metropolitano Central,Centro de Salud Familiar Padre Vicente Irarrázabal,Estación Central,LACTANCIA MATERNA EXCLUSIVA
1980,2,11,111302,A0200001,13,13106,16,22,11,Servicio de Salud Metropolitano Central,Centro de Salud Familiar Padre Vicente Irarrázabal,Estación Central,MENORES CONTROLADOS
1981,2,11,111306,A0200002,13,13106,6,10,7,Servicio de Salud Metropolitano Central,Centro de Salud Familiar San José de Chuchunco,Estación Central,LACTANCIA MATERNA EXCLUSIVA
1982,2,11,111306,A0200001,13,13106,10,18,8,Servicio de Salud Metropolitano Central,Centro de Salud Familiar San José de Chuchunco,Estación Central,MENORES CONTROLADOS
1983,11,11,111302,A0200002,13,13106,15,8,12,Servicio de Salud Metropolitano Central,Centro de Salud Familiar Padre Vicente Irarrázabal,Estación Central,LACTANCIA MATERNA EXCLUSIVA
1984,11,11,111302,A0200001,13,13106,22,15,19,Servicio de Salud Metropolitano Central,Centro de Salud Familiar Padre Vicente Irarrázabal,Estación Central,MENORES CONTROLADOS
1985,5,11,111302,A0200002,13,13106,15,5,10,Servicio de Salud Metropolitano Central,Centro de Salud Familiar Padre Vicente Irarrázabal,Estación Central,LACTANCIA MATERNA EXCLUSIVA
1986,5,11,111302,A0200001,13,13106,18,10,13,Servicio de Salud Metropolitano Central,Centro de Salud Familiar Padre Vicente Irarrázabal,Estación Central,MENORES CONTROLADOS
1987,5,11,111306,A0200002,13,13106,3,5,8,Servicio de Salud Metropolitano Central,Centro de Salud Familiar San José de Chuchunco,Estación Central,LACTANCIA MATERNA EXCLUSIVA
1988,5,11,111306,A0200001,13,13106,6,17,16,Servicio de Salud Metropolitano Central,Centro de Salud Familiar San José de Chuchunco,Estación Central,MENORES CONTROLADOS
1989,3,11,111306,A0200002,13,13106,9,3,7,Servicio de Salud Metropolitano Central,Centro de Salud Familiar San José de Chuchunco,Estación Central,LACTANCIA MATERNA EXCLUSIVA
1990,3,11,111306,A0200001,13,13106,11,7,16,Servicio de Salud Metropolitano Central,Centro de Salud Familiar San José de Chuchunco,Estación Central,MENORES CONTROLADOS
1991,4,11,111302,A0200002,13,13106,7,14,7,Servicio de Salud Metropolitano Central,Centro de Salud Familiar Padre Vicente Irarrázabal,Estación Central,LACTANCIA MATERNA EXCLUSIVA
1992,4,11,111302,A0200001,13,13106,15,18,12,Servicio de Salud Metropolitano Central,Centro de Salud Familiar Padre Vicente Irarrázabal,Estación Central,MENORES CONTROLADOS
1993,8,11,111310,A0200002,13,13106,43,33,39,Servicio de Salud Metropolitano Central,Centro de Salud Familiar Las Mercedes,Estación Central,LACTANCIA MATERNA EXCLUSIVA
1994,8,11,111310,A0200001,13,13106,58,52,62,Servicio de Salud Metropolitano Central,Centro de Salud Familiar Las Mercedes,Estación Central,MENORES CONTROLADOS
1995,1,11,111310,A0200001,13,13106,51,44,46,Servicio de Salud Metropolitano Central,Centro de Salud Familiar Las Mercedes,Estación Central,MENORES CONTROLADOS
1996,1,11,111310,A0200002,13,13106,31,28,28,Servicio de Salud Metropolitano Central,Centro de Salud Familiar Las Mercedes,Estación Central,LACTANCIA MATERNA EXCLUSIVA
1997,9,11,111310,A0200001,13,13106,65,59,69,Servicio de Salud Metropolitano Central,Centro de Salud Familiar Las Mercedes,Estación Central,MENORES CONTROLADOS
1998,9,11,111310,A0200002,13,13106,52,44,43,Servicio de Salud Metropolitano Central,Centro de Salud Familiar Las Mercedes,Estación Central,LACTANCIA MATERNA EXCLUSIVA
1999,11,11,111310,A0200002,13,13106,52,45,41,Servicio de Salud Metropolitano Central,Centro de Salud Familiar Las Mercedes,Estación Central,LACTANCIA MATERNA EXCLUSIVA
2000,11,11,111310,A0200001,13,13106,66,65,70,Servicio de Salud Metropolitano Central,Centro de Salud Familiar Las Mercedes,Estación Central,MENORES CONTROLADOS
2001,3,11,111310,A0200001,13,13106,46,36,40,Servicio de Salud Metropolitano Central,Centro de Salud Familiar Las Mercedes,Estación Central,MENORES CONTROLADOS
2002,6,11,111310,A0200002,13,13106,36,22,19,Servicio de Salud Metropolitano Central,Centro de Salud Familiar Las Mercedes,Estación Central,LACTANCIA MATERNA EXCLUSIVA
2003,6,11,111310,A0200001,13,13106,50,34,35,Servicio de Salud Metropolitano Central,Centro de Salud Familiar Las Mercedes,Estación Central,MENORES CONTROLADOS
2004,2,11,111310,A0200002,13,13106,35,21,23,Servicio de Salud Metropolitano Central,Centro de Salud Familiar Las Mercedes,Estación Central,LACTANCIA MATERNA EXCLUSIVA
2005,2,11,111310,A0200001,13,13106,53,33,37,Servicio de Salud Metropolitano Central,Centro de Salud Familiar Las Mercedes,Estación Central,MENORES CONTROLADOS
2006,7,11,111310,A0200002,13,13106,28,26,30,Servicio de Salud Metropolitano Central,Centro de Salud Familiar Las Mercedes,Estación Central,LACTANCIA MATERNA EXCLUSIVA
2007,7,11,111310,A0200001,13,13106,37,40,52,Servicio de Salud Metropolitano Central,Centro de Salud Familiar Las Mercedes,Estación Central,MENORES CONTROLADOS
2008,3,11,111310,A0200002,13,13106,29,23,24,Servicio de Salud Metropolitano Central,Centro de Salud Familiar Las Mercedes,Estación Central,LACTANCIA MATERNA EXCLUSIVA
2009,4,11,111310,A0200002,13,13106,23,36,32,Servicio de Salud Metropolitano Central,Centro de Salud Familiar Las Mercedes,Estación Central,LACTANCIA MATERNA EXCLUSIVA
2010,4,11,111310,A0200001,13,13106,32,49,51,Servicio de Salud Metropolitano Central,Centro de Salud Familiar Las Mercedes,Estación Central,MENORES CONTROLADOS
2011,10,11,111310,A0200002,13,13106,59,46,43,Servicio de Salud Metropolitano Central,Centro de Salud Familiar Las Mercedes,Estación Central,LACTANCIA MATERNA EXCLUSIVA
2012,10,11,111310,A0200001,13,13106,71,68,72,Servicio de Salud Metropolitano Central,Centro de Salud Familiar Las Mercedes,Estación Central,MENORES CONTROLADOS
2013,12,11,111310,A0200002,13,13106,43,33,39,Servicio de Salud Metropolitano Central,Centro de Salud Familiar Las Mercedes,Estación Central,LACTANCIA MATERNA EXCLUSIVA
2014,12,11,111310,A0200001,13,13106,58,52,62,Servicio de Salud Metropolitano Central,Centro de Salud Familiar Las Mercedes,Estación Central,MENORES CONTROLADOS
2015,5,11,111310,A0200002,13,13106,28,20,22,Servicio de Salud Metropolitano Central,Centro de Salud Familiar Las Mercedes,Estación Central,LACTANCIA MATERNA EXCLUSIVA
2016,5,11,111310,A0200001,13,13106,38,33,35,Servicio de Salud Metropolitano Central,Centro de Salud Familiar Las Mercedes,Estación Central,MENORES CONTROLADOS
2017,4,11,111781,A0200001,13,13106,1,3,,Servicio de Salud Metropolitano Central,Centro Comunitario de Salud Familiar Villa Francia,Estación Central,MENORES CONTROLADOS
2018,4,11,111781,A0200002,13,13106,,1,,Servicio de Salud Metropolitano Central,Centro Comunitario de Salud Familiar Villa Francia,Estación Central,LACTANCIA MATERNA EXCLUSIVA
2019,6,11,111781,A0200002,13,13106,,,,Servicio de Salud Metropolitano Central,Centro Comunitario de Salud Familiar Villa Francia,Estación Central,LACTANCIA MATERNA EXCLUSIVA
2020,6,11,111781,A0200001,13,13106,1,3,,Servicio de Salud Metropolitano Central,Centro Comunitario de Salud Familiar Villa Francia,Estación Central,MENORES CONTROLADOS
2021,9,11,111781,A0200002,13,13106,,1,,Servicio de Salud Metropolitano Central,Centro Comunitario de Salud Familiar Villa Francia,Estación Central,LACTANCIA MATERNA EXCLUSIVA
2022,9,11,111781,A0200001,13,13106,,1,1,Servicio de Salud Metropolitano Central,Centro Comunitario de Salud Familiar Villa Francia,Estación Central,MENORES CONTROLADOS
2023,5,11,111781,A0200002,13,13106,,,,Servicio de Salud Metropolitano Central,Centro Comunitario de Salud Familiar Villa Francia,Estación Central,LACTANCIA MATERNA EXCLUSIVA
2024,5,11,111781,A0200001,13,13106,,1,,Servicio de Salud Metropolitano Central,Centro Comunitario de Salud Familiar Villa Francia,Estación Central,MENORES CONTROLADOS
2025,8,11,111781,A0200002,13,13106,1,,1,Servicio de Salud Metropolitano Central,Centro Comunitario de Salud Familiar Villa Francia,Estación Central,LACTANCIA MATERNA EXCLUSIVA
2026,8,11,111781,A0200001,13,13106,1,,1,Servicio de Salud Metropolitano Central,Centro Comunitario de Salud Familiar Villa Francia,Estación Central,MENORES CONTROLADOS
2027,2,11,111781,A0200002,13,13106,2,,,Servicio de Salud Metropolitano Central,Centro Comunitario de Salud Familiar Villa Francia,Estación Central,LACTANCIA MATERNA EXCLUSIVA
2028,2,11,111781,A0200001,13,13106,3,3,,Servicio de Salud Metropolitano Central,Centro Comunitario de Salud Familiar Villa Francia,Estación Central,MENORES CONTROLADOS
2029,11,11,111781,A0200002,13,13106,,1,,Servicio de Salud Metropolitano Central,Centro Comunitario de Salud Familiar Villa Francia,Estación Central,LACTANCIA MATERNA EXCLUSIVA
2030,11,11,111781,A0200001,13,13106,,3,,Servicio de Salud Metropolitano Central,Centro Comunitario de Salud Familiar Villa Francia,Estación Central,MENORES CONTROLADOS
2031,3,11,111781,A0200002,13,13106,,2,,Servicio de Salud Metropolitano Central,Centro Comunitario de Salud Familiar Villa Francia,Estación Central,LACTANCIA MATERNA EXCLUSIVA
2032,1,11,111781,A0200002,13,13106,,,,Servicio de Salud Metropolitano Central,Centro Comunitario de Salud Familiar Villa Francia,Estación Central,LACTANCIA MATERNA EXCLUSIVA
2033,1,11,111781,A0200001,13,13106,2,1,1,Servicio de Salud Metropolitano Central,Centro Comunitario de Salud Familiar Villa Francia,Estación Central,MENORES CONTROLADOS
2034,10,11,111781,A0200002,13,13106,,,,Servicio de Salud Metropolitano Central,Centro Comunitario de Salud Familiar Villa Francia,Estación Central,LACTANCIA MATERNA EXCLUSIVA
2035,10,11,111781,A0200001,13,13106,,,,Servicio de Salud Metropolitano Central,Centro Comunitario de Salud Familiar Villa Francia,Estación Central,MENORES CONTROLADOS
2036,3,11,111781,A0200001,13,13106,2,3,,Servicio de Salud Metropolitano Central,Centro Comunitario de Salud Familiar Villa Francia,Estación Central,MENORES CONTROLADOS
2037,7,11,111781,A0200002,13,13106,1,,1,Servicio de Salud Metropolitano Central,Centro Comunitario de Salud Familiar Villa Francia,Estación Central,LACTANCIA MATERNA EXCLUSIVA
2038,7,11,111781,A0200001,13,13106,1,,3,Servicio de Salud Metropolitano Central,Centro Comunitario de Salud Familiar Villa Francia,Estación Central,MENORES CONTROLADOS
2039,12,11,111781,A0200002,13,13106,1,,,Servicio de Salud Metropolitano Central,Centro Comunitario de Salud Familiar Villa Francia,Estación Central,LACTANCIA MATERNA EXCLUSIVA
2040,12,11,111781,A0200001,13,13106,1,,,Servicio de Salud Metropolitano Central,Centro Comunitario de Salud Familiar Villa Francia,Estación Central,MENORES CONTROLADOS
2041,7,11,111382,A0200002,13,13119,16,12,16,Servicio de Salud Metropolitano Central,Centro de Salud Familiar Presidenta Michelle Bachelet,Maipú,LACTANCIA MATERNA EXCLUSIVA
2042,6,11,111780,A0200002,13,13119,,,1,Servicio de Salud Metropolitano Central,Centro Comunitario de Salud Familiar Europa,Maipú,LACTANCIA MATERNA EXCLUSIVA
2043,1,11,111382,A0200002,13,13119,12,13,12,Servicio de Salud Metropolitano Central,Centro de Salud Familiar Presidenta Michelle Bachelet,Maipú,LACTANCIA MATERNA EXCLUSIVA
2044,1,11,111382,A0200001,13,13119,14,23,21,Servicio de Salud Metropolitano Central,Centro de Salud Familiar Presidenta Michelle Bachelet,Maipú,MENORES CONTROLADOS
2045,10,11,111780,A0200001,13,13119,0,0,0,Servicio de Salud Metropolitano Central,Centro Comunitario de Salud Familiar Europa,Maipú,MENORES CONTROLADOS
2046,4,11,111780,A0200001,13,13119,0,0,1,Servicio de Salud Metropolitano Central,Centro Comunitario de Salud Familiar Europa,Maipú,MENORES CONTROLADOS
2047,7,11,111780,A0200002,13,13119,,,1,Servicio de Salud Metropolitano Central,Centro Comunitario de Salud Familiar Europa,Maipú,LACTANCIA MATERNA EXCLUSIVA
2048,7,11,111780,A0200001,13,13119,,,1,Servicio de Salud Metropolitano Central,Centro Comunitario de Salud Familiar Europa,Maipú,MENORES CONTROLADOS
2049,10,11,111382,A0200002,13,13119,9,10,14,Servicio de Salud Metropolitano Central,Centro de Salud Familiar Presidenta Michelle Bachelet,Maipú,LACTANCIA MATERNA EXCLUSIVA
2050,10,11,111382,A0200001,13,13119,16,11,28,Servicio de Salud Metropolitano Central,Centro de Salud Familiar Presidenta Michelle Bachelet,Maipú,MENORES CONTROLADOS
2051,4,11,111382,A0200001,13,13119,16,17,21,Servicio de Salud Metropolitano Central,Centro de Salud Familiar Presidenta Michelle Bachelet,Maipú,MENORES CONTROLADOS
2052,5,11,111780,A0200001,13,13119,2,2,0,Servicio de Salud Metropolitano Central,Centro Comunitario de Salud Familiar Europa,Maipú,MENORES CONTROLADOS
2053,4,11,111382,A0200002,13,13119,8,6,12,Servicio de Salud Metropolitano Central,Centro de Salud Familiar Presidenta Michelle Bachelet,Maipú,LACTANCIA MATERNA EXCLUSIVA
2054,9,11,111382,A0200002,13,13119,7,5,13,Servicio de Salud Metropolitano Central,Centro de Salud Familiar Presidenta Michelle Bachelet,Maipú,LACTANCIA MATERNA EXCLUSIVA
2055,9,11,111382,A0200001,13,13119,16,16,26,Servicio de Salud Metropolitano Central,Centro de Salud Familiar Presidenta Michelle Bachelet,Maipú,MENORES CONTROLADOS
2056,9,11,111780,A0200002,13,13119,0,1,0,Servicio de Salud Metropolitano Central,Centro Comunitario de Salud Familiar Europa,Maipú,LACTANCIA MATERNA EXCLUSIVA
2057,9,11,111780,A0200001,13,13119,0,1,1,Servicio de Salud Metropolitano Central,Centro Comunitario de Salud Familiar Europa,Maipú,MENORES CONTROLADOS
2058,8,11,111780,A0200002,13,13119,0,0,1,Servicio de Salud Metropolitano Central,Centro Comunitario de Salud Familiar Europa,Maipú,LACTANCIA MATERNA EXCLUSIVA
2059,8,11,111780,A0200001,13,13119,0,0,1,Servicio de Salud Metropolitano Central,Centro Comunitario de Salud Familiar Europa,Maipú,MENORES CONTROLADOS
2060,7,11,111382,A0200001,13,13119,25,22,37,Servicio de Salud Metropolitano Central,Centro de Salud Familiar Presidenta Michelle Bachelet,Maipú,MENORES CONTROLADOS
2061,3,11,111382,A0200002,13,13119,11,8,14,Servicio de Salud Metropolitano Central,Centro de Salud Familiar Presidenta Michelle Bachelet,Maipú,LACTANCIA MATERNA EXCLUSIVA
2062,3,11,111382,A0200001,13,13119,20,14,22,Servicio de Salud Metropolitano Central,Centro de Salud Familiar Presidenta Michelle Bachelet,Maipú,MENORES CONTROLADOS
2063,6,11,111382,A0200002,13,13119,13,1,14,Servicio de Salud Metropolitano Central,Centro de Salud Familiar Presidenta Michelle Bachelet,Maipú,LACTANCIA MATERNA EXCLUSIVA
2064,6,11,111382,A0200001,13,13119,15,10,24,Servicio de Salud Metropolitano Central,Centro de Salud Familiar Presidenta Michelle Bachelet,Maipú,MENORES CONTROLADOS
2065,2,11,111382,A0200002,13,13119,13,16,14,Servicio de Salud Metropolitano Central,Centro de Salud Familiar Presidenta Michelle Bachelet,Maipú,LACTANCIA MATERNA EXCLUSIVA
2066,12,11,111780,A0200002,13,13119,0,1,0,Servicio de Salud Metropolitano Central,Centro Comunitario de Salud Familiar Europa,Maipú,LACTANCIA MATERNA EXCLUSIVA
2067,12,11,111780,A0200001,13,13119,2,1,0,Servicio de Salud Metropolitano Central,Centro Comunitario de Salud Familiar Europa,Maipú,MENORES CONTROLADOS
2068,5,11,111382,A0200002,13,13119,10,8,12,Servicio de Salud Metropolitano Central,Centro de Salud Familiar Presidenta Michelle Bachelet,Maipú,LACTANCIA MATERNA EXCLUSIVA
2069,5,11,111382,A0200001,13,13119,21,17,20,Servicio de Salud Metropolitano Central,Centro de Salud Familiar Presidenta Michelle Bachelet,Maipú,MENORES CONTROLADOS
2070,11,11,111382,A0200002,13,13119,10,4,9,Servicio de Salud Metropolitano Central,Centro de Salud Familiar Presidenta Michelle Bachelet,Maipú,LACTANCIA MATERNA EXCLUSIVA
2071,11,11,111382,A0200001,13,13119,17,15,24,Servicio de Salud Metropolitano Central,Centro de Salud Familiar Presidenta Michelle Bachelet,Maipú,MENORES CONTROLADOS
2072,2,11,111382,A0200001,13,13119,21,21,27,Servicio de Salud Metropolitano Central,Centro de Salud Familiar Presidenta Michelle Bachelet,Maipú,MENORES CONTROLADOS
2073,8,11,111382,A0200001,13,13119,19,12,25,Servicio de Salud Metropolitano Central,Centro de Salud Familiar Presidenta Michelle Bachelet,Maipú,MENORES CONTROLADOS
2074,8,11,111382,A0200002,13,13119,10,6,13,Servicio de Salud Metropolitano Central,Centro de Salud Familiar Presidenta Michelle Bachelet,Maipú,LACTANCIA MATERNA EXCLUSIVA
2075,12,11,111382,A0200001,13,13119,21,17,26,Servicio de Salud Metropolitano Central,Centro de Salud Familiar Presidenta Michelle Bachelet,Maipú,MENORES CONTROLADOS
2076,12,11,111382,A0200002,13,13119,16,8,17,Servicio de Salud Metropolitano Central,Centro de Salud Familiar Presidenta Michelle Bachelet,Maipú,LACTANCIA MATERNA EXCLUSIVA
2077,11,11,111780,A0200002,13,13119,1,0,1,Servicio de Salud Metropolitano Central,Centro Comunitario de Salud Familiar Europa,Maipú,LACTANCIA MATERNA EXCLUSIVA
2078,11,11,111780,A0200001,13,13119,1,0,1,Servicio de Salud Metropolitano Central,Centro Comunitario de Salud Familiar Europa,Maipú,MENORES CONTROLADOS
2079,11,11,111383,A0200002,13,13119,3,5,4,Servicio de Salud Metropolitano Central,Centro de Salud Familiar Dr. Luis Ferrada,Maipú,LACTANCIA MATERNA EXCLUSIVA
2080,11,11,111383,A0200001,13,13119,11,8,7,Servicio de Salud Metropolitano Central,Centro de Salud Familiar Dr. Luis Ferrada,Maipú,MENORES CONTROLADOS
2081,11,11,111400,A0200001,13,13119,1,1,4,Servicio de Salud Metropolitano Central,Centro Comunitario de Salud Familiar Rinconada de Maipú,Maipú,MENORES CONTROLADOS
2082,11,11,111400,A0200002,13,13119,1,1,2,Servicio de Salud Metropolitano Central,Centro Comunitario de Salud Familiar Rinconada de Maipú,Maipú,LACTANCIA MATERNA EXCLUSIVA
2083,2,11,111383,A0200002,13,13119,8,7,11,Servicio de Salud Metropolitano Central,Centro de Salud Familiar Dr. Luis Ferrada,Maipú,LACTANCIA MATERNA EXCLUSIVA
2084,2,11,111383,A0200001,13,13119,12,9,19,Servicio de Salud Metropolitano Central,Centro de Salud Familiar Dr. Luis Ferrada,Maipú,MENORES CONTROLADOS
2085,5,11,111383,A0200002,13,13119,6,4,7,Servicio de Salud Metropolitano Central,Centro de Salud Familiar Dr. Luis Ferrada,Maipú,LACTANCIA MATERNA EXCLUSIVA
2086,5,11,111383,A0200001,13,13119,9,14,13,Servicio de Salud Metropolitano Central,Centro de Salud Familiar Dr. Luis Ferrada,Maipú,MENORES CONTROLADOS
2087,6,11,111400,A0200002,13,13119,2,1,1,Servicio de Salud Metropolitano Central,Centro Comunitario de Salud Familiar Rinconada de Maipú,Maipú,LACTANCIA MATERNA EXCLUSIVA
2088,6,11,111400,A0200001,13,13119,3,2,1,Servicio de Salud Metropolitano Central,Centro Comunitario de Salud Familiar Rinconada de Maipú,Maipú,MENORES CONTROLADOS
2089,9,11,111383,A0200002,13,13119,4,,6,Servicio de Salud Metropolitano Central,Centro de Salud Familiar Dr. Luis Ferrada,Maipú,LACTANCIA MATERNA EXCLUSIVA
2090,9,11,111383,A0200001,13,13119,8,2,10,Servicio de Salud Metropolitano Central,Centro de Salud Familiar Dr. Luis Ferrada,Maipú,MENORES CONTROLADOS
2091,3,11,111383,A0200002,13,13119,9,8,6,Servicio de Salud Metropolitano Central,Centro de Salud Familiar Dr. Luis Ferrada,Maipú,LACTANCIA MATERNA EXCLUSIVA
2092,3,11,111383,A0200001,13,13119,17,9,13,Servicio de Salud Metropolitano Central,Centro de Salud Familiar Dr. Luis Ferrada,Maipú,MENORES CONTROLADOS
2093,8,11,111400,A0200002,13,13119,0,2,1,Servicio de Salud Metropolitano Central,Centro Comunitario de Salud Familiar Rinconada de Maipú,Maipú,LACTANCIA MATERNA EXCLUSIVA
2094,8,11,111400,A0200001,13,13119,0,3,1,Servicio de Salud Metropolitano Central,Centro Comunitario de Salud Familiar Rinconada de Maipú,Maipú,MENORES CONTROLADOS
2095,2,11,111400,A0200002,13,13119,3,0,0,Servicio de Salud Metropolitano Central,Centro Comunitario de Salud Familiar Rinconada de Maipú,Maipú,LACTANCIA MATERNA EXCLUSIVA
2096,7,11,111383,A0200002,13,13119,7,6,11,Servicio de Salud Metropolitano Central,Centro de Salud Familiar Dr. Luis Ferrada,Maipú,LACTANCIA MATERNA EXCLUSIVA
2097,7,11,111383,A0200001,13,13119,13,8,17,Servicio de Salud Metropolitano Central,Centro de Salud Familiar Dr. Luis Ferrada,Maipú,MENORES CONTROLADOS
2098,2,11,111400,A0200001,13,13119,5,0,0,Servicio de Salud Metropolitano Central,Centro Comunitario de Salud Familiar Rinconada de Maipú,Maipú,MENORES CONTROLADOS
2099,9,11,111400,A0200002,13,13119,1,1,0,Servicio de Salud Metropolitano Central,Centro Comunitario de Salud Familiar Rinconada de Maipú,Maipú,LACTANCIA MATERNA EXCLUSIVA
2100,9,11,111400,A0200001,13,13119,1,1,2,Servicio de Salud Metropolitano Central,Centro Comunitario de Salud Familiar Rinconada de Maipú,Maipú,MENORES CONTROLADOS
2101,1,11,111383,A0200002,13,13119,4,5,9,Servicio de Salud Metropolitano Central,Centro de Salud Familiar Dr. Luis Ferrada,Maipú,LACTANCIA MATERNA EXCLUSIVA
2102,1,11,111383,A0200001,13,13119,6,11,17,Servicio de Salud Metropolitano Central,Centro de Salud Familiar Dr. Luis Ferrada,Maipú,MENORES CONTROLADOS
2103,3,11,111400,A0200002,13,13119,3,0,0,Servicio de Salud Metropolitano Central,Centro Comunitario de Salud Familiar Rinconada de Maipú,Maipú,LACTANCIA MATERNA EXCLUSIVA
2104,3,11,111400,A0200001,13,13119,5,0,0,Servicio de Salud Metropolitano Central,Centro Comunitario de Salud Familiar Rinconada de Maipú,Maipú,MENORES CONTROLADOS
2105,10,11,111383,A0200002,13,13119,13,4,5,Servicio de Salud Metropolitano Central,Centro de Salud Familiar Dr. Luis Ferrada,Maipú,LACTANCIA MATERNA EXCLUSIVA
2106,10,11,111383,A0200001,13,13119,19,13,9,Servicio de Salud Metropolitano Central,Centro de Salud Familiar Dr. Luis Ferrada,Maipú,MENORES CONTROLADOS
2107,7,11,111400,A0200002,13,13119,1,2,0,Servicio de Salud Metropolitano Central,Centro Comunitario de Salud Familiar Rinconada de Maipú,Maipú,LACTANCIA MATERNA EXCLUSIVA
2108,7,11,111400,A0200001,13,13119,2,2,1,Servicio de Salud Metropolitano Central,Centro Comunitario de Salud Familiar Rinconada de Maipú,Maipú,MENORES CONTROLADOS
2109,6,11,111383,A0200001,13,13119,16,10,5,Servicio de Salud Metropolitano Central,Centro de Salud Familiar Dr. Luis Ferrada,Maipú,MENORES CONTROLADOS
2110,6,11,111383,A0200002,13,13119,10,8,5,Servicio de Salud Metropolitano Central,Centro de Salud Familiar Dr. Luis Ferrada,Maipú,LACTANCIA MATERNA EXCLUSIVA
2111,4,11,111383,A0200002,13,13119,11,8,3,Servicio de Salud Metropolitano Central,Centro de Salud Familiar Dr. Luis Ferrada,Maipú,LACTANCIA MATERNA EXCLUSIVA
2112,4,11,111383,A0200001,13,13119,16,12,9,Servicio de Salud Metropolitano Central,Centro de Salud Familiar Dr. Luis Ferrada,Maipú,MENORES CONTROLADOS
2113,8,11,111383,A0200002,13,13119,9,4,9,Servicio de Salud Metropolitano Central,Centro de Salud Familiar Dr. Luis Ferrada,Maipú,LACTANCIA MATERNA EXCLUSIVA
2114,8,11,111383,A0200001,13,13119,14,8,17,Servicio de Salud Metropolitano Central,Centro de Salud Familiar Dr. Luis Ferrada,Maipú,MENORES CONTROLADOS
2115,10,11,111400,A0200002,13,13119,2,0,2,Servicio de Salud Metropolitano Central,Centro Comunitario de Salud Familiar Rinconada de Maipú,Maipú,LACTANCIA MATERNA EXCLUSIVA
2116,10,11,111400,A0200001,13,13119,3,0,2,Servicio de Salud Metropolitano Central,Centro Comunitario de Salud Familiar Rinconada de Maipú,Maipú,MENORES CONTROLADOS
2117,1,11,111400,A0200002,13,13119,1,0,0,Servicio de Salud Metropolitano Central,Centro Comunitario de Salud Familiar Rinconada de Maipú,Maipú,LACTANCIA MATERNA EXCLUSIVA
2118,1,11,111400,A0200001,13,13119,1,0,0,Servicio de Salud Metropolitano Central,Centro Comunitario de Salud Familiar Rinconada de Maipú,Maipú,MENORES CONTROLADOS
2119,4,11,111400,A0200002,13,13119,2,0,1,Servicio de Salud Metropolitano Central,Centro Comunitario de Salud Familiar Rinconada de Maipú,Maipú,LACTANCIA MATERNA EXCLUSIVA
2120,5,11,111400,A0200002,13,13119,0,0,3,Servicio de Salud Metropolitano Central,Centro Comunitario de Salud Familiar Rinconada de Maipú,Maipú,LACTANCIA MATERNA EXCLUSIVA
2121,5,11,111400,A0200001,13,13119,0,0,4,Servicio de Salud Metropolitano Central,Centro Comunitario de Salud Familiar Rinconada de Maipú,Maipú,MENORES CONTROLADOS
2122,4,11,111400,A0200001,13,13119,3,0,2,Servicio de Salud Metropolitano Central,Centro Comunitario de Salud Familiar Rinconada de Maipú,Maipú,MENORES CONTROLADOS
2123,12,11,111400,A0200002,13,13119,1,1,2,Servicio de Salud Metropolitano Central,Centro Comunitario de Salud Familiar Rinconada de Maipú,Maipú,LACTANCIA MATERNA EXCLUSIVA
2124,12,11,111400,A0200001,13,13119,1,1,3,Servicio de Salud Metropolitano Central,Centro Comunitario de Salud Familiar Rinconada de Maipú,Maipú,MENORES CONTROLADOS
2125,12,11,111383,A0200002,13,13119,6,2,5,Servicio de Salud Metropolitano Central,Centro de Salud Familiar Dr. Luis Ferrada,Maipú,LACTANCIA MATERNA EXCLUSIVA
2126,12,11,111383,A0200001,13,13119,11,5,8,Servicio de Salud Metropolitano Central,Centro de Salud Familiar Dr. Luis Ferrada,Maipú,MENORES CONTROLADOS
2127,2,11,201674,A0200002,13,13119,5,4,2,Servicio de Salud Metropolitano Central,CESFAM El Abrazo Dr. Salvador Allende Gossens,Maipú,LACTANCIA MATERNA EXCLUSIVA
2128,2,11,201674,A0200001,13,13119,8,8,4,Servicio de Salud Metropolitano Central,CESFAM El Abrazo Dr. Salvador Allende Gossens,Maipú,MENORES CONTROLADOS
2129,8,11,111378,A0200002,13,13119,6,8,4,Servicio de Salud Metropolitano Central,Centro de Salud Familiar Dr. Iván Insunza,Maipú,LACTANCIA MATERNA EXCLUSIVA
2130,8,11,111378,A0200001,13,13119,9,14,8,Servicio de Salud Metropolitano Central,Centro de Salud Familiar Dr. Iván Insunza,Maipú,MENORES CONTROLADOS
2131,9,11,201129,A0200001,13,13119,2,5,4,Servicio de Salud Metropolitano Central,Centro Comunitario de Salud Familiar LUMEN,Maipú,MENORES CONTROLADOS
2132,10,11,111379,A0200002,13,13119,7,2,4,Servicio de Salud Metropolitano Central,Centro de Salud Familiar Clotario Blest,Maipú,LACTANCIA MATERNA EXCLUSIVA
2133,10,11,111379,A0200001,13,13119,10,7,11,Servicio de Salud Metropolitano Central,Centro de Salud Familiar Clotario Blest,Maipú,MENORES CONTROLADOS
2134,9,11,201129,A0200002,13,13119,,3,3,Servicio de Salud Metropolitano Central,Centro Comunitario de Salud Familiar LUMEN,Maipú,LACTANCIA MATERNA EXCLUSIVA
2135,9,11,111378,A0200002,13,13119,7,10,5,Servicio de Salud Metropolitano Central,Centro de Salud Familiar Dr. Iván Insunza,Maipú,LACTANCIA MATERNA EXCLUSIVA
2136,9,11,111378,A0200001,13,13119,16,16,11,Servicio de Salud Metropolitano Central,Centro de Salud Familiar Dr. Iván Insunza,Maipú,MENORES CONTROLADOS
2137,1,11,111378,A0200002,13,13119,8,5,8,Servicio de Salud Metropolitano Central,Centro de Salud Familiar Dr. Iván Insunza,Maipú,LACTANCIA MATERNA EXCLUSIVA
2138,1,11,111378,A0200001,13,13119,10,7,13,Servicio de Salud Metropolitano Central,Centro de Salud Familiar Dr. Iván Insunza,Maipú,MENORES CONTROLADOS
2139,6,11,111379,A0200002,13,13119,6,8,5,Servicio de Salud Metropolitano Central,Centro de Salud Familiar Clotario Blest,Maipú,LACTANCIA MATERNA EXCLUSIVA
2140,8,11,201129,A0200002,13,13119,1,2,5,Servicio de Salud Metropolitano Central,Centro Comunitario de Salud Familiar LUMEN,Maipú,LACTANCIA MATERNA EXCLUSIVA
2141,8,11,201129,A0200001,13,13119,2,2,6,Servicio de Salud Metropolitano Central,Centro Comunitario de Salud Familiar LUMEN,Maipú,MENORES CONTROLADOS
2142,7,11,201129,A0200001,13,13119,7,1,2,Servicio de Salud Metropolitano Central,Centro Comunitario de Salud Familiar LUMEN,Maipú,MENORES CONTROLADOS
2143,12,11,201674,A0200002,13,13119,10,8,5,Servicio de Salud Metropolitano Central,CESFAM El Abrazo Dr. Salvador Allende Gossens,Maipú,LACTANCIA MATERNA EXCLUSIVA
2144,12,11,201674,A0200001,13,13119,16,14,15,Servicio de Salud Metropolitano Central,CESFAM El Abrazo Dr. Salvador Allende Gossens,Maipú,MENORES CONTROLADOS
2145,7,11,201129,A0200002,13,13119,4,,1,Servicio de Salud Metropolitano Central,Centro Comunitario de Salud Familiar LUMEN,Maipú,LACTANCIA MATERNA EXCLUSIVA
2146,8,11,201674,A0200002,13,13119,6,4,5,Servicio de Salud Metropolitano Central,CESFAM El Abrazo Dr. Salvador Allende Gossens,Maipú,LACTANCIA MATERNA EXCLUSIVA
2147,8,11,201674,A0200001,13,13119,14,8,7,Servicio de Salud Metropolitano Central,CESFAM El Abrazo Dr. Salvador Allende Gossens,Maipú,MENORES CONTROLADOS
2148,10,11,201129,A0200002,13,13119,2,4,1,Servicio de Salud Metropolitano Central,Centro Comunitario de Salud Familiar LUMEN,Maipú,LACTANCIA MATERNA EXCLUSIVA
2149,10,11,201129,A0200001,13,13119,5,5,2,Servicio de Salud Metropolitano Central,Centro Comunitario de Salud Familiar LUMEN,Maipú,MENORES CONTROLADOS
2150,1,11,201674,A0200001,13,13119,2,3,7,Servicio de Salud Metropolitano Central,CESFAM El Abrazo Dr. Salvador Allende Gossens,Maipú,MENORES CONTROLADOS
2151,5,11,111784,A0200001,13,13119,3,,,Servicio de Salud Metropolitano Central,Centro Comunitario de Salud Familiar Bueras,Maipú,MENORES CONTROLADOS
2152,5,11,111378,A0200002,13,13119,9,4,5,Servicio de Salud Metropolitano Central,Centro de Salud Familiar Dr. Iván Insunza,Maipú,LACTANCIA MATERNA EXCLUSIVA
2153,5,11,111378,A0200001,13,13119,19,9,10,Servicio de Salud Metropolitano Central,Centro de Salud Familiar Dr. Iván Insunza,Maipú,MENORES CONTROLADOS
2154,4,11,201129,A0200002,13,13119,4,2,2,Servicio de Salud Metropolitano Central,Centro Comunitario de Salud Familiar LUMEN,Maipú,LACTANCIA MATERNA EXCLUSIVA
2155,4,11,201129,A0200001,13,13119,4,2,3,Servicio de Salud Metropolitano Central,Centro Comunitario de Salud Familiar LUMEN,Maipú,MENORES CONTROLADOS
2156,6,11,111379,A0200001,13,13119,12,12,12,Servicio de Salud Metropolitano Central,Centro de Salud Familiar Clotario Blest,Maipú,MENORES CONTROLADOS
2157,3,11,111379,A0200001,13,13119,5,12,15,Servicio de Salud Metropolitano Central,Centro de Salud Familiar Clotario Blest,Maipú,MENORES CONTROLADOS
2158,9,11,111784,A0200002,13,13119,2,,1,Servicio de Salud Metropolitano Central,Centro Comunitario de Salud Familiar Bueras,Maipú,LACTANCIA MATERNA EXCLUSIVA
2159,9,11,111784,A0200001,13,13119,2,1,1,Servicio de Salud Metropolitano Central,Centro Comunitario de Salud Familiar Bueras,Maipú,MENORES CONTROLADOS
2160,3,11,111379,A0200002,13,13119,2,4,9,Servicio de Salud Metropolitano Central,Centro de Salud Familiar Clotario Blest,Maipú,LACTANCIA MATERNA EXCLUSIVA
2161,1,11,111379,A0200001,13,13119,9,10,14,Servicio de Salud Metropolitano Central,Centro de Salud Familiar Clotario Blest,Maipú,MENORES CONTROLADOS
2162,2,11,111784,A0200002,13,13119,,,,Servicio de Salud Metropolitano Central,Centro Comunitario de Salud Familiar Bueras,Maipú,LACTANCIA MATERNA EXCLUSIVA
2163,2,11,111784,A0200001,13,13119,,,1,Servicio de Salud Metropolitano Central,Centro Comunitario de Salud Familiar Bueras,Maipú,MENORES CONTROLADOS
2164,5,11,111379,A0200001,13,13119,12,10,18,Servicio de Salud Metropolitano Central,Centro de Salud Familiar Clotario Blest,Maipú,MENORES CONTROLADOS
2165,5,11,111379,A0200002,13,13119,10,3,9,Servicio de Salud Metropolitano Central,Centro de Salud Familiar Clotario Blest,Maipú,LACTANCIA MATERNA EXCLUSIVA
2166,2,11,111379,A0200002,13,13119,6,4,6,Servicio de Salud Metropolitano Central,Centro de Salud Familiar Clotario Blest,Maipú,LACTANCIA MATERNA EXCLUSIVA
2167,2,11,111379,A0200001,13,13119,10,13,14,Servicio de Salud Metropolitano Central,Centro de Salud Familiar Clotario Blest,Maipú,MENORES CONTROLADOS
2168,4,11,111784,A0200002,13,13119,1,,,Servicio de Salud Metropolitano Central,Centro Comunitario de Salud Familiar Bueras,Maipú,LACTANCIA MATERNA EXCLUSIVA
2169,4,11,111784,A0200001,13,13119,1,,,Servicio de Salud Metropolitano Central,Centro Comunitario de Salud Familiar Bueras,Maipú,MENORES CONTROLADOS
2170,9,11,111379,A0200002,13,13119,4,5,9,Servicio de Salud Metropolitano Central,Centro de Salud Familiar Clotario Blest,Maipú,LACTANCIA MATERNA EXCLUSIVA
2171,9,11,111379,A0200001,13,13119,5,9,13,Servicio de Salud Metropolitano Central,Centro de Salud Familiar Clotario Blest,Maipú,MENORES CONTROLADOS
2172,7,11,111378,A0200002,13,13119,9,6,6,Servicio de Salud Metropolitano Central,Centro de Salud Familiar Dr. Iván Insunza,Maipú,LACTANCIA MATERNA EXCLUSIVA
2173,7,11,111378,A0200001,13,13119,14,15,9,Servicio de Salud Metropolitano Central,Centro de Salud Familiar Dr. Iván Insunza,Maipú,MENORES CONTROLADOS
2174,2,11,111378,A0200002,13,13119,8,4,5,Servicio de Salud Metropolitano Central,Centro de Salud Familiar Dr. Iván Insunza,Maipú,LACTANCIA MATERNA EXCLUSIVA
2175,2,11,111378,A0200001,13,13119,10,7,12,Servicio de Salud Metropolitano Central,Centro de Salud Familiar Dr. Iván Insunza,Maipú,MENORES CONTROLADOS
2176,4,11,111378,A0200002,13,13119,9,3,5,Servicio de Salud Metropolitano Central,Centro de Salud Familiar Dr. Iván Insunza,Maipú,LACTANCIA MATERNA EXCLUSIVA
2177,4,11,111378,A0200001,13,13119,13,7,8,Servicio de Salud Metropolitano Central,Centro de Salud Familiar Dr. Iván Insunza,Maipú,MENORES CONTROLADOS
2178,3,11,111378,A0200001,13,13119,13,13,10,Servicio de Salud Metropolitano Central,Centro de Salud Familiar Dr. Iván Insunza,Maipú,MENORES CONTROLADOS
2179,6,11,111784,A0200002,13,13119,,1,,Servicio de Salud Metropolitano Central,Centro Comunitario de Salud Familiar Bueras,Maipú,LACTANCIA MATERNA EXCLUSIVA
2180,6,11,111784,A0200001,13,13119,,1,,Servicio de Salud Metropolitano Central,Centro Comunitario de Salud Familiar Bueras,Maipú,MENORES CONTROLADOS
2181,2,11,201129,A0200002,13,13119,1,,2,Servicio de Salud Metropolitano Central,Centro Comunitario de Salud Familiar LUMEN,Maipú,LACTANCIA MATERNA EXCLUSIVA
2182,2,11,201129,A0200001,13,13119,2,2,2,Servicio de Salud Metropolitano Central,Centro Comunitario de Salud Familiar LUMEN,Maipú,MENORES CONTROLADOS
2183,4,11,201674,A0200002,13,13119,7,4,2,Servicio de Salud Metropolitano Central,CESFAM El Abrazo Dr. Salvador Allende Gossens,Maipú,LACTANCIA MATERNA EXCLUSIVA
2184,4,11,201674,A0200001,13,13119,10,7,8,Servicio de Salud Metropolitano Central,CESFAM El Abrazo Dr. Salvador Allende Gossens,Maipú,MENORES CONTROLADOS
2185,7,11,111379,A0200002,13,13119,6,6,6,Servicio de Salud Metropolitano Central,Centro de Salud Familiar Clotario Blest,Maipú,LACTANCIA MATERNA EXCLUSIVA
2186,7,11,111379,A0200001,13,13119,14,9,14,Servicio de Salud Metropolitano Central,Centro de Salud Familiar Clotario Blest,Maipú,MENORES CONTROLADOS
2187,5,11,111784,A0200002,13,13119,2,,,Servicio de Salud Metropolitano Central,Centro Comunitario de Salud Familiar Bueras,Maipú,LACTANCIA MATERNA EXCLUSIVA
2188,3,11,111378,A0200002,13,13119,6,6,7,Servicio de Salud Metropolitano Central,Centro de Salud Familiar Dr. Iván Insunza,Maipú,LACTANCIA MATERNA EXCLUSIVA
2189,11,11,201674,A0200002,13,13119,12,9,7,Servicio de Salud Metropolitano Central,CESFAM El Abrazo Dr. Salvador Allende Gossens,Maipú,LACTANCIA MATERNA EXCLUSIVA
2190,11,11,201674,A0200001,13,13119,17,19,13,Servicio de Salud Metropolitano Central,CESFAM El Abrazo Dr. Salvador Allende Gossens,Maipú,MENORES CONTROLADOS
2191,11,11,111378,A0200002,13,13119,6,5,7,Servicio de Salud Metropolitano Central,Centro de Salud Familiar Dr. Iván Insunza,Maipú,LACTANCIA MATERNA EXCLUSIVA
2192,11,11,111378,A0200001,13,13119,9,14,11,Servicio de Salud Metropolitano Central,Centro de Salud Familiar Dr. Iván Insunza,Maipú,MENORES CONTROLADOS
2193,11,11,201129,A0200002,13,13119,2,,1,Servicio de Salud Metropolitano Central,Centro Comunitario de Salud Familiar LUMEN,Maipú,LACTANCIA MATERNA EXCLUSIVA
2194,11,11,201129,A0200001,13,13119,2,1,2,Servicio de Salud Metropolitano Central,Centro Comunitario de Salud Familiar LUMEN,Maipú,MENORES CONTROLADOS
2195,11,11,111784,A0200001,13,13119,,,,Servicio de Salud Metropolitano Central,Centro Comunitario de Salud Familiar Bueras,Maipú,MENORES CONTROLADOS
2196,8,11,111379,A0200002,13,13119,4,4,4,Servicio de Salud Metropolitano Central,Centro de Salud Familiar Clotario Blest,Maipú,LACTANCIA MATERNA EXCLUSIVA
2197,8,11,111379,A0200001,13,13119,7,9,8,Servicio de Salud Metropolitano Central,Centro de Salud Familiar Clotario Blest,Maipú,MENORES CONTROLADOS
2198,1,11,201129,A0200001,13,13119,2,2,2,Servicio de Salud Metropolitano Central,Centro Comunitario de Salud Familiar LUMEN,Maipú,MENORES CONTROLADOS
2199,1,11,201129,A0200002,13,13119,2,2,2,Servicio de Salud Metropolitano Central,Centro Comunitario de Salud Familiar LUMEN,Maipú,LACTANCIA MATERNA EXCLUSIVA
2200,10,11,201674,A0200002,13,13119,9,6,6,Servicio de Salud Metropolitano Central,CESFAM El Abrazo Dr. Salvador Allende Gossens,Maipú,LACTANCIA MATERNA EXCLUSIVA
2201,10,11,201674,A0200001,13,13119,17,13,10,Servicio de Salud Metropolitano Central,CESFAM El Abrazo Dr. Salvador Allende Gossens,Maipú,MENORES CONTROLADOS
2202,10,11,111784,A0200002,13,13119,,2,2,Servicio de Salud Metropolitano Central,Centro Comunitario de Salud Familiar Bueras,Maipú,LACTANCIA MATERNA EXCLUSIVA
2203,10,11,111784,A0200001,13,13119,,2,4,Servicio de Salud Metropolitano Central,Centro Comunitario de Salud Familiar Bueras,Maipú,MENORES CONTROLADOS
2204,7,11,201674,A0200002,13,13119,4,6,8,Servicio de Salud Metropolitano Central,CESFAM El Abrazo Dr. Salvador Allende Gossens,Maipú,LACTANCIA MATERNA EXCLUSIVA
2205,7,11,201674,A0200001,13,13119,7,10,11,Servicio de Salud Metropolitano Central,CESFAM El Abrazo Dr. Salvador Allende Gossens,Maipú,MENORES CONTROLADOS
2206,5,11,201129,A0200002,13,13119,1,4,2,Servicio de Salud Metropolitano Central,Centro Comunitario de Salud Familiar LUMEN,Maipú,LACTANCIA MATERNA EXCLUSIVA
2207,5,11,201129,A0200001,13,13119,1,4,4,Servicio de Salud Metropolitano Central,Centro Comunitario de Salud Familiar LUMEN,Maipú,MENORES CONTROLADOS
2208,5,11,201674,A0200002,13,13119,5,3,5,Servicio de Salud Metropolitano Central,CESFAM El Abrazo Dr. Salvador Allende Gossens,Maipú,LACTANCIA MATERNA EXCLUSIVA
2209,5,11,201674,A0200001,13,13119,11,4,9,Servicio de Salud Metropolitano Central,CESFAM El Abrazo Dr. Salvador Allende Gossens,Maipú,MENORES CONTROLADOS
2210,6,11,201674,A0200001,13,13119,9,3,8,Servicio de Salud Metropolitano Central,CESFAM El Abrazo Dr. Salvador Allende Gossens,Maipú,MENORES CONTROLADOS
2211,8,11,111784,A0200002,13,13119,1,1,,Servicio de Salud Metropolitano Central,Centro Comunitario de Salud Familiar Bueras,Maipú,LACTANCIA MATERNA EXCLUSIVA
2212,8,11,111784,A0200001,13,13119,3,1,,Servicio de Salud Metropolitano Central,Centro Comunitario de Salud Familiar Bueras,Maipú,MENORES CONTROLADOS
2213,12,11,111379,A0200002,13,13119,4,3,6,Servicio de Salud Metropolitano Central,Centro de Salud Familiar Clotario Blest,Maipú,LACTANCIA MATERNA EXCLUSIVA
2214,12,11,111379,A0200001,13,13119,8,8,13,Servicio de Salud Metropolitano Central,Centro de Salud Familiar Clotario Blest,Maipú,MENORES CONTROLADOS
2215,9,11,201674,A0200002,13,13119,13,2,7,Servicio de Salud Metropolitano Central,CESFAM El Abrazo Dr. Salvador Allende Gossens,Maipú,LACTANCIA MATERNA EXCLUSIVA
2216,9,11,201674,A0200001,13,13119,18,8,10,Servicio de Salud Metropolitano Central,CESFAM El Abrazo Dr. Salvador Allende Gossens,Maipú,MENORES CONTROLADOS
2217,11,11,111379,A0200001,13,13119,10,5,11,Servicio de Salud Metropolitano Central,Centro de Salud Familiar Clotario Blest,Maipú,MENORES CONTROLADOS
2218,7,11,111784,A0200002,13,13119,0,1,1,Servicio de Salud Metropolitano Central,Centro Comunitario de Salud Familiar Bueras,Maipú,LACTANCIA MATERNA EXCLUSIVA
2219,7,11,111784,A0200001,13,13119,1,2,1,Servicio de Salud Metropolitano Central,Centro Comunitario de Salud Familiar Bueras,Maipú,MENORES CONTROLADOS
2220,11,11,111379,A0200002,13,13119,7,4,2,Servicio de Salud Metropolitano Central,Centro de Salud Familiar Clotario Blest,Maipú,LACTANCIA MATERNA EXCLUSIVA
2221,6,11,201129,A0200002,13,13119,3,3,2,Servicio de Salud Metropolitano Central,Centro Comunitario de Salud Familiar LUMEN,Maipú,LACTANCIA MATERNA EXCLUSIVA
2222,6,11,201129,A0200001,13,13119,4,3,2,Servicio de Salud Metropolitano Central,Centro Comunitario de Salud Familiar LUMEN,Maipú,MENORES CONTROLADOS
2223,10,11,111378,A0200002,13,13119,10,5,6,Servicio de Salud Metropolitano Central,Centro de Salud Familiar Dr. Iván Insunza,Maipú,LACTANCIA MATERNA EXCLUSIVA
2224,10,11,111378,A0200001,13,13119,3,7,12,Servicio de Salud Metropolitano Central,Centro de Salud Familiar Dr. Iván Insunza,Maipú,MENORES CONTROLADOS
2225,1,11,111784,A0200001,13,13119,,,1,Servicio de Salud Metropolitano Central,Centro Comunitario de Salud Familiar Bueras,Maipú,MENORES CONTROLADOS
2226,6,11,111378,A0200001,13,13119,12,11,4,Servicio de Salud Metropolitano Central,Centro de Salud Familiar Dr. Iván Insunza,Maipú,MENORES CONTROLADOS
2227,6,11,111378,A0200002,13,13119,5,7,2,Servicio de Salud Metropolitano Central,Centro de Salud Familiar Dr. Iván Insunza,Maipú,LACTANCIA MATERNA EXCLUSIVA
2228,6,11,201674,A0200002,13,13119,6,2,4,Servicio de Salud Metropolitano Central,CESFAM El Abrazo Dr. Salvador Allende Gossens,Maipú,LACTANCIA MATERNA EXCLUSIVA
2229,1,11,201674,A0200002,13,13119,0,3,4,Servicio de Salud Metropolitano Central,CESFAM El Abrazo Dr. Salvador Allende Gossens,Maipú,LACTANCIA MATERNA EXCLUSIVA
2230,12,11,111378,A0200002,13,13119,13,3,4,Servicio de Salud Metropolitano Central,Centro de Salud Familiar Dr. Iván Insunza,Maipú,LACTANCIA MATERNA EXCLUSIVA
2231,12,11,111378,A0200001,13,13119,16,8,6,Servicio de Salud Metropolitano Central,Centro de Salud Familiar Dr. Iván Insunza,Maipú,MENORES CONTROLADOS
2232,12,11,201129,A0200001,13,13119,2,6,6,Servicio de Salud Metropolitano Central,Centro Comunitario de Salud Familiar LUMEN,Maipú,MENORES CONTROLADOS
2233,12,11,201129,A0200002,13,13119,1,1,3,Servicio de Salud Metropolitano Central,Centro Comunitario de Salud Familiar LUMEN,Maipú,LACTANCIA MATERNA EXCLUSIVA
2234,12,11,111784,A0200002,13,13119,,1,2,Servicio de Salud Metropolitano Central,Centro Comunitario de Salud Familiar Bueras,Maipú,LACTANCIA MATERNA EXCLUSIVA
2235,12,11,111784,A0200001,13,13119,1,1,2,Servicio de Salud Metropolitano Central,Centro Comunitario de Salud Familiar Bueras,Maipú,MENORES CONTROLADOS
2236,1,11,111379,A0200002,13,13119,5,8,4,Servicio de Salud Metropolitano Central,Centro de Salud Familiar Clotario Blest,Maipú,LACTANCIA MATERNA EXCLUSIVA
2237,3,11,111784,A0200002,13,13119,1,,,Servicio de Salud Metropolitano Central,Centro Comunitario de Salud Familiar Bueras,Maipú,LACTANCIA MATERNA EXCLUSIVA
2238,3,11,111784,A0200001,13,13119,1,,,Servicio de Salud Metropolitano Central,Centro Comunitario de Salud Familiar Bueras,Maipú,MENORES CONTROLADOS
2239,3,11,201674,A0200002,13,13119,3,3,1,Servicio de Salud Metropolitano Central,CESFAM El Abrazo Dr. Salvador Allende Gossens,Maipú,LACTANCIA MATERNA EXCLUSIVA
2240,3,11,201674,A0200001,13,13119,4,3,4,Servicio de Salud Metropolitano Central,CESFAM El Abrazo Dr. Salvador Allende Gossens,Maipú,MENORES CONTROLADOS
2241,4,11,111379,A0200002,13,13119,10,3,13,Servicio de Salud Metropolitano Central,Centro de Salud Familiar Clotario Blest,Maipú,LACTANCIA MATERNA EXCLUSIVA
2242,4,11,111379,A0200001,13,13119,17,8,17,Servicio de Salud Metropolitano Central,Centro de Salud Familiar Clotario Blest,Maipú,MENORES CONTROLADOS
2243,3,11,201129,A0200002,13,13119,3,3,1,Servicio de Salud Metropolitano Central,Centro Comunitario de Salud Familiar LUMEN,Maipú,LACTANCIA MATERNA EXCLUSIVA
2244,3,11,201129,A0200001,13,13119,5,3,3,Servicio de Salud Metropolitano Central,Centro Comunitario de Salud Familiar LUMEN,Maipú,MENORES CONTROLADOS
2245,1,11,111308,A0200001,13,13119,14,18,21,Servicio de Salud Metropolitano Central,Centro de Salud Familiar Dr. José Eduardo Ahués Salame,Maipú,MENORES CONTROLADOS
2246,4,11,111308,A0200002,13,13119,13,5,11,Servicio de Salud Metropolitano Central,Centro de Salud Familiar Dr. José Eduardo Ahués Salame,Maipú,LACTANCIA MATERNA EXCLUSIVA
2247,4,11,111308,A0200001,13,13119,16,7,18,Servicio de Salud Metropolitano Central,Centro de Salud Familiar Dr. José Eduardo Ahués Salame,Maipú,MENORES CONTROLADOS
2248,1,11,111308,A0200002,13,13119,11,16,12,Servicio de Salud Metropolitano Central,Centro de Salud Familiar Dr. José Eduardo Ahués Salame,Maipú,LACTANCIA MATERNA EXCLUSIVA
2249,6,11,111308,A0200002,13,13119,16,11,5,Servicio de Salud Metropolitano Central,Centro de Salud Familiar Dr. José Eduardo Ahués Salame,Maipú,LACTANCIA MATERNA EXCLUSIVA
2250,6,11,111308,A0200001,13,13119,19,16,11,Servicio de Salud Metropolitano Central,Centro de Salud Familiar Dr. José Eduardo Ahués Salame,Maipú,MENORES CONTROLADOS
2251,3,11,200643,A0200002,13,13119,2,4,1,Servicio de Salud Metropolitano Central,Centro Comunitario de Salud Familiar Los Bosquinos,Maipú,LACTANCIA MATERNA EXCLUSIVA
2252,3,11,200643,A0200001,13,13119,3,4,2,Servicio de Salud Metropolitano Central,Centro Comunitario de Salud Familiar Los Bosquinos,Maipú,MENORES CONTROLADOS
2253,7,11,111783,A0200001,13,13119,2,1,2,Servicio de Salud Metropolitano Central,Centro Comunitario de Salud Familiar Lo Errázuriz,Maipú,MENORES CONTROLADOS
2254,2,11,111308,A0200001,13,13119,13,15,12,Servicio de Salud Metropolitano Central,Centro de Salud Familiar Dr. José Eduardo Ahués Salame,Maipú,MENORES CONTROLADOS
2255,7,11,111783,A0200002,13,13119,,,1,Servicio de Salud Metropolitano Central,Centro Comunitario de Salud Familiar Lo Errázuriz,Maipú,LACTANCIA MATERNA EXCLUSIVA
2256,2,11,111783,A0200002,13,13119,,1,2,Servicio de Salud Metropolitano Central,Centro Comunitario de Salud Familiar Lo Errázuriz,Maipú,LACTANCIA MATERNA EXCLUSIVA
2257,2,11,111783,A0200001,13,13119,1,1,3,Servicio de Salud Metropolitano Central,Centro Comunitario de Salud Familiar Lo Errázuriz,Maipú,MENORES CONTROLADOS
2258,3,11,111308,A0200002,13,13119,11,7,13,Servicio de Salud Metropolitano Central,Centro de Salud Familiar Dr. José Eduardo Ahués Salame,Maipú,LACTANCIA MATERNA EXCLUSIVA
2259,3,11,111308,A0200001,13,13119,13,10,26,Servicio de Salud Metropolitano Central,Centro de Salud Familiar Dr. José Eduardo Ahués Salame,Maipú,MENORES CONTROLADOS
2260,1,11,200643,A0200002,13,13119,4,2,2,Servicio de Salud Metropolitano Central,Centro Comunitario de Salud Familiar Los Bosquinos,Maipú,LACTANCIA MATERNA EXCLUSIVA
2261,1,11,200643,A0200001,13,13119,6,3,3,Servicio de Salud Metropolitano Central,Centro Comunitario de Salud Familiar Los Bosquinos,Maipú,MENORES CONTROLADOS
2262,8,11,111783,A0200001,13,13119,,2,1,Servicio de Salud Metropolitano Central,Centro Comunitario de Salud Familiar Lo Errázuriz,Maipú,MENORES CONTROLADOS
2263,7,11,111308,A0200002,13,13119,10,9,11,Servicio de Salud Metropolitano Central,Centro de Salud Familiar Dr. José Eduardo Ahués Salame,Maipú,LACTANCIA MATERNA EXCLUSIVA
2264,1,11,111783,A0200002,13,13119,,2,1,Servicio de Salud Metropolitano Central,Centro Comunitario de Salud Familiar Lo Errázuriz,Maipú,LACTANCIA MATERNA EXCLUSIVA
2265,1,11,111783,A0200001,13,13119,0,5,3,Servicio de Salud Metropolitano Central,Centro Comunitario de Salud Familiar Lo Errázuriz,Maipú,MENORES CONTROLADOS
2266,7,11,200643,A0200002,13,13119,2,0,3,Servicio de Salud Metropolitano Central,Centro Comunitario de Salud Familiar Los Bosquinos,Maipú,LACTANCIA MATERNA EXCLUSIVA
2267,10,11,111308,A0200002,13,13119,14,10,11,Servicio de Salud Metropolitano Central,Centro de Salud Familiar Dr. José Eduardo Ahués Salame,Maipú,LACTANCIA MATERNA EXCLUSIVA
2268,8,11,200643,A0200002,13,13119,1,0,1,Servicio de Salud Metropolitano Central,Centro Comunitario de Salud Familiar Los Bosquinos,Maipú,LACTANCIA MATERNA EXCLUSIVA
2269,8,11,200643,A0200001,13,13119,1,2,2,Servicio de Salud Metropolitano Central,Centro Comunitario de Salud Familiar Los Bosquinos,Maipú,MENORES CONTROLADOS
2270,9,11,111308,A0200002,13,13119,4,13,11,Servicio de Salud Metropolitano Central,Centro de Salud Familiar Dr. José Eduardo Ahués Salame,Maipú,LACTANCIA MATERNA EXCLUSIVA
2271,9,11,111308,A0200001,13,13119,8,18,20,Servicio de Salud Metropolitano Central,Centro de Salud Familiar Dr. José Eduardo Ahués Salame,Maipú,MENORES CONTROLADOS
2272,6,11,111783,A0200002,13,13119,1,,,Servicio de Salud Metropolitano Central,Centro Comunitario de Salud Familiar Lo Errázuriz,Maipú,LACTANCIA MATERNA EXCLUSIVA
2273,6,11,111783,A0200001,13,13119,2,,,Servicio de Salud Metropolitano Central,Centro Comunitario de Salud Familiar Lo Errázuriz,Maipú,MENORES CONTROLADOS
2274,10,11,111308,A0200001,13,13119,16,12,15,Servicio de Salud Metropolitano Central,Centro de Salud Familiar Dr. José Eduardo Ahués Salame,Maipú,MENORES CONTROLADOS
2275,8,11,111308,A0200001,13,13119,17,21,17,Servicio de Salud Metropolitano Central,Centro de Salud Familiar Dr. José Eduardo Ahués Salame,Maipú,MENORES CONTROLADOS
2276,8,11,111783,A0200002,13,13119,,1,,Servicio de Salud Metropolitano Central,Centro Comunitario de Salud Familiar Lo Errázuriz,Maipú,LACTANCIA MATERNA EXCLUSIVA
2277,12,11,111308,A0200001,13,13119,12,15,19,Servicio de Salud Metropolitano Central,Centro de Salud Familiar Dr. José Eduardo Ahués Salame,Maipú,MENORES CONTROLADOS
2278,12,11,111308,A0200002,13,13119,8,10,8,Servicio de Salud Metropolitano Central,Centro de Salud Familiar Dr. José Eduardo Ahués Salame,Maipú,LACTANCIA MATERNA EXCLUSIVA
2279,7,11,111308,A0200001,13,13119,16,16,19,Servicio de Salud Metropolitano Central,Centro de Salud Familiar Dr. José Eduardo Ahués Salame,Maipú,MENORES CONTROLADOS
2280,12,11,111783,A0200002,13,13119,1,,1,Servicio de Salud Metropolitano Central,Centro Comunitario de Salud Familiar Lo Errázuriz,Maipú,LACTANCIA MATERNA EXCLUSIVA
2281,12,11,111783,A0200001,13,13119,1,,2,Servicio de Salud Metropolitano Central,Centro Comunitario de Salud Familiar Lo Errázuriz,Maipú,MENORES CONTROLADOS
2282,2,11,200643,A0200001,13,13119,2,1,2,Servicio de Salud Metropolitano Central,Centro Comunitario de Salud Familiar Los Bosquinos,Maipú,MENORES CONTROLADOS
2283,7,11,200643,A0200001,13,13119,2,2,3,Servicio de Salud Metropolitano Central,Centro Comunitario de Salud Familiar Los Bosquinos,Maipú,MENORES CONTROLADOS
2284,2,11,200643,A0200002,13,13119,2,1,1,Servicio de Salud Metropolitano Central,Centro Comunitario de Salud Familiar Los Bosquinos,Maipú,LACTANCIA MATERNA EXCLUSIVA
2285,3,11,111783,A0200002,13,13119,2,,1,Servicio de Salud Metropolitano Central,Centro Comunitario de Salud Familiar Lo Errázuriz,Maipú,LACTANCIA MATERNA EXCLUSIVA
2286,9,11,200643,A0200002,13,13119,1,1,2,Servicio de Salud Metropolitano Central,Centro Comunitario de Salud Familiar Los Bosquinos,Maipú,LACTANCIA MATERNA EXCLUSIVA
2287,9,11,200643,A0200001,13,13119,2,1,2,Servicio de Salud Metropolitano Central,Centro Comunitario de Salud Familiar Los Bosquinos,Maipú,MENORES CONTROLADOS
2288,3,11,111783,A0200001,13,13119,3,1,4,Servicio de Salud Metropolitano Central,Centro Comunitario de Salud Familiar Lo Errázuriz,Maipú,MENORES CONTROLADOS
2289,5,11,111783,A0200002,13,13119,1,,1,Servicio de Salud Metropolitano Central,Centro Comunitario de Salud Familiar Lo Errázuriz,Maipú,LACTANCIA MATERNA EXCLUSIVA
2290,5,11,111783,A0200001,13,13119,2,2,1,Servicio de Salud Metropolitano Central,Centro Comunitario de Salud Familiar Lo Errázuriz,Maipú,MENORES CONTROLADOS
2291,8,11,111308,A0200002,13,13119,12,16,9,Servicio de Salud Metropolitano Central,Centro de Salud Familiar Dr. José Eduardo Ahués Salame,Maipú,LACTANCIA MATERNA EXCLUSIVA
2292,11,11,111783,A0200002,13,13119,1,,,Servicio de Salud Metropolitano Central,Centro Comunitario de Salud Familiar Lo Errázuriz,Maipú,LACTANCIA MATERNA EXCLUSIVA
2293,11,11,111783,A0200001,13,13119,1,2,2,Servicio de Salud Metropolitano Central,Centro Comunitario de Salud Familiar Lo Errázuriz,Maipú,MENORES CONTROLADOS
2294,9,11,111783,A0200002,13,13119,1,,1,Servicio de Salud Metropolitano Central,Centro Comunitario de Salud Familiar Lo Errázuriz,Maipú,LACTANCIA MATERNA EXCLUSIVA
2295,9,11,111783,A0200001,13,13119,2,1,2,Servicio de Salud Metropolitano Central,Centro Comunitario de Salud Familiar Lo Errázuriz,Maipú,MENORES CONTROLADOS
2296,2,11,111308,A0200002,13,13119,7,8,8,Servicio de Salud Metropolitano Central,Centro de Salud Familiar Dr. José Eduardo Ahués Salame,Maipú,LACTANCIA MATERNA EXCLUSIVA
2297,4,11,111783,A0200002,13,13119,,,1,Servicio de Salud Metropolitano Central,Centro Comunitario de Salud Familiar Lo Errázuriz,Maipú,LACTANCIA MATERNA EXCLUSIVA
2298,4,11,111783,A0200001,13,13119,,1,1,Servicio de Salud Metropolitano Central,Centro Comunitario de Salud Familiar Lo Errázuriz,Maipú,MENORES CONTROLADOS
2299,6,11,200643,A0200001,13,13119,4,3,7,Servicio de Salud Metropolitano Central,Centro Comunitario de Salud Familiar Los Bosquinos,Maipú,MENORES CONTROLADOS
2300,6,11,200643,A0200002,13,13119,2,2,7,Servicio de Salud Metropolitano Central,Centro Comunitario de Salud Familiar Los Bosquinos,Maipú,LACTANCIA MATERNA EXCLUSIVA
2301,10,11,200643,A0200002,13,13119,0,1,0,Servicio de Salud Metropolitano Central,Centro Comunitario de Salud Familiar Los Bosquinos,Maipú,LACTANCIA MATERNA EXCLUSIVA
2302,10,11,200643,A0200001,13,13119,0,2,2,Servicio de Salud Metropolitano Central,Centro Comunitario de Salud Familiar Los Bosquinos,Maipú,MENORES CONTROLADOS
2303,10,11,111783,A0200002,13,13119,1,1,3,Servicio de Salud Metropolitano Central,Centro Comunitario de Salud Familiar Lo Errázuriz,Maipú,LACTANCIA MATERNA EXCLUSIVA
2304,10,11,111783,A0200001,13,13119,1,2,5,Servicio de Salud Metropolitano Central,Centro Comunitario de Salud Familiar Lo Errázuriz,Maipú,MENORES CONTROLADOS
2305,5,11,111308,A0200002,13,13119,9,11,10,Servicio de Salud Metropolitano Central,Centro de Salud Familiar Dr. José Eduardo Ahués Salame,Maipú,LACTANCIA MATERNA EXCLUSIVA
2306,5,11,111308,A0200001,13,13119,13,17,25,Servicio de Salud Metropolitano Central,Centro de Salud Familiar Dr. José Eduardo Ahués Salame,Maipú,MENORES CONTROLADOS
2307,4,11,200643,A0200002,13,13119,1,3,1,Servicio de Salud Metropolitano Central,Centro Comunitario de Salud Familiar Los Bosquinos,Maipú,LACTANCIA MATERNA EXCLUSIVA
2308,4,11,200643,A0200001,13,13119,3,3,1,Servicio de Salud Metropolitano Central,Centro Comunitario de Salud Familiar Los Bosquinos,Maipú,MENORES CONTROLADOS
2309,11,11,200643,A0200002,13,13119,2,0,0,Servicio de Salud Metropolitano Central,Centro Comunitario de Salud Familiar Los Bosquinos,Maipú,LACTANCIA MATERNA EXCLUSIVA
2310,11,11,200643,A0200001,13,13119,3,2,1,Servicio de Salud Metropolitano Central,Centro Comunitario de Salud Familiar Los Bosquinos,Maipú,MENORES CONTROLADOS
2311,5,11,200643,A0200002,13,13119,0,0,1,Servicio de Salud Metropolitano Central,Centro Comunitario de Salud Familiar Los Bosquinos,Maipú,LACTANCIA MATERNA EXCLUSIVA
2312,5,11,200643,A0200001,13,13119,2,0,2,Servicio de Salud Metropolitano Central,Centro Comunitario de Salud Familiar Los Bosquinos,Maipú,MENORES CONTROLADOS
2313,11,11,111308,A0200001,13,13119,20,11,25,Servicio de Salud Metropolitano Central,Centro de Salud Familiar Dr. José Eduardo Ahués Salame,Maipú,MENORES CONTROLADOS
2314,11,11,111308,A0200002,13,13119,17,10,13,Servicio de Salud Metropolitano Central,Centro de Salud Familiar Dr. José Eduardo Ahués Salame,Maipú,LACTANCIA MATERNA EXCLUSIVA
2315,12,11,200643,A0200002,13,13119,,,0,Servicio de Salud Metropolitano Central,Centro Comunitario de Salud Familiar Los Bosquinos,Maipú,LACTANCIA MATERNA EXCLUSIVA
2316,12,11,200643,A0200001,13,13119,,,1,Servicio de Salud Metropolitano Central,Centro Comunitario de Salud Familiar Los Bosquinos,Maipú,MENORES CONTROLADOS
2317,9,11,111304,A0200002,13,13119,8,9,10,Servicio de Salud Metropolitano Central,Centro de Salud Familiar Maipú,Maipú,LACTANCIA MATERNA EXCLUSIVA
2318,9,11,111304,A0200001,13,13119,18,17,14,Servicio de Salud Metropolitano Central,Centro de Salud Familiar Maipú,Maipú,MENORES CONTROLADOS
2319,10,11,111304,A0200002,13,13119,11,5,4,Servicio de Salud Metropolitano Central,Centro de Salud Familiar Maipú,Maipú,LACTANCIA MATERNA EXCLUSIVA
2320,10,11,111304,A0200001,13,13119,18,10,13,Servicio de Salud Metropolitano Central,Centro de Salud Familiar Maipú,Maipú,MENORES CONTROLADOS
2321,7,11,111704,A0200002,13,13119,0,2,3,Servicio de Salud Metropolitano Central,Centro Comunitario de Salud Familiar Futramapu,Maipú,LACTANCIA MATERNA EXCLUSIVA
2322,6,11,111304,A0200001,13,13119,21,15,15,Servicio de Salud Metropolitano Central,Centro de Salud Familiar Maipú,Maipú,MENORES CONTROLADOS
2323,6,11,111304,A0200002,13,13119,12,8,6,Servicio de Salud Metropolitano Central,Centro de Salud Familiar Maipú,Maipú,LACTANCIA MATERNA EXCLUSIVA
2324,8,11,111304,A0200001,13,13119,10,15,12,Servicio de Salud Metropolitano Central,Centro de Salud Familiar Maipú,Maipú,MENORES CONTROLADOS
2325,7,11,111704,A0200001,13,13119,0,4,4,Servicio de Salud Metropolitano Central,Centro Comunitario de Salud Familiar Futramapu,Maipú,MENORES CONTROLADOS
2326,6,11,111704,A0200002,13,13119,1,0,1,Servicio de Salud Metropolitano Central,Centro Comunitario de Salud Familiar Futramapu,Maipú,LACTANCIA MATERNA EXCLUSIVA
2327,6,11,111704,A0200001,13,13119,1,0,2,Servicio de Salud Metropolitano Central,Centro Comunitario de Salud Familiar Futramapu,Maipú,MENORES CONTROLADOS
2328,8,11,111304,A0200002,13,13119,7,8,6,Servicio de Salud Metropolitano Central,Centro de Salud Familiar Maipú,Maipú,LACTANCIA MATERNA EXCLUSIVA
2329,10,11,111704,A0200002,13,13119,3,,1,Servicio de Salud Metropolitano Central,Centro Comunitario de Salud Familiar Futramapu,Maipú,LACTANCIA MATERNA EXCLUSIVA
2330,10,11,111704,A0200001,13,13119,4,,2,Servicio de Salud Metropolitano Central,Centro Comunitario de Salud Familiar Futramapu,Maipú,MENORES CONTROLADOS
2331,12,11,111704,A0200002,13,13119,1,1,1,Servicio de Salud Metropolitano Central,Centro Comunitario de Salud Familiar Futramapu,Maipú,LACTANCIA MATERNA EXCLUSIVA
2332,3,11,111304,A0200002,13,13119,14,11,3,Servicio de Salud Metropolitano Central,Centro de Salud Familiar Maipú,Maipú,LACTANCIA MATERNA EXCLUSIVA
2333,3,11,111304,A0200001,13,13119,20,21,10,Servicio de Salud Metropolitano Central,Centro de Salud Familiar Maipú,Maipú,MENORES CONTROLADOS
2334,4,11,111304,A0200002,13,13119,7,9,10,Servicio de Salud Metropolitano Central,Centro de Salud Familiar Maipú,Maipú,LACTANCIA MATERNA EXCLUSIVA
2335,4,11,111304,A0200001,13,13119,9,19,16,Servicio de Salud Metropolitano Central,Centro de Salud Familiar Maipú,Maipú,MENORES CONTROLADOS
2336,7,11,111304,A0200002,13,13119,3,9,14,Servicio de Salud Metropolitano Central,Centro de Salud Familiar Maipú,Maipú,LACTANCIA MATERNA EXCLUSIVA
2337,7,11,111304,A0200001,13,13119,14,19,30,Servicio de Salud Metropolitano Central,Centro de Salud Familiar Maipú,Maipú,MENORES CONTROLADOS
2338,5,11,111304,A0200002,13,13119,9,5,4,Servicio de Salud Metropolitano Central,Centro de Salud Familiar Maipú,Maipú,LACTANCIA MATERNA EXCLUSIVA
2339,5,11,111304,A0200001,13,13119,16,12,8,Servicio de Salud Metropolitano Central,Centro de Salud Familiar Maipú,Maipú,MENORES CONTROLADOS
2340,5,11,111704,A0200002,13,13119,1,2,2,Servicio de Salud Metropolitano Central,Centro Comunitario de Salud Familiar Futramapu,Maipú,LACTANCIA MATERNA EXCLUSIVA
2341,5,11,111704,A0200001,13,13119,1,2,5,Servicio de Salud Metropolitano Central,Centro Comunitario de Salud Familiar Futramapu,Maipú,MENORES CONTROLADOS
2342,9,11,111704,A0200002,13,13119,0,0,3,Servicio de Salud Metropolitano Central,Centro Comunitario de Salud Familiar Futramapu,Maipú,LACTANCIA MATERNA EXCLUSIVA
2343,9,11,111704,A0200001,13,13119,0,0,3,Servicio de Salud Metropolitano Central,Centro Comunitario de Salud Familiar Futramapu,Maipú,MENORES CONTROLADOS
2344,8,11,111704,A0200002,13,13119,,0,3,Servicio de Salud Metropolitano Central,Centro Comunitario de Salud Familiar Futramapu,Maipú,LACTANCIA MATERNA EXCLUSIVA
2345,8,11,111704,A0200001,13,13119,0,1,4,Servicio de Salud Metropolitano Central,Centro Comunitario de Salud Familiar Futramapu,Maipú,MENORES CONTROLADOS
2346,2,11,111304,A0200002,13,13119,9,4,4,Servicio de Salud Metropolitano Central,Centro de Salud Familiar Maipú,Maipú,LACTANCIA MATERNA EXCLUSIVA
2347,2,11,111304,A0200001,13,13119,15,10,6,Servicio de Salud Metropolitano Central,Centro de Salud Familiar Maipú,Maipú,MENORES CONTROLADOS
2348,12,11,111304,A0200002,13,13119,6,8,8,Servicio de Salud Metropolitano Central,Centro de Salud Familiar Maipú,Maipú,LACTANCIA MATERNA EXCLUSIVA
2349,12,11,111304,A0200001,13,13119,9,17,16,Servicio de Salud Metropolitano Central,Centro de Salud Familiar Maipú,Maipú,MENORES CONTROLADOS
2350,3,11,111704,A0200002,13,13119,1,0,1,Servicio de Salud Metropolitano Central,Centro Comunitario de Salud Familiar Futramapu,Maipú,LACTANCIA MATERNA EXCLUSIVA
2351,3,11,111704,A0200001,13,13119,1,0,1,Servicio de Salud Metropolitano Central,Centro Comunitario de Salud Familiar Futramapu,Maipú,MENORES CONTROLADOS
2352,11,11,111304,A0200002,13,13119,7,6,9,Servicio de Salud Metropolitano Central,Centro de Salud Familiar Maipú,Maipú,LACTANCIA MATERNA EXCLUSIVA
2353,11,11,111304,A0200001,13,13119,16,17,17,Servicio de Salud Metropolitano Central,Centro de Salud Familiar Maipú,Maipú,MENORES CONTROLADOS
2354,12,11,111704,A0200001,13,13119,2,1,1,Servicio de Salud Metropolitano Central,Centro Comunitario de Salud Familiar Futramapu,Maipú,MENORES CONTROLADOS
2355,4,11,111704,A0200002,13,13119,1,,,Servicio de Salud Metropolitano Central,Centro Comunitario de Salud Familiar Futramapu,Maipú,LACTANCIA MATERNA EXCLUSIVA
2356,4,11,111704,A0200001,13,13119,1,,,Servicio de Salud Metropolitano Central,Centro Comunitario de Salud Familiar Futramapu,Maipú,MENORES CONTROLADOS
2357,1,11,111304,A0200002,13,13119,7,9,8,Servicio de Salud Metropolitano Central,Centro de Salud Familiar Maipú,Maipú,LACTANCIA MATERNA EXCLUSIVA
2358,1,11,111304,A0200001,13,13119,16,12,18,Servicio de Salud Metropolitano Central,Centro de Salud Familiar Maipú,Maipú,MENORES CONTROLADOS
2359,10,11,111380,A0200001,13,13119,16,10,24,Servicio de Salud Metropolitano Central,Centro de Salud Familiar Dr. Carlos Godoy,Maipú,MENORES CONTROLADOS
2360,9,11,111380,A0200001,13,13119,17,16,21,Servicio de Salud Metropolitano Central,Centro de Salud Familiar Dr. Carlos Godoy,Maipú,MENORES CONTROLADOS
2361,9,11,111380,A0200002,13,13119,9,10,12,Servicio de Salud Metropolitano Central,Centro de Salud Familiar Dr. Carlos Godoy,Maipú,LACTANCIA MATERNA EXCLUSIVA
2362,7,11,111309,A0200002,13,13119,18,15,9,Servicio de Salud Metropolitano Central,Centro de Salud Familiar Dra. Ana María Juricic,Maipú,LACTANCIA MATERNA EXCLUSIVA
2363,7,11,111309,A0200001,13,13119,28,28,18,Servicio de Salud Metropolitano Central,Centro de Salud Familiar Dra. Ana María Juricic,Maipú,MENORES CONTROLADOS
2364,1,11,111309,A0200002,13,13119,16,19,7,Servicio de Salud Metropolitano Central,Centro de Salud Familiar Dra. Ana María Juricic,Maipú,LACTANCIA MATERNA EXCLUSIVA
2365,1,11,111309,A0200001,13,13119,29,38,19,Servicio de Salud Metropolitano Central,Centro de Salud Familiar Dra. Ana María Juricic,Maipú,MENORES CONTROLADOS
2366,3,11,111380,A0200002,13,13119,8,10,12,Servicio de Salud Metropolitano Central,Centro de Salud Familiar Dr. Carlos Godoy,Maipú,LACTANCIA MATERNA EXCLUSIVA
2367,3,11,111380,A0200001,13,13119,18,19,24,Servicio de Salud Metropolitano Central,Centro de Salud Familiar Dr. Carlos Godoy,Maipú,MENORES CONTROLADOS
2368,1,11,111380,A0200001,13,13119,17,11,17,Servicio de Salud Metropolitano Central,Centro de Salud Familiar Dr. Carlos Godoy,Maipú,MENORES CONTROLADOS
2369,1,11,111380,A0200002,13,13119,10,4,9,Servicio de Salud Metropolitano Central,Centro de Salud Familiar Dr. Carlos Godoy,Maipú,LACTANCIA MATERNA EXCLUSIVA
2370,10,11,111380,A0200002,13,13119,6,2,13,Servicio de Salud Metropolitano Central,Centro de Salud Familiar Dr. Carlos Godoy,Maipú,LACTANCIA MATERNA EXCLUSIVA
2371,8,11,111309,A0200001,13,13119,19,21,16,Servicio de Salud Metropolitano Central,Centro de Salud Familiar Dra. Ana María Juricic,Maipú,MENORES CONTROLADOS
2372,8,11,111309,A0200002,13,13119,14,13,10,Servicio de Salud Metropolitano Central,Centro de Salud Familiar Dra. Ana María Juricic,Maipú,LACTANCIA MATERNA EXCLUSIVA
2373,2,11,111380,A0200002,13,13119,16,6,11,Servicio de Salud Metropolitano Central,Centro de Salud Familiar Dr. Carlos Godoy,Maipú,LACTANCIA MATERNA EXCLUSIVA
2374,12,11,111380,A0200001,13,13119,15,12,12,Servicio de Salud Metropolitano Central,Centro de Salud Familiar Dr. Carlos Godoy,Maipú,MENORES CONTROLADOS
2375,12,11,111380,A0200002,13,13119,10,5,8,Servicio de Salud Metropolitano Central,Centro de Salud Familiar Dr. Carlos Godoy,Maipú,LACTANCIA MATERNA EXCLUSIVA
2376,2,11,111309,A0200002,13,13119,9,5,7,Servicio de Salud Metropolitano Central,Centro de Salud Familiar Dra. Ana María Juricic,Maipú,LACTANCIA MATERNA EXCLUSIVA
2377,2,11,111309,A0200001,13,13119,13,12,19,Servicio de Salud Metropolitano Central,Centro de Salud Familiar Dra. Ana María Juricic,Maipú,MENORES CONTROLADOS
2378,11,11,111309,A0200002,13,13119,13,9,9,Servicio de Salud Metropolitano Central,Centro de Salud Familiar Dra. Ana María Juricic,Maipú,LACTANCIA MATERNA EXCLUSIVA
2379,11,11,111309,A0200001,13,13119,17,15,19,Servicio de Salud Metropolitano Central,Centro de Salud Familiar Dra. Ana María Juricic,Maipú,MENORES CONTROLADOS
2380,10,11,111309,A0200002,13,13119,12,18,10,Servicio de Salud Metropolitano Central,Centro de Salud Familiar Dra. Ana María Juricic,Maipú,LACTANCIA MATERNA EXCLUSIVA
2381,10,11,111309,A0200001,13,13119,26,28,21,Servicio de Salud Metropolitano Central,Centro de Salud Familiar Dra. Ana María Juricic,Maipú,MENORES CONTROLADOS
2382,6,11,111309,A0200002,13,13119,12,6,5,Servicio de Salud Metropolitano Central,Centro de Salud Familiar Dra. Ana María Juricic,Maipú,LACTANCIA MATERNA EXCLUSIVA
2383,6,11,111309,A0200001,13,13119,18,16,15,Servicio de Salud Metropolitano Central,Centro de Salud Familiar Dra. Ana María Juricic,Maipú,MENORES CONTROLADOS
2384,12,11,111309,A0200002,13,13119,8,10,12,Servicio de Salud Metropolitano Central,Centro de Salud Familiar Dra. Ana María Juricic,Maipú,LACTANCIA MATERNA EXCLUSIVA
2385,12,11,111309,A0200001,13,13119,14,25,25,Servicio de Salud Metropolitano Central,Centro de Salud Familiar Dra. Ana María Juricic,Maipú,MENORES CONTROLADOS
2386,2,11,111380,A0200001,13,13119,24,11,17,Servicio de Salud Metropolitano Central,Centro de Salud Familiar Dr. Carlos Godoy,Maipú,MENORES CONTROLADOS
2387,11,11,111380,A0200002,13,13119,9,8,11,Servicio de Salud Metropolitano Central,Centro de Salud Familiar Dr. Carlos Godoy,Maipú,LACTANCIA MATERNA EXCLUSIVA
2388,3,11,111309,A0200002,13,13119,18,16,8,Servicio de Salud Metropolitano Central,Centro de Salud Familiar Dra. Ana María Juricic,Maipú,LACTANCIA MATERNA EXCLUSIVA
2389,11,11,111380,A0200001,13,13119,17,16,19,Servicio de Salud Metropolitano Central,Centro de Salud Familiar Dr. Carlos Godoy,Maipú,MENORES CONTROLADOS
2390,3,11,111309,A0200001,13,13119,24,24,21,Servicio de Salud Metropolitano Central,Centro de Salud Familiar Dra. Ana María Juricic,Maipú,MENORES CONTROLADOS
2391,6,11,111380,A0200002,13,13119,16,8,7,Servicio de Salud Metropolitano Central,Centro de Salud Familiar Dr. Carlos Godoy,Maipú,LACTANCIA MATERNA EXCLUSIVA
2392,6,11,111380,A0200001,13,13119,25,18,15,Servicio de Salud Metropolitano Central,Centro de Salud Familiar Dr. Carlos Godoy,Maipú,MENORES CONTROLADOS
2393,5,11,111380,A0200001,13,13119,18,14,18,Servicio de Salud Metropolitano Central,Centro de Salud Familiar Dr. Carlos Godoy,Maipú,MENORES CONTROLADOS
2394,7,11,111380,A0200001,13,13119,19,16,19,Servicio de Salud Metropolitano Central,Centro de Salud Familiar Dr. Carlos Godoy,Maipú,MENORES CONTROLADOS
2395,7,11,111380,A0200002,13,13119,13,8,9,Servicio de Salud Metropolitano Central,Centro de Salud Familiar Dr. Carlos Godoy,Maipú,LACTANCIA MATERNA EXCLUSIVA
2396,5,11,111380,A0200002,13,13119,11,7,12,Servicio de Salud Metropolitano Central,Centro de Salud Familiar Dr. Carlos Godoy,Maipú,LACTANCIA MATERNA EXCLUSIVA
2397,8,11,111380,A0200002,13,13119,9,10,13,Servicio de Salud Metropolitano Central,Centro de Salud Familiar Dr. Carlos Godoy,Maipú,LACTANCIA MATERNA EXCLUSIVA
2398,8,11,111380,A0200001,13,13119,22,16,32,Servicio de Salud Metropolitano Central,Centro de Salud Familiar Dr. Carlos Godoy,Maipú,MENORES CONTROLADOS
2399,5,11,111309,A0200002,13,13119,12,11,4,Servicio de Salud Metropolitano Central,Centro de Salud Familiar Dra. Ana María Juricic,Maipú,LACTANCIA MATERNA EXCLUSIVA
2400,5,11,111309,A0200001,13,13119,20,16,8,Servicio de Salud Metropolitano Central,Centro de Salud Familiar Dra. Ana María Juricic,Maipú,MENORES CONTROLADOS
2401,4,11,111309,A0200002,13,13119,12,11,15,Servicio de Salud Metropolitano Central,Centro de Salud Familiar Dra. Ana María Juricic,Maipú,LACTANCIA MATERNA EXCLUSIVA
2402,4,11,111309,A0200001,13,13119,22,18,28,Servicio de Salud Metropolitano Central,Centro de Salud Familiar Dra. Ana María Juricic,Maipú,MENORES CONTROLADOS
2403,9,11,111309,A0200002,13,13119,19,14,11,Servicio de Salud Metropolitano Central,Centro de Salud Familiar Dra. Ana María Juricic,Maipú,LACTANCIA MATERNA EXCLUSIVA
2404,9,11,111309,A0200001,13,13119,24,25,19,Servicio de Salud Metropolitano Central,Centro de Salud Familiar Dra. Ana María Juricic,Maipú,MENORES CONTROLADOS
2405,4,11,111380,A0200001,13,13119,25,16,19,Servicio de Salud Metropolitano Central,Centro de Salud Familiar Dr. Carlos Godoy,Maipú,MENORES CONTROLADOS
2406,4,11,111380,A0200002,13,13119,14,10,7,Servicio de Salud Metropolitano Central,Centro de Salud Familiar Dr. Carlos Godoy,Maipú,LACTANCIA MATERNA EXCLUSIVA
2407,10,13,113329,A0200002,13,13105,5,11,4,Servicio de Salud Metropolitano Sur,Centro de Salud Familiar Canciller Orlando Letelier,El Bosque,LACTANCIA MATERNA EXCLUSIVA
2408,3,9,200347,A0200002,13,13104,2,0,1,Servicio de Salud Metropolitano Norte,Centro Comunitario de Salud Familiar Alberto Bachelet,Conchalí,LACTANCIA MATERNA EXCLUSIVA
2409,3,9,200347,A0200001,13,13104,2,0,2,Servicio de Salud Metropolitano Norte,Centro Comunitario de Salud Familiar Alberto Bachelet,Conchalí,MENORES CONTROLADOS
2410,6,9,200347,A0200002,13,13104,3,4,1,Servicio de Salud Metropolitano Norte,Centro Comunitario de Salud Familiar Alberto Bachelet,Conchalí,LACTANCIA MATERNA EXCLUSIVA
2411,1,9,109302,A0200001,13,13104,10,19,10,Servicio de Salud Metropolitano Norte,Centro de Salud Familiar Lucas Sierra,Conchalí,MENORES CONTROLADOS
2412,7,9,109302,A0200002,13,13104,10,12,16,Servicio de Salud Metropolitano Norte,Centro de Salud Familiar Lucas Sierra,Conchalí,LACTANCIA MATERNA EXCLUSIVA
2413,7,9,109302,A0200001,13,13104,13,19,22,Servicio de Salud Metropolitano Norte,Centro de Salud Familiar Lucas Sierra,Conchalí,MENORES CONTROLADOS
2414,5,9,109302,A0200001,13,13104,13,12,16,Servicio de Salud Metropolitano Norte,Centro de Salud Familiar Lucas Sierra,Conchalí,MENORES CONTROLADOS
2415,10,9,109302,A0200001,13,13104,13,15,18,Servicio de Salud Metropolitano Norte,Centro de Salud Familiar Lucas Sierra,Conchalí,MENORES CONTROLADOS
2416,9,9,109302,A0200002,13,13104,8,8,8,Servicio de Salud Metropolitano Norte,Centro de Salud Familiar Lucas Sierra,Conchalí,LACTANCIA MATERNA EXCLUSIVA
2417,9,9,109302,A0200001,13,13104,11,11,9,Servicio de Salud Metropolitano Norte,Centro de Salud Familiar Lucas Sierra,Conchalí,MENORES CONTROLADOS
2418,11,9,109302,A0200002,13,13104,12,9,4,Servicio de Salud Metropolitano Norte,Centro de Salud Familiar Lucas Sierra,Conchalí,LACTANCIA MATERNA EXCLUSIVA
2419,11,9,109302,A0200001,13,13104,14,15,7,Servicio de Salud Metropolitano Norte,Centro de Salud Familiar Lucas Sierra,Conchalí,MENORES CONTROLADOS
2420,10,9,109302,A0200002,13,13104,9,11,9,Servicio de Salud Metropolitano Norte,Centro de Salud Familiar Lucas Sierra,Conchalí,LACTANCIA MATERNA EXCLUSIVA
2421,4,9,109302,A0200002,13,13104,10,11,10,Servicio de Salud Metropolitano Norte,Centro de Salud Familiar Lucas Sierra,Conchalí,LACTANCIA MATERNA EXCLUSIVA
2422,4,9,109302,A0200001,13,13104,15,18,17,Servicio de Salud Metropolitano Norte,Centro de Salud Familiar Lucas Sierra,Conchalí,MENORES CONTROLADOS
2423,1,9,109302,A0200002,13,13104,7,12,4,Servicio de Salud Metropolitano Norte,Centro de Salud Familiar Lucas Sierra,Conchalí,LACTANCIA MATERNA EXCLUSIVA
2424,8,9,109302,A0200002,13,13104,14,5,8,Servicio de Salud Metropolitano Norte,Centro de Salud Familiar Lucas Sierra,Conchalí,LACTANCIA MATERNA EXCLUSIVA
2425,8,9,109302,A0200001,13,13104,20,10,13,Servicio de Salud Metropolitano Norte,Centro de Salud Familiar Lucas Sierra,Conchalí,MENORES CONTROLADOS
2426,6,9,109302,A0200001,13,13104,6,,7,Servicio de Salud Metropolitano Norte,Centro de Salud Familiar Lucas Sierra,Conchalí,MENORES CONTROLADOS
2427,8,9,109709,A0200002,13,13104,1,6,3,Servicio de Salud Metropolitano Norte,Centro Comunitario de Salud Familiar Dr. José Symón Ojeda,Conchalí,LACTANCIA MATERNA EXCLUSIVA
2428,10,9,109308,A0200002,13,13104,7,3,5,Servicio de Salud Metropolitano Norte,Centro de Salud Familiar Alberto Bachelet Martínez,Conchalí,LACTANCIA MATERNA EXCLUSIVA
2429,8,9,109709,A0200001,13,13104,3,8,6,Servicio de Salud Metropolitano Norte,Centro Comunitario de Salud Familiar Dr. José Symón Ojeda,Conchalí,MENORES CONTROLADOS
2430,10,9,109308,A0200001,13,13104,15,6,9,Servicio de Salud Metropolitano Norte,Centro de Salud Familiar Alberto Bachelet Martínez,Conchalí,MENORES CONTROLADOS
2431,1,9,109709,A0200001,13,13104,2,4,7,Servicio de Salud Metropolitano Norte,Centro Comunitario de Salud Familiar Dr. José Symón Ojeda,Conchalí,MENORES CONTROLADOS
2432,1,9,109709,A0200002,13,13104,1,3,4,Servicio de Salud Metropolitano Norte,Centro Comunitario de Salud Familiar Dr. José Symón Ojeda,Conchalí,LACTANCIA MATERNA EXCLUSIVA
2433,6,9,109709,A0200001,13,13104,5,3,3,Servicio de Salud Metropolitano Norte,Centro Comunitario de Salud Familiar Dr. José Symón Ojeda,Conchalí,MENORES CONTROLADOS
2434,5,9,109308,A0200001,13,13104,13,10,11,Servicio de Salud Metropolitano Norte,Centro de Salud Familiar Alberto Bachelet Martínez,Conchalí,MENORES CONTROLADOS
2435,12,9,109709,A0200002,13,13104,1,3,5,Servicio de Salud Metropolitano Norte,Centro Comunitario de Salud Familiar Dr. José Symón Ojeda,Conchalí,LACTANCIA MATERNA EXCLUSIVA
2436,12,9,109709,A0200001,13,13104,4,5,5,Servicio de Salud Metropolitano Norte,Centro Comunitario de Salud Familiar Dr. José Symón Ojeda,Conchalí,MENORES CONTROLADOS
2437,1,9,109308,A0200002,13,13104,12,6,3,Servicio de Salud Metropolitano Norte,Centro de Salud Familiar Alberto Bachelet Martínez,Conchalí,LACTANCIA MATERNA EXCLUSIVA
2438,10,9,109709,A0200002,13,13104,4,1,2,Servicio de Salud Metropolitano Norte,Centro Comunitario de Salud Familiar Dr. José Symón Ojeda,Conchalí,LACTANCIA MATERNA EXCLUSIVA
2439,10,9,109709,A0200001,13,13104,5,1,6,Servicio de Salud Metropolitano Norte,Centro Comunitario de Salud Familiar Dr. José Symón Ojeda,Conchalí,MENORES CONTROLADOS
2440,11,9,109308,A0200001,13,13104,14,10,16,Servicio de Salud Metropolitano Norte,Centro de Salud Familiar Alberto Bachelet Martínez,Conchalí,MENORES CONTROLADOS
2441,11,9,109308,A0200002,13,13104,5,6,9,Servicio de Salud Metropolitano Norte,Centro de Salud Familiar Alberto Bachelet Martínez,Conchalí,LACTANCIA MATERNA EXCLUSIVA
2442,7,9,109308,A0200002,13,13104,10,5,7,Servicio de Salud Metropolitano Norte,Centro de Salud Familiar Alberto Bachelet Martínez,Conchalí,LACTANCIA MATERNA EXCLUSIVA
2443,7,9,109308,A0200001,13,13104,18,15,13,Servicio de Salud Metropolitano Norte,Centro de Salud Familiar Alberto Bachelet Martínez,Conchalí,MENORES CONTROLADOS
2444,12,9,109308,A0200002,13,13104,7,9,8,Servicio de Salud Metropolitano Norte,Centro de Salud Familiar Alberto Bachelet Martínez,Conchalí,LACTANCIA MATERNA EXCLUSIVA
2445,12,9,109308,A0200001,13,13104,8,14,14,Servicio de Salud Metropolitano Norte,Centro de Salud Familiar Alberto Bachelet Martínez,Conchalí,MENORES CONTROLADOS
2446,8,9,109308,A0200002,13,13104,2,7,7,Servicio de Salud Metropolitano Norte,Centro de Salud Familiar Alberto Bachelet Martínez,Conchalí,LACTANCIA MATERNA EXCLUSIVA
2447,8,9,109308,A0200001,13,13104,7,11,13,Servicio de Salud Metropolitano Norte,Centro de Salud Familiar Alberto Bachelet Martínez,Conchalí,MENORES CONTROLADOS
2448,1,9,109308,A0200001,13,13104,14,14,7,Servicio de Salud Metropolitano Norte,Centro de Salud Familiar Alberto Bachelet Martínez,Conchalí,MENORES CONTROLADOS
2449,6,9,109308,A0200001,13,13104,21,12,11,Servicio de Salud Metropolitano Norte,Centro de Salud Familiar Alberto Bachelet Martínez,Conchalí,MENORES CONTROLADOS
2450,6,9,109308,A0200002,13,13104,12,9,10,Servicio de Salud Metropolitano Norte,Centro de Salud Familiar Alberto Bachelet Martínez,Conchalí,LACTANCIA MATERNA EXCLUSIVA
2451,2,9,109709,A0200002,13,13104,3,1,1,Servicio de Salud Metropolitano Norte,Centro Comunitario de Salud Familiar Dr. José Symón Ojeda,Conchalí,LACTANCIA MATERNA EXCLUSIVA
2452,2,9,109308,A0200002,13,13104,8,5,6,Servicio de Salud Metropolitano Norte,Centro de Salud Familiar Alberto Bachelet Martínez,Conchalí,LACTANCIA MATERNA EXCLUSIVA
2453,2,9,109308,A0200001,13,13104,11,10,11,Servicio de Salud Metropolitano Norte,Centro de Salud Familiar Alberto Bachelet Martínez,Conchalí,MENORES CONTROLADOS
2454,3,9,109308,A0200002,13,13104,11,11,4,Servicio de Salud Metropolitano Norte,Centro de Salud Familiar Alberto Bachelet Martínez,Conchalí,LACTANCIA MATERNA EXCLUSIVA
2455,2,9,109709,A0200001,13,13104,4,3,5,Servicio de Salud Metropolitano Norte,Centro Comunitario de Salud Familiar Dr. José Symón Ojeda,Conchalí,MENORES CONTROLADOS
2456,4,9,109308,A0200002,13,13104,6,10,8,Servicio de Salud Metropolitano Norte,Centro de Salud Familiar Alberto Bachelet Martínez,Conchalí,LACTANCIA MATERNA EXCLUSIVA
2457,6,9,109709,A0200002,13,13104,5,2,0,Servicio de Salud Metropolitano Norte,Centro Comunitario de Salud Familiar Dr. José Symón Ojeda,Conchalí,LACTANCIA MATERNA EXCLUSIVA
2458,5,9,109709,A0200002,13,13104,3,2,1,Servicio de Salud Metropolitano Norte,Centro Comunitario de Salud Familiar Dr. José Symón Ojeda,Conchalí,LACTANCIA MATERNA EXCLUSIVA
2459,4,9,109709,A0200001,13,13104,3,2,4,Servicio de Salud Metropolitano Norte,Centro Comunitario de Salud Familiar Dr. José Symón Ojeda,Conchalí,MENORES CONTROLADOS
2460,9,9,109308,A0200001,13,13104,12,17,11,Servicio de Salud Metropolitano Norte,Centro de Salud Familiar Alberto Bachelet Martínez,Conchalí,MENORES CONTROLADOS
2461,9,9,109308,A0200002,13,13104,8,12,7,Servicio de Salud Metropolitano Norte,Centro de Salud Familiar Alberto Bachelet Martínez,Conchalí,LACTANCIA MATERNA EXCLUSIVA
2462,11,9,109709,A0200002,13,13104,3,6,4,Servicio de Salud Metropolitano Norte,Centro Comunitario de Salud Familiar Dr. José Symón Ojeda,Conchalí,LACTANCIA MATERNA EXCLUSIVA
2463,11,9,109709,A0200001,13,13104,4,7,6,Servicio de Salud Metropolitano Norte,Centro Comunitario de Salud Familiar Dr. José Symón Ojeda,Conchalí,MENORES CONTROLADOS
2464,3,9,109709,A0200002,13,13104,1,0,2,Servicio de Salud Metropolitano Norte,Centro Comunitario de Salud Familiar Dr. José Symón Ojeda,Conchalí,LACTANCIA MATERNA EXCLUSIVA
2465,4,9,109308,A0200001,13,13104,8,15,14,Servicio de Salud Metropolitano Norte,Centro de Salud Familiar Alberto Bachelet Martínez,Conchalí,MENORES CONTROLADOS
2466,3,9,109709,A0200001,13,13104,1,1,4,Servicio de Salud Metropolitano Norte,Centro Comunitario de Salud Familiar Dr. José Symón Ojeda,Conchalí,MENORES CONTROLADOS
2467,4,9,109709,A0200002,13,13104,2,0,2,Servicio de Salud Metropolitano Norte,Centro Comunitario de Salud Familiar Dr. José Symón Ojeda,Conchalí,LACTANCIA MATERNA EXCLUSIVA
2468,7,9,109709,A0200001,13,13104,8,2,1,Servicio de Salud Metropolitano Norte,Centro Comunitario de Salud Familiar Dr. José Symón Ojeda,Conchalí,MENORES CONTROLADOS
2469,2,9,109309,A0200002,13,13104,4,8,8,Servicio de Salud Metropolitano Norte,Centro de Salud Familiar José Symon Ojeda,Conchalí,LACTANCIA MATERNA EXCLUSIVA
2470,3,9,109309,A0200002,13,13104,5,2,6,Servicio de Salud Metropolitano Norte,Centro de Salud Familiar José Symon Ojeda,Conchalí,LACTANCIA MATERNA EXCLUSIVA
2471,3,9,109314,A0200001,13,13104,12,13,9,Servicio de Salud Metropolitano Norte,Centro de Salud Familiar Juanita Aguirre,Conchalí,MENORES CONTROLADOS
2472,3,9,109314,A0200002,13,13104,6,11,6,Servicio de Salud Metropolitano Norte,Centro de Salud Familiar Juanita Aguirre,Conchalí,LACTANCIA MATERNA EXCLUSIVA
2473,5,9,109314,A0200002,13,13104,11,9,7,Servicio de Salud Metropolitano Norte,Centro de Salud Familiar Juanita Aguirre,Conchalí,LACTANCIA MATERNA EXCLUSIVA
2474,4,9,109314,A0200002,13,13104,7,6,10,Servicio de Salud Metropolitano Norte,Centro de Salud Familiar Juanita Aguirre,Conchalí,LACTANCIA MATERNA EXCLUSIVA
2475,4,9,109314,A0200001,13,13104,9,15,11,Servicio de Salud Metropolitano Norte,Centro de Salud Familiar Juanita Aguirre,Conchalí,MENORES CONTROLADOS
2476,1,9,109314,A0200002,13,13104,5,7,3,Servicio de Salud Metropolitano Norte,Centro de Salud Familiar Juanita Aguirre,Conchalí,LACTANCIA MATERNA EXCLUSIVA
2477,5,9,109309,A0200002,13,13104,6,9,4,Servicio de Salud Metropolitano Norte,Centro de Salud Familiar José Symon Ojeda,Conchalí,LACTANCIA MATERNA EXCLUSIVA
2478,5,9,109309,A0200001,13,13104,8,10,7,Servicio de Salud Metropolitano Norte,Centro de Salud Familiar José Symon Ojeda,Conchalí,MENORES CONTROLADOS
2479,4,9,109309,A0200001,13,13104,10,9,5,Servicio de Salud Metropolitano Norte,Centro de Salud Familiar José Symon Ojeda,Conchalí,MENORES CONTROLADOS
2480,5,9,109314,A0200001,13,13104,13,12,11,Servicio de Salud Metropolitano Norte,Centro de Salud Familiar Juanita Aguirre,Conchalí,MENORES CONTROLADOS
2481,4,9,109309,A0200002,13,13104,3,4,3,Servicio de Salud Metropolitano Norte,Centro de Salud Familiar José Symon Ojeda,Conchalí,LACTANCIA MATERNA EXCLUSIVA
2482,2,9,109309,A0200001,13,13104,6,13,15,Servicio de Salud Metropolitano Norte,Centro de Salud Familiar José Symon Ojeda,Conchalí,MENORES CONTROLADOS
2483,1,9,109314,A0200001,13,13104,8,9,4,Servicio de Salud Metropolitano Norte,Centro de Salud Familiar Juanita Aguirre,Conchalí,MENORES CONTROLADOS
2484,8,9,109314,A0200002,13,13104,10,7,6,Servicio de Salud Metropolitano Norte,Centro de Salud Familiar Juanita Aguirre,Conchalí,LACTANCIA MATERNA EXCLUSIVA
2485,6,9,109314,A0200001,13,13104,12,10,11,Servicio de Salud Metropolitano Norte,Centro de Salud Familiar Juanita Aguirre,Conchalí,MENORES CONTROLADOS
2486,6,9,109314,A0200002,13,13104,7,5,7,Servicio de Salud Metropolitano Norte,Centro de Salud Familiar Juanita Aguirre,Conchalí,LACTANCIA MATERNA EXCLUSIVA
2487,1,9,109309,A0200002,13,13104,6,4,5,Servicio de Salud Metropolitano Norte,Centro de Salud Familiar José Symon Ojeda,Conchalí,LACTANCIA MATERNA EXCLUSIVA
2488,1,9,109309,A0200001,13,13104,9,6,8,Servicio de Salud Metropolitano Norte,Centro de Salud Familiar José Symon Ojeda,Conchalí,MENORES CONTROLADOS
2489,7,9,109309,A0200002,13,13104,5,6,6,Servicio de Salud Metropolitano Norte,Centro de Salud Familiar José Symon Ojeda,Conchalí,LACTANCIA MATERNA EXCLUSIVA
2490,7,9,109309,A0200001,13,13104,12,7,10,Servicio de Salud Metropolitano Norte,Centro de Salud Familiar José Symon Ojeda,Conchalí,MENORES CONTROLADOS
2491,2,9,109314,A0200001,13,13104,15,15,4,Servicio de Salud Metropolitano Norte,Centro de Salud Familiar Juanita Aguirre,Conchalí,MENORES CONTROLADOS
2492,2,9,109314,A0200002,13,13104,8,11,2,Servicio de Salud Metropolitano Norte,Centro de Salud Familiar Juanita Aguirre,Conchalí,LACTANCIA MATERNA EXCLUSIVA
2493,8,9,109309,A0200002,13,13104,5,3,9,Servicio de Salud Metropolitano Norte,Centro de Salud Familiar José Symon Ojeda,Conchalí,LACTANCIA MATERNA EXCLUSIVA
2494,3,9,109309,A0200001,13,13104,9,4,10,Servicio de Salud Metropolitano Norte,Centro de Salud Familiar José Symon Ojeda,Conchalí,MENORES CONTROLADOS
2495,6,9,109309,A0200001,13,13104,3,9,8,Servicio de Salud Metropolitano Norte,Centro de Salud Familiar José Symon Ojeda,Conchalí,MENORES CONTROLADOS
2496,12,9,109314,A0200002,13,13104,10,8,4,Servicio de Salud Metropolitano Norte,Centro de Salud Familiar Juanita Aguirre,Conchalí,LACTANCIA MATERNA EXCLUSIVA
2497,12,9,109314,A0200001,13,13104,15,9,7,Servicio de Salud Metropolitano Norte,Centro de Salud Familiar Juanita Aguirre,Conchalí,MENORES CONTROLADOS
2498,10,9,109314,A0200002,13,13104,7,6,6,Servicio de Salud Metropolitano Norte,Centro de Salud Familiar Juanita Aguirre,Conchalí,LACTANCIA MATERNA EXCLUSIVA
2499,6,9,109309,A0200002,13,13104,3,2,4,Servicio de Salud Metropolitano Norte,Centro de Salud Familiar José Symon Ojeda,Conchalí,LACTANCIA MATERNA EXCLUSIVA
2500,11,9,109314,A0200002,13,13104,4,13,5,Servicio de Salud Metropolitano Norte,Centro de Salud Familiar Juanita Aguirre,Conchalí,LACTANCIA MATERNA EXCLUSIVA
2501,11,9,109314,A0200001,13,13104,9,20,11,Servicio de Salud Metropolitano Norte,Centro de Salud Familiar Juanita Aguirre,Conchalí,MENORES CONTROLADOS
2502,7,9,109314,A0200002,13,13104,9,13,5,Servicio de Salud Metropolitano Norte,Centro de Salud Familiar Juanita Aguirre,Conchalí,LACTANCIA MATERNA EXCLUSIVA
2503,7,9,109314,A0200001,13,13104,14,17,13,Servicio de Salud Metropolitano Norte,Centro de Salud Familiar Juanita Aguirre,Conchalí,MENORES CONTROLADOS
2504,10,9,109309,A0200002,13,13104,8,4,5,Servicio de Salud Metropolitano Norte,Centro de Salud Familiar José Symon Ojeda,Conchalí,LACTANCIA MATERNA EXCLUSIVA
2505,10,9,109309,A0200001,13,13104,15,6,8,Servicio de Salud Metropolitano Norte,Centro de Salud Familiar José Symon Ojeda,Conchalí,MENORES CONTROLADOS
2506,9,9,109314,A0200001,13,13104,20,9,8,Servicio de Salud Metropolitano Norte,Centro de Salud Familiar Juanita Aguirre,Conchalí,MENORES CONTROLADOS
2507,12,9,109309,A0200002,13,13104,7,3,7,Servicio de Salud Metropolitano Norte,Centro de Salud Familiar José Symon Ojeda,Conchalí,LACTANCIA MATERNA EXCLUSIVA
2508,12,9,109309,A0200001,13,13104,9,7,13,Servicio de Salud Metropolitano Norte,Centro de Salud Familiar José Symon Ojeda,Conchalí,MENORES CONTROLADOS
2509,8,9,109309,A0200001,13,13104,7,3,14,Servicio de Salud Metropolitano Norte,Centro de Salud Familiar José Symon Ojeda,Conchalí,MENORES CONTROLADOS
2510,10,9,109314,A0200001,13,13104,13,17,11,Servicio de Salud Metropolitano Norte,Centro de Salud Familiar Juanita Aguirre,Conchalí,MENORES CONTROLADOS
2511,8,9,109314,A0200001,13,13104,21,13,11,Servicio de Salud Metropolitano Norte,Centro de Salud Familiar Juanita Aguirre,Conchalí,MENORES CONTROLADOS
2512,9,9,109309,A0200002,13,13104,2,3,4,Servicio de Salud Metropolitano Norte,Centro de Salud Familiar José Symon Ojeda,Conchalí,LACTANCIA MATERNA EXCLUSIVA
2513,9,9,109309,A0200001,13,13104,5,6,7,Servicio de Salud Metropolitano Norte,Centro de Salud Familiar José Symon Ojeda,Conchalí,MENORES CONTROLADOS
2514,11,9,109309,A0200002,13,13104,3,3,1,Servicio de Salud Metropolitano Norte,Centro de Salud Familiar José Symon Ojeda,Conchalí,LACTANCIA MATERNA EXCLUSIVA
2515,11,9,109309,A0200001,13,13104,9,7,3,Servicio de Salud Metropolitano Norte,Centro de Salud Familiar José Symon Ojeda,Conchalí,MENORES CONTROLADOS
2516,4,9,109323,A0200002,13,13107,9,3,6,Servicio de Salud Metropolitano Norte,Centro de Salud Familiar Dr. Salvador Allende Gossens,Huechuraba,LACTANCIA MATERNA EXCLUSIVA
2517,4,9,109323,A0200001,13,13107,15,5,12,Servicio de Salud Metropolitano Norte,Centro de Salud Familiar Dr. Salvador Allende Gossens,Huechuraba,MENORES CONTROLADOS
2518,6,9,109323,A0200002,13,13107,5,7,9,Servicio de Salud Metropolitano Norte,Centro de Salud Familiar Dr. Salvador Allende Gossens,Huechuraba,LACTANCIA MATERNA EXCLUSIVA
2519,5,9,109323,A0200002,13,13107,9,6,11,Servicio de Salud Metropolitano Norte,Centro de Salud Familiar Dr. Salvador Allende Gossens,Huechuraba,LACTANCIA MATERNA EXCLUSIVA
2520,3,9,109323,A0200001,13,13107,11,10,13,Servicio de Salud Metropolitano Norte,Centro de Salud Familiar Dr. Salvador Allende Gossens,Huechuraba,MENORES CONTROLADOS
2521,1,9,109323,A0200001,13,13107,14,16,8,Servicio de Salud Metropolitano Norte,Centro de Salud Familiar Dr. Salvador Allende Gossens,Huechuraba,MENORES CONTROLADOS
2522,1,9,109323,A0200002,13,13107,10,9,4,Servicio de Salud Metropolitano Norte,Centro de Salud Familiar Dr. Salvador Allende Gossens,Huechuraba,LACTANCIA MATERNA EXCLUSIVA
2523,2,9,109323,A0200001,13,13107,5,21,12,Servicio de Salud Metropolitano Norte,Centro de Salud Familiar Dr. Salvador Allende Gossens,Huechuraba,MENORES CONTROLADOS
2524,2,9,109323,A0200002,13,13107,3,14,6,Servicio de Salud Metropolitano Norte,Centro de Salud Familiar Dr. Salvador Allende Gossens,Huechuraba,LACTANCIA MATERNA EXCLUSIVA
2525,11,9,109323,A0200002,13,13107,4,3,4,Servicio de Salud Metropolitano Norte,Centro de Salud Familiar Dr. Salvador Allende Gossens,Huechuraba,LACTANCIA MATERNA EXCLUSIVA
2526,11,9,109323,A0200001,13,13107,6,10,11,Servicio de Salud Metropolitano Norte,Centro de Salud Familiar Dr. Salvador Allende Gossens,Huechuraba,MENORES CONTROLADOS
2527,10,9,109323,A0200001,13,13107,8,12,20,Servicio de Salud Metropolitano Norte,Centro de Salud Familiar Dr. Salvador Allende Gossens,Huechuraba,MENORES CONTROLADOS
2528,10,9,109323,A0200002,13,13107,4,7,11,Servicio de Salud Metropolitano Norte,Centro de Salud Familiar Dr. Salvador Allende Gossens,Huechuraba,LACTANCIA MATERNA EXCLUSIVA
2529,5,9,109323,A0200001,13,13107,20,9,18,Servicio de Salud Metropolitano Norte,Centro de Salud Familiar Dr. Salvador Allende Gossens,Huechuraba,MENORES CONTROLADOS
2530,9,9,109323,A0200001,13,13107,11,8,15,Servicio de Salud Metropolitano Norte,Centro de Salud Familiar Dr. Salvador Allende Gossens,Huechuraba,MENORES CONTROLADOS
2531,9,9,109323,A0200002,13,13107,6,5,6,Servicio de Salud Metropolitano Norte,Centro de Salud Familiar Dr. Salvador Allende Gossens,Huechuraba,LACTANCIA MATERNA EXCLUSIVA
2532,7,9,109323,A0200002,13,13107,6,10,4,Servicio de Salud Metropolitano Norte,Centro de Salud Familiar Dr. Salvador Allende Gossens,Huechuraba,LACTANCIA MATERNA EXCLUSIVA
2533,7,9,109323,A0200001,13,13107,16,17,6,Servicio de Salud Metropolitano Norte,Centro de Salud Familiar Dr. Salvador Allende Gossens,Huechuraba,MENORES CONTROLADOS
2534,12,9,109323,A0200002,13,13107,5,4,10,Servicio de Salud Metropolitano Norte,Centro de Salud Familiar Dr. Salvador Allende Gossens,Huechuraba,LACTANCIA MATERNA EXCLUSIVA
2535,8,9,109323,A0200002,13,13107,5,6,2,Servicio de Salud Metropolitano Norte,Centro de Salud Familiar Dr. Salvador Allende Gossens,Huechuraba,LACTANCIA MATERNA EXCLUSIVA
2536,8,9,109323,A0200001,13,13107,11,12,10,Servicio de Salud Metropolitano Norte,Centro de Salud Familiar Dr. Salvador Allende Gossens,Huechuraba,MENORES CONTROLADOS
2537,12,9,109323,A0200001,13,13107,8,8,10,Servicio de Salud Metropolitano Norte,Centro de Salud Familiar Dr. Salvador Allende Gossens,Huechuraba,MENORES CONTROLADOS
2538,6,9,109323,A0200001,13,13107,10,15,13,Servicio de Salud Metropolitano Norte,Centro de Salud Familiar Dr. Salvador Allende Gossens,Huechuraba,MENORES CONTROLADOS
2539,3,9,109323,A0200002,13,13107,7,8,9,Servicio de Salud Metropolitano Norte,Centro de Salud Familiar Dr. Salvador Allende Gossens,Huechuraba,LACTANCIA MATERNA EXCLUSIVA
2540,1,9,109718,A0200002,13,13107,6,2,2,Servicio de Salud Metropolitano Norte,Centro Comunitario de Salud Familiar Los Libertadores,Huechuraba,LACTANCIA MATERNA EXCLUSIVA
2541,1,9,109718,A0200001,13,13107,9,5,3,Servicio de Salud Metropolitano Norte,Centro Comunitario de Salud Familiar Los Libertadores,Huechuraba,MENORES CONTROLADOS
2542,5,9,109305,A0200002,13,13107,10,8,5,Servicio de Salud Metropolitano Norte,Centro de Salud Familiar La Pincoya,Huechuraba,LACTANCIA MATERNA EXCLUSIVA
2543,5,9,109305,A0200001,13,13107,16,12,9,Servicio de Salud Metropolitano Norte,Centro de Salud Familiar La Pincoya,Huechuraba,MENORES CONTROLADOS
2544,1,9,109305,A0200001,13,13107,18,19,14,Servicio de Salud Metropolitano Norte,Centro de Salud Familiar La Pincoya,Huechuraba,MENORES CONTROLADOS
2545,2,9,109305,A0200001,13,13107,18,8,13,Servicio de Salud Metropolitano Norte,Centro de Salud Familiar La Pincoya,Huechuraba,MENORES CONTROLADOS
2546,12,9,109305,A0200002,13,13107,4,,18,Servicio de Salud Metropolitano Norte,Centro de Salud Familiar La Pincoya,Huechuraba,LACTANCIA MATERNA EXCLUSIVA
2547,12,9,109305,A0200001,13,13107,7,3,23,Servicio de Salud Metropolitano Norte,Centro de Salud Familiar La Pincoya,Huechuraba,MENORES CONTROLADOS
2548,5,9,109718,A0200001,13,13107,6,3,2,Servicio de Salud Metropolitano Norte,Centro Comunitario de Salud Familiar Los Libertadores,Huechuraba,MENORES CONTROLADOS
2549,5,9,109718,A0200002,13,13107,5,2,,Servicio de Salud Metropolitano Norte,Centro Comunitario de Salud Familiar Los Libertadores,Huechuraba,LACTANCIA MATERNA EXCLUSIVA
2550,4,9,109718,A0200001,13,13107,4,5,5,Servicio de Salud Metropolitano Norte,Centro Comunitario de Salud Familiar Los Libertadores,Huechuraba,MENORES CONTROLADOS
2551,2,9,109305,A0200002,13,13107,16,5,3,Servicio de Salud Metropolitano Norte,Centro de Salud Familiar La Pincoya,Huechuraba,LACTANCIA MATERNA EXCLUSIVA
2552,2,9,109718,A0200002,13,13107,2,0,1,Servicio de Salud Metropolitano Norte,Centro Comunitario de Salud Familiar Los Libertadores,Huechuraba,LACTANCIA MATERNA EXCLUSIVA
2553,2,9,109718,A0200001,13,13107,3,1,2,Servicio de Salud Metropolitano Norte,Centro Comunitario de Salud Familiar Los Libertadores,Huechuraba,MENORES CONTROLADOS
2554,10,9,109305,A0200001,13,13107,8,15,11,Servicio de Salud Metropolitano Norte,Centro de Salud Familiar La Pincoya,Huechuraba,MENORES CONTROLADOS
2555,10,9,109305,A0200002,13,13107,7,10,4,Servicio de Salud Metropolitano Norte,Centro de Salud Familiar La Pincoya,Huechuraba,LACTANCIA MATERNA EXCLUSIVA
2556,12,9,109718,A0200002,13,13107,8,6,4,Servicio de Salud Metropolitano Norte,Centro Comunitario de Salud Familiar Los Libertadores,Huechuraba,LACTANCIA MATERNA EXCLUSIVA
2557,12,9,109718,A0200001,13,13107,10,8,6,Servicio de Salud Metropolitano Norte,Centro Comunitario de Salud Familiar Los Libertadores,Huechuraba,MENORES CONTROLADOS
2558,6,9,109718,A0200002,13,13107,5,1,3,Servicio de Salud Metropolitano Norte,Centro Comunitario de Salud Familiar Los Libertadores,Huechuraba,LACTANCIA MATERNA EXCLUSIVA
2559,6,9,109718,A0200001,13,13107,5,4,3,Servicio de Salud Metropolitano Norte,Centro Comunitario de Salud Familiar Los Libertadores,Huechuraba,MENORES CONTROLADOS
2560,10,9,109718,A0200001,13,13107,3,3,6,Servicio de Salud Metropolitano Norte,Centro Comunitario de Salud Familiar Los Libertadores,Huechuraba,MENORES CONTROLADOS
2561,10,9,109718,A0200002,13,13107,2,1,6,Servicio de Salud Metropolitano Norte,Centro Comunitario de Salud Familiar Los Libertadores,Huechuraba,LACTANCIA MATERNA EXCLUSIVA
2562,6,9,109305,A0200001,13,13107,14,10,7,Servicio de Salud Metropolitano Norte,Centro de Salud Familiar La Pincoya,Huechuraba,MENORES CONTROLADOS
2563,4,9,109305,A0200001,13,13107,9,21,20,Servicio de Salud Metropolitano Norte,Centro de Salud Familiar La Pincoya,Huechuraba,MENORES CONTROLADOS
2564,9,9,109718,A0200002,13,13107,2,3,1,Servicio de Salud Metropolitano Norte,Centro Comunitario de Salud Familiar Los Libertadores,Huechuraba,LACTANCIA MATERNA EXCLUSIVA
2565,11,9,109305,A0200002,13,13107,8,10,9,Servicio de Salud Metropolitano Norte,Centro de Salud Familiar La Pincoya,Huechuraba,LACTANCIA MATERNA EXCLUSIVA
2566,11,9,109305,A0200001,13,13107,11,17,16,Servicio de Salud Metropolitano Norte,Centro de Salud Familiar La Pincoya,Huechuraba,MENORES CONTROLADOS
2567,3,9,109718,A0200001,13,13107,4,7,5,Servicio de Salud Metropolitano Norte,Centro Comunitario de Salud Familiar Los Libertadores,Huechuraba,MENORES CONTROLADOS
2568,3,9,109305,A0200002,13,13107,8,8,5,Servicio de Salud Metropolitano Norte,Centro de Salud Familiar La Pincoya,Huechuraba,LACTANCIA MATERNA EXCLUSIVA
2569,3,9,109305,A0200001,13,13107,15,12,10,Servicio de Salud Metropolitano Norte,Centro de Salud Familiar La Pincoya,Huechuraba,MENORES CONTROLADOS
2570,6,9,109305,A0200002,13,13107,9,7,4,Servicio de Salud Metropolitano Norte,Centro de Salud Familiar La Pincoya,Huechuraba,LACTANCIA MATERNA EXCLUSIVA
2571,4,9,109718,A0200002,13,13107,1,2,3,Servicio de Salud Metropolitano Norte,Centro Comunitario de Salud Familiar Los Libertadores,Huechuraba,LACTANCIA MATERNA EXCLUSIVA
2572,4,9,109305,A0200002,13,13107,7,11,15,Servicio de Salud Metropolitano Norte,Centro de Salud Familiar La Pincoya,Huechuraba,LACTANCIA MATERNA EXCLUSIVA
2573,11,9,109718,A0200002,13,13107,1,,3,Servicio de Salud Metropolitano Norte,Centro Comunitario de Salud Familiar Los Libertadores,Huechuraba,LACTANCIA MATERNA EXCLUSIVA
2574,11,9,109718,A0200001,13,13107,1,0,3,Servicio de Salud Metropolitano Norte,Centro Comunitario de Salud Familiar Los Libertadores,Huechuraba,MENORES CONTROLADOS
2575,1,9,109305,A0200002,13,13107,11,12,8,Servicio de Salud Metropolitano Norte,Centro de Salud Familiar La Pincoya,Huechuraba,LACTANCIA MATERNA EXCLUSIVA
2576,8,9,109718,A0200002,13,13107,1,3,2,Servicio de Salud Metropolitano Norte,Centro Comunitario de Salud Familiar Los Libertadores,Huechuraba,LACTANCIA MATERNA EXCLUSIVA
2577,8,9,109718,A0200001,13,13107,2,3,2,Servicio de Salud Metropolitano Norte,Centro Comunitario de Salud Familiar Los Libertadores,Huechuraba,MENORES CONTROLADOS
2578,7,9,109305,A0200002,13,13107,9,7,9,Servicio de Salud Metropolitano Norte,Centro de Salud Familiar La Pincoya,Huechuraba,LACTANCIA MATERNA EXCLUSIVA
2579,7,9,109305,A0200001,13,13107,18,12,19,Servicio de Salud Metropolitano Norte,Centro de Salud Familiar La Pincoya,Huechuraba,MENORES CONTROLADOS
2580,9,9,109305,A0200001,13,13107,10,17,8,Servicio de Salud Metropolitano Norte,Centro de Salud Familiar La Pincoya,Huechuraba,MENORES CONTROLADOS
2581,9,9,109305,A0200002,13,13107,6,13,5,Servicio de Salud Metropolitano Norte,Centro de Salud Familiar La Pincoya,Huechuraba,LACTANCIA MATERNA EXCLUSIVA
2582,3,9,109718,A0200002,13,13107,2,3,3,Servicio de Salud Metropolitano Norte,Centro Comunitario de Salud Familiar Los Libertadores,Huechuraba,LACTANCIA MATERNA EXCLUSIVA
2583,9,9,109718,A0200001,13,13107,2,4,3,Servicio de Salud Metropolitano Norte,Centro Comunitario de Salud Familiar Los Libertadores,Huechuraba,MENORES CONTROLADOS
2584,8,9,109305,A0200002,13,13107,9,11,4,Servicio de Salud Metropolitano Norte,Centro de Salud Familiar La Pincoya,Huechuraba,LACTANCIA MATERNA EXCLUSIVA
2585,8,9,109305,A0200001,13,13107,13,16,12,Servicio de Salud Metropolitano Norte,Centro de Salud Familiar La Pincoya,Huechuraba,MENORES CONTROLADOS
2586,7,9,109718,A0200001,13,13107,2,5,5,Servicio de Salud Metropolitano Norte,Centro Comunitario de Salud Familiar Los Libertadores,Huechuraba,MENORES CONTROLADOS
2587,7,9,109718,A0200002,13,13107,2,4,2,Servicio de Salud Metropolitano Norte,Centro Comunitario de Salud Familiar Los Libertadores,Huechuraba,LACTANCIA MATERNA EXCLUSIVA
2588,4,9,109317,A0200001,13,13107,2,6,6,Servicio de Salud Metropolitano Norte,Centro de Salud Familiar El Barrero,Huechuraba,MENORES CONTROLADOS
2589,9,9,109317,A0200002,13,13107,4,1,2,Servicio de Salud Metropolitano Norte,Centro de Salud Familiar El Barrero,Huechuraba,LACTANCIA MATERNA EXCLUSIVA
2590,9,9,109317,A0200001,13,13107,7,2,5,Servicio de Salud Metropolitano Norte,Centro de Salud Familiar El Barrero,Huechuraba,MENORES CONTROLADOS
2591,8,9,109317,A0200002,13,13107,4,3,4,Servicio de Salud Metropolitano Norte,Centro de Salud Familiar El Barrero,Huechuraba,LACTANCIA MATERNA EXCLUSIVA
2592,3,9,109317,A0200002,13,13107,7,3,4,Servicio de Salud Metropolitano Norte,Centro de Salud Familiar El Barrero,Huechuraba,LACTANCIA MATERNA EXCLUSIVA
2593,6,9,109317,A0200001,13,13107,8,8,5,Servicio de Salud Metropolitano Norte,Centro de Salud Familiar El Barrero,Huechuraba,MENORES CONTROLADOS
2594,6,9,109317,A0200002,13,13107,4,5,3,Servicio de Salud Metropolitano Norte,Centro de Salud Familiar El Barrero,Huechuraba,LACTANCIA MATERNA EXCLUSIVA
2595,2,9,109317,A0200002,13,13107,3,4,7,Servicio de Salud Metropolitano Norte,Centro de Salud Familiar El Barrero,Huechuraba,LACTANCIA MATERNA EXCLUSIVA
2596,2,9,109317,A0200001,13,13107,5,6,9,Servicio de Salud Metropolitano Norte,Centro de Salud Familiar El Barrero,Huechuraba,MENORES CONTROLADOS
2597,10,9,109317,A0200002,13,13107,2,4,3,Servicio de Salud Metropolitano Norte,Centro de Salud Familiar El Barrero,Huechuraba,LACTANCIA MATERNA EXCLUSIVA
2598,10,9,109317,A0200001,13,13107,4,6,4,Servicio de Salud Metropolitano Norte,Centro de Salud Familiar El Barrero,Huechuraba,MENORES CONTROLADOS
2599,3,9,109317,A0200001,13,13107,10,5,8,Servicio de Salud Metropolitano Norte,Centro de Salud Familiar El Barrero,Huechuraba,MENORES CONTROLADOS
2600,1,9,109317,A0200002,13,13107,2,4,5,Servicio de Salud Metropolitano Norte,Centro de Salud Familiar El Barrero,Huechuraba,LACTANCIA MATERNA EXCLUSIVA
2601,5,9,109317,A0200002,13,13107,4,3,4,Servicio de Salud Metropolitano Norte,Centro de Salud Familiar El Barrero,Huechuraba,LACTANCIA MATERNA EXCLUSIVA
2602,4,9,109317,A0200002,13,13107,2,3,5,Servicio de Salud Metropolitano Norte,Centro de Salud Familiar El Barrero,Huechuraba,LACTANCIA MATERNA EXCLUSIVA
2603,11,9,109317,A0200002,13,13107,4,2,0,Servicio de Salud Metropolitano Norte,Centro de Salud Familiar El Barrero,Huechuraba,LACTANCIA MATERNA EXCLUSIVA
2604,11,9,109317,A0200001,13,13107,5,5,6,Servicio de Salud Metropolitano Norte,Centro de Salud Familiar El Barrero,Huechuraba,MENORES CONTROLADOS
2605,12,9,109317,A0200002,13,13107,8,3,3,Servicio de Salud Metropolitano Norte,Centro de Salud Familiar El Barrero,Huechuraba,LACTANCIA MATERNA EXCLUSIVA
2606,12,9,109317,A0200001,13,13107,11,6,4,Servicio de Salud Metropolitano Norte,Centro de Salud Familiar El Barrero,Huechuraba,MENORES CONTROLADOS
2607,7,9,109317,A0200001,13,13107,2,6,10,Servicio de Salud Metropolitano Norte,Centro de Salud Familiar El Barrero,Huechuraba,MENORES CONTROLADOS
2608,8,9,109317,A0200001,13,13107,7,6,5,Servicio de Salud Metropolitano Norte,Centro de Salud Familiar El Barrero,Huechuraba,MENORES CONTROLADOS
2609,7,9,109317,A0200002,13,13107,0,5,8,Servicio de Salud Metropolitano Norte,Centro de Salud Familiar El Barrero,Huechuraba,LACTANCIA MATERNA EXCLUSIVA
2610,5,9,109317,A0200001,13,13107,4,5,6,Servicio de Salud Metropolitano Norte,Centro de Salud Familiar El Barrero,Huechuraba,MENORES CONTROLADOS
2611,1,9,109317,A0200001,13,13107,5,6,7,Servicio de Salud Metropolitano Norte,Centro de Salud Familiar El Barrero,Huechuraba,MENORES CONTROLADOS
2612,9,9,200961,A0200002,13,13107,,1,5,Servicio de Salud Metropolitano Norte,Centro de Salud Familiar Dr. Victor Castro Wiren,Huechuraba,LACTANCIA MATERNA EXCLUSIVA
2613,9,9,200961,A0200001,13,13107,1,4,5,Servicio de Salud Metropolitano Norte,Centro de Salud Familiar Dr. Victor Castro Wiren,Huechuraba,MENORES CONTROLADOS
2614,4,9,200961,A0200001,13,13107,4,3,6,Servicio de Salud Metropolitano Norte,Centro de Salud Familiar Dr. Victor Castro Wiren,Huechuraba,MENORES CONTROLADOS
2615,4,9,200961,A0200002,13,13107,4,1,6,Servicio de Salud Metropolitano Norte,Centro de Salud Familiar Dr. Victor Castro Wiren,Huechuraba,LACTANCIA MATERNA EXCLUSIVA
2616,6,9,200961,A0200001,13,13107,4,4,6,Servicio de Salud Metropolitano Norte,Centro de Salud Familiar Dr. Victor Castro Wiren,Huechuraba,MENORES CONTROLADOS
2617,6,9,200961,A0200002,13,13107,2,4,3,Servicio de Salud Metropolitano Norte,Centro de Salud Familiar Dr. Victor Castro Wiren,Huechuraba,LACTANCIA MATERNA EXCLUSIVA
2618,3,9,200961,A0200002,13,13107,1,4,2,Servicio de Salud Metropolitano Norte,Centro de Salud Familiar Dr. Victor Castro Wiren,Huechuraba,LACTANCIA MATERNA EXCLUSIVA
2619,3,9,200961,A0200001,13,13107,1,4,6,Servicio de Salud Metropolitano Norte,Centro de Salud Familiar Dr. Victor Castro Wiren,Huechuraba,MENORES CONTROLADOS
2620,8,9,200961,A0200001,13,13107,6,5,4,Servicio de Salud Metropolitano Norte,Centro de Salud Familiar Dr. Victor Castro Wiren,Huechuraba,MENORES CONTROLADOS
2621,8,9,200961,A0200002,13,13107,1,2,3,Servicio de Salud Metropolitano Norte,Centro de Salud Familiar Dr. Victor Castro Wiren,Huechuraba,LACTANCIA MATERNA EXCLUSIVA
2622,1,9,200961,A0200002,13,13107,4,1,3,Servicio de Salud Metropolitano Norte,Centro de Salud Familiar Dr. Victor Castro Wiren,Huechuraba,LACTANCIA MATERNA EXCLUSIVA
2623,1,9,200961,A0200001,13,13107,5,3,3,Servicio de Salud Metropolitano Norte,Centro de Salud Familiar Dr. Victor Castro Wiren,Huechuraba,MENORES CONTROLADOS
2624,10,9,200961,A0200002,13,13107,1,3,2,Servicio de Salud Metropolitano Norte,Centro de Salud Familiar Dr. Victor Castro Wiren,Huechuraba,LACTANCIA MATERNA EXCLUSIVA
2625,10,9,200961,A0200001,13,13107,5,8,2,Servicio de Salud Metropolitano Norte,Centro de Salud Familiar Dr. Victor Castro Wiren,Huechuraba,MENORES CONTROLADOS
2626,5,9,200961,A0200002,13,13107,2,3,1,Servicio de Salud Metropolitano Norte,Centro de Salud Familiar Dr. Victor Castro Wiren,Huechuraba,LACTANCIA MATERNA EXCLUSIVA
2627,5,9,200961,A0200001,13,13107,2,4,2,Servicio de Salud Metropolitano Norte,Centro de Salud Familiar Dr. Victor Castro Wiren,Huechuraba,MENORES CONTROLADOS
2628,7,9,200961,A0200001,13,13107,8,3,1,Servicio de Salud Metropolitano Norte,Centro de Salud Familiar Dr. Victor Castro Wiren,Huechuraba,MENORES CONTROLADOS
2629,7,9,200961,A0200002,13,13107,5,3,,Servicio de Salud Metropolitano Norte,Centro de Salud Familiar Dr. Victor Castro Wiren,Huechuraba,LACTANCIA MATERNA EXCLUSIVA
2630,2,9,200961,A0200002,13,13107,1,2,3,Servicio de Salud Metropolitano Norte,Centro de Salud Familiar Dr. Victor Castro Wiren,Huechuraba,LACTANCIA MATERNA EXCLUSIVA
2631,2,9,200961,A0200001,13,13107,1,3,5,Servicio de Salud Metropolitano Norte,Centro de Salud Familiar Dr. Victor Castro Wiren,Huechuraba,MENORES CONTROLADOS
2632,11,9,200961,A0200002,13,13107,2,2,3,Servicio de Salud Metropolitano Norte,Centro de Salud Familiar Dr. Victor Castro Wiren,Huechuraba,LACTANCIA MATERNA EXCLUSIVA
2633,11,9,200961,A0200001,13,13107,4,3,3,Servicio de Salud Metropolitano Norte,Centro de Salud Familiar Dr. Victor Castro Wiren,Huechuraba,MENORES CONTROLADOS
2634,12,9,200961,A0200002,13,13107,4,2,2,Servicio de Salud Metropolitano Norte,Centro de Salud Familiar Dr. Victor Castro Wiren,Huechuraba,LACTANCIA MATERNA EXCLUSIVA
2635,12,9,200961,A0200001,13,13107,5,6,10,Servicio de Salud Metropolitano Norte,Centro de Salud Familiar Dr. Victor Castro Wiren,Huechuraba,MENORES CONTROLADOS
2636,3,9,109321,A0200002,13,13108,3,6,6,Servicio de Salud Metropolitano Norte,Centro de Salud Familiar Juan Antonio Ríos,Independencia,LACTANCIA MATERNA EXCLUSIVA
2637,3,9,109321,A0200001,13,13108,13,18,12,Servicio de Salud Metropolitano Norte,Centro de Salud Familiar Juan Antonio Ríos,Independencia,MENORES CONTROLADOS
2638,6,9,109321,A0200002,13,13108,13,7,6,Servicio de Salud Metropolitano Norte,Centro de Salud Familiar Juan Antonio Ríos,Independencia,LACTANCIA MATERNA EXCLUSIVA
2639,5,9,109321,A0200002,13,13108,4,5,9,Servicio de Salud Metropolitano Norte,Centro de Salud Familiar Juan Antonio Ríos,Independencia,LACTANCIA MATERNA EXCLUSIVA
2640,5,9,109321,A0200001,13,13108,7,10,12,Servicio de Salud Metropolitano Norte,Centro de Salud Familiar Juan Antonio Ríos,Independencia,MENORES CONTROLADOS
2641,1,9,109321,A0200002,13,13108,15,10,6,Servicio de Salud Metropolitano Norte,Centro de Salud Familiar Juan Antonio Ríos,Independencia,LACTANCIA MATERNA EXCLUSIVA
2642,4,9,109321,A0200001,13,13108,10,14,7,Servicio de Salud Metropolitano Norte,Centro de Salud Familiar Juan Antonio Ríos,Independencia,MENORES CONTROLADOS
2643,4,9,109321,A0200002,13,13108,8,9,5,Servicio de Salud Metropolitano Norte,Centro de Salud Familiar Juan Antonio Ríos,Independencia,LACTANCIA MATERNA EXCLUSIVA
2644,1,9,109321,A0200001,13,13108,21,16,11,Servicio de Salud Metropolitano Norte,Centro de Salud Familiar Juan Antonio Ríos,Independencia,MENORES CONTROLADOS
2645,10,9,109321,A0200002,13,13108,16,10,2,Servicio de Salud Metropolitano Norte,Centro de Salud Familiar Juan Antonio Ríos,Independencia,LACTANCIA MATERNA EXCLUSIVA
2646,10,9,109321,A0200001,13,13108,22,17,4,Servicio de Salud Metropolitano Norte,Centro de Salud Familiar Juan Antonio Ríos,Independencia,MENORES CONTROLADOS
2647,11,9,109321,A0200002,13,13108,13,7,8,Servicio de Salud Metropolitano Norte,Centro de Salud Familiar Juan Antonio Ríos,Independencia,LACTANCIA MATERNA EXCLUSIVA
2648,11,9,109321,A0200001,13,13108,19,15,17,Servicio de Salud Metropolitano Norte,Centro de Salud Familiar Juan Antonio Ríos,Independencia,MENORES CONTROLADOS
2649,6,9,109321,A0200001,13,13108,22,11,11,Servicio de Salud Metropolitano Norte,Centro de Salud Familiar Juan Antonio Ríos,Independencia,MENORES CONTROLADOS
2650,8,9,109321,A0200001,13,13108,17,20,14,Servicio de Salud Metropolitano Norte,Centro de Salud Familiar Juan Antonio Ríos,Independencia,MENORES CONTROLADOS
2651,8,9,109321,A0200002,13,13108,5,14,8,Servicio de Salud Metropolitano Norte,Centro de Salud Familiar Juan Antonio Ríos,Independencia,LACTANCIA MATERNA EXCLUSIVA
2652,9,9,109321,A0200002,13,13108,11,10,10,Servicio de Salud Metropolitano Norte,Centro de Salud Familiar Juan Antonio Ríos,Independencia,LACTANCIA MATERNA EXCLUSIVA
2653,9,9,109321,A0200001,13,13108,15,14,12,Servicio de Salud Metropolitano Norte,Centro de Salud Familiar Juan Antonio Ríos,Independencia,MENORES CONTROLADOS
2654,7,9,109321,A0200002,13,13108,9,6,10,Servicio de Salud Metropolitano Norte,Centro de Salud Familiar Juan Antonio Ríos,Independencia,LACTANCIA MATERNA EXCLUSIVA
2655,7,9,109321,A0200001,13,13108,19,12,15,Servicio de Salud Metropolitano Norte,Centro de Salud Familiar Juan Antonio Ríos,Independencia,MENORES CONTROLADOS
2656,2,9,109321,A0200002,13,13108,8,11,8,Servicio de Salud Metropolitano Norte,Centro de Salud Familiar Juan Antonio Ríos,Independencia,LACTANCIA MATERNA EXCLUSIVA
2657,2,9,109321,A0200001,13,13108,15,14,11,Servicio de Salud Metropolitano Norte,Centro de Salud Familiar Juan Antonio Ríos,Independencia,MENORES CONTROLADOS
2658,12,9,109321,A0200002,13,13108,7,5,7,Servicio de Salud Metropolitano Norte,Centro de Salud Familiar Juan Antonio Ríos,Independencia,LACTANCIA MATERNA EXCLUSIVA
2659,12,9,109321,A0200001,13,13108,14,8,14,Servicio de Salud Metropolitano Norte,Centro de Salud Familiar Juan Antonio Ríos,Independencia,MENORES CONTROLADOS
2660,12,9,200554,A0200001,13,13108,0,3,4,Servicio de Salud Metropolitano Norte,Centro Comunitario de Salud Familiar Las Enredaderas,Independencia,MENORES CONTROLADOS
2661,12,9,200554,A0200002,13,13108,0,1,3,Servicio de Salud Metropolitano Norte,Centro Comunitario de Salud Familiar Las Enredaderas,Independencia,LACTANCIA MATERNA EXCLUSIVA
2662,4,9,200554,A0200002,13,13108,,,2,Servicio de Salud Metropolitano Norte,Centro Comunitario de Salud Familiar Las Enredaderas,Independencia,LACTANCIA MATERNA EXCLUSIVA
2663,4,9,200554,A0200001,13,13108,,,10,Servicio de Salud Metropolitano Norte,Centro Comunitario de Salud Familiar Las Enredaderas,Independencia,MENORES CONTROLADOS
2664,2,9,200554,A0200002,13,13108,0,5,3,Servicio de Salud Metropolitano Norte,Centro Comunitario de Salud Familiar Las Enredaderas,Independencia,LACTANCIA MATERNA EXCLUSIVA
2665,2,9,200554,A0200001,13,13108,0,8,3,Servicio de Salud Metropolitano Norte,Centro Comunitario de Salud Familiar Las Enredaderas,Independencia,MENORES CONTROLADOS
2666,2,9,109300,A0200002,13,13108,32,39,32,Servicio de Salud Metropolitano Norte,Centro de Salud Familiar Agustín Cruz Melo,Independencia,LACTANCIA MATERNA EXCLUSIVA
2667,1,9,109300,A0200001,13,13108,44,52,44,Servicio de Salud Metropolitano Norte,Centro de Salud Familiar Agustín Cruz Melo,Independencia,MENORES CONTROLADOS
2668,3,9,200554,A0200001,13,13108,6,8,8,Servicio de Salud Metropolitano Norte,Centro Comunitario de Salud Familiar Las Enredaderas,Independencia,MENORES CONTROLADOS
2669,5,9,109300,A0200001,13,13108,59,46,48,Servicio de Salud Metropolitano Norte,Centro de Salud Familiar Agustín Cruz Melo,Independencia,MENORES CONTROLADOS
2670,5,9,109300,A0200002,13,13108,39,33,37,Servicio de Salud Metropolitano Norte,Centro de Salud Familiar Agustín Cruz Melo,Independencia,LACTANCIA MATERNA EXCLUSIVA
2671,10,9,109300,A0200002,13,13108,44,38,30,Servicio de Salud Metropolitano Norte,Centro de Salud Familiar Agustín Cruz Melo,Independencia,LACTANCIA MATERNA EXCLUSIVA
2672,4,9,109300,A0200001,13,13108,37,45,38,Servicio de Salud Metropolitano Norte,Centro de Salud Familiar Agustín Cruz Melo,Independencia,MENORES CONTROLADOS
2673,12,9,109300,A0200002,13,13108,30,24,19,Servicio de Salud Metropolitano Norte,Centro de Salud Familiar Agustín Cruz Melo,Independencia,LACTANCIA MATERNA EXCLUSIVA
2674,12,9,109300,A0200001,13,13108,42,41,34,Servicio de Salud Metropolitano Norte,Centro de Salud Familiar Agustín Cruz Melo,Independencia,MENORES CONTROLADOS
2675,6,9,109300,A0200002,13,13108,36,25,13,Servicio de Salud Metropolitano Norte,Centro de Salud Familiar Agustín Cruz Melo,Independencia,LACTANCIA MATERNA EXCLUSIVA
2676,1,9,200554,A0200002,13,13108,6,8,2,Servicio de Salud Metropolitano Norte,Centro Comunitario de Salud Familiar Las Enredaderas,Independencia,LACTANCIA MATERNA EXCLUSIVA
2677,6,9,109300,A0200001,13,13108,42,36,28,Servicio de Salud Metropolitano Norte,Centro de Salud Familiar Agustín Cruz Melo,Independencia,MENORES CONTROLADOS
2678,2,9,109300,A0200001,13,13108,45,0,50,Servicio de Salud Metropolitano Norte,Centro de Salud Familiar Agustín Cruz Melo,Independencia,MENORES CONTROLADOS
2679,10,9,109300,A0200001,13,13108,65,47,45,Servicio de Salud Metropolitano Norte,Centro de Salud Familiar Agustín Cruz Melo,Independencia,MENORES CONTROLADOS
2680,1,9,109300,A0200002,13,13108,32,37,22,Servicio de Salud Metropolitano Norte,Centro de Salud Familiar Agustín Cruz Melo,Independencia,LACTANCIA MATERNA EXCLUSIVA
2681,3,9,109300,A0200001,13,13108,43,28,31,Servicio de Salud Metropolitano Norte,Centro de Salud Familiar Agustín Cruz Melo,Independencia,MENORES CONTROLADOS
2682,1,9,200554,A0200001,13,13108,6,9,6,Servicio de Salud Metropolitano Norte,Centro Comunitario de Salud Familiar Las Enredaderas,Independencia,MENORES CONTROLADOS
2683,3,9,109300,A0200002,13,13108,29,18,20,Servicio de Salud Metropolitano Norte,Centro de Salud Familiar Agustín Cruz Melo,Independencia,LACTANCIA MATERNA EXCLUSIVA
2684,7,9,109300,A0200002,13,13108,41,47,31,Servicio de Salud Metropolitano Norte,Centro de Salud Familiar Agustín Cruz Melo,Independencia,LACTANCIA MATERNA EXCLUSIVA
2685,7,9,109300,A0200001,13,13108,54,64,42,Servicio de Salud Metropolitano Norte,Centro de Salud Familiar Agustín Cruz Melo,Independencia,MENORES CONTROLADOS
2686,11,9,109300,A0200002,13,13108,32,25,34,Servicio de Salud Metropolitano Norte,Centro de Salud Familiar Agustín Cruz Melo,Independencia,LACTANCIA MATERNA EXCLUSIVA
2687,11,9,109300,A0200001,13,13108,41,40,49,Servicio de Salud Metropolitano Norte,Centro de Salud Familiar Agustín Cruz Melo,Independencia,MENORES CONTROLADOS
2688,7,9,200554,A0200002,13,13108,4,3,1,Servicio de Salud Metropolitano Norte,Centro Comunitario de Salud Familiar Las Enredaderas,Independencia,LACTANCIA MATERNA EXCLUSIVA
2689,4,9,109300,A0200002,13,13108,26,34,26,Servicio de Salud Metropolitano Norte,Centro de Salud Familiar Agustín Cruz Melo,Independencia,LACTANCIA MATERNA EXCLUSIVA
2690,7,9,200554,A0200001,13,13108,4,3,3,Servicio de Salud Metropolitano Norte,Centro Comunitario de Salud Familiar Las Enredaderas,Independencia,MENORES CONTROLADOS
2691,10,9,200554,A0200002,13,13108,2,1,2,Servicio de Salud Metropolitano Norte,Centro Comunitario de Salud Familiar Las Enredaderas,Independencia,LACTANCIA MATERNA EXCLUSIVA
2692,10,9,200554,A0200001,13,13108,3,2,2,Servicio de Salud Metropolitano Norte,Centro Comunitario de Salud Familiar Las Enredaderas,Independencia,MENORES CONTROLADOS
2693,3,9,200554,A0200002,13,13108,3,6,4,Servicio de Salud Metropolitano Norte,Centro Comunitario de Salud Familiar Las Enredaderas,Independencia,LACTANCIA MATERNA EXCLUSIVA
2694,8,9,109300,A0200002,13,13108,34,27,28,Servicio de Salud Metropolitano Norte,Centro de Salud Familiar Agustín Cruz Melo,Independencia,LACTANCIA MATERNA EXCLUSIVA
2695,8,9,109300,A0200001,13,13108,39,40,38,Servicio de Salud Metropolitano Norte,Centro de Salud Familiar Agustín Cruz Melo,Independencia,MENORES CONTROLADOS
2696,6,9,200554,A0200001,13,13108,,,10,Servicio de Salud Metropolitano Norte,Centro Comunitario de Salud Familiar Las Enredaderas,Independencia,MENORES CONTROLADOS
2697,5,9,200554,A0200001,13,13108,,,5,Servicio de Salud Metropolitano Norte,Centro Comunitario de Salud Familiar Las Enredaderas,Independencia,MENORES CONTROLADOS
2698,5,9,200554,A0200002,13,13108,,,1,Servicio de Salud Metropolitano Norte,Centro Comunitario de Salud Familiar Las Enredaderas,Independencia,LACTANCIA MATERNA EXCLUSIVA
2699,6,9,200554,A0200002,13,13108,,,2,Servicio de Salud Metropolitano Norte,Centro Comunitario de Salud Familiar Las Enredaderas,Independencia,LACTANCIA MATERNA EXCLUSIVA
2700,8,9,200554,A0200002,13,13108,4,3,2,Servicio de Salud Metropolitano Norte,Centro Comunitario de Salud Familiar Las Enredaderas,Independencia,LACTANCIA MATERNA EXCLUSIVA
2701,8,9,200554,A0200001,13,13108,5,3,3,Servicio de Salud Metropolitano Norte,Centro Comunitario de Salud Familiar Las Enredaderas,Independencia,MENORES CONTROLADOS
2702,9,9,200554,A0200002,13,13108,3,3,2,Servicio de Salud Metropolitano Norte,Centro Comunitario de Salud Familiar Las Enredaderas,Independencia,LACTANCIA MATERNA EXCLUSIVA
2703,11,9,200554,A0200001,13,13108,2,5,4,Servicio de Salud Metropolitano Norte,Centro Comunitario de Salud Familiar Las Enredaderas,Independencia,MENORES CONTROLADOS
2704,11,9,200554,A0200002,13,13108,2,2,3,Servicio de Salud Metropolitano Norte,Centro Comunitario de Salud Familiar Las Enredaderas,Independencia,LACTANCIA MATERNA EXCLUSIVA
2705,9,9,200554,A0200001,13,13108,5,5,4,Servicio de Salud Metropolitano Norte,Centro Comunitario de Salud Familiar Las Enredaderas,Independencia,MENORES CONTROLADOS
2706,9,9,109300,A0200002,13,13108,25,24,17,Servicio de Salud Metropolitano Norte,Centro de Salud Familiar Agustín Cruz Melo,Independencia,LACTANCIA MATERNA EXCLUSIVA
2707,9,9,109300,A0200001,13,13108,35,39,31,Servicio de Salud Metropolitano Norte,Centro de Salud Familiar Agustín Cruz Melo,Independencia,MENORES CONTROLADOS
2708,1,9,201091,A0200002,13,13125,16,14,14,Servicio de Salud Metropolitano Norte,Centro de Salud Familiar Marta Ugarte Román,Quilicura,LACTANCIA MATERNA EXCLUSIVA
2709,1,9,201091,A0200001,13,13125,24,21,20,Servicio de Salud Metropolitano Norte,Centro de Salud Familiar Marta Ugarte Román,Quilicura,MENORES CONTROLADOS
2710,6,9,201091,A0200001,13,13125,18,23,14,Servicio de Salud Metropolitano Norte,Centro de Salud Familiar Marta Ugarte Román,Quilicura,MENORES CONTROLADOS
2711,6,9,201091,A0200002,13,13125,12,9,9,Servicio de Salud Metropolitano Norte,Centro de Salud Familiar Marta Ugarte Román,Quilicura,LACTANCIA MATERNA EXCLUSIVA
2712,4,9,201091,A0200002,13,13125,4,6,18,Servicio de Salud Metropolitano Norte,Centro de Salud Familiar Marta Ugarte Román,Quilicura,LACTANCIA MATERNA EXCLUSIVA
2713,4,9,201091,A0200001,13,13125,11,10,26,Servicio de Salud Metropolitano Norte,Centro de Salud Familiar Marta Ugarte Román,Quilicura,MENORES CONTROLADOS
2714,3,9,201091,A0200002,13,13125,17,14,12,Servicio de Salud Metropolitano Norte,Centro de Salud Familiar Marta Ugarte Román,Quilicura,LACTANCIA MATERNA EXCLUSIVA
2715,3,9,201091,A0200001,13,13125,21,27,26,Servicio de Salud Metropolitano Norte,Centro de Salud Familiar Marta Ugarte Román,Quilicura,MENORES CONTROLADOS
2716,2,9,201091,A0200001,13,13125,13,13,21,Servicio de Salud Metropolitano Norte,Centro de Salud Familiar Marta Ugarte Román,Quilicura,MENORES CONTROLADOS
2717,2,9,201091,A0200002,13,13125,8,8,14,Servicio de Salud Metropolitano Norte,Centro de Salud Familiar Marta Ugarte Román,Quilicura,LACTANCIA MATERNA EXCLUSIVA
2718,10,9,201091,A0200002,13,13125,13,26,26,Servicio de Salud Metropolitano Norte,Centro de Salud Familiar Marta Ugarte Román,Quilicura,LACTANCIA MATERNA EXCLUSIVA
2719,5,9,201091,A0200001,13,13125,17,17,20,Servicio de Salud Metropolitano Norte,Centro de Salud Familiar Marta Ugarte Román,Quilicura,MENORES CONTROLADOS
2720,11,9,201091,A0200002,13,13125,18,22,13,Servicio de Salud Metropolitano Norte,Centro de Salud Familiar Marta Ugarte Román,Quilicura,LACTANCIA MATERNA EXCLUSIVA
2721,11,9,201091,A0200001,13,13125,31,47,34,Servicio de Salud Metropolitano Norte,Centro de Salud Familiar Marta Ugarte Román,Quilicura,MENORES CONTROLADOS
2722,12,9,201091,A0200002,13,13125,6,10,6,Servicio de Salud Metropolitano Norte,Centro de Salud Familiar Marta Ugarte Román,Quilicura,LACTANCIA MATERNA EXCLUSIVA
2723,12,9,201091,A0200001,13,13125,11,19,18,Servicio de Salud Metropolitano Norte,Centro de Salud Familiar Marta Ugarte Román,Quilicura,MENORES CONTROLADOS
2724,10,9,201091,A0200001,13,13125,23,52,63,Servicio de Salud Metropolitano Norte,Centro de Salud Familiar Marta Ugarte Román,Quilicura,MENORES CONTROLADOS
2725,8,9,201091,A0200001,13,13125,32,12,17,Servicio de Salud Metropolitano Norte,Centro de Salud Familiar Marta Ugarte Román,Quilicura,MENORES CONTROLADOS
2726,8,9,201091,A0200002,13,13125,17,6,6,Servicio de Salud Metropolitano Norte,Centro de Salud Familiar Marta Ugarte Román,Quilicura,LACTANCIA MATERNA EXCLUSIVA
2727,5,9,201091,A0200002,13,13125,14,14,8,Servicio de Salud Metropolitano Norte,Centro de Salud Familiar Marta Ugarte Román,Quilicura,LACTANCIA MATERNA EXCLUSIVA
2728,9,9,201091,A0200002,13,13125,17,25,10,Servicio de Salud Metropolitano Norte,Centro de Salud Familiar Marta Ugarte Román,Quilicura,LACTANCIA MATERNA EXCLUSIVA
2729,9,9,201091,A0200001,13,13125,24,40,27,Servicio de Salud Metropolitano Norte,Centro de Salud Familiar Marta Ugarte Román,Quilicura,MENORES CONTROLADOS
2730,7,9,201091,A0200001,13,13125,21,12,21,Servicio de Salud Metropolitano Norte,Centro de Salud Familiar Marta Ugarte Román,Quilicura,MENORES CONTROLADOS
2731,7,9,201091,A0200002,13,13125,14,5,11,Servicio de Salud Metropolitano Norte,Centro de Salud Familiar Marta Ugarte Román,Quilicura,LACTANCIA MATERNA EXCLUSIVA
2732,12,9,109715,A0200002,13,13125,0,1,2,Servicio de Salud Metropolitano Norte,Centro Comunitario de Salud Familiar Pucara de Lasana,Quilicura,LACTANCIA MATERNA EXCLUSIVA
2733,12,9,109715,A0200001,13,13125,1,1,3,Servicio de Salud Metropolitano Norte,Centro Comunitario de Salud Familiar Pucara de Lasana,Quilicura,MENORES CONTROLADOS
2734,4,9,109715,A0200001,13,13125,2,2,3,Servicio de Salud Metropolitano Norte,Centro Comunitario de Salud Familiar Pucara de Lasana,Quilicura,MENORES CONTROLADOS
2735,2,9,109715,A0200002,13,13125,2,2,1,Servicio de Salud Metropolitano Norte,Centro Comunitario de Salud Familiar Pucara de Lasana,Quilicura,LACTANCIA MATERNA EXCLUSIVA
2736,2,9,109715,A0200001,13,13125,2,4,2,Servicio de Salud Metropolitano Norte,Centro Comunitario de Salud Familiar Pucara de Lasana,Quilicura,MENORES CONTROLADOS
2737,8,9,109715,A0200002,13,13125,1,3,,Servicio de Salud Metropolitano Norte,Centro Comunitario de Salud Familiar Pucara de Lasana,Quilicura,LACTANCIA MATERNA EXCLUSIVA
2738,4,9,109715,A0200002,13,13125,2,,,Servicio de Salud Metropolitano Norte,Centro Comunitario de Salud Familiar Pucara de Lasana,Quilicura,LACTANCIA MATERNA EXCLUSIVA
2739,8,9,109715,A0200001,13,13125,2,3,,Servicio de Salud Metropolitano Norte,Centro Comunitario de Salud Familiar Pucara de Lasana,Quilicura,MENORES CONTROLADOS
2740,1,9,109715,A0200002,13,13125,1,,,Servicio de Salud Metropolitano Norte,Centro Comunitario de Salud Familiar Pucara de Lasana,Quilicura,LACTANCIA MATERNA EXCLUSIVA
2741,1,9,109715,A0200001,13,13125,1,1,1,Servicio de Salud Metropolitano Norte,Centro Comunitario de Salud Familiar Pucara de Lasana,Quilicura,MENORES CONTROLADOS
2742,9,9,109715,A0200002,13,13125,12,1,2,Servicio de Salud Metropolitano Norte,Centro Comunitario de Salud Familiar Pucara de Lasana,Quilicura,LACTANCIA MATERNA EXCLUSIVA
2743,9,9,109715,A0200001,13,13125,12,1,2,Servicio de Salud Metropolitano Norte,Centro Comunitario de Salud Familiar Pucara de Lasana,Quilicura,MENORES CONTROLADOS
2744,6,9,109715,A0200001,13,13125,1,1,,Servicio de Salud Metropolitano Norte,Centro Comunitario de Salud Familiar Pucara de Lasana,Quilicura,MENORES CONTROLADOS
2745,3,9,109715,A0200002,13,13125,,2,2,Servicio de Salud Metropolitano Norte,Centro Comunitario de Salud Familiar Pucara de Lasana,Quilicura,LACTANCIA MATERNA EXCLUSIVA
2746,3,9,109715,A0200001,13,13125,,2,8,Servicio de Salud Metropolitano Norte,Centro Comunitario de Salud Familiar Pucara de Lasana,Quilicura,MENORES CONTROLADOS
2747,6,9,109715,A0200002,13,13125,1,1,,Servicio de Salud Metropolitano Norte,Centro Comunitario de Salud Familiar Pucara de Lasana,Quilicura,LACTANCIA MATERNA EXCLUSIVA
2748,5,9,109715,A0200002,13,13125,0,0,1,Servicio de Salud Metropolitano Norte,Centro Comunitario de Salud Familiar Pucara de Lasana,Quilicura,LACTANCIA MATERNA EXCLUSIVA
2749,5,9,109715,A0200001,13,13125,,1,6,Servicio de Salud Metropolitano Norte,Centro Comunitario de Salud Familiar Pucara de Lasana,Quilicura,MENORES CONTROLADOS
2750,7,9,109715,A0200002,13,13125,0,2,0,Servicio de Salud Metropolitano Norte,Centro Comunitario de Salud Familiar Pucara de Lasana,Quilicura,LACTANCIA MATERNA EXCLUSIVA
2751,7,9,109715,A0200001,13,13125,,2,5,Servicio de Salud Metropolitano Norte,Centro Comunitario de Salud Familiar Pucara de Lasana,Quilicura,MENORES CONTROLADOS
2752,11,9,109715,A0200002,13,13125,4,1,1,Servicio de Salud Metropolitano Norte,Centro Comunitario de Salud Familiar Pucara de Lasana,Quilicura,LACTANCIA MATERNA EXCLUSIVA
2753,11,9,109715,A0200001,13,13125,4,1,2,Servicio de Salud Metropolitano Norte,Centro Comunitario de Salud Familiar Pucara de Lasana,Quilicura,MENORES CONTROLADOS
2754,10,9,109715,A0200002,13,13125,1,1,4,Servicio de Salud Metropolitano Norte,Centro Comunitario de Salud Familiar Pucara de Lasana,Quilicura,LACTANCIA MATERNA EXCLUSIVA
2755,10,9,109715,A0200001,13,13125,2,3,5,Servicio de Salud Metropolitano Norte,Centro Comunitario de Salud Familiar Pucara de Lasana,Quilicura,MENORES CONTROLADOS
2756,5,9,109315,A0200001,13,13125,17,24,14,Servicio de Salud Metropolitano Norte,Centro de Salud Familiar Manuel Bustos Huerta,Quilicura,MENORES CONTROLADOS
2757,6,9,109315,A0200001,13,13125,23,12,12,Servicio de Salud Metropolitano Norte,Centro de Salud Familiar Manuel Bustos Huerta,Quilicura,MENORES CONTROLADOS
2758,6,9,109315,A0200002,13,13125,13,7,4,Servicio de Salud Metropolitano Norte,Centro de Salud Familiar Manuel Bustos Huerta,Quilicura,LACTANCIA MATERNA EXCLUSIVA
2759,4,9,109315,A0200002,13,13125,10,8,11,Servicio de Salud Metropolitano Norte,Centro de Salud Familiar Manuel Bustos Huerta,Quilicura,LACTANCIA MATERNA EXCLUSIVA
2760,4,9,109315,A0200001,13,13125,15,14,26,Servicio de Salud Metropolitano Norte,Centro de Salud Familiar Manuel Bustos Huerta,Quilicura,MENORES CONTROLADOS
2761,3,9,109315,A0200002,13,13125,9,8,4,Servicio de Salud Metropolitano Norte,Centro de Salud Familiar Manuel Bustos Huerta,Quilicura,LACTANCIA MATERNA EXCLUSIVA
2762,3,9,109315,A0200001,13,13125,19,15,13,Servicio de Salud Metropolitano Norte,Centro de Salud Familiar Manuel Bustos Huerta,Quilicura,MENORES CONTROLADOS
2763,2,9,109315,A0200001,13,13125,14,14,11,Servicio de Salud Metropolitano Norte,Centro de Salud Familiar Manuel Bustos Huerta,Quilicura,MENORES CONTROLADOS
2764,2,9,109315,A0200002,13,13125,9,6,5,Servicio de Salud Metropolitano Norte,Centro de Salud Familiar Manuel Bustos Huerta,Quilicura,LACTANCIA MATERNA EXCLUSIVA
2765,5,9,109315,A0200002,13,13125,8,8,6,Servicio de Salud Metropolitano Norte,Centro de Salud Familiar Manuel Bustos Huerta,Quilicura,LACTANCIA MATERNA EXCLUSIVA
2766,12,9,109315,A0200002,13,13125,11,5,8,Servicio de Salud Metropolitano Norte,Centro de Salud Familiar Manuel Bustos Huerta,Quilicura,LACTANCIA MATERNA EXCLUSIVA
2767,12,9,109315,A0200001,13,13125,14,11,15,Servicio de Salud Metropolitano Norte,Centro de Salud Familiar Manuel Bustos Huerta,Quilicura,MENORES CONTROLADOS
2768,9,9,109315,A0200002,13,13125,7,11,8,Servicio de Salud Metropolitano Norte,Centro de Salud Familiar Manuel Bustos Huerta,Quilicura,LACTANCIA MATERNA EXCLUSIVA
2769,9,9,109315,A0200001,13,13125,13,15,13,Servicio de Salud Metropolitano Norte,Centro de Salud Familiar Manuel Bustos Huerta,Quilicura,MENORES CONTROLADOS
2770,11,9,109315,A0200002,13,13125,9,5,11,Servicio de Salud Metropolitano Norte,Centro de Salud Familiar Manuel Bustos Huerta,Quilicura,LACTANCIA MATERNA EXCLUSIVA
2771,11,9,109315,A0200001,13,13125,15,17,18,Servicio de Salud Metropolitano Norte,Centro de Salud Familiar Manuel Bustos Huerta,Quilicura,MENORES CONTROLADOS
2772,10,9,109315,A0200002,13,13125,5,10,10,Servicio de Salud Metropolitano Norte,Centro de Salud Familiar Manuel Bustos Huerta,Quilicura,LACTANCIA MATERNA EXCLUSIVA
2773,10,9,109315,A0200001,13,13125,8,13,16,Servicio de Salud Metropolitano Norte,Centro de Salud Familiar Manuel Bustos Huerta,Quilicura,MENORES CONTROLADOS
2774,1,9,109315,A0200002,13,13125,7,9,6,Servicio de Salud Metropolitano Norte,Centro de Salud Familiar Manuel Bustos Huerta,Quilicura,LACTANCIA MATERNA EXCLUSIVA
2775,7,9,109315,A0200001,13,13125,15,20,13,Servicio de Salud Metropolitano Norte,Centro de Salud Familiar Manuel Bustos Huerta,Quilicura,MENORES CONTROLADOS
2776,7,9,109315,A0200002,13,13125,9,12,9,Servicio de Salud Metropolitano Norte,Centro de Salud Familiar Manuel Bustos Huerta,Quilicura,LACTANCIA MATERNA EXCLUSIVA
2777,1,9,109315,A0200001,13,13125,10,23,15,Servicio de Salud Metropolitano Norte,Centro de Salud Familiar Manuel Bustos Huerta,Quilicura,MENORES CONTROLADOS
2778,8,9,109315,A0200001,13,13125,11,21,18,Servicio de Salud Metropolitano Norte,Centro de Salud Familiar Manuel Bustos Huerta,Quilicura,MENORES CONTROLADOS
2779,8,9,109315,A0200002,13,13125,7,11,3,Servicio de Salud Metropolitano Norte,Centro de Salud Familiar Manuel Bustos Huerta,Quilicura,LACTANCIA MATERNA EXCLUSIVA
2780,4,9,200304,A0200001,13,13125,0,1,2,Servicio de Salud Metropolitano Norte,Centro Comunitario de Salud Familiar Beato Padre Hurtado,Quilicura,MENORES CONTROLADOS
2781,8,9,200304,A0200002,13,13125,0,0,2,Servicio de Salud Metropolitano Norte,Centro Comunitario de Salud Familiar Beato Padre Hurtado,Quilicura,LACTANCIA MATERNA EXCLUSIVA
2782,8,9,200304,A0200001,13,13125,0,1,3,Servicio de Salud Metropolitano Norte,Centro Comunitario de Salud Familiar Beato Padre Hurtado,Quilicura,MENORES CONTROLADOS
2783,5,9,200304,A0200002,13,13125,1,1,1,Servicio de Salud Metropolitano Norte,Centro Comunitario de Salud Familiar Beato Padre Hurtado,Quilicura,LACTANCIA MATERNA EXCLUSIVA
2784,5,9,200304,A0200001,13,13125,1,1,3,Servicio de Salud Metropolitano Norte,Centro Comunitario de Salud Familiar Beato Padre Hurtado,Quilicura,MENORES CONTROLADOS
2785,1,9,200304,A0200002,13,13125,0,0,0,Servicio de Salud Metropolitano Norte,Centro Comunitario de Salud Familiar Beato Padre Hurtado,Quilicura,LACTANCIA MATERNA EXCLUSIVA
2786,6,9,200304,A0200002,13,13125,0,1,1,Servicio de Salud Metropolitano Norte,Centro Comunitario de Salud Familiar Beato Padre Hurtado,Quilicura,LACTANCIA MATERNA EXCLUSIVA
2787,6,9,200304,A0200001,13,13125,0,1,1,Servicio de Salud Metropolitano Norte,Centro Comunitario de Salud Familiar Beato Padre Hurtado,Quilicura,MENORES CONTROLADOS
2788,1,9,200304,A0200001,13,13125,0,0,0,Servicio de Salud Metropolitano Norte,Centro Comunitario de Salud Familiar Beato Padre Hurtado,Quilicura,MENORES CONTROLADOS
2789,3,9,200304,A0200002,13,13125,4,0,2,Servicio de Salud Metropolitano Norte,Centro Comunitario de Salud Familiar Beato Padre Hurtado,Quilicura,LACTANCIA MATERNA EXCLUSIVA
2790,3,9,200304,A0200001,13,13125,4,0,2,Servicio de Salud Metropolitano Norte,Centro Comunitario de Salud Familiar Beato Padre Hurtado,Quilicura,MENORES CONTROLADOS
2791,7,9,200304,A0200001,13,13125,3,3,1,Servicio de Salud Metropolitano Norte,Centro Comunitario de Salud Familiar Beato Padre Hurtado,Quilicura,MENORES CONTROLADOS
2792,10,9,200304,A0200002,13,13125,3,2,1,Servicio de Salud Metropolitano Norte,Centro Comunitario de Salud Familiar Beato Padre Hurtado,Quilicura,LACTANCIA MATERNA EXCLUSIVA
2793,10,9,200304,A0200001,13,13125,3,2,1,Servicio de Salud Metropolitano Norte,Centro Comunitario de Salud Familiar Beato Padre Hurtado,Quilicura,MENORES CONTROLADOS
2794,2,9,200304,A0200002,13,13125,3,0,1,Servicio de Salud Metropolitano Norte,Centro Comunitario de Salud Familiar Beato Padre Hurtado,Quilicura,LACTANCIA MATERNA EXCLUSIVA
2795,2,9,200304,A0200001,13,13125,3,1,2,Servicio de Salud Metropolitano Norte,Centro Comunitario de Salud Familiar Beato Padre Hurtado,Quilicura,MENORES CONTROLADOS
2796,11,9,200304,A0200001,13,13125,3,4,3,Servicio de Salud Metropolitano Norte,Centro Comunitario de Salud Familiar Beato Padre Hurtado,Quilicura,MENORES CONTROLADOS
2797,7,9,200304,A0200002,13,13125,2,3,1,Servicio de Salud Metropolitano Norte,Centro Comunitario de Salud Familiar Beato Padre Hurtado,Quilicura,LACTANCIA MATERNA EXCLUSIVA
2798,4,9,200304,A0200002,13,13125,0,1,1,Servicio de Salud Metropolitano Norte,Centro Comunitario de Salud Familiar Beato Padre Hurtado,Quilicura,LACTANCIA MATERNA EXCLUSIVA
2799,9,9,200304,A0200002,13,13125,1,1,3,Servicio de Salud Metropolitano Norte,Centro Comunitario de Salud Familiar Beato Padre Hurtado,Quilicura,LACTANCIA MATERNA EXCLUSIVA
2800,9,9,200304,A0200001,13,13125,2,2,5,Servicio de Salud Metropolitano Norte,Centro Comunitario de Salud Familiar Beato Padre Hurtado,Quilicura,MENORES CONTROLADOS
2801,12,9,200304,A0200002,13,13125,3,0,3,Servicio de Salud Metropolitano Norte,Centro Comunitario de Salud Familiar Beato Padre Hurtado,Quilicura,LACTANCIA MATERNA EXCLUSIVA
2802,12,9,200304,A0200001,13,13125,3,0,3,Servicio de Salud Metropolitano Norte,Centro Comunitario de Salud Familiar Beato Padre Hurtado,Quilicura,MENORES CONTROLADOS
2803,11,9,200304,A0200002,13,13125,3,3,2,Servicio de Salud Metropolitano Norte,Centro Comunitario de Salud Familiar Beato Padre Hurtado,Quilicura,LACTANCIA MATERNA EXCLUSIVA
2804,12,9,109313,A0200002,13,13125,17,14,14,Servicio de Salud Metropolitano Norte,Centro de Salud Familiar Irene Frei de Cid,Quilicura,LACTANCIA MATERNA EXCLUSIVA
2805,12,9,109313,A0200001,13,13125,22,21,22,Servicio de Salud Metropolitano Norte,Centro de Salud Familiar Irene Frei de Cid,Quilicura,MENORES CONTROLADOS
2806,9,9,109324,A0200001,13,13125,33,21,32,Servicio de Salud Metropolitano Norte,Centro de Salud Familiar Presidente Salvador Allende Gossens,Quilicura,MENORES CONTROLADOS
2807,2,9,109324,A0200001,13,13125,20,29,16,Servicio de Salud Metropolitano Norte,Centro de Salud Familiar Presidente Salvador Allende Gossens,Quilicura,MENORES CONTROLADOS
2808,5,9,109313,A0200001,13,13125,22,25,21,Servicio de Salud Metropolitano Norte,Centro de Salud Familiar Irene Frei de Cid,Quilicura,MENORES CONTROLADOS
2809,12,9,109324,A0200002,13,13125,12,11,14,Servicio de Salud Metropolitano Norte,Centro de Salud Familiar Presidente Salvador Allende Gossens,Quilicura,LACTANCIA MATERNA EXCLUSIVA
2810,4,9,109313,A0200001,13,13125,25,23,14,Servicio de Salud Metropolitano Norte,Centro de Salud Familiar Irene Frei de Cid,Quilicura,MENORES CONTROLADOS
2811,4,9,109313,A0200002,13,13125,17,15,9,Servicio de Salud Metropolitano Norte,Centro de Salud Familiar Irene Frei de Cid,Quilicura,LACTANCIA MATERNA EXCLUSIVA
2812,12,9,109324,A0200001,13,13125,23,17,24,Servicio de Salud Metropolitano Norte,Centro de Salud Familiar Presidente Salvador Allende Gossens,Quilicura,MENORES CONTROLADOS
2813,4,9,109324,A0200002,13,13125,10,11,13,Servicio de Salud Metropolitano Norte,Centro de Salud Familiar Presidente Salvador Allende Gossens,Quilicura,LACTANCIA MATERNA EXCLUSIVA
2814,7,9,109313,A0200001,13,13125,21,25,27,Servicio de Salud Metropolitano Norte,Centro de Salud Familiar Irene Frei de Cid,Quilicura,MENORES CONTROLADOS
2815,8,9,109313,A0200002,13,13125,12,22,16,Servicio de Salud Metropolitano Norte,Centro de Salud Familiar Irene Frei de Cid,Quilicura,LACTANCIA MATERNA EXCLUSIVA
2816,8,9,109313,A0200001,13,13125,17,32,30,Servicio de Salud Metropolitano Norte,Centro de Salud Familiar Irene Frei de Cid,Quilicura,MENORES CONTROLADOS
2817,6,9,109313,A0200002,13,13125,20,17,15,Servicio de Salud Metropolitano Norte,Centro de Salud Familiar Irene Frei de Cid,Quilicura,LACTANCIA MATERNA EXCLUSIVA
2818,7,9,109313,A0200002,13,13125,14,18,19,Servicio de Salud Metropolitano Norte,Centro de Salud Familiar Irene Frei de Cid,Quilicura,LACTANCIA MATERNA EXCLUSIVA
2819,9,9,109313,A0200002,13,13125,7,16,17,Servicio de Salud Metropolitano Norte,Centro de Salud Familiar Irene Frei de Cid,Quilicura,LACTANCIA MATERNA EXCLUSIVA
2820,9,9,109313,A0200001,13,13125,17,22,27,Servicio de Salud Metropolitano Norte,Centro de Salud Familiar Irene Frei de Cid,Quilicura,MENORES CONTROLADOS
2821,2,9,109324,A0200002,13,13125,14,11,9,Servicio de Salud Metropolitano Norte,Centro de Salud Familiar Presidente Salvador Allende Gossens,Quilicura,LACTANCIA MATERNA EXCLUSIVA
2822,3,9,109324,A0200002,13,13125,21,16,14,Servicio de Salud Metropolitano Norte,Centro de Salud Familiar Presidente Salvador Allende Gossens,Quilicura,LACTANCIA MATERNA EXCLUSIVA
2823,3,9,109324,A0200001,13,13125,33,25,27,Servicio de Salud Metropolitano Norte,Centro de Salud Familiar Presidente Salvador Allende Gossens,Quilicura,MENORES CONTROLADOS
2824,10,9,109313,A0200002,13,13125,11,9,16,Servicio de Salud Metropolitano Norte,Centro de Salud Familiar Irene Frei de Cid,Quilicura,LACTANCIA MATERNA EXCLUSIVA
2825,9,9,109324,A0200002,13,13125,19,13,16,Servicio de Salud Metropolitano Norte,Centro de Salud Familiar Presidente Salvador Allende Gossens,Quilicura,LACTANCIA MATERNA EXCLUSIVA
2826,8,9,109324,A0200001,13,13125,18,34,29,Servicio de Salud Metropolitano Norte,Centro de Salud Familiar Presidente Salvador Allende Gossens,Quilicura,MENORES CONTROLADOS
2827,8,9,109324,A0200002,13,13125,12,18,13,Servicio de Salud Metropolitano Norte,Centro de Salud Familiar Presidente Salvador Allende Gossens,Quilicura,LACTANCIA MATERNA EXCLUSIVA
2828,5,9,109324,A0200001,13,13125,30,27,28,Servicio de Salud Metropolitano Norte,Centro de Salud Familiar Presidente Salvador Allende Gossens,Quilicura,MENORES CONTROLADOS
2829,3,9,109313,A0200002,13,13125,13,21,17,Servicio de Salud Metropolitano Norte,Centro de Salud Familiar Irene Frei de Cid,Quilicura,LACTANCIA MATERNA EXCLUSIVA
2830,3,9,109313,A0200001,13,13125,22,27,30,Servicio de Salud Metropolitano Norte,Centro de Salud Familiar Irene Frei de Cid,Quilicura,MENORES CONTROLADOS
2831,5,9,109324,A0200002,13,13125,19,13,14,Servicio de Salud Metropolitano Norte,Centro de Salud Familiar Presidente Salvador Allende Gossens,Quilicura,LACTANCIA MATERNA EXCLUSIVA
2832,1,9,109324,A0200001,13,13125,28,24,30,Servicio de Salud Metropolitano Norte,Centro de Salud Familiar Presidente Salvador Allende Gossens,Quilicura,MENORES CONTROLADOS
2833,1,9,109324,A0200002,13,13125,21,12,16,Servicio de Salud Metropolitano Norte,Centro de Salud Familiar Presidente Salvador Allende Gossens,Quilicura,LACTANCIA MATERNA EXCLUSIVA
2834,4,9,109324,A0200001,13,13125,19,17,27,Servicio de Salud Metropolitano Norte,Centro de Salud Familiar Presidente Salvador Allende Gossens,Quilicura,MENORES CONTROLADOS
2835,1,9,109313,A0200002,13,13125,21,8,14,Servicio de Salud Metropolitano Norte,Centro de Salud Familiar Irene Frei de Cid,Quilicura,LACTANCIA MATERNA EXCLUSIVA
2836,2,9,109313,A0200001,13,13125,27,15,22,Servicio de Salud Metropolitano Norte,Centro de Salud Familiar Irene Frei de Cid,Quilicura,MENORES CONTROLADOS
2837,2,9,109313,A0200002,13,13125,17,9,16,Servicio de Salud Metropolitano Norte,Centro de Salud Familiar Irene Frei de Cid,Quilicura,LACTANCIA MATERNA EXCLUSIVA
2838,6,9,109324,A0200001,13,13125,32,28,18,Servicio de Salud Metropolitano Norte,Centro de Salud Familiar Presidente Salvador Allende Gossens,Quilicura,MENORES CONTROLADOS
2839,10,9,109313,A0200001,13,13125,14,16,27,Servicio de Salud Metropolitano Norte,Centro de Salud Familiar Irene Frei de Cid,Quilicura,MENORES CONTROLADOS
2840,11,9,109313,A0200001,13,13125,23,19,27,Servicio de Salud Metropolitano Norte,Centro de Salud Familiar Irene Frei de Cid,Quilicura,MENORES CONTROLADOS
2841,11,9,109313,A0200002,13,13125,16,11,16,Servicio de Salud Metropolitano Norte,Centro de Salud Familiar Irene Frei de Cid,Quilicura,LACTANCIA MATERNA EXCLUSIVA
2842,6,9,109313,A0200001,13,13125,25,27,21,Servicio de Salud Metropolitano Norte,Centro de Salud Familiar Irene Frei de Cid,Quilicura,MENORES CONTROLADOS
2843,7,9,109324,A0200002,13,13125,17,15,7,Servicio de Salud Metropolitano Norte,Centro de Salud Familiar Presidente Salvador Allende Gossens,Quilicura,LACTANCIA MATERNA EXCLUSIVA
2844,7,9,109324,A0200001,13,13125,27,27,14,Servicio de Salud Metropolitano Norte,Centro de Salud Familiar Presidente Salvador Allende Gossens,Quilicura,MENORES CONTROLADOS
2845,5,9,109313,A0200002,13,13125,15,14,14,Servicio de Salud Metropolitano Norte,Centro de Salud Familiar Irene Frei de Cid,Quilicura,LACTANCIA MATERNA EXCLUSIVA
2846,6,9,109324,A0200002,13,13125,20,17,11,Servicio de Salud Metropolitano Norte,Centro de Salud Familiar Presidente Salvador Allende Gossens,Quilicura,LACTANCIA MATERNA EXCLUSIVA
2847,1,9,109313,A0200001,13,13125,27,16,23,Servicio de Salud Metropolitano Norte,Centro de Salud Familiar Irene Frei de Cid,Quilicura,MENORES CONTROLADOS
2848,11,9,109324,A0200002,13,13125,11,11,15,Servicio de Salud Metropolitano Norte,Centro de Salud Familiar Presidente Salvador Allende Gossens,Quilicura,LACTANCIA MATERNA EXCLUSIVA
2849,11,9,109324,A0200001,13,13125,24,28,37,Servicio de Salud Metropolitano Norte,Centro de Salud Familiar Presidente Salvador Allende Gossens,Quilicura,MENORES CONTROLADOS
2850,10,9,109324,A0200002,13,13125,16,10,18,Servicio de Salud Metropolitano Norte,Centro de Salud Familiar Presidente Salvador Allende Gossens,Quilicura,LACTANCIA MATERNA EXCLUSIVA
2851,10,9,109324,A0200001,13,13125,28,18,30,Servicio de Salud Metropolitano Norte,Centro de Salud Familiar Presidente Salvador Allende Gossens,Quilicura,MENORES CONTROLADOS
2852,12,9,109713,A0200002,13,13125,1,2,3,Servicio de Salud Metropolitano Norte,Centro Comunitario de Salud Familiar La Foresta,Quilicura,LACTANCIA MATERNA EXCLUSIVA
2853,12,9,109713,A0200001,13,13125,1,3,4,Servicio de Salud Metropolitano Norte,Centro Comunitario de Salud Familiar La Foresta,Quilicura,MENORES CONTROLADOS
2854,2,9,109713,A0200001,13,13125,4,,2,Servicio de Salud Metropolitano Norte,Centro Comunitario de Salud Familiar La Foresta,Quilicura,MENORES CONTROLADOS
2855,2,9,109713,A0200002,13,13125,3,,1,Servicio de Salud Metropolitano Norte,Centro Comunitario de Salud Familiar La Foresta,Quilicura,LACTANCIA MATERNA EXCLUSIVA
2856,8,9,109713,A0200002,13,13125,2,,3,Servicio de Salud Metropolitano Norte,Centro Comunitario de Salud Familiar La Foresta,Quilicura,LACTANCIA MATERNA EXCLUSIVA
2857,8,9,109713,A0200001,13,13125,2,,4,Servicio de Salud Metropolitano Norte,Centro Comunitario de Salud Familiar La Foresta,Quilicura,MENORES CONTROLADOS
2858,7,9,109713,A0200001,13,13125,2,1,1,Servicio de Salud Metropolitano Norte,Centro Comunitario de Salud Familiar La Foresta,Quilicura,MENORES CONTROLADOS
2859,9,9,109713,A0200001,13,13125,2,1,5,Servicio de Salud Metropolitano Norte,Centro Comunitario de Salud Familiar La Foresta,Quilicura,MENORES CONTROLADOS
2860,9,9,109713,A0200002,13,13125,2,1,3,Servicio de Salud Metropolitano Norte,Centro Comunitario de Salud Familiar La Foresta,Quilicura,LACTANCIA MATERNA EXCLUSIVA
2861,1,9,109713,A0200001,13,13125,,,1,Servicio de Salud Metropolitano Norte,Centro Comunitario de Salud Familiar La Foresta,Quilicura,MENORES CONTROLADOS
2862,1,9,109713,A0200002,13,13125,,,,Servicio de Salud Metropolitano Norte,Centro Comunitario de Salud Familiar La Foresta,Quilicura,LACTANCIA MATERNA EXCLUSIVA
2863,3,9,109713,A0200002,13,13125,2,,,Servicio de Salud Metropolitano Norte,Centro Comunitario de Salud Familiar La Foresta,Quilicura,LACTANCIA MATERNA EXCLUSIVA
2864,3,9,109713,A0200001,13,13125,3,0,0,Servicio de Salud Metropolitano Norte,Centro Comunitario de Salud Familiar La Foresta,Quilicura,MENORES CONTROLADOS
2865,5,9,109713,A0200002,13,13125,2,2,,Servicio de Salud Metropolitano Norte,Centro Comunitario de Salud Familiar La Foresta,Quilicura,LACTANCIA MATERNA EXCLUSIVA
2866,5,9,109713,A0200001,13,13125,3,3,0,Servicio de Salud Metropolitano Norte,Centro Comunitario de Salud Familiar La Foresta,Quilicura,MENORES CONTROLADOS
2867,6,9,109713,A0200002,13,13125,,2,,Servicio de Salud Metropolitano Norte,Centro Comunitario de Salud Familiar La Foresta,Quilicura,LACTANCIA MATERNA EXCLUSIVA
2868,6,9,109713,A0200001,13,13125,,3,,Servicio de Salud Metropolitano Norte,Centro Comunitario de Salud Familiar La Foresta,Quilicura,MENORES CONTROLADOS
2869,10,9,109713,A0200001,13,13125,2,1,3,Servicio de Salud Metropolitano Norte,Centro Comunitario de Salud Familiar La Foresta,Quilicura,MENORES CONTROLADOS
2870,4,9,109713,A0200002,13,13125,5,3,,Servicio de Salud Metropolitano Norte,Centro Comunitario de Salud Familiar La Foresta,Quilicura,LACTANCIA MATERNA EXCLUSIVA
2871,4,9,109713,A0200001,13,13125,7,6,,Servicio de Salud Metropolitano Norte,Centro Comunitario de Salud Familiar La Foresta,Quilicura,MENORES CONTROLADOS
2872,10,9,109713,A0200002,13,13125,2,1,2,Servicio de Salud Metropolitano Norte,Centro Comunitario de Salud Familiar La Foresta,Quilicura,LACTANCIA MATERNA EXCLUSIVA
2873,7,9,109713,A0200002,13,13125,2,1,1,Servicio de Salud Metropolitano Norte,Centro Comunitario de Salud Familiar La Foresta,Quilicura,LACTANCIA MATERNA EXCLUSIVA
2874,11,9,109713,A0200002,13,13125,2,1,,Servicio de Salud Metropolitano Norte,Centro Comunitario de Salud Familiar La Foresta,Quilicura,LACTANCIA MATERNA EXCLUSIVA
2875,11,9,109713,A0200001,13,13125,2,1,1,Servicio de Salud Metropolitano Norte,Centro Comunitario de Salud Familiar La Foresta,Quilicura,MENORES CONTROLADOS
2876,3,9,109304,A0200001,13,13127,4,2,7,Servicio de Salud Metropolitano Norte,Centro de Salud Familiar Valdivieso,Recoleta,MENORES CONTROLADOS
2877,8,9,109307,A0200002,13,13127,4,6,4,Servicio de Salud Metropolitano Norte,Centro de Salud Familiar Dr. Juan Petrinovic (Ex Scroggie),Recoleta,LACTANCIA MATERNA EXCLUSIVA
2878,8,9,109307,A0200001,13,13127,8,11,8,Servicio de Salud Metropolitano Norte,Centro de Salud Familiar Dr. Juan Petrinovic (Ex Scroggie),Recoleta,MENORES CONTROLADOS
2879,12,9,109304,A0200002,13,13127,4,3,,Servicio de Salud Metropolitano Norte,Centro de Salud Familiar Valdivieso,Recoleta,LACTANCIA MATERNA EXCLUSIVA
2880,9,9,109307,A0200002,13,13127,3,4,6,Servicio de Salud Metropolitano Norte,Centro de Salud Familiar Dr. Juan Petrinovic (Ex Scroggie),Recoleta,LACTANCIA MATERNA EXCLUSIVA
2881,9,9,109307,A0200001,13,13127,6,12,14,Servicio de Salud Metropolitano Norte,Centro de Salud Familiar Dr. Juan Petrinovic (Ex Scroggie),Recoleta,MENORES CONTROLADOS
2882,12,9,109304,A0200001,13,13127,6,5,,Servicio de Salud Metropolitano Norte,Centro de Salud Familiar Valdivieso,Recoleta,MENORES CONTROLADOS
2883,4,9,109307,A0200002,13,13127,7,7,8,Servicio de Salud Metropolitano Norte,Centro de Salud Familiar Dr. Juan Petrinovic (Ex Scroggie),Recoleta,LACTANCIA MATERNA EXCLUSIVA
2884,4,9,109307,A0200001,13,13127,13,12,14,Servicio de Salud Metropolitano Norte,Centro de Salud Familiar Dr. Juan Petrinovic (Ex Scroggie),Recoleta,MENORES CONTROLADOS
2885,2,9,109307,A0200001,13,13127,8,13,6,Servicio de Salud Metropolitano Norte,Centro de Salud Familiar Dr. Juan Petrinovic (Ex Scroggie),Recoleta,MENORES CONTROLADOS
2886,5,9,109304,A0200002,13,13127,6,,1,Servicio de Salud Metropolitano Norte,Centro de Salud Familiar Valdivieso,Recoleta,LACTANCIA MATERNA EXCLUSIVA
2887,6,9,109304,A0200002,13,13127,2,,1,Servicio de Salud Metropolitano Norte,Centro de Salud Familiar Valdivieso,Recoleta,LACTANCIA MATERNA EXCLUSIVA
2888,6,9,109304,A0200001,13,13127,3,1,3,Servicio de Salud Metropolitano Norte,Centro de Salud Familiar Valdivieso,Recoleta,MENORES CONTROLADOS
2889,4,9,109304,A0200001,13,13127,1,3,3,Servicio de Salud Metropolitano Norte,Centro de Salud Familiar Valdivieso,Recoleta,MENORES CONTROLADOS
2890,1,9,109304,A0200002,13,13127,5,3,5,Servicio de Salud Metropolitano Norte,Centro de Salud Familiar Valdivieso,Recoleta,LACTANCIA MATERNA EXCLUSIVA
2891,2,9,109304,A0200002,13,13127,4,1,,Servicio de Salud Metropolitano Norte,Centro de Salud Familiar Valdivieso,Recoleta,LACTANCIA MATERNA EXCLUSIVA
2892,2,9,109307,A0200002,13,13127,6,9,3,Servicio de Salud Metropolitano Norte,Centro de Salud Familiar Dr. Juan Petrinovic (Ex Scroggie),Recoleta,LACTANCIA MATERNA EXCLUSIVA
2893,4,9,109304,A0200002,13,13127,1,2,1,Servicio de Salud Metropolitano Norte,Centro de Salud Familiar Valdivieso,Recoleta,LACTANCIA MATERNA EXCLUSIVA
2894,6,9,109307,A0200002,13,13127,7,7,7,Servicio de Salud Metropolitano Norte,Centro de Salud Familiar Dr. Juan Petrinovic (Ex Scroggie),Recoleta,LACTANCIA MATERNA EXCLUSIVA
2895,6,9,109307,A0200001,13,13127,12,12,11,Servicio de Salud Metropolitano Norte,Centro de Salud Familiar Dr. Juan Petrinovic (Ex Scroggie),Recoleta,MENORES CONTROLADOS
2896,11,9,109307,A0200001,13,13127,10,6,11,Servicio de Salud Metropolitano Norte,Centro de Salud Familiar Dr. Juan Petrinovic (Ex Scroggie),Recoleta,MENORES CONTROLADOS
2897,5,9,109304,A0200001,13,13127,8,,4,Servicio de Salud Metropolitano Norte,Centro de Salud Familiar Valdivieso,Recoleta,MENORES CONTROLADOS
2898,11,9,109304,A0200001,13,13127,4,4,3,Servicio de Salud Metropolitano Norte,Centro de Salud Familiar Valdivieso,Recoleta,MENORES CONTROLADOS
2899,11,9,109304,A0200002,13,13127,3,2,2,Servicio de Salud Metropolitano Norte,Centro de Salud Familiar Valdivieso,Recoleta,LACTANCIA MATERNA EXCLUSIVA
2900,5,9,109307,A0200002,13,13127,13,7,5,Servicio de Salud Metropolitano Norte,Centro de Salud Familiar Dr. Juan Petrinovic (Ex Scroggie),Recoleta,LACTANCIA MATERNA EXCLUSIVA
2901,5,9,109307,A0200001,13,13127,16,10,10,Servicio de Salud Metropolitano Norte,Centro de Salud Familiar Dr. Juan Petrinovic (Ex Scroggie),Recoleta,MENORES CONTROLADOS
2902,11,9,109307,A0200002,13,13127,5,1,7,Servicio de Salud Metropolitano Norte,Centro de Salud Familiar Dr. Juan Petrinovic (Ex Scroggie),Recoleta,LACTANCIA MATERNA EXCLUSIVA
2903,2,9,109304,A0200001,13,13127,6,1,1,Servicio de Salud Metropolitano Norte,Centro de Salud Familiar Valdivieso,Recoleta,MENORES CONTROLADOS
2904,10,9,109304,A0200002,13,13127,5,3,3,Servicio de Salud Metropolitano Norte,Centro de Salud Familiar Valdivieso,Recoleta,LACTANCIA MATERNA EXCLUSIVA
2905,10,9,109304,A0200001,13,13127,5,3,5,Servicio de Salud Metropolitano Norte,Centro de Salud Familiar Valdivieso,Recoleta,MENORES CONTROLADOS
2906,10,9,109307,A0200002,13,13127,9,4,8,Servicio de Salud Metropolitano Norte,Centro de Salud Familiar Dr. Juan Petrinovic (Ex Scroggie),Recoleta,LACTANCIA MATERNA EXCLUSIVA
2907,1,9,109304,A0200001,13,13127,6,4,6,Servicio de Salud Metropolitano Norte,Centro de Salud Familiar Valdivieso,Recoleta,MENORES CONTROLADOS
2908,3,9,109304,A0200002,13,13127,3,1,4,Servicio de Salud Metropolitano Norte,Centro de Salud Familiar Valdivieso,Recoleta,LACTANCIA MATERNA EXCLUSIVA
2909,1,9,109307,A0200002,13,13127,6,14,11,Servicio de Salud Metropolitano Norte,Centro de Salud Familiar Dr. Juan Petrinovic (Ex Scroggie),Recoleta,LACTANCIA MATERNA EXCLUSIVA
2910,1,9,109307,A0200001,13,13127,10,18,17,Servicio de Salud Metropolitano Norte,Centro de Salud Familiar Dr. Juan Petrinovic (Ex Scroggie),Recoleta,MENORES CONTROLADOS
2911,3,9,109307,A0200002,13,13127,9,5,4,Servicio de Salud Metropolitano Norte,Centro de Salud Familiar Dr. Juan Petrinovic (Ex Scroggie),Recoleta,LACTANCIA MATERNA EXCLUSIVA
2912,3,9,109307,A0200001,13,13127,11,13,7,Servicio de Salud Metropolitano Norte,Centro de Salud Familiar Dr. Juan Petrinovic (Ex Scroggie),Recoleta,MENORES CONTROLADOS
2913,7,9,109304,A0200002,13,13127,6,3,5,Servicio de Salud Metropolitano Norte,Centro de Salud Familiar Valdivieso,Recoleta,LACTANCIA MATERNA EXCLUSIVA
2914,7,9,109304,A0200001,13,13127,8,3,7,Servicio de Salud Metropolitano Norte,Centro de Salud Familiar Valdivieso,Recoleta,MENORES CONTROLADOS
2915,7,9,109307,A0200002,13,13127,5,6,9,Servicio de Salud Metropolitano Norte,Centro de Salud Familiar Dr. Juan Petrinovic (Ex Scroggie),Recoleta,LACTANCIA MATERNA EXCLUSIVA
2916,7,9,109307,A0200001,13,13127,7,16,20,Servicio de Salud Metropolitano Norte,Centro de Salud Familiar Dr. Juan Petrinovic (Ex Scroggie),Recoleta,MENORES CONTROLADOS
2917,9,9,109304,A0200002,13,13127,4,4,3,Servicio de Salud Metropolitano Norte,Centro de Salud Familiar Valdivieso,Recoleta,LACTANCIA MATERNA EXCLUSIVA
2918,9,9,109304,A0200001,13,13127,6,4,6,Servicio de Salud Metropolitano Norte,Centro de Salud Familiar Valdivieso,Recoleta,MENORES CONTROLADOS
2919,8,9,109304,A0200001,13,13127,6,1,2,Servicio de Salud Metropolitano Norte,Centro de Salud Familiar Valdivieso,Recoleta,MENORES CONTROLADOS
2920,8,9,109304,A0200002,13,13127,4,,1,Servicio de Salud Metropolitano Norte,Centro de Salud Familiar Valdivieso,Recoleta,LACTANCIA MATERNA EXCLUSIVA
2921,12,9,109307,A0200002,13,13127,8,10,7,Servicio de Salud Metropolitano Norte,Centro de Salud Familiar Dr. Juan Petrinovic (Ex Scroggie),Recoleta,LACTANCIA MATERNA EXCLUSIVA
2922,12,9,109307,A0200001,13,13127,10,20,10,Servicio de Salud Metropolitano Norte,Centro de Salud Familiar Dr. Juan Petrinovic (Ex Scroggie),Recoleta,MENORES CONTROLADOS
2923,10,9,109307,A0200001,13,13127,14,13,13,Servicio de Salud Metropolitano Norte,Centro de Salud Familiar Dr. Juan Petrinovic (Ex Scroggie),Recoleta,MENORES CONTROLADOS
2924,10,9,109303,A0200002,13,13127,5,9,4,Servicio de Salud Metropolitano Norte,Centro de Salud Familiar Quinta Bella,Recoleta,LACTANCIA MATERNA EXCLUSIVA
2925,5,9,109303,A0200002,13,13127,6,9,5,Servicio de Salud Metropolitano Norte,Centro de Salud Familiar Quinta Bella,Recoleta,LACTANCIA MATERNA EXCLUSIVA
2926,5,9,109303,A0200001,13,13127,13,17,12,Servicio de Salud Metropolitano Norte,Centro de Salud Familiar Quinta Bella,Recoleta,MENORES CONTROLADOS
2927,12,9,109303,A0200002,13,13127,4,4,4,Servicio de Salud Metropolitano Norte,Centro de Salud Familiar Quinta Bella,Recoleta,LACTANCIA MATERNA EXCLUSIVA
2928,12,9,109303,A0200001,13,13127,16,12,13,Servicio de Salud Metropolitano Norte,Centro de Salud Familiar Quinta Bella,Recoleta,MENORES CONTROLADOS
2929,4,9,109390,A0200002,13,13127,4,5,2,Servicio de Salud Metropolitano Norte,Centro de Salud Familiar Cristo Vive (ONG),Recoleta,LACTANCIA MATERNA EXCLUSIVA
2930,4,9,109390,A0200001,13,13127,8,10,12,Servicio de Salud Metropolitano Norte,Centro de Salud Familiar Cristo Vive (ONG),Recoleta,MENORES CONTROLADOS
2931,2,9,109303,A0200001,13,13127,18,6,9,Servicio de Salud Metropolitano Norte,Centro de Salud Familiar Quinta Bella,Recoleta,MENORES CONTROLADOS
2932,2,9,109303,A0200002,13,13127,9,1,2,Servicio de Salud Metropolitano Norte,Centro de Salud Familiar Quinta Bella,Recoleta,LACTANCIA MATERNA EXCLUSIVA
2933,5,9,109301,A0200002,13,13127,16,14,10,Servicio de Salud Metropolitano Norte,Centro de Salud Familiar Recoleta,Recoleta,LACTANCIA MATERNA EXCLUSIVA
2934,1,9,109390,A0200002,13,13127,6,4,7,Servicio de Salud Metropolitano Norte,Centro de Salud Familiar Cristo Vive (ONG),Recoleta,LACTANCIA MATERNA EXCLUSIVA
2935,1,9,109303,A0200001,13,13127,9,9,10,Servicio de Salud Metropolitano Norte,Centro de Salud Familiar Quinta Bella,Recoleta,MENORES CONTROLADOS
2936,10,9,109301,A0200002,13,13127,19,18,12,Servicio de Salud Metropolitano Norte,Centro de Salud Familiar Recoleta,Recoleta,LACTANCIA MATERNA EXCLUSIVA
2937,1,9,109303,A0200002,13,13127,4,5,4,Servicio de Salud Metropolitano Norte,Centro de Salud Familiar Quinta Bella,Recoleta,LACTANCIA MATERNA EXCLUSIVA
2938,10,9,109303,A0200001,13,13127,14,18,12,Servicio de Salud Metropolitano Norte,Centro de Salud Familiar Quinta Bella,Recoleta,MENORES CONTROLADOS
2939,8,9,109303,A0200001,13,13127,16,21,8,Servicio de Salud Metropolitano Norte,Centro de Salud Familiar Quinta Bella,Recoleta,MENORES CONTROLADOS
2940,2,9,109390,A0200002,13,13127,5,5,4,Servicio de Salud Metropolitano Norte,Centro de Salud Familiar Cristo Vive (ONG),Recoleta,LACTANCIA MATERNA EXCLUSIVA
2941,9,9,109301,A0200002,13,13127,15,15,14,Servicio de Salud Metropolitano Norte,Centro de Salud Familiar Recoleta,Recoleta,LACTANCIA MATERNA EXCLUSIVA
2942,9,9,109301,A0200001,13,13127,28,24,23,Servicio de Salud Metropolitano Norte,Centro de Salud Familiar Recoleta,Recoleta,MENORES CONTROLADOS
2943,2,9,109390,A0200001,13,13127,8,14,12,Servicio de Salud Metropolitano Norte,Centro de Salud Familiar Cristo Vive (ONG),Recoleta,MENORES CONTROLADOS
2944,10,9,109301,A0200001,13,13127,31,22,24,Servicio de Salud Metropolitano Norte,Centro de Salud Familiar Recoleta,Recoleta,MENORES CONTROLADOS
2945,4,9,109303,A0200002,13,13127,5,5,1,Servicio de Salud Metropolitano Norte,Centro de Salud Familiar Quinta Bella,Recoleta,LACTANCIA MATERNA EXCLUSIVA
2946,4,9,109303,A0200001,13,13127,10,12,4,Servicio de Salud Metropolitano Norte,Centro de Salud Familiar Quinta Bella,Recoleta,MENORES CONTROLADOS
2947,5,9,109390,A0200001,13,13127,15,7,16,Servicio de Salud Metropolitano Norte,Centro de Salud Familiar Cristo Vive (ONG),Recoleta,MENORES CONTROLADOS
2948,2,9,109301,A0200001,13,13127,27,19,35,Servicio de Salud Metropolitano Norte,Centro de Salud Familiar Recoleta,Recoleta,MENORES CONTROLADOS
2949,2,9,109301,A0200002,13,13127,10,13,18,Servicio de Salud Metropolitano Norte,Centro de Salud Familiar Recoleta,Recoleta,LACTANCIA MATERNA EXCLUSIVA
2950,1,9,109301,A0200002,13,13127,23,14,11,Servicio de Salud Metropolitano Norte,Centro de Salud Familiar Recoleta,Recoleta,LACTANCIA MATERNA EXCLUSIVA
2951,1,9,109301,A0200001,13,13127,,,,Servicio de Salud Metropolitano Norte,Centro de Salud Familiar Recoleta,Recoleta,MENORES CONTROLADOS
2952,5,9,109301,A0200001,13,13127,24,21,19,Servicio de Salud Metropolitano Norte,Centro de Salud Familiar Recoleta,Recoleta,MENORES CONTROLADOS
2953,8,9,109303,A0200002,13,13127,8,9,5,Servicio de Salud Metropolitano Norte,Centro de Salud Familiar Quinta Bella,Recoleta,LACTANCIA MATERNA EXCLUSIVA
2954,12,9,109301,A0200001,13,13127,20,31,24,Servicio de Salud Metropolitano Norte,Centro de Salud Familiar Recoleta,Recoleta,MENORES CONTROLADOS
2955,12,9,109301,A0200002,13,13127,10,18,9,Servicio de Salud Metropolitano Norte,Centro de Salud Familiar Recoleta,Recoleta,LACTANCIA MATERNA EXCLUSIVA
2956,3,9,109303,A0200002,13,13127,10,6,8,Servicio de Salud Metropolitano Norte,Centro de Salud Familiar Quinta Bella,Recoleta,LACTANCIA MATERNA EXCLUSIVA
2957,1,9,109390,A0200001,13,13127,8,10,20,Servicio de Salud Metropolitano Norte,Centro de Salud Familiar Cristo Vive (ONG),Recoleta,MENORES CONTROLADOS
2958,3,9,109390,A0200002,13,13127,6,13,7,Servicio de Salud Metropolitano Norte,Centro de Salud Familiar Cristo Vive (ONG),Recoleta,LACTANCIA MATERNA EXCLUSIVA
2959,3,9,109390,A0200001,13,13127,11,18,12,Servicio de Salud Metropolitano Norte,Centro de Salud Familiar Cristo Vive (ONG),Recoleta,MENORES CONTROLADOS
2960,10,9,109390,A0200002,13,13127,4,1,5,Servicio de Salud Metropolitano Norte,Centro de Salud Familiar Cristo Vive (ONG),Recoleta,LACTANCIA MATERNA EXCLUSIVA
2961,9,9,109303,A0200002,13,13127,6,7,7,Servicio de Salud Metropolitano Norte,Centro de Salud Familiar Quinta Bella,Recoleta,LACTANCIA MATERNA EXCLUSIVA
2962,6,9,109303,A0200001,13,13127,19,20,7,Servicio de Salud Metropolitano Norte,Centro de Salud Familiar Quinta Bella,Recoleta,MENORES CONTROLADOS
2963,3,9,109301,A0200001,13,13127,29,27,19,Servicio de Salud Metropolitano Norte,Centro de Salud Familiar Recoleta,Recoleta,MENORES CONTROLADOS
2964,7,9,109301,A0200002,13,13127,21,24,14,Servicio de Salud Metropolitano Norte,Centro de Salud Familiar Recoleta,Recoleta,LACTANCIA MATERNA EXCLUSIVA
2965,7,9,109301,A0200001,13,13127,24,32,25,Servicio de Salud Metropolitano Norte,Centro de Salud Familiar Recoleta,Recoleta,MENORES CONTROLADOS
2966,3,9,109301,A0200002,13,13127,24,20,10,Servicio de Salud Metropolitano Norte,Centro de Salud Familiar Recoleta,Recoleta,LACTANCIA MATERNA EXCLUSIVA
2967,11,9,109301,A0200002,13,13127,9,6,13,Servicio de Salud Metropolitano Norte,Centro de Salud Familiar Recoleta,Recoleta,LACTANCIA MATERNA EXCLUSIVA
2968,11,9,109301,A0200001,13,13127,16,19,31,Servicio de Salud Metropolitano Norte,Centro de Salud Familiar Recoleta,Recoleta,MENORES CONTROLADOS
2969,9,9,109303,A0200001,13,13127,12,12,19,Servicio de Salud Metropolitano Norte,Centro de Salud Familiar Quinta Bella,Recoleta,MENORES CONTROLADOS
2970,7,9,109390,A0200001,13,13127,7,13,19,Servicio de Salud Metropolitano Norte,Centro de Salud Familiar Cristo Vive (ONG),Recoleta,MENORES CONTROLADOS
2971,9,9,109390,A0200002,13,13127,3,5,3,Servicio de Salud Metropolitano Norte,Centro de Salud Familiar Cristo Vive (ONG),Recoleta,LACTANCIA MATERNA EXCLUSIVA
2972,9,9,109390,A0200001,13,13127,6,8,10,Servicio de Salud Metropolitano Norte,Centro de Salud Familiar Cristo Vive (ONG),Recoleta,MENORES CONTROLADOS
2973,12,9,109390,A0200002,13,13127,9,6,3,Servicio de Salud Metropolitano Norte,Centro de Salud Familiar Cristo Vive (ONG),Recoleta,LACTANCIA MATERNA EXCLUSIVA
2974,12,9,109390,A0200001,13,13127,17,12,12,Servicio de Salud Metropolitano Norte,Centro de Salud Familiar Cristo Vive (ONG),Recoleta,MENORES CONTROLADOS
2975,7,9,109390,A0200002,13,13127,3,9,9,Servicio de Salud Metropolitano Norte,Centro de Salud Familiar Cristo Vive (ONG),Recoleta,LACTANCIA MATERNA EXCLUSIVA
2976,3,9,109303,A0200001,13,13127,13,10,16,Servicio de Salud Metropolitano Norte,Centro de Salud Familiar Quinta Bella,Recoleta,MENORES CONTROLADOS
2977,10,9,109390,A0200001,13,13127,5,3,9,Servicio de Salud Metropolitano Norte,Centro de Salud Familiar Cristo Vive (ONG),Recoleta,MENORES CONTROLADOS
2978,6,9,109301,A0200002,13,13127,25,21,20,Servicio de Salud Metropolitano Norte,Centro de Salud Familiar Recoleta,Recoleta,LACTANCIA MATERNA EXCLUSIVA
2979,11,9,109390,A0200002,13,13127,0,3,5,Servicio de Salud Metropolitano Norte,Centro de Salud Familiar Cristo Vive (ONG),Recoleta,LACTANCIA MATERNA EXCLUSIVA
2980,11,9,109390,A0200001,13,13127,4,6,15,Servicio de Salud Metropolitano Norte,Centro de Salud Familiar Cristo Vive (ONG),Recoleta,MENORES CONTROLADOS
2981,11,9,109303,A0200001,13,13127,9,19,16,Servicio de Salud Metropolitano Norte,Centro de Salud Familiar Quinta Bella,Recoleta,MENORES CONTROLADOS
2982,6,9,109303,A0200002,13,13127,9,9,5,Servicio de Salud Metropolitano Norte,Centro de Salud Familiar Quinta Bella,Recoleta,LACTANCIA MATERNA EXCLUSIVA
2983,8,9,109390,A0200002,13,13127,6,3,3,Servicio de Salud Metropolitano Norte,Centro de Salud Familiar Cristo Vive (ONG),Recoleta,LACTANCIA MATERNA EXCLUSIVA
2984,8,9,109390,A0200001,13,13127,9,13,11,Servicio de Salud Metropolitano Norte,Centro de Salud Familiar Cristo Vive (ONG),Recoleta,MENORES CONTROLADOS
2985,4,9,109301,A0200002,13,13127,23,12,10,Servicio de Salud Metropolitano Norte,Centro de Salud Familiar Recoleta,Recoleta,LACTANCIA MATERNA EXCLUSIVA
2986,6,9,109301,A0200001,13,13127,34,30,31,Servicio de Salud Metropolitano Norte,Centro de Salud Familiar Recoleta,Recoleta,MENORES CONTROLADOS
2987,8,9,109301,A0200002,13,13127,15,13,15,Servicio de Salud Metropolitano Norte,Centro de Salud Familiar Recoleta,Recoleta,LACTANCIA MATERNA EXCLUSIVA
2988,8,9,109301,A0200001,13,13127,24,26,25,Servicio de Salud Metropolitano Norte,Centro de Salud Familiar Recoleta,Recoleta,MENORES CONTROLADOS
2989,5,9,109390,A0200002,13,13127,9,2,0,Servicio de Salud Metropolitano Norte,Centro de Salud Familiar Cristo Vive (ONG),Recoleta,LACTANCIA MATERNA EXCLUSIVA
2990,6,9,109390,A0200001,13,13127,8,6,7,Servicio de Salud Metropolitano Norte,Centro de Salud Familiar Cristo Vive (ONG),Recoleta,MENORES CONTROLADOS
2991,6,9,109390,A0200002,13,13127,6,2,2,Servicio de Salud Metropolitano Norte,Centro de Salud Familiar Cristo Vive (ONG),Recoleta,LACTANCIA MATERNA EXCLUSIVA
2992,4,9,109301,A0200001,13,13127,26,19,19,Servicio de Salud Metropolitano Norte,Centro de Salud Familiar Recoleta,Recoleta,MENORES CONTROLADOS
2993,11,9,109303,A0200002,13,13127,5,12,7,Servicio de Salud Metropolitano Norte,Centro de Salud Familiar Quinta Bella,Recoleta,LACTANCIA MATERNA EXCLUSIVA
2994,7,9,109303,A0200002,13,13127,12,8,8,Servicio de Salud Metropolitano Norte,Centro de Salud Familiar Quinta Bella,Recoleta,LACTANCIA MATERNA EXCLUSIVA
2995,7,9,109303,A0200001,13,13127,19,15,17,Servicio de Salud Metropolitano Norte,Centro de Salud Familiar Quinta Bella,Recoleta,MENORES CONTROLADOS
2996,9,9,109416,A0200001,13,13301,0,0,0,Servicio de Salud Metropolitano Norte,Posta de Salud Rural Colorado,Colina,MENORES CONTROLADOS
2997,2,9,109416,A0200002,13,13301,1,0,0,Servicio de Salud Metropolitano Norte,Posta de Salud Rural Colorado,Colina,LACTANCIA MATERNA EXCLUSIVA
2998,2,9,109416,A0200001,13,13301,1,0,0,Servicio de Salud Metropolitano Norte,Posta de Salud Rural Colorado,Colina,MENORES CONTROLADOS
2999,1,9,109420,A0200001,13,13301,0,0,0,Servicio de Salud Metropolitano Norte,Posta de Salud Rural Chacabuco (Colina),Colina,MENORES CONTROLADOS
3000,8,9,109416,A0200001,13,13301,,,,Servicio de Salud Metropolitano Norte,Posta de Salud Rural Colorado,Colina,MENORES CONTROLADOS
3001,4,9,109420,A0200001,13,13301,0,0,0,Servicio de Salud Metropolitano Norte,Posta de Salud Rural Chacabuco (Colina),Colina,MENORES CONTROLADOS
3002,8,9,109420,A0200002,13,13301,,1,,Servicio de Salud Metropolitano Norte,Posta de Salud Rural Chacabuco (Colina),Colina,LACTANCIA MATERNA EXCLUSIVA
3003,8,9,109420,A0200001,13,13301,,1,,Servicio de Salud Metropolitano Norte,Posta de Salud Rural Chacabuco (Colina),Colina,MENORES CONTROLADOS
3004,1,9,109416,A0200002,13,13301,0,0,1,Servicio de Salud Metropolitano Norte,Posta de Salud Rural Colorado,Colina,LACTANCIA MATERNA EXCLUSIVA
3005,1,9,109416,A0200001,13,13301,0,0,1,Servicio de Salud Metropolitano Norte,Posta de Salud Rural Colorado,Colina,MENORES CONTROLADOS
3006,4,9,109418,A0200002,13,13301,0,0,1,Servicio de Salud Metropolitano Norte,Posta de Salud Rural Las Canteras,Colina,LACTANCIA MATERNA EXCLUSIVA
3007,4,9,109418,A0200001,13,13301,0,0,1,Servicio de Salud Metropolitano Norte,Posta de Salud Rural Las Canteras,Colina,MENORES CONTROLADOS
3008,2,9,109418,A0200002,13,13301,,,1,Servicio de Salud Metropolitano Norte,Posta de Salud Rural Las Canteras,Colina,LACTANCIA MATERNA EXCLUSIVA
3009,2,9,109418,A0200001,13,13301,0,0,1,Servicio de Salud Metropolitano Norte,Posta de Salud Rural Las Canteras,Colina,MENORES CONTROLADOS
3010,10,9,109418,A0200001,13,13301,,,0,Servicio de Salud Metropolitano Norte,Posta de Salud Rural Las Canteras,Colina,MENORES CONTROLADOS
3011,5,9,109420,A0200001,13,13301,0,0,0,Servicio de Salud Metropolitano Norte,Posta de Salud Rural Chacabuco (Colina),Colina,MENORES CONTROLADOS
3012,10,9,109416,A0200001,13,13301,0,0,0,Servicio de Salud Metropolitano Norte,Posta de Salud Rural Colorado,Colina,MENORES CONTROLADOS
3013,5,9,109416,A0200001,13,13301,0,0,0,Servicio de Salud Metropolitano Norte,Posta de Salud Rural Colorado,Colina,MENORES CONTROLADOS
3014,5,9,109418,A0200002,13,13301,0,1,1,Servicio de Salud Metropolitano Norte,Posta de Salud Rural Las Canteras,Colina,LACTANCIA MATERNA EXCLUSIVA
3015,5,9,109418,A0200001,13,13301,0,1,3,Servicio de Salud Metropolitano Norte,Posta de Salud Rural Las Canteras,Colina,MENORES CONTROLADOS
3016,3,9,109418,A0200002,13,13301,,,1,Servicio de Salud Metropolitano Norte,Posta de Salud Rural Las Canteras,Colina,LACTANCIA MATERNA EXCLUSIVA
3017,3,9,109418,A0200001,13,13301,,,1,Servicio de Salud Metropolitano Norte,Posta de Salud Rural Las Canteras,Colina,MENORES CONTROLADOS
3018,7,9,109420,A0200001,13,13301,,1,,Servicio de Salud Metropolitano Norte,Posta de Salud Rural Chacabuco (Colina),Colina,MENORES CONTROLADOS
3019,9,9,109420,A0200002,13,13301,,1,,Servicio de Salud Metropolitano Norte,Posta de Salud Rural Chacabuco (Colina),Colina,LACTANCIA MATERNA EXCLUSIVA
3020,9,9,109420,A0200001,13,13301,,1,,Servicio de Salud Metropolitano Norte,Posta de Salud Rural Chacabuco (Colina),Colina,MENORES CONTROLADOS
3021,11,9,109416,A0200002,13,13301,0,1,0,Servicio de Salud Metropolitano Norte,Posta de Salud Rural Colorado,Colina,LACTANCIA MATERNA EXCLUSIVA
3022,11,9,109416,A0200001,13,13301,0,1,0,Servicio de Salud Metropolitano Norte,Posta de Salud Rural Colorado,Colina,MENORES CONTROLADOS
3023,11,9,109418,A0200001,13,13301,,,0,Servicio de Salud Metropolitano Norte,Posta de Salud Rural Las Canteras,Colina,MENORES CONTROLADOS
3024,4,9,109416,A0200002,13,13301,0,1,0,Servicio de Salud Metropolitano Norte,Posta de Salud Rural Colorado,Colina,LACTANCIA MATERNA EXCLUSIVA
3025,4,9,109416,A0200001,13,13301,0,1,0,Servicio de Salud Metropolitano Norte,Posta de Salud Rural Colorado,Colina,MENORES CONTROLADOS
3026,7,9,109418,A0200002,13,13301,,,1,Servicio de Salud Metropolitano Norte,Posta de Salud Rural Las Canteras,Colina,LACTANCIA MATERNA EXCLUSIVA
3027,7,9,109418,A0200001,13,13301,,,1,Servicio de Salud Metropolitano Norte,Posta de Salud Rural Las Canteras,Colina,MENORES CONTROLADOS
3028,7,9,109416,A0200002,13,13301,,,1,Servicio de Salud Metropolitano Norte,Posta de Salud Rural Colorado,Colina,LACTANCIA MATERNA EXCLUSIVA
3029,7,9,109416,A0200001,13,13301,,,1,Servicio de Salud Metropolitano Norte,Posta de Salud Rural Colorado,Colina,MENORES CONTROLADOS
3030,11,9,109420,A0200001,13,13301,0,0,1,Servicio de Salud Metropolitano Norte,Posta de Salud Rural Chacabuco (Colina),Colina,MENORES CONTROLADOS
3031,6,9,109416,A0200001,13,13301,0,0,0,Servicio de Salud Metropolitano Norte,Posta de Salud Rural Colorado,Colina,MENORES CONTROLADOS
3032,9,9,109418,A0200001,13,13301,0,0,0,Servicio de Salud Metropolitano Norte,Posta de Salud Rural Las Canteras,Colina,MENORES CONTROLADOS
3033,6,9,109420,A0200001,13,13301,0,0,0,Servicio de Salud Metropolitano Norte,Posta de Salud Rural Chacabuco (Colina),Colina,MENORES CONTROLADOS
3034,5,9,109316,A0200002,13,13301,24,8,11,Servicio de Salud Metropolitano Norte,Centro de Salud Familiar Esmeralda,Colina,LACTANCIA MATERNA EXCLUSIVA
3035,5,9,109316,A0200001,13,13301,30,17,19,Servicio de Salud Metropolitano Norte,Centro de Salud Familiar Esmeralda,Colina,MENORES CONTROLADOS
3036,3,9,109316,A0200002,13,13301,11,14,10,Servicio de Salud Metropolitano Norte,Centro de Salud Familiar Esmeralda,Colina,LACTANCIA MATERNA EXCLUSIVA
3037,6,9,109316,A0200002,13,13301,12,5,6,Servicio de Salud Metropolitano Norte,Centro de Salud Familiar Esmeralda,Colina,LACTANCIA MATERNA EXCLUSIVA
3038,6,9,109316,A0200001,13,13301,15,8,14,Servicio de Salud Metropolitano Norte,Centro de Salud Familiar Esmeralda,Colina,MENORES CONTROLADOS
3039,8,9,109316,A0200001,13,13301,24,15,21,Servicio de Salud Metropolitano Norte,Centro de Salud Familiar Esmeralda,Colina,MENORES CONTROLADOS
3040,3,9,109316,A0200001,13,13301,20,22,21,Servicio de Salud Metropolitano Norte,Centro de Salud Familiar Esmeralda,Colina,MENORES CONTROLADOS
3041,10,9,109316,A0200002,13,13301,12,11,16,Servicio de Salud Metropolitano Norte,Centro de Salud Familiar Esmeralda,Colina,LACTANCIA MATERNA EXCLUSIVA
3042,8,9,109316,A0200002,13,13301,13,12,11,Servicio de Salud Metropolitano Norte,Centro de Salud Familiar Esmeralda,Colina,LACTANCIA MATERNA EXCLUSIVA
3043,1,9,109316,A0200002,13,13301,16,8,15,Servicio de Salud Metropolitano Norte,Centro de Salud Familiar Esmeralda,Colina,LACTANCIA MATERNA EXCLUSIVA
3044,12,9,109316,A0200002,13,13301,8,6,9,Servicio de Salud Metropolitano Norte,Centro de Salud Familiar Esmeralda,Colina,LACTANCIA MATERNA EXCLUSIVA
3045,12,9,109316,A0200001,13,13301,17,11,17,Servicio de Salud Metropolitano Norte,Centro de Salud Familiar Esmeralda,Colina,MENORES CONTROLADOS
3046,7,9,109316,A0200002,13,13301,18,14,11,Servicio de Salud Metropolitano Norte,Centro de Salud Familiar Esmeralda,Colina,LACTANCIA MATERNA EXCLUSIVA
3047,7,9,109316,A0200001,13,13301,31,24,26,Servicio de Salud Metropolitano Norte,Centro de Salud Familiar Esmeralda,Colina,MENORES CONTROLADOS
3048,2,9,109316,A0200002,13,13301,9,7,11,Servicio de Salud Metropolitano Norte,Centro de Salud Familiar Esmeralda,Colina,LACTANCIA MATERNA EXCLUSIVA
3049,2,9,109316,A0200001,13,13301,14,15,23,Servicio de Salud Metropolitano Norte,Centro de Salud Familiar Esmeralda,Colina,MENORES CONTROLADOS
3050,10,9,109316,A0200001,13,13301,22,18,29,Servicio de Salud Metropolitano Norte,Centro de Salud Familiar Esmeralda,Colina,MENORES CONTROLADOS
3051,1,9,109316,A0200001,13,13301,25,11,30,Servicio de Salud Metropolitano Norte,Centro de Salud Familiar Esmeralda,Colina,MENORES CONTROLADOS
3052,4,9,109316,A0200001,13,13301,11,15,21,Servicio de Salud Metropolitano Norte,Centro de Salud Familiar Esmeralda,Colina,MENORES CONTROLADOS
3053,4,9,109316,A0200002,13,13301,8,9,13,Servicio de Salud Metropolitano Norte,Centro de Salud Familiar Esmeralda,Colina,LACTANCIA MATERNA EXCLUSIVA
3054,11,9,109316,A0200002,13,13301,13,7,10,Servicio de Salud Metropolitano Norte,Centro de Salud Familiar Esmeralda,Colina,LACTANCIA MATERNA EXCLUSIVA
3055,11,9,109316,A0200001,13,13301,19,16,18,Servicio de Salud Metropolitano Norte,Centro de Salud Familiar Esmeralda,Colina,MENORES CONTROLADOS
3056,9,9,109316,A0200002,13,13301,9,8,7,Servicio de Salud Metropolitano Norte,Centro de Salud Familiar Esmeralda,Colina,LACTANCIA MATERNA EXCLUSIVA
3057,9,9,109316,A0200001,13,13301,18,19,15,Servicio de Salud Metropolitano Norte,Centro de Salud Familiar Esmeralda,Colina,MENORES CONTROLADOS
3058,4,9,109419,A0200001,13,13301,,,0,Servicio de Salud Metropolitano Norte,Posta de Salud Rural Santa Marta de Liray,Colina,MENORES CONTROLADOS
3059,8,9,109419,A0200002,13,13301,0,0,1,Servicio de Salud Metropolitano Norte,Posta de Salud Rural Santa Marta de Liray,Colina,LACTANCIA MATERNA EXCLUSIVA
3060,8,9,109419,A0200001,13,13301,1,1,1,Servicio de Salud Metropolitano Norte,Posta de Salud Rural Santa Marta de Liray,Colina,MENORES CONTROLADOS
3061,6,9,109419,A0200001,13,13301,,,0,Servicio de Salud Metropolitano Norte,Posta de Salud Rural Santa Marta de Liray,Colina,MENORES CONTROLADOS
3062,10,9,109419,A0200002,13,13301,1,0,1,Servicio de Salud Metropolitano Norte,Posta de Salud Rural Santa Marta de Liray,Colina,LACTANCIA MATERNA EXCLUSIVA
3063,10,9,109419,A0200001,13,13301,1,0,1,Servicio de Salud Metropolitano Norte,Posta de Salud Rural Santa Marta de Liray,Colina,MENORES CONTROLADOS
3064,9,9,109419,A0200002,13,13301,0,1,1,Servicio de Salud Metropolitano Norte,Posta de Salud Rural Santa Marta de Liray,Colina,LACTANCIA MATERNA EXCLUSIVA
3065,9,9,109419,A0200001,13,13301,0,1,1,Servicio de Salud Metropolitano Norte,Posta de Salud Rural Santa Marta de Liray,Colina,MENORES CONTROLADOS
3066,11,9,109419,A0200002,13,13301,,1,0,Servicio de Salud Metropolitano Norte,Posta de Salud Rural Santa Marta de Liray,Colina,LACTANCIA MATERNA EXCLUSIVA
3067,11,9,109419,A0200001,13,13301,,1,1,Servicio de Salud Metropolitano Norte,Posta de Salud Rural Santa Marta de Liray,Colina,MENORES CONTROLADOS
3068,3,9,109419,A0200001,13,13301,,,0,Servicio de Salud Metropolitano Norte,Posta de Salud Rural Santa Marta de Liray,Colina,MENORES CONTROLADOS
3069,5,9,109419,A0200001,13,13301,0,1,1,Servicio de Salud Metropolitano Norte,Posta de Salud Rural Santa Marta de Liray,Colina,MENORES CONTROLADOS
3070,5,9,109419,A0200002,13,13301,0,0,1,Servicio de Salud Metropolitano Norte,Posta de Salud Rural Santa Marta de Liray,Colina,LACTANCIA MATERNA EXCLUSIVA
3071,2,9,109419,A0200001,13,13301,,,1,Servicio de Salud Metropolitano Norte,Posta de Salud Rural Santa Marta de Liray,Colina,MENORES CONTROLADOS
3072,11,9,109417,A0200001,13,13301,,,1,Servicio de Salud Metropolitano Norte,Posta de Salud Rural Los Ingleses,Colina,MENORES CONTROLADOS
3073,4,9,109310,A0200002,13,13301,16,16,16,Servicio de Salud Metropolitano Norte,Centro de Salud Familiar Colina,Colina,LACTANCIA MATERNA EXCLUSIVA
3074,9,9,201462,A0200002,13,13301,8,12,14,Servicio de Salud Metropolitano Norte,CESFAM La Reina de Colina,Colina,LACTANCIA MATERNA EXCLUSIVA
3075,9,9,201462,A0200001,13,13301,9,18,28,Servicio de Salud Metropolitano Norte,CESFAM La Reina de Colina,Colina,MENORES CONTROLADOS
3076,12,9,109716,A0200002,13,13301,1,2,1,Servicio de Salud Metropolitano Norte,Centro Comunitario de Salud Familiar Esmeralda,Colina,LACTANCIA MATERNA EXCLUSIVA
3077,12,9,109716,A0200001,13,13301,1,3,1,Servicio de Salud Metropolitano Norte,Centro Comunitario de Salud Familiar Esmeralda,Colina,MENORES CONTROLADOS
3078,12,9,109417,A0200001,13,13301,,,0,Servicio de Salud Metropolitano Norte,Posta de Salud Rural Los Ingleses,Colina,MENORES CONTROLADOS
3079,1,9,109716,A0200001,13,13301,3,3,3,Servicio de Salud Metropolitano Norte,Centro Comunitario de Salud Familiar Esmeralda,Colina,MENORES CONTROLADOS
3080,2,9,201462,A0200001,13,13301,25,29,17,Servicio de Salud Metropolitano Norte,CESFAM La Reina de Colina,Colina,MENORES CONTROLADOS
3081,2,9,201462,A0200002,13,13301,15,20,10,Servicio de Salud Metropolitano Norte,CESFAM La Reina de Colina,Colina,LACTANCIA MATERNA EXCLUSIVA
3082,3,9,109310,A0200002,13,13301,23,18,9,Servicio de Salud Metropolitano Norte,Centro de Salud Familiar Colina,Colina,LACTANCIA MATERNA EXCLUSIVA
3083,2,9,109716,A0200002,13,13301,2,1,2,Servicio de Salud Metropolitano Norte,Centro Comunitario de Salud Familiar Esmeralda,Colina,LACTANCIA MATERNA EXCLUSIVA
3084,6,9,109310,A0200002,13,13301,22,12,8,Servicio de Salud Metropolitano Norte,Centro de Salud Familiar Colina,Colina,LACTANCIA MATERNA EXCLUSIVA
3085,1,9,109310,A0200002,13,13301,18,26,11,Servicio de Salud Metropolitano Norte,Centro de Salud Familiar Colina,Colina,LACTANCIA MATERNA EXCLUSIVA
3086,3,9,109310,A0200001,13,13301,39,28,20,Servicio de Salud Metropolitano Norte,Centro de Salud Familiar Colina,Colina,MENORES CONTROLADOS
3087,1,9,201462,A0200002,13,13301,14,18,11,Servicio de Salud Metropolitano Norte,CESFAM La Reina de Colina,Colina,LACTANCIA MATERNA EXCLUSIVA
3088,1,9,201462,A0200001,13,13301,26,30,25,Servicio de Salud Metropolitano Norte,CESFAM La Reina de Colina,Colina,MENORES CONTROLADOS
3089,7,9,201462,A0200002,13,13301,18,12,15,Servicio de Salud Metropolitano Norte,CESFAM La Reina de Colina,Colina,LACTANCIA MATERNA EXCLUSIVA
3090,5,9,109310,A0200002,13,13301,15,18,13,Servicio de Salud Metropolitano Norte,Centro de Salud Familiar Colina,Colina,LACTANCIA MATERNA EXCLUSIVA
3091,4,9,109310,A0200001,13,13301,23,28,33,Servicio de Salud Metropolitano Norte,Centro de Salud Familiar Colina,Colina,MENORES CONTROLADOS
3092,5,9,201462,A0200001,13,13301,18,21,29,Servicio de Salud Metropolitano Norte,CESFAM La Reina de Colina,Colina,MENORES CONTROLADOS
3093,5,9,109310,A0200001,13,13301,27,27,27,Servicio de Salud Metropolitano Norte,Centro de Salud Familiar Colina,Colina,MENORES CONTROLADOS
3094,5,9,201462,A0200002,13,13301,12,11,12,Servicio de Salud Metropolitano Norte,CESFAM La Reina de Colina,Colina,LACTANCIA MATERNA EXCLUSIVA
3095,3,9,201462,A0200001,13,13301,27,20,28,Servicio de Salud Metropolitano Norte,CESFAM La Reina de Colina,Colina,MENORES CONTROLADOS
3096,5,9,109417,A0200001,13,13301,0,0,1,Servicio de Salud Metropolitano Norte,Posta de Salud Rural Los Ingleses,Colina,MENORES CONTROLADOS
3097,2,9,109716,A0200001,13,13301,2,1,3,Servicio de Salud Metropolitano Norte,Centro Comunitario de Salud Familiar Esmeralda,Colina,MENORES CONTROLADOS
3098,3,9,109417,A0200001,13,13301,,,1,Servicio de Salud Metropolitano Norte,Posta de Salud Rural Los Ingleses,Colina,MENORES CONTROLADOS
3099,10,9,109417,A0200001,13,13301,,,0,Servicio de Salud Metropolitano Norte,Posta de Salud Rural Los Ingleses,Colina,MENORES CONTROLADOS
3100,4,9,201462,A0200002,13,13301,9,15,15,Servicio de Salud Metropolitano Norte,CESFAM La Reina de Colina,Colina,LACTANCIA MATERNA EXCLUSIVA
3101,4,9,109417,A0200001,13,13301,,,0,Servicio de Salud Metropolitano Norte,Posta de Salud Rural Los Ingleses,Colina,MENORES CONTROLADOS
3102,4,9,201462,A0200001,13,13301,15,26,24,Servicio de Salud Metropolitano Norte,CESFAM La Reina de Colina,Colina,MENORES CONTROLADOS
3103,2,9,109310,A0200001,13,13301,30,26,25,Servicio de Salud Metropolitano Norte,Centro de Salud Familiar Colina,Colina,MENORES CONTROLADOS
3104,8,9,201462,A0200002,13,13301,13,13,16,Servicio de Salud Metropolitano Norte,CESFAM La Reina de Colina,Colina,LACTANCIA MATERNA EXCLUSIVA
3105,8,9,201462,A0200001,13,13301,24,25,31,Servicio de Salud Metropolitano Norte,CESFAM La Reina de Colina,Colina,MENORES CONTROLADOS
3106,8,9,109310,A0200001,13,13301,19,29,25,Servicio de Salud Metropolitano Norte,Centro de Salud Familiar Colina,Colina,MENORES CONTROLADOS
3107,3,9,109716,A0200002,13,13301,0,3,4,Servicio de Salud Metropolitano Norte,Centro Comunitario de Salud Familiar Esmeralda,Colina,LACTANCIA MATERNA EXCLUSIVA
3108,3,9,109716,A0200001,13,13301,1,3,5,Servicio de Salud Metropolitano Norte,Centro Comunitario de Salud Familiar Esmeralda,Colina,MENORES CONTROLADOS
3109,6,9,201462,A0200001,13,13301,23,14,23,Servicio de Salud Metropolitano Norte,CESFAM La Reina de Colina,Colina,MENORES CONTROLADOS
3110,6,9,201462,A0200002,13,13301,11,7,10,Servicio de Salud Metropolitano Norte,CESFAM La Reina de Colina,Colina,LACTANCIA MATERNA EXCLUSIVA
3111,11,9,109310,A0200001,13,13301,23,37,28,Servicio de Salud Metropolitano Norte,Centro de Salud Familiar Colina,Colina,MENORES CONTROLADOS
3112,11,9,109310,A0200002,13,13301,17,18,19,Servicio de Salud Metropolitano Norte,Centro de Salud Familiar Colina,Colina,LACTANCIA MATERNA EXCLUSIVA
3113,12,9,109310,A0200002,13,13301,10,12,20,Servicio de Salud Metropolitano Norte,Centro de Salud Familiar Colina,Colina,LACTANCIA MATERNA EXCLUSIVA
3114,12,9,109310,A0200001,13,13301,17,16,34,Servicio de Salud Metropolitano Norte,Centro de Salud Familiar Colina,Colina,MENORES CONTROLADOS
3115,1,9,109716,A0200002,13,13301,2,2,2,Servicio de Salud Metropolitano Norte,Centro Comunitario de Salud Familiar Esmeralda,Colina,LACTANCIA MATERNA EXCLUSIVA
3116,1,9,109310,A0200001,13,13301,32,40,18,Servicio de Salud Metropolitano Norte,Centro de Salud Familiar Colina,Colina,MENORES CONTROLADOS
3117,9,9,109417,A0200001,13,13301,0,0,0,Servicio de Salud Metropolitano Norte,Posta de Salud Rural Los Ingleses,Colina,MENORES CONTROLADOS
3118,8,9,109716,A0200002,13,13301,2,1,1,Servicio de Salud Metropolitano Norte,Centro Comunitario de Salud Familiar Esmeralda,Colina,LACTANCIA MATERNA EXCLUSIVA
3119,1,9,109417,A0200002,13,13301,1,,,Servicio de Salud Metropolitano Norte,Posta de Salud Rural Los Ingleses,Colina,LACTANCIA MATERNA EXCLUSIVA
3120,2,9,109310,A0200002,13,13301,16,17,13,Servicio de Salud Metropolitano Norte,Centro de Salud Familiar Colina,Colina,LACTANCIA MATERNA EXCLUSIVA
3121,6,9,109716,A0200002,13,13301,,1,3,Servicio de Salud Metropolitano Norte,Centro Comunitario de Salud Familiar Esmeralda,Colina,LACTANCIA MATERNA EXCLUSIVA
3122,6,9,109716,A0200001,13,13301,2,4,3,Servicio de Salud Metropolitano Norte,Centro Comunitario de Salud Familiar Esmeralda,Colina,MENORES CONTROLADOS
3123,10,9,201462,A0200001,13,13301,10,16,21,Servicio de Salud Metropolitano Norte,CESFAM La Reina de Colina,Colina,MENORES CONTROLADOS
3124,8,9,109417,A0200002,13,13301,,,2,Servicio de Salud Metropolitano Norte,Posta de Salud Rural Los Ingleses,Colina,LACTANCIA MATERNA EXCLUSIVA
3125,8,9,109417,A0200001,13,13301,,,2,Servicio de Salud Metropolitano Norte,Posta de Salud Rural Los Ingleses,Colina,MENORES CONTROLADOS
3126,5,9,109716,A0200001,13,13301,1,1,0,Servicio de Salud Metropolitano Norte,Centro Comunitario de Salud Familiar Esmeralda,Colina,MENORES CONTROLADOS
3127,8,9,109716,A0200001,13,13301,2,5,2,Servicio de Salud Metropolitano Norte,Centro Comunitario de Salud Familiar Esmeralda,Colina,MENORES CONTROLADOS
3128,5,9,109716,A0200002,13,13301,1,0,0,Servicio de Salud Metropolitano Norte,Centro Comunitario de Salud Familiar Esmeralda,Colina,LACTANCIA MATERNA EXCLUSIVA
3129,8,9,109310,A0200002,13,13301,14,18,13,Servicio de Salud Metropolitano Norte,Centro de Salud Familiar Colina,Colina,LACTANCIA MATERNA EXCLUSIVA
3130,10,9,201462,A0200002,13,13301,5,5,12,Servicio de Salud Metropolitano Norte,CESFAM La Reina de Colina,Colina,LACTANCIA MATERNA EXCLUSIVA
3131,6,9,109417,A0200001,13,13301,0,0,1,Servicio de Salud Metropolitano Norte,Posta de Salud Rural Los Ingleses,Colina,MENORES CONTROLADOS
3132,10,9,109716,A0200002,13,13301,1,1,0,Servicio de Salud Metropolitano Norte,Centro Comunitario de Salud Familiar Esmeralda,Colina,LACTANCIA MATERNA EXCLUSIVA
3133,10,9,109716,A0200001,13,13301,2,2,0,Servicio de Salud Metropolitano Norte,Centro Comunitario de Salud Familiar Esmeralda,Colina,MENORES CONTROLADOS
3134,7,9,109310,A0200001,13,13301,33,31,36,Servicio de Salud Metropolitano Norte,Centro de Salud Familiar Colina,Colina,MENORES CONTROLADOS
3135,11,9,109716,A0200001,13,13301,1,1,3,Servicio de Salud Metropolitano Norte,Centro Comunitario de Salud Familiar Esmeralda,Colina,MENORES CONTROLADOS
3136,9,9,109310,A0200001,13,13301,36,28,36,Servicio de Salud Metropolitano Norte,Centro de Salud Familiar Colina,Colina,MENORES CONTROLADOS
3137,10,9,109310,A0200002,13,13301,16,15,17,Servicio de Salud Metropolitano Norte,Centro de Salud Familiar Colina,Colina,LACTANCIA MATERNA EXCLUSIVA
3138,10,9,109310,A0200001,13,13301,26,23,32,Servicio de Salud Metropolitano Norte,Centro de Salud Familiar Colina,Colina,MENORES CONTROLADOS
3139,11,9,109716,A0200002,13,13301,1,,,Servicio de Salud Metropolitano Norte,Centro Comunitario de Salud Familiar Esmeralda,Colina,LACTANCIA MATERNA EXCLUSIVA
3140,9,9,109310,A0200002,13,13301,21,19,20,Servicio de Salud Metropolitano Norte,Centro de Salud Familiar Colina,Colina,LACTANCIA MATERNA EXCLUSIVA
3141,7,9,109310,A0200002,13,13301,20,15,17,Servicio de Salud Metropolitano Norte,Centro de Salud Familiar Colina,Colina,LACTANCIA MATERNA EXCLUSIVA
3142,6,9,109310,A0200001,13,13301,33,27,20,Servicio de Salud Metropolitano Norte,Centro de Salud Familiar Colina,Colina,MENORES CONTROLADOS
3143,4,9,109716,A0200002,13,13301,1,1,3,Servicio de Salud Metropolitano Norte,Centro Comunitario de Salud Familiar Esmeralda,Colina,LACTANCIA MATERNA EXCLUSIVA
3144,4,9,109716,A0200001,13,13301,2,1,3,Servicio de Salud Metropolitano Norte,Centro Comunitario de Salud Familiar Esmeralda,Colina,MENORES CONTROLADOS
3145,7,9,201462,A0200001,13,13301,24,19,30,Servicio de Salud Metropolitano Norte,CESFAM La Reina de Colina,Colina,MENORES CONTROLADOS
3146,3,9,201462,A0200002,13,13301,17,8,12,Servicio de Salud Metropolitano Norte,CESFAM La Reina de Colina,Colina,LACTANCIA MATERNA EXCLUSIVA
3147,7,9,109417,A0200001,13,13301,,,0,Servicio de Salud Metropolitano Norte,Posta de Salud Rural Los Ingleses,Colina,MENORES CONTROLADOS
3148,11,9,109417,A0200002,13,13301,,,1,Servicio de Salud Metropolitano Norte,Posta de Salud Rural Los Ingleses,Colina,LACTANCIA MATERNA EXCLUSIVA
3149,11,9,201462,A0200001,13,13301,16,15,18,Servicio de Salud Metropolitano Norte,CESFAM La Reina de Colina,Colina,MENORES CONTROLADOS
3150,11,9,201462,A0200002,13,13301,8,11,12,Servicio de Salud Metropolitano Norte,CESFAM La Reina de Colina,Colina,LACTANCIA MATERNA EXCLUSIVA
3151,7,9,109716,A0200002,13,13301,0,0,2,Servicio de Salud Metropolitano Norte,Centro Comunitario de Salud Familiar Esmeralda,Colina,LACTANCIA MATERNA EXCLUSIVA
3152,7,9,109716,A0200001,13,13301,0,1,3,Servicio de Salud Metropolitano Norte,Centro Comunitario de Salud Familiar Esmeralda,Colina,MENORES CONTROLADOS
3153,12,9,201462,A0200002,13,13301,10,7,9,Servicio de Salud Metropolitano Norte,CESFAM La Reina de Colina,Colina,LACTANCIA MATERNA EXCLUSIVA
3154,12,9,201462,A0200001,13,13301,18,11,17,Servicio de Salud Metropolitano Norte,CESFAM La Reina de Colina,Colina,MENORES CONTROLADOS
3155,9,9,109716,A0200002,13,13301,1,2,1,Servicio de Salud Metropolitano Norte,Centro Comunitario de Salud Familiar Esmeralda,Colina,LACTANCIA MATERNA EXCLUSIVA
3156,9,9,109716,A0200001,13,13301,1,2,3,Servicio de Salud Metropolitano Norte,Centro Comunitario de Salud Familiar Esmeralda,Colina,MENORES CONTROLADOS
3157,9,9,109712,A0200002,13,13302,3,4,4,Servicio de Salud Metropolitano Norte,Centro Comunitario de Salud Familiar Batuco,Lampa,LACTANCIA MATERNA EXCLUSIVA
3158,9,9,109712,A0200001,13,13302,3,4,4,Servicio de Salud Metropolitano Norte,Centro Comunitario de Salud Familiar Batuco,Lampa,MENORES CONTROLADOS
3159,2,9,109712,A0200001,13,13302,6,3,4,Servicio de Salud Metropolitano Norte,Centro Comunitario de Salud Familiar Batuco,Lampa,MENORES CONTROLADOS
3160,6,9,109712,A0200002,13,13302,5,4,4,Servicio de Salud Metropolitano Norte,Centro Comunitario de Salud Familiar Batuco,Lampa,LACTANCIA MATERNA EXCLUSIVA
3161,6,9,109712,A0200001,13,13302,7,6,8,Servicio de Salud Metropolitano Norte,Centro Comunitario de Salud Familiar Batuco,Lampa,MENORES CONTROLADOS
3162,12,9,109712,A0200001,13,13302,11,7,3,Servicio de Salud Metropolitano Norte,Centro Comunitario de Salud Familiar Batuco,Lampa,MENORES CONTROLADOS
3163,12,9,109712,A0200002,13,13302,7,4,3,Servicio de Salud Metropolitano Norte,Centro Comunitario de Salud Familiar Batuco,Lampa,LACTANCIA MATERNA EXCLUSIVA
3164,8,9,109712,A0200001,13,13302,7,5,5,Servicio de Salud Metropolitano Norte,Centro Comunitario de Salud Familiar Batuco,Lampa,MENORES CONTROLADOS
3165,4,9,109712,A0200002,13,13302,4,2,4,Servicio de Salud Metropolitano Norte,Centro Comunitario de Salud Familiar Batuco,Lampa,LACTANCIA MATERNA EXCLUSIVA
3166,8,9,109712,A0200002,13,13302,4,4,2,Servicio de Salud Metropolitano Norte,Centro Comunitario de Salud Familiar Batuco,Lampa,LACTANCIA MATERNA EXCLUSIVA
3167,3,9,109712,A0200002,13,13302,4,3,4,Servicio de Salud Metropolitano Norte,Centro Comunitario de Salud Familiar Batuco,Lampa,LACTANCIA MATERNA EXCLUSIVA
3168,7,9,109712,A0200002,13,13302,3,4,3,Servicio de Salud Metropolitano Norte,Centro Comunitario de Salud Familiar Batuco,Lampa,LACTANCIA MATERNA EXCLUSIVA
3169,5,9,109712,A0200002,13,13302,3,2,3,Servicio de Salud Metropolitano Norte,Centro Comunitario de Salud Familiar Batuco,Lampa,LACTANCIA MATERNA EXCLUSIVA
3170,5,9,109712,A0200001,13,13302,3,3,5,Servicio de Salud Metropolitano Norte,Centro Comunitario de Salud Familiar Batuco,Lampa,MENORES CONTROLADOS
3171,2,9,109712,A0200002,13,13302,4,3,4,Servicio de Salud Metropolitano Norte,Centro Comunitario de Salud Familiar Batuco,Lampa,LACTANCIA MATERNA EXCLUSIVA
3172,4,9,109712,A0200001,13,13302,4,4,8,Servicio de Salud Metropolitano Norte,Centro Comunitario de Salud Familiar Batuco,Lampa,MENORES CONTROLADOS
3173,11,9,109712,A0200002,13,13302,1,1,4,Servicio de Salud Metropolitano Norte,Centro Comunitario de Salud Familiar Batuco,Lampa,LACTANCIA MATERNA EXCLUSIVA
3174,10,9,109712,A0200002,13,13302,5,5,2,Servicio de Salud Metropolitano Norte,Centro Comunitario de Salud Familiar Batuco,Lampa,LACTANCIA MATERNA EXCLUSIVA
3175,10,9,109712,A0200001,13,13302,5,6,4,Servicio de Salud Metropolitano Norte,Centro Comunitario de Salud Familiar Batuco,Lampa,MENORES CONTROLADOS
3176,3,9,109712,A0200001,13,13302,6,4,6,Servicio de Salud Metropolitano Norte,Centro Comunitario de Salud Familiar Batuco,Lampa,MENORES CONTROLADOS
3177,7,9,109712,A0200001,13,13302,4,5,6,Servicio de Salud Metropolitano Norte,Centro Comunitario de Salud Familiar Batuco,Lampa,MENORES CONTROLADOS
3178,1,9,109712,A0200002,13,13302,2,3,2,Servicio de Salud Metropolitano Norte,Centro Comunitario de Salud Familiar Batuco,Lampa,LACTANCIA MATERNA EXCLUSIVA
3179,1,9,109712,A0200001,13,13302,7,6,2,Servicio de Salud Metropolitano Norte,Centro Comunitario de Salud Familiar Batuco,Lampa,MENORES CONTROLADOS
3180,11,9,109712,A0200001,13,13302,6,5,5,Servicio de Salud Metropolitano Norte,Centro Comunitario de Salud Familiar Batuco,Lampa,MENORES CONTROLADOS
3181,4,9,201212,A0200001,13,13302,6,5,2,Servicio de Salud Metropolitano Norte,Centro de Salud Familiar Juan Pablo II de Lampa,Lampa,MENORES CONTROLADOS
3182,1,9,109312,A0200001,13,13302,13,5,11,Servicio de Salud Metropolitano Norte,Centro de Salud Familiar Batuco,Lampa,MENORES CONTROLADOS
3183,4,9,109312,A0200001,13,13302,7,7,10,Servicio de Salud Metropolitano Norte,Centro de Salud Familiar Batuco,Lampa,MENORES CONTROLADOS
3184,1,9,201212,A0200001,13,13302,8,2,4,Servicio de Salud Metropolitano Norte,Centro de Salud Familiar Juan Pablo II de Lampa,Lampa,MENORES CONTROLADOS
3185,7,9,201212,A0200002,13,13302,3,3,6,Servicio de Salud Metropolitano Norte,Centro de Salud Familiar Juan Pablo II de Lampa,Lampa,LACTANCIA MATERNA EXCLUSIVA
3186,9,9,201212,A0200002,13,13302,2,2,4,Servicio de Salud Metropolitano Norte,Centro de Salud Familiar Juan Pablo II de Lampa,Lampa,LACTANCIA MATERNA EXCLUSIVA
3187,9,9,201212,A0200001,13,13302,7,4,9,Servicio de Salud Metropolitano Norte,Centro de Salud Familiar Juan Pablo II de Lampa,Lampa,MENORES CONTROLADOS
3188,2,9,201212,A0200001,13,13302,1,3,5,Servicio de Salud Metropolitano Norte,Centro de Salud Familiar Juan Pablo II de Lampa,Lampa,MENORES CONTROLADOS
3189,1,9,201212,A0200002,13,13302,6,,2,Servicio de Salud Metropolitano Norte,Centro de Salud Familiar Juan Pablo II de Lampa,Lampa,LACTANCIA MATERNA EXCLUSIVA
3190,1,9,109312,A0200002,13,13302,10,5,8,Servicio de Salud Metropolitano Norte,Centro de Salud Familiar Batuco,Lampa,LACTANCIA MATERNA EXCLUSIVA
3191,7,9,201212,A0200001,13,13302,5,7,10,Servicio de Salud Metropolitano Norte,Centro de Salud Familiar Juan Pablo II de Lampa,Lampa,MENORES CONTROLADOS
3192,6,9,201212,A0200001,13,13302,8,6,4,Servicio de Salud Metropolitano Norte,Centro de Salud Familiar Juan Pablo II de Lampa,Lampa,MENORES CONTROLADOS
3193,6,9,201212,A0200002,13,13302,4,4,2,Servicio de Salud Metropolitano Norte,Centro de Salud Familiar Juan Pablo II de Lampa,Lampa,LACTANCIA MATERNA EXCLUSIVA
3194,2,9,109312,A0200001,13,13302,9,6,6,Servicio de Salud Metropolitano Norte,Centro de Salud Familiar Batuco,Lampa,MENORES CONTROLADOS
3195,12,9,201212,A0200002,13,13302,5,5,2,Servicio de Salud Metropolitano Norte,Centro de Salud Familiar Juan Pablo II de Lampa,Lampa,LACTANCIA MATERNA EXCLUSIVA
3196,12,9,201212,A0200001,13,13302,8,9,3,Servicio de Salud Metropolitano Norte,Centro de Salud Familiar Juan Pablo II de Lampa,Lampa,MENORES CONTROLADOS
3197,3,9,201212,A0200002,13,13302,5,3,5,Servicio de Salud Metropolitano Norte,Centro de Salud Familiar Juan Pablo II de Lampa,Lampa,LACTANCIA MATERNA EXCLUSIVA
3198,3,9,201212,A0200001,13,13302,6,4,8,Servicio de Salud Metropolitano Norte,Centro de Salud Familiar Juan Pablo II de Lampa,Lampa,MENORES CONTROLADOS
3199,2,9,201212,A0200002,13,13302,,3,3,Servicio de Salud Metropolitano Norte,Centro de Salud Familiar Juan Pablo II de Lampa,Lampa,LACTANCIA MATERNA EXCLUSIVA
3200,11,9,109312,A0200001,13,13302,13,14,13,Servicio de Salud Metropolitano Norte,Centro de Salud Familiar Batuco,Lampa,MENORES CONTROLADOS
3201,11,9,109312,A0200002,13,13302,4,8,7,Servicio de Salud Metropolitano Norte,Centro de Salud Familiar Batuco,Lampa,LACTANCIA MATERNA EXCLUSIVA
3202,8,9,109312,A0200001,13,13302,15,12,9,Servicio de Salud Metropolitano Norte,Centro de Salud Familiar Batuco,Lampa,MENORES CONTROLADOS
3203,5,9,109312,A0200002,13,13302,6,3,8,Servicio de Salud Metropolitano Norte,Centro de Salud Familiar Batuco,Lampa,LACTANCIA MATERNA EXCLUSIVA
3204,5,9,109312,A0200001,13,13302,12,9,11,Servicio de Salud Metropolitano Norte,Centro de Salud Familiar Batuco,Lampa,MENORES CONTROLADOS
3205,4,9,109312,A0200002,13,13302,3,2,6,Servicio de Salud Metropolitano Norte,Centro de Salud Familiar Batuco,Lampa,LACTANCIA MATERNA EXCLUSIVA
3206,11,9,201212,A0200001,13,13302,9,6,7,Servicio de Salud Metropolitano Norte,Centro de Salud Familiar Juan Pablo II de Lampa,Lampa,MENORES CONTROLADOS
3207,11,9,201212,A0200002,13,13302,5,4,3,Servicio de Salud Metropolitano Norte,Centro de Salud Familiar Juan Pablo II de Lampa,Lampa,LACTANCIA MATERNA EXCLUSIVA
3208,4,9,201212,A0200002,13,13302,4,2,1,Servicio de Salud Metropolitano Norte,Centro de Salud Familiar Juan Pablo II de Lampa,Lampa,LACTANCIA MATERNA EXCLUSIVA
3209,9,9,109312,A0200002,13,13302,5,6,6,Servicio de Salud Metropolitano Norte,Centro de Salud Familiar Batuco,Lampa,LACTANCIA MATERNA EXCLUSIVA
3210,9,9,109312,A0200001,13,13302,8,13,11,Servicio de Salud Metropolitano Norte,Centro de Salud Familiar Batuco,Lampa,MENORES CONTROLADOS
3211,8,9,109312,A0200002,13,13302,8,6,2,Servicio de Salud Metropolitano Norte,Centro de Salud Familiar Batuco,Lampa,LACTANCIA MATERNA EXCLUSIVA
3212,2,9,109312,A0200002,13,13302,6,4,4,Servicio de Salud Metropolitano Norte,Centro de Salud Familiar Batuco,Lampa,LACTANCIA MATERNA EXCLUSIVA
3213,3,9,109312,A0200001,13,13302,10,10,15,Servicio de Salud Metropolitano Norte,Centro de Salud Familiar Batuco,Lampa,MENORES CONTROLADOS
3214,3,9,109312,A0200002,13,13302,8,6,5,Servicio de Salud Metropolitano Norte,Centro de Salud Familiar Batuco,Lampa,LACTANCIA MATERNA EXCLUSIVA
3215,7,9,109312,A0200001,13,13302,14,11,7,Servicio de Salud Metropolitano Norte,Centro de Salud Familiar Batuco,Lampa,MENORES CONTROLADOS
3216,7,9,109312,A0200002,13,13302,10,6,6,Servicio de Salud Metropolitano Norte,Centro de Salud Familiar Batuco,Lampa,LACTANCIA MATERNA EXCLUSIVA
3217,10,9,109312,A0200001,13,13302,9,12,12,Servicio de Salud Metropolitano Norte,Centro de Salud Familiar Batuco,Lampa,MENORES CONTROLADOS
3218,10,9,109312,A0200002,13,13302,4,5,4,Servicio de Salud Metropolitano Norte,Centro de Salud Familiar Batuco,Lampa,LACTANCIA MATERNA EXCLUSIVA
3219,8,9,201212,A0200002,13,13302,3,5,4,Servicio de Salud Metropolitano Norte,Centro de Salud Familiar Juan Pablo II de Lampa,Lampa,LACTANCIA MATERNA EXCLUSIVA
3220,8,9,201212,A0200001,13,13302,4,11,5,Servicio de Salud Metropolitano Norte,Centro de Salud Familiar Juan Pablo II de Lampa,Lampa,MENORES CONTROLADOS
3221,5,9,201212,A0200001,13,13302,8,8,6,Servicio de Salud Metropolitano Norte,Centro de Salud Familiar Juan Pablo II de Lampa,Lampa,MENORES CONTROLADOS
3222,5,9,201212,A0200002,13,13302,5,5,3,Servicio de Salud Metropolitano Norte,Centro de Salud Familiar Juan Pablo II de Lampa,Lampa,LACTANCIA MATERNA EXCLUSIVA
3223,12,9,109312,A0200002,13,13302,3,4,7,Servicio de Salud Metropolitano Norte,Centro de Salud Familiar Batuco,Lampa,LACTANCIA MATERNA EXCLUSIVA
3224,10,9,201212,A0200002,13,13302,5,1,3,Servicio de Salud Metropolitano Norte,Centro de Salud Familiar Juan Pablo II de Lampa,Lampa,LACTANCIA MATERNA EXCLUSIVA
3225,12,9,109312,A0200001,13,13302,7,8,11,Servicio de Salud Metropolitano Norte,Centro de Salud Familiar Batuco,Lampa,MENORES CONTROLADOS
3226,10,9,201212,A0200001,13,13302,6,1,8,Servicio de Salud Metropolitano Norte,Centro de Salud Familiar Juan Pablo II de Lampa,Lampa,MENORES CONTROLADOS
3227,6,9,109312,A0200002,13,13302,7,3,5,Servicio de Salud Metropolitano Norte,Centro de Salud Familiar Batuco,Lampa,LACTANCIA MATERNA EXCLUSIVA
3228,6,9,109312,A0200001,13,13302,12,5,7,Servicio de Salud Metropolitano Norte,Centro de Salud Familiar Batuco,Lampa,MENORES CONTROLADOS
3229,12,9,109711,A0200002,13,13302,3,1,3,Servicio de Salud Metropolitano Norte,Centro Comunitario de Salud Familiar Sol de Septiembre,Lampa,LACTANCIA MATERNA EXCLUSIVA
3230,4,9,109711,A0200002,13,13302,8,2,4,Servicio de Salud Metropolitano Norte,Centro Comunitario de Salud Familiar Sol de Septiembre,Lampa,LACTANCIA MATERNA EXCLUSIVA
3231,4,9,109711,A0200001,13,13302,11,5,6,Servicio de Salud Metropolitano Norte,Centro Comunitario de Salud Familiar Sol de Septiembre,Lampa,MENORES CONTROLADOS
3232,10,9,109711,A0200002,13,13302,4,1,1,Servicio de Salud Metropolitano Norte,Centro Comunitario de Salud Familiar Sol de Septiembre,Lampa,LACTANCIA MATERNA EXCLUSIVA
3233,2,9,109711,A0200001,13,13302,8,3,5,Servicio de Salud Metropolitano Norte,Centro Comunitario de Salud Familiar Sol de Septiembre,Lampa,MENORES CONTROLADOS
3234,2,9,109711,A0200002,13,13302,4,1,1,Servicio de Salud Metropolitano Norte,Centro Comunitario de Salud Familiar Sol de Septiembre,Lampa,LACTANCIA MATERNA EXCLUSIVA
3235,10,9,109711,A0200001,13,13302,4,1,3,Servicio de Salud Metropolitano Norte,Centro Comunitario de Salud Familiar Sol de Septiembre,Lampa,MENORES CONTROLADOS
3236,3,9,109711,A0200002,13,13302,4,3,5,Servicio de Salud Metropolitano Norte,Centro Comunitario de Salud Familiar Sol de Septiembre,Lampa,LACTANCIA MATERNA EXCLUSIVA
3237,3,9,109711,A0200001,13,13302,8,6,8,Servicio de Salud Metropolitano Norte,Centro Comunitario de Salud Familiar Sol de Septiembre,Lampa,MENORES CONTROLADOS
3238,8,9,109711,A0200002,13,13302,2,3,4,Servicio de Salud Metropolitano Norte,Centro Comunitario de Salud Familiar Sol de Septiembre,Lampa,LACTANCIA MATERNA EXCLUSIVA
3239,11,9,109711,A0200002,13,13302,7,1,4,Servicio de Salud Metropolitano Norte,Centro Comunitario de Salud Familiar Sol de Septiembre,Lampa,LACTANCIA MATERNA EXCLUSIVA
3240,11,9,109711,A0200001,13,13302,9,3,7,Servicio de Salud Metropolitano Norte,Centro Comunitario de Salud Familiar Sol de Septiembre,Lampa,MENORES CONTROLADOS
3241,7,9,109711,A0200002,13,13302,5,4,4,Servicio de Salud Metropolitano Norte,Centro Comunitario de Salud Familiar Sol de Septiembre,Lampa,LACTANCIA MATERNA EXCLUSIVA
3242,7,9,109711,A0200001,13,13302,0,0,0,Servicio de Salud Metropolitano Norte,Centro Comunitario de Salud Familiar Sol de Septiembre,Lampa,MENORES CONTROLADOS
3243,9,9,109711,A0200002,13,13302,8,2,6,Servicio de Salud Metropolitano Norte,Centro Comunitario de Salud Familiar Sol de Septiembre,Lampa,LACTANCIA MATERNA EXCLUSIVA
3244,9,9,109711,A0200001,13,13302,,,18,Servicio de Salud Metropolitano Norte,Centro Comunitario de Salud Familiar Sol de Septiembre,Lampa,MENORES CONTROLADOS
3245,8,9,109711,A0200001,13,13302,6,4,6,Servicio de Salud Metropolitano Norte,Centro Comunitario de Salud Familiar Sol de Septiembre,Lampa,MENORES CONTROLADOS
3246,6,9,109711,A0200002,13,13302,2,8,1,Servicio de Salud Metropolitano Norte,Centro Comunitario de Salud Familiar Sol de Septiembre,Lampa,LACTANCIA MATERNA EXCLUSIVA
3247,6,9,109711,A0200001,13,13302,5,15,13,Servicio de Salud Metropolitano Norte,Centro Comunitario de Salud Familiar Sol de Septiembre,Lampa,MENORES CONTROLADOS
3248,1,9,109711,A0200002,13,13302,6,4,1,Servicio de Salud Metropolitano Norte,Centro Comunitario de Salud Familiar Sol de Septiembre,Lampa,LACTANCIA MATERNA EXCLUSIVA
3249,1,9,109711,A0200001,13,13302,8,6,4,Servicio de Salud Metropolitano Norte,Centro Comunitario de Salud Familiar Sol de Septiembre,Lampa,MENORES CONTROLADOS
3250,12,9,109711,A0200001,13,13302,4,2,5,Servicio de Salud Metropolitano Norte,Centro Comunitario de Salud Familiar Sol de Septiembre,Lampa,MENORES CONTROLADOS
3251,5,9,109711,A0200001,13,13302,4,7,5,Servicio de Salud Metropolitano Norte,Centro Comunitario de Salud Familiar Sol de Septiembre,Lampa,MENORES CONTROLADOS
3252,5,9,109711,A0200002,13,13302,3,3,4,Servicio de Salud Metropolitano Norte,Centro Comunitario de Salud Familiar Sol de Septiembre,Lampa,LACTANCIA MATERNA EXCLUSIVA
3253,6,9,109311,A0200001,13,13302,34,28,31,Servicio de Salud Metropolitano Norte,Centro de Salud Familiar José Bauza Frau,Lampa,MENORES CONTROLADOS
3254,4,9,109311,A0200001,13,13302,34,46,30,Servicio de Salud Metropolitano Norte,Centro de Salud Familiar José Bauza Frau,Lampa,MENORES CONTROLADOS
3255,4,9,109311,A0200002,13,13302,24,24,19,Servicio de Salud Metropolitano Norte,Centro de Salud Familiar José Bauza Frau,Lampa,LACTANCIA MATERNA EXCLUSIVA
3256,6,9,109311,A0200002,13,13302,20,19,19,Servicio de Salud Metropolitano Norte,Centro de Salud Familiar José Bauza Frau,Lampa,LACTANCIA MATERNA EXCLUSIVA
3257,2,9,109311,A0200001,13,13302,34,29,27,Servicio de Salud Metropolitano Norte,Centro de Salud Familiar José Bauza Frau,Lampa,MENORES CONTROLADOS
3258,2,9,109311,A0200002,13,13302,15,17,12,Servicio de Salud Metropolitano Norte,Centro de Salud Familiar José Bauza Frau,Lampa,LACTANCIA MATERNA EXCLUSIVA
3259,8,9,109311,A0200001,13,13302,20,28,29,Servicio de Salud Metropolitano Norte,Centro de Salud Familiar José Bauza Frau,Lampa,MENORES CONTROLADOS
3260,3,9,109311,A0200002,13,13302,20,11,21,Servicio de Salud Metropolitano Norte,Centro de Salud Familiar José Bauza Frau,Lampa,LACTANCIA MATERNA EXCLUSIVA
3261,3,9,109311,A0200001,13,13302,35,28,37,Servicio de Salud Metropolitano Norte,Centro de Salud Familiar José Bauza Frau,Lampa,MENORES CONTROLADOS
3262,12,9,109311,A0200002,13,13302,25,17,9,Servicio de Salud Metropolitano Norte,Centro de Salud Familiar José Bauza Frau,Lampa,LACTANCIA MATERNA EXCLUSIVA
3263,12,9,109311,A0200001,13,13302,34,31,28,Servicio de Salud Metropolitano Norte,Centro de Salud Familiar José Bauza Frau,Lampa,MENORES CONTROLADOS
3264,5,9,109311,A0200001,13,13302,33,22,15,Servicio de Salud Metropolitano Norte,Centro de Salud Familiar José Bauza Frau,Lampa,MENORES CONTROLADOS
3265,7,9,109311,A0200001,13,13302,24,39,35,Servicio de Salud Metropolitano Norte,Centro de Salud Familiar José Bauza Frau,Lampa,MENORES CONTROLADOS
3266,5,9,109311,A0200002,13,13302,16,12,2,Servicio de Salud Metropolitano Norte,Centro de Salud Familiar José Bauza Frau,Lampa,LACTANCIA MATERNA EXCLUSIVA
3267,11,9,109311,A0200002,13,13302,12,19,18,Servicio de Salud Metropolitano Norte,Centro de Salud Familiar José Bauza Frau,Lampa,LACTANCIA MATERNA EXCLUSIVA
3268,11,9,109311,A0200001,13,13302,27,33,35,Servicio de Salud Metropolitano Norte,Centro de Salud Familiar José Bauza Frau,Lampa,MENORES CONTROLADOS
3269,1,9,109311,A0200002,13,13302,28,16,23,Servicio de Salud Metropolitano Norte,Centro de Salud Familiar José Bauza Frau,Lampa,LACTANCIA MATERNA EXCLUSIVA
3270,1,9,109311,A0200001,13,13302,42,26,34,Servicio de Salud Metropolitano Norte,Centro de Salud Familiar José Bauza Frau,Lampa,MENORES CONTROLADOS
3271,10,9,109311,A0200002,13,13302,24,12,14,Servicio de Salud Metropolitano Norte,Centro de Salud Familiar José Bauza Frau,Lampa,LACTANCIA MATERNA EXCLUSIVA
3272,10,9,109311,A0200001,13,13302,30,24,29,Servicio de Salud Metropolitano Norte,Centro de Salud Familiar José Bauza Frau,Lampa,MENORES CONTROLADOS
3273,7,9,109311,A0200002,13,13302,17,23,20,Servicio de Salud Metropolitano Norte,Centro de Salud Familiar José Bauza Frau,Lampa,LACTANCIA MATERNA EXCLUSIVA
3274,8,9,109311,A0200002,13,13302,13,12,16,Servicio de Salud Metropolitano Norte,Centro de Salud Familiar José Bauza Frau,Lampa,LACTANCIA MATERNA EXCLUSIVA
3275,9,9,109311,A0200002,13,13302,16,17,14,Servicio de Salud Metropolitano Norte,Centro de Salud Familiar José Bauza Frau,Lampa,LACTANCIA MATERNA EXCLUSIVA
3276,9,9,109311,A0200001,13,13302,26,25,28,Servicio de Salud Metropolitano Norte,Centro de Salud Familiar José Bauza Frau,Lampa,MENORES CONTROLADOS
3277,1,9,109413,A0200001,13,13303,,,1,Servicio de Salud Metropolitano Norte,Posta de Salud Rural Rungue,Tiltil,MENORES CONTROLADOS
3278,12,9,109413,A0200002,13,13303,2,,,Servicio de Salud Metropolitano Norte,Posta de Salud Rural Rungue,Tiltil,LACTANCIA MATERNA EXCLUSIVA
3279,12,9,109413,A0200001,13,13303,2,,,Servicio de Salud Metropolitano Norte,Posta de Salud Rural Rungue,Tiltil,MENORES CONTROLADOS
3280,8,9,109410,A0200002,13,13303,1,,,Servicio de Salud Metropolitano Norte,Posta de Salud Rural La Capilla de Caleu,Tiltil,LACTANCIA MATERNA EXCLUSIVA
3281,8,9,109410,A0200001,13,13303,1,,,Servicio de Salud Metropolitano Norte,Posta de Salud Rural La Capilla de Caleu,Tiltil,MENORES CONTROLADOS
3282,7,9,109410,A0200002,13,13303,,,1,Servicio de Salud Metropolitano Norte,Posta de Salud Rural La Capilla de Caleu,Tiltil,LACTANCIA MATERNA EXCLUSIVA
3283,7,9,109410,A0200001,13,13303,,,1,Servicio de Salud Metropolitano Norte,Posta de Salud Rural La Capilla de Caleu,Tiltil,MENORES CONTROLADOS
3284,7,9,109413,A0200001,13,13303,,,,Servicio de Salud Metropolitano Norte,Posta de Salud Rural Rungue,Tiltil,MENORES CONTROLADOS
3285,10,9,109413,A0200001,13,13303,,,,Servicio de Salud Metropolitano Norte,Posta de Salud Rural Rungue,Tiltil,MENORES CONTROLADOS
3286,6,9,109410,A0200002,13,13303,,,,Servicio de Salud Metropolitano Norte,Posta de Salud Rural La Capilla de Caleu,Tiltil,LACTANCIA MATERNA EXCLUSIVA
3287,1,9,109410,A0200001,13,13303,,,,Servicio de Salud Metropolitano Norte,Posta de Salud Rural La Capilla de Caleu,Tiltil,MENORES CONTROLADOS
3288,3,9,109413,A0200001,13,13303,,,1,Servicio de Salud Metropolitano Norte,Posta de Salud Rural Rungue,Tiltil,MENORES CONTROLADOS
3289,6,9,109410,A0200001,13,13303,,,,Servicio de Salud Metropolitano Norte,Posta de Salud Rural La Capilla de Caleu,Tiltil,MENORES CONTROLADOS
3290,1,9,109410,A0200002,13,13303,,,,Servicio de Salud Metropolitano Norte,Posta de Salud Rural La Capilla de Caleu,Tiltil,LACTANCIA MATERNA EXCLUSIVA
3291,9,9,109413,A0200001,13,13303,,,,Servicio de Salud Metropolitano Norte,Posta de Salud Rural Rungue,Tiltil,MENORES CONTROLADOS
3292,12,9,109410,A0200002,13,13303,1,,,Servicio de Salud Metropolitano Norte,Posta de Salud Rural La Capilla de Caleu,Tiltil,LACTANCIA MATERNA EXCLUSIVA
3293,12,9,109410,A0200001,13,13303,1,,,Servicio de Salud Metropolitano Norte,Posta de Salud Rural La Capilla de Caleu,Tiltil,MENORES CONTROLADOS
3294,2,9,109104,A0200002,13,13303,5,1,7,Servicio de Salud Metropolitano Norte,Hospital de Til Til,Tiltil,LACTANCIA MATERNA EXCLUSIVA
3295,2,9,109104,A0200001,13,13303,5,4,7,Servicio de Salud Metropolitano Norte,Hospital de Til Til,Tiltil,MENORES CONTROLADOS
3296,4,9,109104,A0200002,13,13303,3,2,4,Servicio de Salud Metropolitano Norte,Hospital de Til Til,Tiltil,LACTANCIA MATERNA EXCLUSIVA
3297,2,9,109414,A0200001,13,13303,2,1,,Servicio de Salud Metropolitano Norte,Posta de Salud Rural Polpaico,Tiltil,MENORES CONTROLADOS
3298,2,9,109414,A0200002,13,13303,,1,,Servicio de Salud Metropolitano Norte,Posta de Salud Rural Polpaico,Tiltil,LACTANCIA MATERNA EXCLUSIVA
3299,3,9,109104,A0200001,13,13303,2,8,3,Servicio de Salud Metropolitano Norte,Hospital de Til Til,Tiltil,MENORES CONTROLADOS
3300,3,9,109104,A0200002,13,13303,2,4,1,Servicio de Salud Metropolitano Norte,Hospital de Til Til,Tiltil,LACTANCIA MATERNA EXCLUSIVA
3301,4,9,109104,A0200001,13,13303,4,5,7,Servicio de Salud Metropolitano Norte,Hospital de Til Til,Tiltil,MENORES CONTROLADOS
3302,5,9,109104,A0200002,13,13303,3,3,,Servicio de Salud Metropolitano Norte,Hospital de Til Til,Tiltil,LACTANCIA MATERNA EXCLUSIVA
3303,5,9,109104,A0200001,13,13303,4,3,3,Servicio de Salud Metropolitano Norte,Hospital de Til Til,Tiltil,MENORES CONTROLADOS
3304,12,9,109104,A0200002,13,13303,3,5,4,Servicio de Salud Metropolitano Norte,Hospital de Til Til,Tiltil,LACTANCIA MATERNA EXCLUSIVA
3305,12,9,109104,A0200001,13,13303,3,7,7,Servicio de Salud Metropolitano Norte,Hospital de Til Til,Tiltil,MENORES CONTROLADOS
3306,1,9,109104,A0200002,13,13303,1,3,2,Servicio de Salud Metropolitano Norte,Hospital de Til Til,Tiltil,LACTANCIA MATERNA EXCLUSIVA
3307,4,9,109414,A0200002,13,13303,,1,,Servicio de Salud Metropolitano Norte,Posta de Salud Rural Polpaico,Tiltil,LACTANCIA MATERNA EXCLUSIVA
3308,4,9,109414,A0200001,13,13303,,3,,Servicio de Salud Metropolitano Norte,Posta de Salud Rural Polpaico,Tiltil,MENORES CONTROLADOS
3309,10,9,109414,A0200002,13,13303,1,,,Servicio de Salud Metropolitano Norte,Posta de Salud Rural Polpaico,Tiltil,LACTANCIA MATERNA EXCLUSIVA
3310,10,9,109414,A0200001,13,13303,1,,,Servicio de Salud Metropolitano Norte,Posta de Salud Rural Polpaico,Tiltil,MENORES CONTROLADOS
3311,5,9,109414,A0200002,13,13303,1,2,,Servicio de Salud Metropolitano Norte,Posta de Salud Rural Polpaico,Tiltil,LACTANCIA MATERNA EXCLUSIVA
3312,5,9,109414,A0200001,13,13303,1,3,,Servicio de Salud Metropolitano Norte,Posta de Salud Rural Polpaico,Tiltil,MENORES CONTROLADOS
3313,3,9,109414,A0200002,13,13303,2,2,,Servicio de Salud Metropolitano Norte,Posta de Salud Rural Polpaico,Tiltil,LACTANCIA MATERNA EXCLUSIVA
3314,3,9,109414,A0200001,13,13303,2,2,1,Servicio de Salud Metropolitano Norte,Posta de Salud Rural Polpaico,Tiltil,MENORES CONTROLADOS
3315,1,9,109414,A0200002,13,13303,2,,3,Servicio de Salud Metropolitano Norte,Posta de Salud Rural Polpaico,Tiltil,LACTANCIA MATERNA EXCLUSIVA
3316,1,9,109414,A0200001,13,13303,2,1,4,Servicio de Salud Metropolitano Norte,Posta de Salud Rural Polpaico,Tiltil,MENORES CONTROLADOS
3317,9,9,109414,A0200002,13,13303,1,1,,Servicio de Salud Metropolitano Norte,Posta de Salud Rural Polpaico,Tiltil,LACTANCIA MATERNA EXCLUSIVA
3318,9,9,109414,A0200001,13,13303,1,1,1,Servicio de Salud Metropolitano Norte,Posta de Salud Rural Polpaico,Tiltil,MENORES CONTROLADOS
3319,6,9,109414,A0200002,13,13303,1,1,,Servicio de Salud Metropolitano Norte,Posta de Salud Rural Polpaico,Tiltil,LACTANCIA MATERNA EXCLUSIVA
3320,6,9,109414,A0200001,13,13303,2,1,2,Servicio de Salud Metropolitano Norte,Posta de Salud Rural Polpaico,Tiltil,MENORES CONTROLADOS
3321,1,9,109104,A0200001,13,13303,5,4,5,Servicio de Salud Metropolitano Norte,Hospital de Til Til,Tiltil,MENORES CONTROLADOS
3322,6,9,109104,A0200002,13,13303,4,3,2,Servicio de Salud Metropolitano Norte,Hospital de Til Til,Tiltil,LACTANCIA MATERNA EXCLUSIVA
3323,6,9,109104,A0200001,13,13303,5,5,8,Servicio de Salud Metropolitano Norte,Hospital de Til Til,Tiltil,MENORES CONTROLADOS
3324,12,9,109414,A0200002,13,13303,,2,2,Servicio de Salud Metropolitano Norte,Posta de Salud Rural Polpaico,Tiltil,LACTANCIA MATERNA EXCLUSIVA
3325,12,9,109414,A0200001,13,13303,,2,4,Servicio de Salud Metropolitano Norte,Posta de Salud Rural Polpaico,Tiltil,MENORES CONTROLADOS
3326,8,9,109414,A0200002,13,13303,,1,2,Servicio de Salud Metropolitano Norte,Posta de Salud Rural Polpaico,Tiltil,LACTANCIA MATERNA EXCLUSIVA
3327,11,9,109104,A0200001,13,13303,8,3,1,Servicio de Salud Metropolitano Norte,Hospital de Til Til,Tiltil,MENORES CONTROLADOS
3328,10,9,109104,A0200002,13,13303,5,3,3,Servicio de Salud Metropolitano Norte,Hospital de Til Til,Tiltil,LACTANCIA MATERNA EXCLUSIVA
3329,10,9,109104,A0200001,13,13303,7,5,5,Servicio de Salud Metropolitano Norte,Hospital de Til Til,Tiltil,MENORES CONTROLADOS
3330,9,9,109104,A0200001,13,13303,2,7,6,Servicio de Salud Metropolitano Norte,Hospital de Til Til,Tiltil,MENORES CONTROLADOS
3331,9,9,109104,A0200002,13,13303,1,5,3,Servicio de Salud Metropolitano Norte,Hospital de Til Til,Tiltil,LACTANCIA MATERNA EXCLUSIVA
3332,8,9,109414,A0200001,13,13303,,1,3,Servicio de Salud Metropolitano Norte,Posta de Salud Rural Polpaico,Tiltil,MENORES CONTROLADOS
3333,11,9,109104,A0200002,13,13303,5,1,,Servicio de Salud Metropolitano Norte,Hospital de Til Til,Tiltil,LACTANCIA MATERNA EXCLUSIVA
3334,11,9,109414,A0200002,13,13303,,1,,Servicio de Salud Metropolitano Norte,Posta de Salud Rural Polpaico,Tiltil,LACTANCIA MATERNA EXCLUSIVA
3335,11,9,109414,A0200001,13,13303,,1,2,Servicio de Salud Metropolitano Norte,Posta de Salud Rural Polpaico,Tiltil,MENORES CONTROLADOS
3336,7,9,109104,A0200001,13,13303,7,4,4,Servicio de Salud Metropolitano Norte,Hospital de Til Til,Tiltil,MENORES CONTROLADOS
3337,7,9,109104,A0200002,13,13303,5,3,,Servicio de Salud Metropolitano Norte,Hospital de Til Til,Tiltil,LACTANCIA MATERNA EXCLUSIVA
3338,7,9,109414,A0200001,13,13303,1,,1,Servicio de Salud Metropolitano Norte,Posta de Salud Rural Polpaico,Tiltil,MENORES CONTROLADOS
3339,8,9,109104,A0200002,13,13303,2,3,1,Servicio de Salud Metropolitano Norte,Hospital de Til Til,Tiltil,LACTANCIA MATERNA EXCLUSIVA
3340,7,9,109414,A0200002,13,13303,1,,,Servicio de Salud Metropolitano Norte,Posta de Salud Rural Polpaico,Tiltil,LACTANCIA MATERNA EXCLUSIVA
3341,8,9,109104,A0200001,13,13303,4,4,1,Servicio de Salud Metropolitano Norte,Hospital de Til Til,Tiltil,MENORES CONTROLADOS
3342,8,9,109412,A0200002,13,13303,,,1,Servicio de Salud Metropolitano Norte,Posta de Salud Rural Montenegro,Tiltil,LACTANCIA MATERNA EXCLUSIVA
3343,8,9,109412,A0200001,13,13303,,,1,Servicio de Salud Metropolitano Norte,Posta de Salud Rural Montenegro,Tiltil,MENORES CONTROLADOS
3344,9,9,109412,A0200001,13,13303,,,,Servicio de Salud Metropolitano Norte,Posta de Salud Rural Montenegro,Tiltil,MENORES CONTROLADOS
3345,4,9,109412,A0200001,13,13303,,,,Servicio de Salud Metropolitano Norte,Posta de Salud Rural Montenegro,Tiltil,MENORES CONTROLADOS
3346,11,9,109412,A0200001,13,13303,,,,Servicio de Salud Metropolitano Norte,Posta de Salud Rural Montenegro,Tiltil,MENORES CONTROLADOS
3347,5,9,109412,A0200001,13,13303,,,1,Servicio de Salud Metropolitano Norte,Posta de Salud Rural Montenegro,Tiltil,MENORES CONTROLADOS
3348,6,9,109412,A0200001,13,13303,,,,Servicio de Salud Metropolitano Norte,Posta de Salud Rural Montenegro,Tiltil,MENORES CONTROLADOS
3349,7,9,109412,A0200001,13,13303,,,,Servicio de Salud Metropolitano Norte,Posta de Salud Rural Montenegro,Tiltil,MENORES CONTROLADOS
3350,3,9,109412,A0200001,13,13303,,,,Servicio de Salud Metropolitano Norte,Posta de Salud Rural Montenegro,Tiltil,MENORES CONTROLADOS
3351,3,9,109320,A0200001,13,13303,7,2,1,Servicio de Salud Metropolitano Norte,Centro de Salud Familiar Huertos Familiares,Tiltil,MENORES CONTROLADOS
3352,6,9,109320,A0200001,13,13303,2,3,3,Servicio de Salud Metropolitano Norte,Centro de Salud Familiar Huertos Familiares,Tiltil,MENORES CONTROLADOS
3353,6,9,109320,A0200002,13,13303,2,3,2,Servicio de Salud Metropolitano Norte,Centro de Salud Familiar Huertos Familiares,Tiltil,LACTANCIA MATERNA EXCLUSIVA
3354,4,9,109320,A0200002,13,13303,4,3,5,Servicio de Salud Metropolitano Norte,Centro de Salud Familiar Huertos Familiares,Tiltil,LACTANCIA MATERNA EXCLUSIVA
3355,4,9,109320,A0200001,13,13303,4,3,6,Servicio de Salud Metropolitano Norte,Centro de Salud Familiar Huertos Familiares,Tiltil,MENORES CONTROLADOS
3356,2,9,109320,A0200002,13,13303,,,1,Servicio de Salud Metropolitano Norte,Centro de Salud Familiar Huertos Familiares,Tiltil,LACTANCIA MATERNA EXCLUSIVA
3357,2,9,109320,A0200001,13,13303,,,1,Servicio de Salud Metropolitano Norte,Centro de Salud Familiar Huertos Familiares,Tiltil,MENORES CONTROLADOS
3358,3,9,109320,A0200002,13,13303,7,1,1,Servicio de Salud Metropolitano Norte,Centro de Salud Familiar Huertos Familiares,Tiltil,LACTANCIA MATERNA EXCLUSIVA
3359,8,9,109320,A0200002,13,13303,,2,5,Servicio de Salud Metropolitano Norte,Centro de Salud Familiar Huertos Familiares,Tiltil,LACTANCIA MATERNA EXCLUSIVA
3360,11,9,109320,A0200002,13,13303,3,1,4,Servicio de Salud Metropolitano Norte,Centro de Salud Familiar Huertos Familiares,Tiltil,LACTANCIA MATERNA EXCLUSIVA
3361,11,9,109320,A0200001,13,13303,7,2,4,Servicio de Salud Metropolitano Norte,Centro de Salud Familiar Huertos Familiares,Tiltil,MENORES CONTROLADOS
3362,8,9,109320,A0200001,13,13303,,2,10,Servicio de Salud Metropolitano Norte,Centro de Salud Familiar Huertos Familiares,Tiltil,MENORES CONTROLADOS
3363,5,9,109320,A0200002,13,13303,2,5,3,Servicio de Salud Metropolitano Norte,Centro de Salud Familiar Huertos Familiares,Tiltil,LACTANCIA MATERNA EXCLUSIVA
3364,5,9,109320,A0200001,13,13303,6,8,6,Servicio de Salud Metropolitano Norte,Centro de Salud Familiar Huertos Familiares,Tiltil,MENORES CONTROLADOS
3365,10,9,109320,A0200002,13,13303,4,2,5,Servicio de Salud Metropolitano Norte,Centro de Salud Familiar Huertos Familiares,Tiltil,LACTANCIA MATERNA EXCLUSIVA
3366,10,9,109320,A0200001,13,13303,4,5,7,Servicio de Salud Metropolitano Norte,Centro de Salud Familiar Huertos Familiares,Tiltil,MENORES CONTROLADOS
3367,9,9,109320,A0200002,13,13303,1,3,3,Servicio de Salud Metropolitano Norte,Centro de Salud Familiar Huertos Familiares,Tiltil,LACTANCIA MATERNA EXCLUSIVA
3368,9,9,109320,A0200001,13,13303,1,4,5,Servicio de Salud Metropolitano Norte,Centro de Salud Familiar Huertos Familiares,Tiltil,MENORES CONTROLADOS
3369,1,9,109320,A0200002,13,13303,,2,2,Servicio de Salud Metropolitano Norte,Centro de Salud Familiar Huertos Familiares,Tiltil,LACTANCIA MATERNA EXCLUSIVA
3370,1,9,109320,A0200001,13,13303,,2,2,Servicio de Salud Metropolitano Norte,Centro de Salud Familiar Huertos Familiares,Tiltil,MENORES CONTROLADOS
3371,7,9,109320,A0200002,13,13303,4,2,3,Servicio de Salud Metropolitano Norte,Centro de Salud Familiar Huertos Familiares,Tiltil,LACTANCIA MATERNA EXCLUSIVA
3372,7,9,109320,A0200001,13,13303,7,2,4,Servicio de Salud Metropolitano Norte,Centro de Salud Familiar Huertos Familiares,Tiltil,MENORES CONTROLADOS
3373,12,9,109320,A0200001,13,13303,1,2,4,Servicio de Salud Metropolitano Norte,Centro de Salud Familiar Huertos Familiares,Tiltil,MENORES CONTROLADOS
3374,12,9,109320,A0200002,13,13303,1,2,2,Servicio de Salud Metropolitano Norte,Centro de Salud Familiar Huertos Familiares,Tiltil,LACTANCIA MATERNA EXCLUSIVA
3375,3,13,113329,A0200001,13,13105,14,12,6,Servicio de Salud Metropolitano Sur,Centro de Salud Familiar Canciller Orlando Letelier,El Bosque,MENORES CONTROLADOS
3376,6,14,114334,A0200001,13,13110,10,5,11,Servicio de Salud Metropolitano Sur Oriente,Centro de Salud Familiar José Alvo,La Florida,MENORES CONTROLADOS
3377,10,14,114324,A0200001,13,13110,19,19,12,Servicio de Salud Metropolitano Sur Oriente,Centro de Salud Familiar Santa Amalia,La Florida,MENORES CONTROLADOS
3378,6,10,110331,A0200001,13,13103,8,15,13,Servicio de Salud Metropolitano Occidente,Centro de Salud Familiar Lo Amor,Cerro Navia,MENORES CONTROLADOS
3379,9,10,110331,A0200002,13,13103,6,2,3,Servicio de Salud Metropolitano Occidente,Centro de Salud Familiar Lo Amor,Cerro Navia,LACTANCIA MATERNA EXCLUSIVA
3380,9,10,110331,A0200001,13,13103,10,2,5,Servicio de Salud Metropolitano Occidente,Centro de Salud Familiar Lo Amor,Cerro Navia,MENORES CONTROLADOS
3381,8,10,110331,A0200002,13,13103,13,4,9,Servicio de Salud Metropolitano Occidente,Centro de Salud Familiar Lo Amor,Cerro Navia,LACTANCIA MATERNA EXCLUSIVA
3382,8,10,110331,A0200001,13,13103,19,8,21,Servicio de Salud Metropolitano Occidente,Centro de Salud Familiar Lo Amor,Cerro Navia,MENORES CONTROLADOS
3383,1,10,110331,A0200001,13,13103,13,22,21,Servicio de Salud Metropolitano Occidente,Centro de Salud Familiar Lo Amor,Cerro Navia,MENORES CONTROLADOS
3384,1,10,110331,A0200002,13,13103,8,16,16,Servicio de Salud Metropolitano Occidente,Centro de Salud Familiar Lo Amor,Cerro Navia,LACTANCIA MATERNA EXCLUSIVA
3385,3,10,110331,A0200002,13,13103,5,3,8,Servicio de Salud Metropolitano Occidente,Centro de Salud Familiar Lo Amor,Cerro Navia,LACTANCIA MATERNA EXCLUSIVA
3386,3,10,110331,A0200001,13,13103,13,4,15,Servicio de Salud Metropolitano Occidente,Centro de Salud Familiar Lo Amor,Cerro Navia,MENORES CONTROLADOS
3387,4,10,110331,A0200002,13,13103,10,10,15,Servicio de Salud Metropolitano Occidente,Centro de Salud Familiar Lo Amor,Cerro Navia,LACTANCIA MATERNA EXCLUSIVA
3388,4,10,110331,A0200001,13,13103,12,13,22,Servicio de Salud Metropolitano Occidente,Centro de Salud Familiar Lo Amor,Cerro Navia,MENORES CONTROLADOS
3389,6,10,110331,A0200002,13,13103,7,14,9,Servicio de Salud Metropolitano Occidente,Centro de Salud Familiar Lo Amor,Cerro Navia,LACTANCIA MATERNA EXCLUSIVA
3390,11,10,110331,A0200002,13,13103,11,9,4,Servicio de Salud Metropolitano Occidente,Centro de Salud Familiar Lo Amor,Cerro Navia,LACTANCIA MATERNA EXCLUSIVA
3391,11,10,110331,A0200001,13,13103,16,16,7,Servicio de Salud Metropolitano Occidente,Centro de Salud Familiar Lo Amor,Cerro Navia,MENORES CONTROLADOS
3392,10,10,110331,A0200002,13,13103,5,6,6,Servicio de Salud Metropolitano Occidente,Centro de Salud Familiar Lo Amor,Cerro Navia,LACTANCIA MATERNA EXCLUSIVA
3393,10,10,110331,A0200001,13,13103,10,12,11,Servicio de Salud Metropolitano Occidente,Centro de Salud Familiar Lo Amor,Cerro Navia,MENORES CONTROLADOS
3394,12,10,110331,A0200002,13,13103,6,5,6,Servicio de Salud Metropolitano Occidente,Centro de Salud Familiar Lo Amor,Cerro Navia,LACTANCIA MATERNA EXCLUSIVA
3395,12,10,110331,A0200001,13,13103,11,13,11,Servicio de Salud Metropolitano Occidente,Centro de Salud Familiar Lo Amor,Cerro Navia,MENORES CONTROLADOS
3396,5,10,110331,A0200001,13,13103,8,18,16,Servicio de Salud Metropolitano Occidente,Centro de Salud Familiar Lo Amor,Cerro Navia,MENORES CONTROLADOS
3397,2,10,110331,A0200002,13,13103,6,11,7,Servicio de Salud Metropolitano Occidente,Centro de Salud Familiar Lo Amor,Cerro Navia,LACTANCIA MATERNA EXCLUSIVA
3398,2,10,110331,A0200001,13,13103,10,18,11,Servicio de Salud Metropolitano Occidente,Centro de Salud Familiar Lo Amor,Cerro Navia,MENORES CONTROLADOS
3399,6,10,110330,A0200001,13,13103,9,10,16,Servicio de Salud Metropolitano Occidente,Centro de Salud Familiar Dr. Adalberto Steeger,Cerro Navia,MENORES CONTROLADOS
3400,6,10,110330,A0200002,13,13103,6,3,9,Servicio de Salud Metropolitano Occidente,Centro de Salud Familiar Dr. Adalberto Steeger,Cerro Navia,LACTANCIA MATERNA EXCLUSIVA
3401,7,10,110330,A0200001,13,13103,32,33,16,Servicio de Salud Metropolitano Occidente,Centro de Salud Familiar Dr. Adalberto Steeger,Cerro Navia,MENORES CONTROLADOS
3402,7,10,110330,A0200002,13,13103,14,16,10,Servicio de Salud Metropolitano Occidente,Centro de Salud Familiar Dr. Adalberto Steeger,Cerro Navia,LACTANCIA MATERNA EXCLUSIVA
3403,3,10,110330,A0200002,13,13103,18,11,17,Servicio de Salud Metropolitano Occidente,Centro de Salud Familiar Dr. Adalberto Steeger,Cerro Navia,LACTANCIA MATERNA EXCLUSIVA
3404,1,10,110330,A0200002,13,13103,13,11,8,Servicio de Salud Metropolitano Occidente,Centro de Salud Familiar Dr. Adalberto Steeger,Cerro Navia,LACTANCIA MATERNA EXCLUSIVA
3405,1,10,110330,A0200001,13,13103,23,23,14,Servicio de Salud Metropolitano Occidente,Centro de Salud Familiar Dr. Adalberto Steeger,Cerro Navia,MENORES CONTROLADOS
3406,3,10,110330,A0200001,13,13103,30,23,30,Servicio de Salud Metropolitano Occidente,Centro de Salud Familiar Dr. Adalberto Steeger,Cerro Navia,MENORES CONTROLADOS
3407,8,10,110330,A0200002,13,13103,12,12,21,Servicio de Salud Metropolitano Occidente,Centro de Salud Familiar Dr. Adalberto Steeger,Cerro Navia,LACTANCIA MATERNA EXCLUSIVA
3408,8,10,110330,A0200001,13,13103,22,18,33,Servicio de Salud Metropolitano Occidente,Centro de Salud Familiar Dr. Adalberto Steeger,Cerro Navia,MENORES CONTROLADOS
3409,2,10,110330,A0200002,13,13103,8,9,10,Servicio de Salud Metropolitano Occidente,Centro de Salud Familiar Dr. Adalberto Steeger,Cerro Navia,LACTANCIA MATERNA EXCLUSIVA
3410,2,10,110330,A0200001,13,13103,13,15,18,Servicio de Salud Metropolitano Occidente,Centro de Salud Familiar Dr. Adalberto Steeger,Cerro Navia,MENORES CONTROLADOS
3411,9,10,110330,A0200002,13,13103,9,5,9,Servicio de Salud Metropolitano Occidente,Centro de Salud Familiar Dr. Adalberto Steeger,Cerro Navia,LACTANCIA MATERNA EXCLUSIVA
3412,9,10,110330,A0200001,13,13103,15,14,15,Servicio de Salud Metropolitano Occidente,Centro de Salud Familiar Dr. Adalberto Steeger,Cerro Navia,MENORES CONTROLADOS
3413,12,10,110330,A0200002,13,13103,10,5,12,Servicio de Salud Metropolitano Occidente,Centro de Salud Familiar Dr. Adalberto Steeger,Cerro Navia,LACTANCIA MATERNA EXCLUSIVA
3414,12,10,110330,A0200001,13,13103,20,14,18,Servicio de Salud Metropolitano Occidente,Centro de Salud Familiar Dr. Adalberto Steeger,Cerro Navia,MENORES CONTROLADOS
3415,10,10,110330,A0200002,13,13103,5,4,12,Servicio de Salud Metropolitano Occidente,Centro de Salud Familiar Dr. Adalberto Steeger,Cerro Navia,LACTANCIA MATERNA EXCLUSIVA
3416,10,10,110330,A0200001,13,13103,19,16,16,Servicio de Salud Metropolitano Occidente,Centro de Salud Familiar Dr. Adalberto Steeger,Cerro Navia,MENORES CONTROLADOS
3417,4,10,110330,A0200002,13,13103,7,9,13,Servicio de Salud Metropolitano Occidente,Centro de Salud Familiar Dr. Adalberto Steeger,Cerro Navia,LACTANCIA MATERNA EXCLUSIVA
3418,4,10,110330,A0200001,13,13103,21,17,19,Servicio de Salud Metropolitano Occidente,Centro de Salud Familiar Dr. Adalberto Steeger,Cerro Navia,MENORES CONTROLADOS
3419,11,10,110330,A0200002,13,13103,11,9,18,Servicio de Salud Metropolitano Occidente,Centro de Salud Familiar Dr. Adalberto Steeger,Cerro Navia,LACTANCIA MATERNA EXCLUSIVA
3420,11,10,110330,A0200001,13,13103,21,21,24,Servicio de Salud Metropolitano Occidente,Centro de Salud Familiar Dr. Adalberto Steeger,Cerro Navia,MENORES CONTROLADOS
3421,5,10,110330,A0200002,13,13103,14,19,6,Servicio de Salud Metropolitano Occidente,Centro de Salud Familiar Dr. Adalberto Steeger,Cerro Navia,LACTANCIA MATERNA EXCLUSIVA
3422,5,10,110330,A0200001,13,13103,21,35,11,Servicio de Salud Metropolitano Occidente,Centro de Salud Familiar Dr. Adalberto Steeger,Cerro Navia,MENORES CONTROLADOS
3423,3,10,110355,A0200002,13,13103,6,2,8,Servicio de Salud Metropolitano Occidente,Centro de Salud Familiar Dr. Arturo Albertz,Cerro Navia,LACTANCIA MATERNA EXCLUSIVA
3424,3,10,110355,A0200001,13,13103,9,8,13,Servicio de Salud Metropolitano Occidente,Centro de Salud Familiar Dr. Arturo Albertz,Cerro Navia,MENORES CONTROLADOS
3425,5,10,110355,A0200001,13,13103,14,13,7,Servicio de Salud Metropolitano Occidente,Centro de Salud Familiar Dr. Arturo Albertz,Cerro Navia,MENORES CONTROLADOS
3426,7,10,110355,A0200001,13,13103,14,12,11,Servicio de Salud Metropolitano Occidente,Centro de Salud Familiar Dr. Arturo Albertz,Cerro Navia,MENORES CONTROLADOS
3427,5,10,110355,A0200002,13,13103,10,8,6,Servicio de Salud Metropolitano Occidente,Centro de Salud Familiar Dr. Arturo Albertz,Cerro Navia,LACTANCIA MATERNA EXCLUSIVA
3428,7,10,110355,A0200002,13,13103,9,6,6,Servicio de Salud Metropolitano Occidente,Centro de Salud Familiar Dr. Arturo Albertz,Cerro Navia,LACTANCIA MATERNA EXCLUSIVA
3429,9,10,110355,A0200002,13,13103,13,7,3,Servicio de Salud Metropolitano Occidente,Centro de Salud Familiar Dr. Arturo Albertz,Cerro Navia,LACTANCIA MATERNA EXCLUSIVA
3430,9,10,110355,A0200001,13,13103,19,17,5,Servicio de Salud Metropolitano Occidente,Centro de Salud Familiar Dr. Arturo Albertz,Cerro Navia,MENORES CONTROLADOS
3431,1,10,110355,A0200002,13,13103,5,8,7,Servicio de Salud Metropolitano Occidente,Centro de Salud Familiar Dr. Arturo Albertz,Cerro Navia,LACTANCIA MATERNA EXCLUSIVA
3432,2,10,110355,A0200001,13,13103,12,8,6,Servicio de Salud Metropolitano Occidente,Centro de Salud Familiar Dr. Arturo Albertz,Cerro Navia,MENORES CONTROLADOS
3433,4,10,110355,A0200002,13,13103,8,5,7,Servicio de Salud Metropolitano Occidente,Centro de Salud Familiar Dr. Arturo Albertz,Cerro Navia,LACTANCIA MATERNA EXCLUSIVA
3434,4,10,110355,A0200001,13,13103,17,12,8,Servicio de Salud Metropolitano Occidente,Centro de Salud Familiar Dr. Arturo Albertz,Cerro Navia,MENORES CONTROLADOS
3435,2,10,110355,A0200002,13,13103,5,3,5,Servicio de Salud Metropolitano Occidente,Centro de Salud Familiar Dr. Arturo Albertz,Cerro Navia,LACTANCIA MATERNA EXCLUSIVA
3436,1,10,110355,A0200001,13,13103,15,10,14,Servicio de Salud Metropolitano Occidente,Centro de Salud Familiar Dr. Arturo Albertz,Cerro Navia,MENORES CONTROLADOS
3437,12,10,110355,A0200001,13,13103,15,17,14,Servicio de Salud Metropolitano Occidente,Centro de Salud Familiar Dr. Arturo Albertz,Cerro Navia,MENORES CONTROLADOS
3438,12,10,110355,A0200002,13,13103,8,8,7,Servicio de Salud Metropolitano Occidente,Centro de Salud Familiar Dr. Arturo Albertz,Cerro Navia,LACTANCIA MATERNA EXCLUSIVA
3439,10,10,110355,A0200002,13,13103,9,5,6,Servicio de Salud Metropolitano Occidente,Centro de Salud Familiar Dr. Arturo Albertz,Cerro Navia,LACTANCIA MATERNA EXCLUSIVA
3440,10,10,110355,A0200001,13,13103,16,11,11,Servicio de Salud Metropolitano Occidente,Centro de Salud Familiar Dr. Arturo Albertz,Cerro Navia,MENORES CONTROLADOS
3441,11,10,110355,A0200002,13,13103,6,7,8,Servicio de Salud Metropolitano Occidente,Centro de Salud Familiar Dr. Arturo Albertz,Cerro Navia,LACTANCIA MATERNA EXCLUSIVA
3442,11,10,110355,A0200001,13,13103,12,13,13,Servicio de Salud Metropolitano Occidente,Centro de Salud Familiar Dr. Arturo Albertz,Cerro Navia,MENORES CONTROLADOS
3443,8,10,110355,A0200002,13,13103,5,7,7,Servicio de Salud Metropolitano Occidente,Centro de Salud Familiar Dr. Arturo Albertz,Cerro Navia,LACTANCIA MATERNA EXCLUSIVA
3444,8,10,110355,A0200001,13,13103,8,18,8,Servicio de Salud Metropolitano Occidente,Centro de Salud Familiar Dr. Arturo Albertz,Cerro Navia,MENORES CONTROLADOS
3445,6,10,110355,A0200001,13,13103,17,13,7,Servicio de Salud Metropolitano Occidente,Centro de Salud Familiar Dr. Arturo Albertz,Cerro Navia,MENORES CONTROLADOS
3446,6,10,110355,A0200002,13,13103,5,5,4,Servicio de Salud Metropolitano Occidente,Centro de Salud Familiar Dr. Arturo Albertz,Cerro Navia,LACTANCIA MATERNA EXCLUSIVA
3447,4,10,110335,A0200002,13,13103,15,13,7,Servicio de Salud Metropolitano Occidente,Centro de Salud Familiar Cerro Navia,Cerro Navia,LACTANCIA MATERNA EXCLUSIVA
3448,4,10,110335,A0200001,13,13103,17,16,11,Servicio de Salud Metropolitano Occidente,Centro de Salud Familiar Cerro Navia,Cerro Navia,MENORES CONTROLADOS
3449,2,10,110335,A0200002,13,13103,11,8,6,Servicio de Salud Metropolitano Occidente,Centro de Salud Familiar Cerro Navia,Cerro Navia,LACTANCIA MATERNA EXCLUSIVA
3450,2,10,110335,A0200001,13,13103,18,13,9,Servicio de Salud Metropolitano Occidente,Centro de Salud Familiar Cerro Navia,Cerro Navia,MENORES CONTROLADOS
3451,10,10,110335,A0200001,13,13103,10,8,19,Servicio de Salud Metropolitano Occidente,Centro de Salud Familiar Cerro Navia,Cerro Navia,MENORES CONTROLADOS
3452,10,10,110335,A0200002,13,13103,7,1,10,Servicio de Salud Metropolitano Occidente,Centro de Salud Familiar Cerro Navia,Cerro Navia,LACTANCIA MATERNA EXCLUSIVA
3453,8,10,110335,A0200001,13,13103,11,14,13,Servicio de Salud Metropolitano Occidente,Centro de Salud Familiar Cerro Navia,Cerro Navia,MENORES CONTROLADOS
3454,8,10,110335,A0200002,13,13103,7,9,7,Servicio de Salud Metropolitano Occidente,Centro de Salud Familiar Cerro Navia,Cerro Navia,LACTANCIA MATERNA EXCLUSIVA
3455,9,10,110335,A0200001,13,13103,12,19,7,Servicio de Salud Metropolitano Occidente,Centro de Salud Familiar Cerro Navia,Cerro Navia,MENORES CONTROLADOS
3456,7,10,110335,A0200002,13,13103,11,10,5,Servicio de Salud Metropolitano Occidente,Centro de Salud Familiar Cerro Navia,Cerro Navia,LACTANCIA MATERNA EXCLUSIVA
3457,7,10,110335,A0200001,13,13103,17,18,6,Servicio de Salud Metropolitano Occidente,Centro de Salud Familiar Cerro Navia,Cerro Navia,MENORES CONTROLADOS
3458,9,10,110335,A0200002,13,13103,9,8,4,Servicio de Salud Metropolitano Occidente,Centro de Salud Familiar Cerro Navia,Cerro Navia,LACTANCIA MATERNA EXCLUSIVA
3459,6,10,110335,A0200002,13,13103,17,14,9,Servicio de Salud Metropolitano Occidente,Centro de Salud Familiar Cerro Navia,Cerro Navia,LACTANCIA MATERNA EXCLUSIVA
3460,6,10,110335,A0200001,13,13103,21,25,15,Servicio de Salud Metropolitano Occidente,Centro de Salud Familiar Cerro Navia,Cerro Navia,MENORES CONTROLADOS
3461,3,10,110335,A0200002,13,13103,13,6,8,Servicio de Salud Metropolitano Occidente,Centro de Salud Familiar Cerro Navia,Cerro Navia,LACTANCIA MATERNA EXCLUSIVA
3462,3,10,110335,A0200001,13,13103,19,8,12,Servicio de Salud Metropolitano Occidente,Centro de Salud Familiar Cerro Navia,Cerro Navia,MENORES CONTROLADOS
3463,5,10,110335,A0200002,13,13103,8,5,3,Servicio de Salud Metropolitano Occidente,Centro de Salud Familiar Cerro Navia,Cerro Navia,LACTANCIA MATERNA EXCLUSIVA
3464,5,10,110335,A0200001,13,13103,11,12,6,Servicio de Salud Metropolitano Occidente,Centro de Salud Familiar Cerro Navia,Cerro Navia,MENORES CONTROLADOS
3465,11,10,110335,A0200002,13,13103,13,6,8,Servicio de Salud Metropolitano Occidente,Centro de Salud Familiar Cerro Navia,Cerro Navia,LACTANCIA MATERNA EXCLUSIVA
3466,11,10,110335,A0200001,13,13103,16,7,15,Servicio de Salud Metropolitano Occidente,Centro de Salud Familiar Cerro Navia,Cerro Navia,MENORES CONTROLADOS
3467,12,10,110335,A0200002,13,13103,4,5,11,Servicio de Salud Metropolitano Occidente,Centro de Salud Familiar Cerro Navia,Cerro Navia,LACTANCIA MATERNA EXCLUSIVA
3468,12,10,110335,A0200001,13,13103,5,8,14,Servicio de Salud Metropolitano Occidente,Centro de Salud Familiar Cerro Navia,Cerro Navia,MENORES CONTROLADOS
3469,1,10,110335,A0200002,13,13103,16,9,8,Servicio de Salud Metropolitano Occidente,Centro de Salud Familiar Cerro Navia,Cerro Navia,LACTANCIA MATERNA EXCLUSIVA
3470,1,10,110335,A0200001,13,13103,19,18,8,Servicio de Salud Metropolitano Occidente,Centro de Salud Familiar Cerro Navia,Cerro Navia,MENORES CONTROLADOS
3471,10,10,110735,A0200002,13,13103,,2,,Servicio de Salud Metropolitano Occidente,Centro Comunitario de Salud Familiar Los Lagos (Unidad Vecinal Nº 33),Cerro Navia,LACTANCIA MATERNA EXCLUSIVA
3472,10,10,110735,A0200001,13,13103,,2,,Servicio de Salud Metropolitano Occidente,Centro Comunitario de Salud Familiar Los Lagos (Unidad Vecinal Nº 33),Cerro Navia,MENORES CONTROLADOS
3473,8,10,110735,A0200002,13,13103,1,3,,Servicio de Salud Metropolitano Occidente,Centro Comunitario de Salud Familiar Los Lagos (Unidad Vecinal Nº 33),Cerro Navia,LACTANCIA MATERNA EXCLUSIVA
3474,8,10,110735,A0200001,13,13103,1,5,1,Servicio de Salud Metropolitano Occidente,Centro Comunitario de Salud Familiar Los Lagos (Unidad Vecinal Nº 33),Cerro Navia,MENORES CONTROLADOS
3475,1,10,110735,A0200002,13,13103,1,,,Servicio de Salud Metropolitano Occidente,Centro Comunitario de Salud Familiar Los Lagos (Unidad Vecinal Nº 33),Cerro Navia,LACTANCIA MATERNA EXCLUSIVA
3476,6,10,110735,A0200002,13,13103,3,,2,Servicio de Salud Metropolitano Occidente,Centro Comunitario de Salud Familiar Los Lagos (Unidad Vecinal Nº 33),Cerro Navia,LACTANCIA MATERNA EXCLUSIVA
3477,6,10,110735,A0200001,13,13103,3,1,2,Servicio de Salud Metropolitano Occidente,Centro Comunitario de Salud Familiar Los Lagos (Unidad Vecinal Nº 33),Cerro Navia,MENORES CONTROLADOS
3478,7,10,110735,A0200002,13,13103,3,,1,Servicio de Salud Metropolitano Occidente,Centro Comunitario de Salud Familiar Los Lagos (Unidad Vecinal Nº 33),Cerro Navia,LACTANCIA MATERNA EXCLUSIVA
3479,7,10,110735,A0200001,13,13103,4,,1,Servicio de Salud Metropolitano Occidente,Centro Comunitario de Salud Familiar Los Lagos (Unidad Vecinal Nº 33),Cerro Navia,MENORES CONTROLADOS
3480,4,10,110735,A0200002,13,13103,,1,,Servicio de Salud Metropolitano Occidente,Centro Comunitario de Salud Familiar Los Lagos (Unidad Vecinal Nº 33),Cerro Navia,LACTANCIA MATERNA EXCLUSIVA
3481,4,10,110735,A0200001,13,13103,,1,,Servicio de Salud Metropolitano Occidente,Centro Comunitario de Salud Familiar Los Lagos (Unidad Vecinal Nº 33),Cerro Navia,MENORES CONTROLADOS
3482,2,10,110735,A0200002,13,13103,1,,,Servicio de Salud Metropolitano Occidente,Centro Comunitario de Salud Familiar Los Lagos (Unidad Vecinal Nº 33),Cerro Navia,LACTANCIA MATERNA EXCLUSIVA
3483,2,10,110735,A0200001,13,13103,1,,1,Servicio de Salud Metropolitano Occidente,Centro Comunitario de Salud Familiar Los Lagos (Unidad Vecinal Nº 33),Cerro Navia,MENORES CONTROLADOS
3484,9,10,110735,A0200002,13,13103,,1,1,Servicio de Salud Metropolitano Occidente,Centro Comunitario de Salud Familiar Los Lagos (Unidad Vecinal Nº 33),Cerro Navia,LACTANCIA MATERNA EXCLUSIVA
3485,9,10,110735,A0200001,13,13103,,1,2,Servicio de Salud Metropolitano Occidente,Centro Comunitario de Salud Familiar Los Lagos (Unidad Vecinal Nº 33),Cerro Navia,MENORES CONTROLADOS
3486,5,10,110735,A0200002,13,13103,,,1,Servicio de Salud Metropolitano Occidente,Centro Comunitario de Salud Familiar Los Lagos (Unidad Vecinal Nº 33),Cerro Navia,LACTANCIA MATERNA EXCLUSIVA
3487,5,10,110735,A0200001,13,13103,,,2,Servicio de Salud Metropolitano Occidente,Centro Comunitario de Salud Familiar Los Lagos (Unidad Vecinal Nº 33),Cerro Navia,MENORES CONTROLADOS
3488,12,10,110735,A0200002,13,13103,1,0,3,Servicio de Salud Metropolitano Occidente,Centro Comunitario de Salud Familiar Los Lagos (Unidad Vecinal Nº 33),Cerro Navia,LACTANCIA MATERNA EXCLUSIVA
3489,12,10,110735,A0200001,13,13103,1,2,3,Servicio de Salud Metropolitano Occidente,Centro Comunitario de Salud Familiar Los Lagos (Unidad Vecinal Nº 33),Cerro Navia,MENORES CONTROLADOS
3490,3,10,110735,A0200002,13,13103,,1,,Servicio de Salud Metropolitano Occidente,Centro Comunitario de Salud Familiar Los Lagos (Unidad Vecinal Nº 33),Cerro Navia,LACTANCIA MATERNA EXCLUSIVA
3491,3,10,110735,A0200001,13,13103,,1,,Servicio de Salud Metropolitano Occidente,Centro Comunitario de Salud Familiar Los Lagos (Unidad Vecinal Nº 33),Cerro Navia,MENORES CONTROLADOS
3492,9,10,110345,A0200002,13,13117,11,5,3,Servicio de Salud Metropolitano Occidente,Centro de Salud Familiar Dr. Carlos Avendaño,Lo Prado,LACTANCIA MATERNA EXCLUSIVA
3493,9,10,110345,A0200001,13,13117,16,12,5,Servicio de Salud Metropolitano Occidente,Centro de Salud Familiar Dr. Carlos Avendaño,Lo Prado,MENORES CONTROLADOS
3494,3,10,110340,A0200002,13,13117,8,6,4,Servicio de Salud Metropolitano Occidente,Centro de Salud Familiar Dr. Raúl Yazigi,Lo Prado,LACTANCIA MATERNA EXCLUSIVA
3495,3,10,110340,A0200001,13,13117,9,11,6,Servicio de Salud Metropolitano Occidente,Centro de Salud Familiar Dr. Raúl Yazigi,Lo Prado,MENORES CONTROLADOS
3496,3,10,110345,A0200002,13,13117,8,11,5,Servicio de Salud Metropolitano Occidente,Centro de Salud Familiar Dr. Carlos Avendaño,Lo Prado,LACTANCIA MATERNA EXCLUSIVA
3497,3,10,110345,A0200001,13,13117,13,17,7,Servicio de Salud Metropolitano Occidente,Centro de Salud Familiar Dr. Carlos Avendaño,Lo Prado,MENORES CONTROLADOS
3498,10,10,110316,A0200002,13,13117,11,7,8,Servicio de Salud Metropolitano Occidente,Centro de Salud Familiar Pablo Neruda,Lo Prado,LACTANCIA MATERNA EXCLUSIVA
3499,10,10,110316,A0200001,13,13117,17,12,13,Servicio de Salud Metropolitano Occidente,Centro de Salud Familiar Pablo Neruda,Lo Prado,MENORES CONTROLADOS
3500,4,10,110316,A0200002,13,13117,6,10,2,Servicio de Salud Metropolitano Occidente,Centro de Salud Familiar Pablo Neruda,Lo Prado,LACTANCIA MATERNA EXCLUSIVA
3501,4,10,110316,A0200001,13,13117,11,16,6,Servicio de Salud Metropolitano Occidente,Centro de Salud Familiar Pablo Neruda,Lo Prado,MENORES CONTROLADOS
3502,7,10,110340,A0200001,13,13117,8,13,7,Servicio de Salud Metropolitano Occidente,Centro de Salud Familiar Dr. Raúl Yazigi,Lo Prado,MENORES CONTROLADOS
3503,9,10,110315,A0200002,13,13117,13,10,6,Servicio de Salud Metropolitano Occidente,Centro de Salud Familiar Santa Anita,Lo Prado,LACTANCIA MATERNA EXCLUSIVA
3504,9,10,110315,A0200001,13,13117,21,14,10,Servicio de Salud Metropolitano Occidente,Centro de Salud Familiar Santa Anita,Lo Prado,MENORES CONTROLADOS
3505,8,10,110345,A0200001,13,13117,10,17,10,Servicio de Salud Metropolitano Occidente,Centro de Salud Familiar Dr. Carlos Avendaño,Lo Prado,MENORES CONTROLADOS
3506,7,10,110345,A0200002,13,13117,6,3,12,Servicio de Salud Metropolitano Occidente,Centro de Salud Familiar Dr. Carlos Avendaño,Lo Prado,LACTANCIA MATERNA EXCLUSIVA
3507,7,10,110345,A0200001,13,13117,14,11,17,Servicio de Salud Metropolitano Occidente,Centro de Salud Familiar Dr. Carlos Avendaño,Lo Prado,MENORES CONTROLADOS
3508,2,10,110345,A0200002,13,13117,10,5,8,Servicio de Salud Metropolitano Occidente,Centro de Salud Familiar Dr. Carlos Avendaño,Lo Prado,LACTANCIA MATERNA EXCLUSIVA
3509,2,10,110345,A0200001,13,13117,13,9,13,Servicio de Salud Metropolitano Occidente,Centro de Salud Familiar Dr. Carlos Avendaño,Lo Prado,MENORES CONTROLADOS
3510,6,10,110340,A0200001,13,13117,18,12,2,Servicio de Salud Metropolitano Occidente,Centro de Salud Familiar Dr. Raúl Yazigi,Lo Prado,MENORES CONTROLADOS
3511,3,10,110316,A0200002,13,13117,10,10,2,Servicio de Salud Metropolitano Occidente,Centro de Salud Familiar Pablo Neruda,Lo Prado,LACTANCIA MATERNA EXCLUSIVA
3512,3,10,110316,A0200001,13,13117,23,11,7,Servicio de Salud Metropolitano Occidente,Centro de Salud Familiar Pablo Neruda,Lo Prado,MENORES CONTROLADOS
3513,6,10,110340,A0200002,13,13117,10,8,2,Servicio de Salud Metropolitano Occidente,Centro de Salud Familiar Dr. Raúl Yazigi,Lo Prado,LACTANCIA MATERNA EXCLUSIVA
3514,11,10,110345,A0200002,13,13117,5,9,6,Servicio de Salud Metropolitano Occidente,Centro de Salud Familiar Dr. Carlos Avendaño,Lo Prado,LACTANCIA MATERNA EXCLUSIVA
3515,11,10,110345,A0200001,13,13117,11,13,12,Servicio de Salud Metropolitano Occidente,Centro de Salud Familiar Dr. Carlos Avendaño,Lo Prado,MENORES CONTROLADOS
3516,8,10,110345,A0200002,13,13117,7,8,6,Servicio de Salud Metropolitano Occidente,Centro de Salud Familiar Dr. Carlos Avendaño,Lo Prado,LACTANCIA MATERNA EXCLUSIVA
3517,7,10,110316,A0200002,13,13117,9,7,7,Servicio de Salud Metropolitano Occidente,Centro de Salud Familiar Pablo Neruda,Lo Prado,LACTANCIA MATERNA EXCLUSIVA
3518,5,10,110315,A0200002,13,13117,0,7,6,Servicio de Salud Metropolitano Occidente,Centro de Salud Familiar Santa Anita,Lo Prado,LACTANCIA MATERNA EXCLUSIVA
3519,5,10,110315,A0200001,13,13117,3,8,8,Servicio de Salud Metropolitano Occidente,Centro de Salud Familiar Santa Anita,Lo Prado,MENORES CONTROLADOS
3520,4,10,110315,A0200001,13,13117,14,17,13,Servicio de Salud Metropolitano Occidente,Centro de Salud Familiar Santa Anita,Lo Prado,MENORES CONTROLADOS
3521,4,10,110315,A0200002,13,13117,10,10,8,Servicio de Salud Metropolitano Occidente,Centro de Salud Familiar Santa Anita,Lo Prado,LACTANCIA MATERNA EXCLUSIVA
3522,9,10,110316,A0200001,13,13117,14,8,5,Servicio de Salud Metropolitano Occidente,Centro de Salud Familiar Pablo Neruda,Lo Prado,MENORES CONTROLADOS
3523,8,10,110316,A0200002,13,13117,8,4,11,Servicio de Salud Metropolitano Occidente,Centro de Salud Familiar Pablo Neruda,Lo Prado,LACTANCIA MATERNA EXCLUSIVA
3524,8,10,110316,A0200001,13,13117,8,9,21,Servicio de Salud Metropolitano Occidente,Centro de Salud Familiar Pablo Neruda,Lo Prado,MENORES CONTROLADOS
3525,7,10,110340,A0200002,13,13117,3,8,6,Servicio de Salud Metropolitano Occidente,Centro de Salud Familiar Dr. Raúl Yazigi,Lo Prado,LACTANCIA MATERNA EXCLUSIVA
3526,7,10,110316,A0200001,13,13117,13,13,9,Servicio de Salud Metropolitano Occidente,Centro de Salud Familiar Pablo Neruda,Lo Prado,MENORES CONTROLADOS
3527,9,10,110316,A0200002,13,13117,7,5,4,Servicio de Salud Metropolitano Occidente,Centro de Salud Familiar Pablo Neruda,Lo Prado,LACTANCIA MATERNA EXCLUSIVA
3528,1,10,110315,A0200001,13,13117,20,18,12,Servicio de Salud Metropolitano Occidente,Centro de Salud Familiar Santa Anita,Lo Prado,MENORES CONTROLADOS
3529,5,10,110316,A0200002,13,13117,3,13,3,Servicio de Salud Metropolitano Occidente,Centro de Salud Familiar Pablo Neruda,Lo Prado,LACTANCIA MATERNA EXCLUSIVA
3530,5,10,110316,A0200001,13,13117,9,25,7,Servicio de Salud Metropolitano Occidente,Centro de Salud Familiar Pablo Neruda,Lo Prado,MENORES CONTROLADOS
3531,1,10,110340,A0200002,13,13117,3,8,3,Servicio de Salud Metropolitano Occidente,Centro de Salud Familiar Dr. Raúl Yazigi,Lo Prado,LACTANCIA MATERNA EXCLUSIVA
3532,1,10,110340,A0200001,13,13117,6,13,6,Servicio de Salud Metropolitano Occidente,Centro de Salud Familiar Dr. Raúl Yazigi,Lo Prado,MENORES CONTROLADOS
3533,2,10,110316,A0200002,13,13117,6,4,6,Servicio de Salud Metropolitano Occidente,Centro de Salud Familiar Pablo Neruda,Lo Prado,LACTANCIA MATERNA EXCLUSIVA
3534,2,10,110316,A0200001,13,13117,8,12,10,Servicio de Salud Metropolitano Occidente,Centro de Salud Familiar Pablo Neruda,Lo Prado,MENORES CONTROLADOS
3535,1,10,110315,A0200002,13,13117,14,8,4,Servicio de Salud Metropolitano Occidente,Centro de Salud Familiar Santa Anita,Lo Prado,LACTANCIA MATERNA EXCLUSIVA
3536,1,10,110345,A0200002,13,13117,12,13,7,Servicio de Salud Metropolitano Occidente,Centro de Salud Familiar Dr. Carlos Avendaño,Lo Prado,LACTANCIA MATERNA EXCLUSIVA
3537,1,10,110345,A0200001,13,13117,19,19,11,Servicio de Salud Metropolitano Occidente,Centro de Salud Familiar Dr. Carlos Avendaño,Lo Prado,MENORES CONTROLADOS
3538,10,10,110340,A0200002,13,13117,6,7,7,Servicio de Salud Metropolitano Occidente,Centro de Salud Familiar Dr. Raúl Yazigi,Lo Prado,LACTANCIA MATERNA EXCLUSIVA
3539,10,10,110340,A0200001,13,13117,9,10,9,Servicio de Salud Metropolitano Occidente,Centro de Salud Familiar Dr. Raúl Yazigi,Lo Prado,MENORES CONTROLADOS
3540,1,10,110316,A0200002,13,13117,10,4,9,Servicio de Salud Metropolitano Occidente,Centro de Salud Familiar Pablo Neruda,Lo Prado,LACTANCIA MATERNA EXCLUSIVA
3541,1,10,110316,A0200001,13,13117,14,11,13,Servicio de Salud Metropolitano Occidente,Centro de Salud Familiar Pablo Neruda,Lo Prado,MENORES CONTROLADOS
3542,5,10,110340,A0200002,13,13117,5,7,1,Servicio de Salud Metropolitano Occidente,Centro de Salud Familiar Dr. Raúl Yazigi,Lo Prado,LACTANCIA MATERNA EXCLUSIVA
3543,5,10,110340,A0200001,13,13117,6,15,4,Servicio de Salud Metropolitano Occidente,Centro de Salud Familiar Dr. Raúl Yazigi,Lo Prado,MENORES CONTROLADOS
3544,12,10,110316,A0200002,13,13117,7,13,9,Servicio de Salud Metropolitano Occidente,Centro de Salud Familiar Pablo Neruda,Lo Prado,LACTANCIA MATERNA EXCLUSIVA
3545,3,10,110315,A0200002,13,13117,7,11,5,Servicio de Salud Metropolitano Occidente,Centro de Salud Familiar Santa Anita,Lo Prado,LACTANCIA MATERNA EXCLUSIVA
3546,3,10,110315,A0200001,13,13117,13,17,10,Servicio de Salud Metropolitano Occidente,Centro de Salud Familiar Santa Anita,Lo Prado,MENORES CONTROLADOS
3547,9,10,110340,A0200002,13,13117,5,3,2,Servicio de Salud Metropolitano Occidente,Centro de Salud Familiar Dr. Raúl Yazigi,Lo Prado,LACTANCIA MATERNA EXCLUSIVA
3548,9,10,110340,A0200001,13,13117,11,10,5,Servicio de Salud Metropolitano Occidente,Centro de Salud Familiar Dr. Raúl Yazigi,Lo Prado,MENORES CONTROLADOS
3549,12,10,110340,A0200002,13,13117,6,7,6,Servicio de Salud Metropolitano Occidente,Centro de Salud Familiar Dr. Raúl Yazigi,Lo Prado,LACTANCIA MATERNA EXCLUSIVA
3550,12,10,110340,A0200001,13,13117,12,11,8,Servicio de Salud Metropolitano Occidente,Centro de Salud Familiar Dr. Raúl Yazigi,Lo Prado,MENORES CONTROLADOS
3551,10,10,110315,A0200001,13,13117,11,25,13,Servicio de Salud Metropolitano Occidente,Centro de Salud Familiar Santa Anita,Lo Prado,MENORES CONTROLADOS
3552,10,10,110315,A0200002,13,13117,6,14,10,Servicio de Salud Metropolitano Occidente,Centro de Salud Familiar Santa Anita,Lo Prado,LACTANCIA MATERNA EXCLUSIVA
3553,5,10,110345,A0200001,13,13117,10,15,7,Servicio de Salud Metropolitano Occidente,Centro de Salud Familiar Dr. Carlos Avendaño,Lo Prado,MENORES CONTROLADOS
3554,5,10,110345,A0200002,13,13117,4,6,5,Servicio de Salud Metropolitano Occidente,Centro de Salud Familiar Dr. Carlos Avendaño,Lo Prado,LACTANCIA MATERNA EXCLUSIVA
3555,8,10,110315,A0200002,13,13117,11,14,6,Servicio de Salud Metropolitano Occidente,Centro de Salud Familiar Santa Anita,Lo Prado,LACTANCIA MATERNA EXCLUSIVA
3556,8,10,110315,A0200001,13,13117,19,22,9,Servicio de Salud Metropolitano Occidente,Centro de Salud Familiar Santa Anita,Lo Prado,MENORES CONTROLADOS
3557,6,10,110316,A0200002,13,13117,6,5,7,Servicio de Salud Metropolitano Occidente,Centro de Salud Familiar Pablo Neruda,Lo Prado,LACTANCIA MATERNA EXCLUSIVA
3558,6,10,110316,A0200001,13,13117,12,5,10,Servicio de Salud Metropolitano Occidente,Centro de Salud Familiar Pablo Neruda,Lo Prado,MENORES CONTROLADOS
3559,6,10,110345,A0200002,13,13117,9,9,10,Servicio de Salud Metropolitano Occidente,Centro de Salud Familiar Dr. Carlos Avendaño,Lo Prado,LACTANCIA MATERNA EXCLUSIVA
3560,6,10,110345,A0200001,13,13117,10,13,15,Servicio de Salud Metropolitano Occidente,Centro de Salud Familiar Dr. Carlos Avendaño,Lo Prado,MENORES CONTROLADOS
3561,8,10,110340,A0200002,13,13117,7,5,2,Servicio de Salud Metropolitano Occidente,Centro de Salud Familiar Dr. Raúl Yazigi,Lo Prado,LACTANCIA MATERNA EXCLUSIVA
3562,8,10,110340,A0200001,13,13117,14,12,3,Servicio de Salud Metropolitano Occidente,Centro de Salud Familiar Dr. Raúl Yazigi,Lo Prado,MENORES CONTROLADOS
3563,12,10,110315,A0200002,13,13117,11,11,11,Servicio de Salud Metropolitano Occidente,Centro de Salud Familiar Santa Anita,Lo Prado,LACTANCIA MATERNA EXCLUSIVA
3564,12,10,110315,A0200001,13,13117,20,17,12,Servicio de Salud Metropolitano Occidente,Centro de Salud Familiar Santa Anita,Lo Prado,MENORES CONTROLADOS
3565,11,10,110340,A0200002,13,13117,5,7,3,Servicio de Salud Metropolitano Occidente,Centro de Salud Familiar Dr. Raúl Yazigi,Lo Prado,LACTANCIA MATERNA EXCLUSIVA
3566,11,10,110340,A0200001,13,13117,7,10,7,Servicio de Salud Metropolitano Occidente,Centro de Salud Familiar Dr. Raúl Yazigi,Lo Prado,MENORES CONTROLADOS
3567,7,10,110315,A0200002,13,13117,9,4,4,Servicio de Salud Metropolitano Occidente,Centro de Salud Familiar Santa Anita,Lo Prado,LACTANCIA MATERNA EXCLUSIVA
3568,7,10,110315,A0200001,13,13117,12,10,9,Servicio de Salud Metropolitano Occidente,Centro de Salud Familiar Santa Anita,Lo Prado,MENORES CONTROLADOS
3569,2,10,110340,A0200002,13,13117,11,4,7,Servicio de Salud Metropolitano Occidente,Centro de Salud Familiar Dr. Raúl Yazigi,Lo Prado,LACTANCIA MATERNA EXCLUSIVA
3570,2,10,110340,A0200001,13,13117,22,14,8,Servicio de Salud Metropolitano Occidente,Centro de Salud Familiar Dr. Raúl Yazigi,Lo Prado,MENORES CONTROLADOS
3571,11,10,110316,A0200002,13,13117,12,7,5,Servicio de Salud Metropolitano Occidente,Centro de Salud Familiar Pablo Neruda,Lo Prado,LACTANCIA MATERNA EXCLUSIVA
3572,11,10,110316,A0200001,13,13117,17,15,6,Servicio de Salud Metropolitano Occidente,Centro de Salud Familiar Pablo Neruda,Lo Prado,MENORES CONTROLADOS
3573,4,10,110340,A0200002,13,13117,9,4,2,Servicio de Salud Metropolitano Occidente,Centro de Salud Familiar Dr. Raúl Yazigi,Lo Prado,LACTANCIA MATERNA EXCLUSIVA
3574,4,10,110340,A0200001,13,13117,12,10,6,Servicio de Salud Metropolitano Occidente,Centro de Salud Familiar Dr. Raúl Yazigi,Lo Prado,MENORES CONTROLADOS
3575,6,10,110315,A0200001,13,13117,14,6,12,Servicio de Salud Metropolitano Occidente,Centro de Salud Familiar Santa Anita,Lo Prado,MENORES CONTROLADOS
3576,6,10,110315,A0200002,13,13117,6,11,8,Servicio de Salud Metropolitano Occidente,Centro de Salud Familiar Santa Anita,Lo Prado,LACTANCIA MATERNA EXCLUSIVA
3577,4,10,110345,A0200002,13,13117,8,11,7,Servicio de Salud Metropolitano Occidente,Centro de Salud Familiar Dr. Carlos Avendaño,Lo Prado,LACTANCIA MATERNA EXCLUSIVA
3578,4,10,110345,A0200001,13,13117,13,13,11,Servicio de Salud Metropolitano Occidente,Centro de Salud Familiar Dr. Carlos Avendaño,Lo Prado,MENORES CONTROLADOS
3579,2,10,110315,A0200001,13,13117,8,11,15,Servicio de Salud Metropolitano Occidente,Centro de Salud Familiar Santa Anita,Lo Prado,MENORES CONTROLADOS
3580,12,10,110345,A0200002,13,13117,8,6,2,Servicio de Salud Metropolitano Occidente,Centro de Salud Familiar Dr. Carlos Avendaño,Lo Prado,LACTANCIA MATERNA EXCLUSIVA
3581,10,10,110345,A0200001,13,13117,11,10,8,Servicio de Salud Metropolitano Occidente,Centro de Salud Familiar Dr. Carlos Avendaño,Lo Prado,MENORES CONTROLADOS
3582,2,10,110315,A0200002,13,13117,7,6,7,Servicio de Salud Metropolitano Occidente,Centro de Salud Familiar Santa Anita,Lo Prado,LACTANCIA MATERNA EXCLUSIVA
3583,12,10,110345,A0200001,13,13117,12,12,6,Servicio de Salud Metropolitano Occidente,Centro de Salud Familiar Dr. Carlos Avendaño,Lo Prado,MENORES CONTROLADOS
3584,10,10,110345,A0200002,13,13117,6,5,5,Servicio de Salud Metropolitano Occidente,Centro de Salud Familiar Dr. Carlos Avendaño,Lo Prado,LACTANCIA MATERNA EXCLUSIVA
3585,11,10,110315,A0200002,13,13117,8,11,11,Servicio de Salud Metropolitano Occidente,Centro de Salud Familiar Santa Anita,Lo Prado,LACTANCIA MATERNA EXCLUSIVA
3586,11,10,110315,A0200001,13,13117,12,19,15,Servicio de Salud Metropolitano Occidente,Centro de Salud Familiar Santa Anita,Lo Prado,MENORES CONTROLADOS
3587,12,10,110316,A0200001,13,13117,12,18,11,Servicio de Salud Metropolitano Occidente,Centro de Salud Familiar Pablo Neruda,Lo Prado,MENORES CONTROLADOS
3588,9,10,110754,A0200001,13,13124,1,3,3,Servicio de Salud Metropolitano Occidente,Centro Comunitario de Salud Familiar Río Claro,Pudahuel,MENORES CONTROLADOS
3589,9,10,110756,A0200002,13,13124,0,0,1,Servicio de Salud Metropolitano Occidente,Centro Comunitario de Salud Familiar Mar Caribe,Pudahuel,LACTANCIA MATERNA EXCLUSIVA
3590,9,10,110756,A0200001,13,13124,0,0,1,Servicio de Salud Metropolitano Occidente,Centro Comunitario de Salud Familiar Mar Caribe,Pudahuel,MENORES CONTROLADOS
3591,9,10,110754,A0200002,13,13124,0,2,1,Servicio de Salud Metropolitano Occidente,Centro Comunitario de Salud Familiar Río Claro,Pudahuel,LACTANCIA MATERNA EXCLUSIVA
3592,8,10,110754,A0200002,13,13124,1,1,0,Servicio de Salud Metropolitano Occidente,Centro Comunitario de Salud Familiar Río Claro,Pudahuel,LACTANCIA MATERNA EXCLUSIVA
3593,8,10,110754,A0200001,13,13124,2,1,0,Servicio de Salud Metropolitano Occidente,Centro Comunitario de Salud Familiar Río Claro,Pudahuel,MENORES CONTROLADOS
3594,6,10,110754,A0200002,13,13124,1,1,1,Servicio de Salud Metropolitano Occidente,Centro Comunitario de Salud Familiar Río Claro,Pudahuel,LACTANCIA MATERNA EXCLUSIVA
3595,6,10,110754,A0200001,13,13124,1,3,2,Servicio de Salud Metropolitano Occidente,Centro Comunitario de Salud Familiar Río Claro,Pudahuel,MENORES CONTROLADOS
3596,8,10,110756,A0200002,13,13124,0,0,0,Servicio de Salud Metropolitano Occidente,Centro Comunitario de Salud Familiar Mar Caribe,Pudahuel,LACTANCIA MATERNA EXCLUSIVA
3597,8,10,110756,A0200001,13,13124,0,0,1,Servicio de Salud Metropolitano Occidente,Centro Comunitario de Salud Familiar Mar Caribe,Pudahuel,MENORES CONTROLADOS
3598,2,10,110754,A0200002,13,13124,,,1,Servicio de Salud Metropolitano Occidente,Centro Comunitario de Salud Familiar Río Claro,Pudahuel,LACTANCIA MATERNA EXCLUSIVA
3599,5,10,110756,A0200002,13,13124,0,1,0,Servicio de Salud Metropolitano Occidente,Centro Comunitario de Salud Familiar Mar Caribe,Pudahuel,LACTANCIA MATERNA EXCLUSIVA
3600,5,10,110756,A0200001,13,13124,0,1,0,Servicio de Salud Metropolitano Occidente,Centro Comunitario de Salud Familiar Mar Caribe,Pudahuel,MENORES CONTROLADOS
3601,2,10,110754,A0200001,13,13124,1,,2,Servicio de Salud Metropolitano Occidente,Centro Comunitario de Salud Familiar Río Claro,Pudahuel,MENORES CONTROLADOS
3602,6,10,110756,A0200002,13,13124,0,1,0,Servicio de Salud Metropolitano Occidente,Centro Comunitario de Salud Familiar Mar Caribe,Pudahuel,LACTANCIA MATERNA EXCLUSIVA
3603,6,10,110756,A0200001,13,13124,0,1,1,Servicio de Salud Metropolitano Occidente,Centro Comunitario de Salud Familiar Mar Caribe,Pudahuel,MENORES CONTROLADOS
3604,11,10,110754,A0200002,13,13124,1,0,1,Servicio de Salud Metropolitano Occidente,Centro Comunitario de Salud Familiar Río Claro,Pudahuel,LACTANCIA MATERNA EXCLUSIVA
3605,11,10,110754,A0200001,13,13124,1,1,2,Servicio de Salud Metropolitano Occidente,Centro Comunitario de Salud Familiar Río Claro,Pudahuel,MENORES CONTROLADOS
3606,11,10,110756,A0200002,13,13124,1,1,0,Servicio de Salud Metropolitano Occidente,Centro Comunitario de Salud Familiar Mar Caribe,Pudahuel,LACTANCIA MATERNA EXCLUSIVA
3607,11,10,110756,A0200001,13,13124,1,1,0,Servicio de Salud Metropolitano Occidente,Centro Comunitario de Salud Familiar Mar Caribe,Pudahuel,MENORES CONTROLADOS
3608,4,10,110754,A0200002,13,13124,1,1,2,Servicio de Salud Metropolitano Occidente,Centro Comunitario de Salud Familiar Río Claro,Pudahuel,LACTANCIA MATERNA EXCLUSIVA
3609,4,10,110754,A0200001,13,13124,3,2,2,Servicio de Salud Metropolitano Occidente,Centro Comunitario de Salud Familiar Río Claro,Pudahuel,MENORES CONTROLADOS
3610,1,10,110754,A0200002,13,13124,1,3,1,Servicio de Salud Metropolitano Occidente,Centro Comunitario de Salud Familiar Río Claro,Pudahuel,LACTANCIA MATERNA EXCLUSIVA
3611,5,10,110754,A0200002,13,13124,,,2,Servicio de Salud Metropolitano Occidente,Centro Comunitario de Salud Familiar Río Claro,Pudahuel,LACTANCIA MATERNA EXCLUSIVA
3612,5,10,110754,A0200001,13,13124,,,2,Servicio de Salud Metropolitano Occidente,Centro Comunitario de Salud Familiar Río Claro,Pudahuel,MENORES CONTROLADOS
3613,4,10,110756,A0200002,13,13124,1,0,0,Servicio de Salud Metropolitano Occidente,Centro Comunitario de Salud Familiar Mar Caribe,Pudahuel,LACTANCIA MATERNA EXCLUSIVA
3614,4,10,110756,A0200001,13,13124,1,1,0,Servicio de Salud Metropolitano Occidente,Centro Comunitario de Salud Familiar Mar Caribe,Pudahuel,MENORES CONTROLADOS
3615,10,10,110756,A0200001,13,13124,1,0,1,Servicio de Salud Metropolitano Occidente,Centro Comunitario de Salud Familiar Mar Caribe,Pudahuel,MENORES CONTROLADOS
3616,7,10,110756,A0200001,13,13124,0,1,1,Servicio de Salud Metropolitano Occidente,Centro Comunitario de Salud Familiar Mar Caribe,Pudahuel,MENORES CONTROLADOS
3617,12,10,110754,A0200002,13,13124,3,2,2,Servicio de Salud Metropolitano Occidente,Centro Comunitario de Salud Familiar Río Claro,Pudahuel,LACTANCIA MATERNA EXCLUSIVA
3618,12,10,110754,A0200001,13,13124,4,3,2,Servicio de Salud Metropolitano Occidente,Centro Comunitario de Salud Familiar Río Claro,Pudahuel,MENORES CONTROLADOS
3619,12,10,110756,A0200002,13,13124,0,1,0,Servicio de Salud Metropolitano Occidente,Centro Comunitario de Salud Familiar Mar Caribe,Pudahuel,LACTANCIA MATERNA EXCLUSIVA
3620,12,10,110756,A0200001,13,13124,0,1,0,Servicio de Salud Metropolitano Occidente,Centro Comunitario de Salud Familiar Mar Caribe,Pudahuel,MENORES CONTROLADOS
3621,1,10,110756,A0200002,13,13124,1,0,0,Servicio de Salud Metropolitano Occidente,Centro Comunitario de Salud Familiar Mar Caribe,Pudahuel,LACTANCIA MATERNA EXCLUSIVA
3622,1,10,110756,A0200001,13,13124,2,0,1,Servicio de Salud Metropolitano Occidente,Centro Comunitario de Salud Familiar Mar Caribe,Pudahuel,MENORES CONTROLADOS
3623,3,10,110756,A0200002,13,13124,1,0,0,Servicio de Salud Metropolitano Occidente,Centro Comunitario de Salud Familiar Mar Caribe,Pudahuel,LACTANCIA MATERNA EXCLUSIVA
3624,3,10,110756,A0200001,13,13124,1,0,1,Servicio de Salud Metropolitano Occidente,Centro Comunitario de Salud Familiar Mar Caribe,Pudahuel,MENORES CONTROLADOS
3625,7,10,110754,A0200002,13,13124,3,0,0,Servicio de Salud Metropolitano Occidente,Centro Comunitario de Salud Familiar Río Claro,Pudahuel,LACTANCIA MATERNA EXCLUSIVA
3626,7,10,110754,A0200001,13,13124,3,0,2,Servicio de Salud Metropolitano Occidente,Centro Comunitario de Salud Familiar Río Claro,Pudahuel,MENORES CONTROLADOS
3627,3,10,110754,A0200001,13,13124,,2,1,Servicio de Salud Metropolitano Occidente,Centro Comunitario de Salud Familiar Río Claro,Pudahuel,MENORES CONTROLADOS
3628,10,10,110754,A0200002,13,13124,1,1,1,Servicio de Salud Metropolitano Occidente,Centro Comunitario de Salud Familiar Río Claro,Pudahuel,LACTANCIA MATERNA EXCLUSIVA
3629,10,10,110754,A0200001,13,13124,2,2,2,Servicio de Salud Metropolitano Occidente,Centro Comunitario de Salud Familiar Río Claro,Pudahuel,MENORES CONTROLADOS
3630,3,10,110754,A0200002,13,13124,,1,1,Servicio de Salud Metropolitano Occidente,Centro Comunitario de Salud Familiar Río Claro,Pudahuel,LACTANCIA MATERNA EXCLUSIVA
3631,10,10,110756,A0200002,13,13124,1,0,0,Servicio de Salud Metropolitano Occidente,Centro Comunitario de Salud Familiar Mar Caribe,Pudahuel,LACTANCIA MATERNA EXCLUSIVA
3632,2,10,110756,A0200001,13,13124,0,0,0,Servicio de Salud Metropolitano Occidente,Centro Comunitario de Salud Familiar Mar Caribe,Pudahuel,MENORES CONTROLADOS
3633,1,10,110754,A0200001,13,13124,2,3,1,Servicio de Salud Metropolitano Occidente,Centro Comunitario de Salud Familiar Río Claro,Pudahuel,MENORES CONTROLADOS
3634,2,10,110352,A0200002,13,13124,4,7,5,Servicio de Salud Metropolitano Occidente,Centro de Salud Familiar Dr. Gustavo Molina,Pudahuel,LACTANCIA MATERNA EXCLUSIVA
3635,2,10,110352,A0200001,13,13124,9,13,13,Servicio de Salud Metropolitano Occidente,Centro de Salud Familiar Dr. Gustavo Molina,Pudahuel,MENORES CONTROLADOS
3636,4,10,110352,A0200001,13,13124,11,8,17,Servicio de Salud Metropolitano Occidente,Centro de Salud Familiar Dr. Gustavo Molina,Pudahuel,MENORES CONTROLADOS
3637,6,10,110352,A0200002,13,13124,14,10,10,Servicio de Salud Metropolitano Occidente,Centro de Salud Familiar Dr. Gustavo Molina,Pudahuel,LACTANCIA MATERNA EXCLUSIVA
3638,9,10,110352,A0200001,13,13124,13,18,12,Servicio de Salud Metropolitano Occidente,Centro de Salud Familiar Dr. Gustavo Molina,Pudahuel,MENORES CONTROLADOS
3639,6,10,110352,A0200001,13,13124,17,13,16,Servicio de Salud Metropolitano Occidente,Centro de Salud Familiar Dr. Gustavo Molina,Pudahuel,MENORES CONTROLADOS
3640,6,10,110750,A0200002,13,13124,0,1,0,Servicio de Salud Metropolitano Occidente,Centro Comunitario de Salud Familiar Concejal Guillermo Flores O.,Pudahuel,LACTANCIA MATERNA EXCLUSIVA
3641,6,10,110750,A0200001,13,13124,0,1,0,Servicio de Salud Metropolitano Occidente,Centro Comunitario de Salud Familiar Concejal Guillermo Flores O.,Pudahuel,MENORES CONTROLADOS
3642,11,10,110352,A0200002,13,13124,4,7,7,Servicio de Salud Metropolitano Occidente,Centro de Salud Familiar Dr. Gustavo Molina,Pudahuel,LACTANCIA MATERNA EXCLUSIVA
3643,11,10,110352,A0200001,13,13124,8,16,14,Servicio de Salud Metropolitano Occidente,Centro de Salud Familiar Dr. Gustavo Molina,Pudahuel,MENORES CONTROLADOS
3644,8,10,110352,A0200002,13,13124,11,8,5,Servicio de Salud Metropolitano Occidente,Centro de Salud Familiar Dr. Gustavo Molina,Pudahuel,LACTANCIA MATERNA EXCLUSIVA
3645,8,10,110352,A0200001,13,13124,12,13,12,Servicio de Salud Metropolitano Occidente,Centro de Salud Familiar Dr. Gustavo Molina,Pudahuel,MENORES CONTROLADOS
3646,3,10,110352,A0200002,13,13124,6,4,10,Servicio de Salud Metropolitano Occidente,Centro de Salud Familiar Dr. Gustavo Molina,Pudahuel,LACTANCIA MATERNA EXCLUSIVA
3647,3,10,110352,A0200001,13,13124,11,14,14,Servicio de Salud Metropolitano Occidente,Centro de Salud Familiar Dr. Gustavo Molina,Pudahuel,MENORES CONTROLADOS
3648,5,10,110352,A0200001,13,13124,15,16,11,Servicio de Salud Metropolitano Occidente,Centro de Salud Familiar Dr. Gustavo Molina,Pudahuel,MENORES CONTROLADOS
3649,5,10,110352,A0200002,13,13124,10,10,6,Servicio de Salud Metropolitano Occidente,Centro de Salud Familiar Dr. Gustavo Molina,Pudahuel,LACTANCIA MATERNA EXCLUSIVA
3650,5,10,110750,A0200001,13,13124,0,0,0,Servicio de Salud Metropolitano Occidente,Centro Comunitario de Salud Familiar Concejal Guillermo Flores O.,Pudahuel,MENORES CONTROLADOS
3651,7,10,110750,A0200002,13,13124,1,0,0,Servicio de Salud Metropolitano Occidente,Centro Comunitario de Salud Familiar Concejal Guillermo Flores O.,Pudahuel,LACTANCIA MATERNA EXCLUSIVA
3652,7,10,110750,A0200001,13,13124,1,0,0,Servicio de Salud Metropolitano Occidente,Centro Comunitario de Salud Familiar Concejal Guillermo Flores O.,Pudahuel,MENORES CONTROLADOS
3653,2,10,110750,A0200001,13,13124,0,0,0,Servicio de Salud Metropolitano Occidente,Centro Comunitario de Salud Familiar Concejal Guillermo Flores O.,Pudahuel,MENORES CONTROLADOS
3654,9,10,110352,A0200002,13,13124,7,8,4,Servicio de Salud Metropolitano Occidente,Centro de Salud Familiar Dr. Gustavo Molina,Pudahuel,LACTANCIA MATERNA EXCLUSIVA
3655,10,10,110352,A0200002,13,13124,9,8,14,Servicio de Salud Metropolitano Occidente,Centro de Salud Familiar Dr. Gustavo Molina,Pudahuel,LACTANCIA MATERNA EXCLUSIVA
3656,10,10,110352,A0200001,13,13124,13,15,16,Servicio de Salud Metropolitano Occidente,Centro de Salud Familiar Dr. Gustavo Molina,Pudahuel,MENORES CONTROLADOS
3657,4,10,110352,A0200002,13,13124,6,3,10,Servicio de Salud Metropolitano Occidente,Centro de Salud Familiar Dr. Gustavo Molina,Pudahuel,LACTANCIA MATERNA EXCLUSIVA
3658,7,10,110352,A0200002,13,13124,6,9,5,Servicio de Salud Metropolitano Occidente,Centro de Salud Familiar Dr. Gustavo Molina,Pudahuel,LACTANCIA MATERNA EXCLUSIVA
3659,1,10,110750,A0200001,13,13124,1,0,1,Servicio de Salud Metropolitano Occidente,Centro Comunitario de Salud Familiar Concejal Guillermo Flores O.,Pudahuel,MENORES CONTROLADOS
3660,1,10,110750,A0200002,13,13124,1,0,1,Servicio de Salud Metropolitano Occidente,Centro Comunitario de Salud Familiar Concejal Guillermo Flores O.,Pudahuel,LACTANCIA MATERNA EXCLUSIVA
3661,8,10,110750,A0200001,13,13124,0,0,0,Servicio de Salud Metropolitano Occidente,Centro Comunitario de Salud Familiar Concejal Guillermo Flores O.,Pudahuel,MENORES CONTROLADOS
3662,12,10,110352,A0200002,13,13124,7,5,6,Servicio de Salud Metropolitano Occidente,Centro de Salud Familiar Dr. Gustavo Molina,Pudahuel,LACTANCIA MATERNA EXCLUSIVA
3663,12,10,110352,A0200001,13,13124,10,7,10,Servicio de Salud Metropolitano Occidente,Centro de Salud Familiar Dr. Gustavo Molina,Pudahuel,MENORES CONTROLADOS
3664,4,10,110750,A0200002,13,13124,1,0,0,Servicio de Salud Metropolitano Occidente,Centro Comunitario de Salud Familiar Concejal Guillermo Flores O.,Pudahuel,LACTANCIA MATERNA EXCLUSIVA
3665,4,10,110750,A0200001,13,13124,1,0,0,Servicio de Salud Metropolitano Occidente,Centro Comunitario de Salud Familiar Concejal Guillermo Flores O.,Pudahuel,MENORES CONTROLADOS
3666,11,10,110750,A0200001,13,13124,0,0,0,Servicio de Salud Metropolitano Occidente,Centro Comunitario de Salud Familiar Concejal Guillermo Flores O.,Pudahuel,MENORES CONTROLADOS
3667,7,10,110352,A0200001,13,13124,15,19,13,Servicio de Salud Metropolitano Occidente,Centro de Salud Familiar Dr. Gustavo Molina,Pudahuel,MENORES CONTROLADOS
3668,12,10,110750,A0200002,13,13124,0,1,1,Servicio de Salud Metropolitano Occidente,Centro Comunitario de Salud Familiar Concejal Guillermo Flores O.,Pudahuel,LACTANCIA MATERNA EXCLUSIVA
3669,12,10,110750,A0200001,13,13124,1,1,1,Servicio de Salud Metropolitano Occidente,Centro Comunitario de Salud Familiar Concejal Guillermo Flores O.,Pudahuel,MENORES CONTROLADOS
3670,9,10,110750,A0200002,13,13124,0,1,1,Servicio de Salud Metropolitano Occidente,Centro Comunitario de Salud Familiar Concejal Guillermo Flores O.,Pudahuel,LACTANCIA MATERNA EXCLUSIVA
3671,9,10,110750,A0200001,13,13124,0,2,1,Servicio de Salud Metropolitano Occidente,Centro Comunitario de Salud Familiar Concejal Guillermo Flores O.,Pudahuel,MENORES CONTROLADOS
3672,1,10,110352,A0200002,13,13124,9,12,9,Servicio de Salud Metropolitano Occidente,Centro de Salud Familiar Dr. Gustavo Molina,Pudahuel,LACTANCIA MATERNA EXCLUSIVA
3673,1,10,110352,A0200001,13,13124,17,26,15,Servicio de Salud Metropolitano Occidente,Centro de Salud Familiar Dr. Gustavo Molina,Pudahuel,MENORES CONTROLADOS
3674,3,10,110750,A0200002,13,13124,0,1,1,Servicio de Salud Metropolitano Occidente,Centro Comunitario de Salud Familiar Concejal Guillermo Flores O.,Pudahuel,LACTANCIA MATERNA EXCLUSIVA
3675,3,10,110750,A0200001,13,13124,0,1,1,Servicio de Salud Metropolitano Occidente,Centro Comunitario de Salud Familiar Concejal Guillermo Flores O.,Pudahuel,MENORES CONTROLADOS
3676,4,10,110758,A0200002,13,13124,0,2,0,Servicio de Salud Metropolitano Occidente,Centro Comunitario de Salud Familiar Santa Corina,Pudahuel,LACTANCIA MATERNA EXCLUSIVA
3677,4,10,110758,A0200001,13,13124,0,2,0,Servicio de Salud Metropolitano Occidente,Centro Comunitario de Salud Familiar Santa Corina,Pudahuel,MENORES CONTROLADOS
3678,2,10,110752,A0200002,13,13124,2,,2,Servicio de Salud Metropolitano Occidente,Centro Comunitario de Salud Familiar Padre Félix Gutiérrez Donoso,Pudahuel,LACTANCIA MATERNA EXCLUSIVA
3679,2,10,110752,A0200001,13,13124,2,1,4,Servicio de Salud Metropolitano Occidente,Centro Comunitario de Salud Familiar Padre Félix Gutiérrez Donoso,Pudahuel,MENORES CONTROLADOS
3680,7,10,110752,A0200002,13,13124,0,2,2,Servicio de Salud Metropolitano Occidente,Centro Comunitario de Salud Familiar Padre Félix Gutiérrez Donoso,Pudahuel,LACTANCIA MATERNA EXCLUSIVA
3681,7,10,110752,A0200001,13,13124,1,2,2,Servicio de Salud Metropolitano Occidente,Centro Comunitario de Salud Familiar Padre Félix Gutiérrez Donoso,Pudahuel,MENORES CONTROLADOS
3682,10,10,201353,A0200002,13,13124,0,0,0,Servicio de Salud Metropolitano Occidente,Centro Comunitario de Salud Familiar Unión y Esfuerzo Rural,Pudahuel,LACTANCIA MATERNA EXCLUSIVA
3683,10,10,201353,A0200001,13,13124,0,0,0,Servicio de Salud Metropolitano Occidente,Centro Comunitario de Salud Familiar Unión y Esfuerzo Rural,Pudahuel,MENORES CONTROLADOS
3684,3,10,110752,A0200001,13,13124,2,1,1,Servicio de Salud Metropolitano Occidente,Centro Comunitario de Salud Familiar Padre Félix Gutiérrez Donoso,Pudahuel,MENORES CONTROLADOS
3685,4,10,110752,A0200002,13,13124,,2,1,Servicio de Salud Metropolitano Occidente,Centro Comunitario de Salud Familiar Padre Félix Gutiérrez Donoso,Pudahuel,LACTANCIA MATERNA EXCLUSIVA
3686,4,10,110752,A0200001,13,13124,,2,2,Servicio de Salud Metropolitano Occidente,Centro Comunitario de Salud Familiar Padre Félix Gutiérrez Donoso,Pudahuel,MENORES CONTROLADOS
3687,3,10,110752,A0200002,13,13124,1,1,1,Servicio de Salud Metropolitano Occidente,Centro Comunitario de Salud Familiar Padre Félix Gutiérrez Donoso,Pudahuel,LACTANCIA MATERNA EXCLUSIVA
3688,2,10,110758,A0200002,13,13124,1,0,1,Servicio de Salud Metropolitano Occidente,Centro Comunitario de Salud Familiar Santa Corina,Pudahuel,LACTANCIA MATERNA EXCLUSIVA
3689,2,10,110758,A0200001,13,13124,1,0,3,Servicio de Salud Metropolitano Occidente,Centro Comunitario de Salud Familiar Santa Corina,Pudahuel,MENORES CONTROLADOS
3690,4,10,201353,A0200002,13,13124,0,0,0,Servicio de Salud Metropolitano Occidente,Centro Comunitario de Salud Familiar Unión y Esfuerzo Rural,Pudahuel,LACTANCIA MATERNA EXCLUSIVA
3691,4,10,201353,A0200001,13,13124,0,0,0,Servicio de Salud Metropolitano Occidente,Centro Comunitario de Salud Familiar Unión y Esfuerzo Rural,Pudahuel,MENORES CONTROLADOS
3692,7,10,201353,A0200002,13,13124,0,0,0,Servicio de Salud Metropolitano Occidente,Centro Comunitario de Salud Familiar Unión y Esfuerzo Rural,Pudahuel,LACTANCIA MATERNA EXCLUSIVA
3693,7,10,201353,A0200001,13,13124,0,0,0,Servicio de Salud Metropolitano Occidente,Centro Comunitario de Salud Familiar Unión y Esfuerzo Rural,Pudahuel,MENORES CONTROLADOS
3694,1,10,110752,A0200002,13,13124,1,1,2,Servicio de Salud Metropolitano Occidente,Centro Comunitario de Salud Familiar Padre Félix Gutiérrez Donoso,Pudahuel,LACTANCIA MATERNA EXCLUSIVA
3695,5,10,110752,A0200002,13,13124,2,,1,Servicio de Salud Metropolitano Occidente,Centro Comunitario de Salud Familiar Padre Félix Gutiérrez Donoso,Pudahuel,LACTANCIA MATERNA EXCLUSIVA
3696,5,10,110752,A0200001,13,13124,2,2,2,Servicio de Salud Metropolitano Occidente,Centro Comunitario de Salud Familiar Padre Félix Gutiérrez Donoso,Pudahuel,MENORES CONTROLADOS
3697,10,10,110752,A0200002,13,13124,3,3,1,Servicio de Salud Metropolitano Occidente,Centro Comunitario de Salud Familiar Padre Félix Gutiérrez Donoso,Pudahuel,LACTANCIA MATERNA EXCLUSIVA
3698,10,10,110752,A0200001,13,13124,4,4,2,Servicio de Salud Metropolitano Occidente,Centro Comunitario de Salud Familiar Padre Félix Gutiérrez Donoso,Pudahuel,MENORES CONTROLADOS
3699,10,10,110758,A0200002,13,13124,1,0,0,Servicio de Salud Metropolitano Occidente,Centro Comunitario de Salud Familiar Santa Corina,Pudahuel,LACTANCIA MATERNA EXCLUSIVA
3700,10,10,110758,A0200001,13,13124,1,0,1,Servicio de Salud Metropolitano Occidente,Centro Comunitario de Salud Familiar Santa Corina,Pudahuel,MENORES CONTROLADOS
3701,1,10,201353,A0200002,13,13124,0,0,0,Servicio de Salud Metropolitano Occidente,Centro Comunitario de Salud Familiar Unión y Esfuerzo Rural,Pudahuel,LACTANCIA MATERNA EXCLUSIVA
3702,3,10,201353,A0200002,13,13124,0,0,0,Servicio de Salud Metropolitano Occidente,Centro Comunitario de Salud Familiar Unión y Esfuerzo Rural,Pudahuel,LACTANCIA MATERNA EXCLUSIVA
3703,7,10,110758,A0200001,13,13124,0,0,0,Servicio de Salud Metropolitano Occidente,Centro Comunitario de Salud Familiar Santa Corina,Pudahuel,MENORES CONTROLADOS
3704,8,10,201353,A0200001,13,13124,0,0,0,Servicio de Salud Metropolitano Occidente,Centro Comunitario de Salud Familiar Unión y Esfuerzo Rural,Pudahuel,MENORES CONTROLADOS
3705,8,10,110752,A0200002,13,13124,3,1,0,Servicio de Salud Metropolitano Occidente,Centro Comunitario de Salud Familiar Padre Félix Gutiérrez Donoso,Pudahuel,LACTANCIA MATERNA EXCLUSIVA
3706,8,10,110758,A0200002,13,13124,0,0,0,Servicio de Salud Metropolitano Occidente,Centro Comunitario de Salud Familiar Santa Corina,Pudahuel,LACTANCIA MATERNA EXCLUSIVA
3707,8,10,110758,A0200001,13,13124,0,0,0,Servicio de Salud Metropolitano Occidente,Centro Comunitario de Salud Familiar Santa Corina,Pudahuel,MENORES CONTROLADOS
3708,8,10,110752,A0200001,13,13124,5,2,1,Servicio de Salud Metropolitano Occidente,Centro Comunitario de Salud Familiar Padre Félix Gutiérrez Donoso,Pudahuel,MENORES CONTROLADOS
3709,9,10,110758,A0200001,13,13124,0,0,0,Servicio de Salud Metropolitano Occidente,Centro Comunitario de Salud Familiar Santa Corina,Pudahuel,MENORES CONTROLADOS
3710,9,10,110752,A0200002,13,13124,0,0,3,Servicio de Salud Metropolitano Occidente,Centro Comunitario de Salud Familiar Padre Félix Gutiérrez Donoso,Pudahuel,LACTANCIA MATERNA EXCLUSIVA
3711,9,10,110752,A0200001,13,13124,0,0,5,Servicio de Salud Metropolitano Occidente,Centro Comunitario de Salud Familiar Padre Félix Gutiérrez Donoso,Pudahuel,MENORES CONTROLADOS
3712,1,10,110752,A0200001,13,13124,1,4,2,Servicio de Salud Metropolitano Occidente,Centro Comunitario de Salud Familiar Padre Félix Gutiérrez Donoso,Pudahuel,MENORES CONTROLADOS
3713,1,10,110758,A0200001,13,13124,0,0,1,Servicio de Salud Metropolitano Occidente,Centro Comunitario de Salud Familiar Santa Corina,Pudahuel,MENORES CONTROLADOS
3714,1,10,110758,A0200002,13,13124,0,0,0,Servicio de Salud Metropolitano Occidente,Centro Comunitario de Salud Familiar Santa Corina,Pudahuel,LACTANCIA MATERNA EXCLUSIVA
3715,12,10,110758,A0200002,13,13124,0,1,0,Servicio de Salud Metropolitano Occidente,Centro Comunitario de Salud Familiar Santa Corina,Pudahuel,LACTANCIA MATERNA EXCLUSIVA
3716,12,10,110758,A0200001,13,13124,0,1,0,Servicio de Salud Metropolitano Occidente,Centro Comunitario de Salud Familiar Santa Corina,Pudahuel,MENORES CONTROLADOS
3717,12,10,110752,A0200002,13,13124,1,1,0,Servicio de Salud Metropolitano Occidente,Centro Comunitario de Salud Familiar Padre Félix Gutiérrez Donoso,Pudahuel,LACTANCIA MATERNA EXCLUSIVA
3718,12,10,110752,A0200001,13,13124,2,3,0,Servicio de Salud Metropolitano Occidente,Centro Comunitario de Salud Familiar Padre Félix Gutiérrez Donoso,Pudahuel,MENORES CONTROLADOS
3719,11,10,110758,A0200002,13,13124,0,0,0,Servicio de Salud Metropolitano Occidente,Centro Comunitario de Salud Familiar Santa Corina,Pudahuel,LACTANCIA MATERNA EXCLUSIVA
3720,11,10,110758,A0200001,13,13124,0,0,0,Servicio de Salud Metropolitano Occidente,Centro Comunitario de Salud Familiar Santa Corina,Pudahuel,MENORES CONTROLADOS
3721,11,10,110752,A0200002,13,13124,3,0,1,Servicio de Salud Metropolitano Occidente,Centro Comunitario de Salud Familiar Padre Félix Gutiérrez Donoso,Pudahuel,LACTANCIA MATERNA EXCLUSIVA
3722,11,10,110752,A0200001,13,13124,4,0,2,Servicio de Salud Metropolitano Occidente,Centro Comunitario de Salud Familiar Padre Félix Gutiérrez Donoso,Pudahuel,MENORES CONTROLADOS
3723,5,10,110758,A0200001,13,13124,1,0,0,Servicio de Salud Metropolitano Occidente,Centro Comunitario de Salud Familiar Santa Corina,Pudahuel,MENORES CONTROLADOS
3724,5,10,110758,A0200002,13,13124,1,0,0,Servicio de Salud Metropolitano Occidente,Centro Comunitario de Salud Familiar Santa Corina,Pudahuel,LACTANCIA MATERNA EXCLUSIVA
3725,6,10,110752,A0200002,13,13124,2,2,1,Servicio de Salud Metropolitano Occidente,Centro Comunitario de Salud Familiar Padre Félix Gutiérrez Donoso,Pudahuel,LACTANCIA MATERNA EXCLUSIVA
3726,6,10,110752,A0200001,13,13124,2,3,2,Servicio de Salud Metropolitano Occidente,Centro Comunitario de Salud Familiar Padre Félix Gutiérrez Donoso,Pudahuel,MENORES CONTROLADOS
3727,3,10,110758,A0200001,13,13124,0,0,0,Servicio de Salud Metropolitano Occidente,Centro Comunitario de Salud Familiar Santa Corina,Pudahuel,MENORES CONTROLADOS
3728,5,10,110354,A0200002,13,13124,6,12,13,Servicio de Salud Metropolitano Occidente,Centro de Salud Familiar Violeta Parra,Pudahuel,LACTANCIA MATERNA EXCLUSIVA
3729,11,10,110354,A0200002,13,13124,12,12,9,Servicio de Salud Metropolitano Occidente,Centro de Salud Familiar Violeta Parra,Pudahuel,LACTANCIA MATERNA EXCLUSIVA
3730,11,10,110354,A0200001,13,13124,21,22,22,Servicio de Salud Metropolitano Occidente,Centro de Salud Familiar Violeta Parra,Pudahuel,MENORES CONTROLADOS
3731,5,10,110354,A0200001,13,13124,10,18,14,Servicio de Salud Metropolitano Occidente,Centro de Salud Familiar Violeta Parra,Pudahuel,MENORES CONTROLADOS
3732,12,10,110351,A0200002,13,13124,9,11,9,Servicio de Salud Metropolitano Occidente,Centro de Salud Familiar Pudahuel Poniente,Pudahuel,LACTANCIA MATERNA EXCLUSIVA
3733,12,10,110351,A0200001,13,13124,19,19,15,Servicio de Salud Metropolitano Occidente,Centro de Salud Familiar Pudahuel Poniente,Pudahuel,MENORES CONTROLADOS
3734,7,10,110350,A0200002,13,13124,6,7,14,Servicio de Salud Metropolitano Occidente,Centro de Salud Familiar Pudahuel Estrella,Pudahuel,LACTANCIA MATERNA EXCLUSIVA
3735,7,10,110350,A0200001,13,13124,16,20,20,Servicio de Salud Metropolitano Occidente,Centro de Salud Familiar Pudahuel Estrella,Pudahuel,MENORES CONTROLADOS
3736,3,10,110350,A0200001,13,13124,20,13,20,Servicio de Salud Metropolitano Occidente,Centro de Salud Familiar Pudahuel Estrella,Pudahuel,MENORES CONTROLADOS
3737,9,10,110350,A0200002,13,13124,10,8,10,Servicio de Salud Metropolitano Occidente,Centro de Salud Familiar Pudahuel Estrella,Pudahuel,LACTANCIA MATERNA EXCLUSIVA
3738,9,10,110350,A0200001,13,13124,15,20,11,Servicio de Salud Metropolitano Occidente,Centro de Salud Familiar Pudahuel Estrella,Pudahuel,MENORES CONTROLADOS
3739,8,10,110350,A0200002,13,13124,4,12,8,Servicio de Salud Metropolitano Occidente,Centro de Salud Familiar Pudahuel Estrella,Pudahuel,LACTANCIA MATERNA EXCLUSIVA
3740,8,10,110350,A0200001,13,13124,9,17,13,Servicio de Salud Metropolitano Occidente,Centro de Salud Familiar Pudahuel Estrella,Pudahuel,MENORES CONTROLADOS
3741,1,10,110354,A0200002,13,13124,8,8,6,Servicio de Salud Metropolitano Occidente,Centro de Salud Familiar Violeta Parra,Pudahuel,LACTANCIA MATERNA EXCLUSIVA
3742,1,10,110354,A0200001,13,13124,14,10,10,Servicio de Salud Metropolitano Occidente,Centro de Salud Familiar Violeta Parra,Pudahuel,MENORES CONTROLADOS
3743,3,10,110353,A0200002,13,13124,5,8,6,Servicio de Salud Metropolitano Occidente,Centro de Salud Familiar Cardenal Raúl Silva Henríquez,Pudahuel,LACTANCIA MATERNA EXCLUSIVA
3744,10,10,110351,A0200002,13,13124,10,5,13,Servicio de Salud Metropolitano Occidente,Centro de Salud Familiar Pudahuel Poniente,Pudahuel,LACTANCIA MATERNA EXCLUSIVA
3745,9,10,110410,A0200002,13,13124,0,0,0,Servicio de Salud Metropolitano Occidente,Centro Comunitario de Salud Familiar Irene Frei Montalva,Pudahuel,LACTANCIA MATERNA EXCLUSIVA
3746,9,10,110410,A0200001,13,13124,0,0,0,Servicio de Salud Metropolitano Occidente,Centro Comunitario de Salud Familiar Irene Frei Montalva,Pudahuel,MENORES CONTROLADOS
3747,4,10,110410,A0200002,13,13124,0,0,0,Servicio de Salud Metropolitano Occidente,Centro Comunitario de Salud Familiar Irene Frei Montalva,Pudahuel,LACTANCIA MATERNA EXCLUSIVA
3748,4,10,110410,A0200001,13,13124,0,0,0,Servicio de Salud Metropolitano Occidente,Centro Comunitario de Salud Familiar Irene Frei Montalva,Pudahuel,MENORES CONTROLADOS
3749,11,10,110350,A0200002,13,13124,8,12,20,Servicio de Salud Metropolitano Occidente,Centro de Salud Familiar Pudahuel Estrella,Pudahuel,LACTANCIA MATERNA EXCLUSIVA
3750,11,10,110350,A0200001,13,13124,11,22,26,Servicio de Salud Metropolitano Occidente,Centro de Salud Familiar Pudahuel Estrella,Pudahuel,MENORES CONTROLADOS
3751,6,10,110350,A0200002,13,13124,13,7,7,Servicio de Salud Metropolitano Occidente,Centro de Salud Familiar Pudahuel Estrella,Pudahuel,LACTANCIA MATERNA EXCLUSIVA
3752,6,10,110350,A0200001,13,13124,19,18,11,Servicio de Salud Metropolitano Occidente,Centro de Salud Familiar Pudahuel Estrella,Pudahuel,MENORES CONTROLADOS
3753,2,10,110353,A0200002,13,13124,12,8,4,Servicio de Salud Metropolitano Occidente,Centro de Salud Familiar Cardenal Raúl Silva Henríquez,Pudahuel,LACTANCIA MATERNA EXCLUSIVA
3754,6,10,110354,A0200002,13,13124,11,11,7,Servicio de Salud Metropolitano Occidente,Centro de Salud Familiar Violeta Parra,Pudahuel,LACTANCIA MATERNA EXCLUSIVA
3755,6,10,110354,A0200001,13,13124,23,15,10,Servicio de Salud Metropolitano Occidente,Centro de Salud Familiar Violeta Parra,Pudahuel,MENORES CONTROLADOS
3756,2,10,110353,A0200001,13,13124,17,14,8,Servicio de Salud Metropolitano Occidente,Centro de Salud Familiar Cardenal Raúl Silva Henríquez,Pudahuel,MENORES CONTROLADOS
3757,10,10,110350,A0200002,13,13124,11,11,17,Servicio de Salud Metropolitano Occidente,Centro de Salud Familiar Pudahuel Estrella,Pudahuel,LACTANCIA MATERNA EXCLUSIVA
3758,10,10,110350,A0200001,13,13124,19,17,23,Servicio de Salud Metropolitano Occidente,Centro de Salud Familiar Pudahuel Estrella,Pudahuel,MENORES CONTROLADOS
3759,2,10,110351,A0200002,13,13124,1,6,5,Servicio de Salud Metropolitano Occidente,Centro de Salud Familiar Pudahuel Poniente,Pudahuel,LACTANCIA MATERNA EXCLUSIVA
3760,2,10,110351,A0200001,13,13124,1,12,7,Servicio de Salud Metropolitano Occidente,Centro de Salud Familiar Pudahuel Poniente,Pudahuel,MENORES CONTROLADOS
3761,1,10,110350,A0200002,13,13124,12,12,12,Servicio de Salud Metropolitano Occidente,Centro de Salud Familiar Pudahuel Estrella,Pudahuel,LACTANCIA MATERNA EXCLUSIVA
3762,1,10,110350,A0200001,13,13124,18,23,15,Servicio de Salud Metropolitano Occidente,Centro de Salud Familiar Pudahuel Estrella,Pudahuel,MENORES CONTROLADOS
3763,7,10,110354,A0200002,13,13124,10,12,13,Servicio de Salud Metropolitano Occidente,Centro de Salud Familiar Violeta Parra,Pudahuel,LACTANCIA MATERNA EXCLUSIVA
3764,7,10,110354,A0200001,13,13124,17,20,20,Servicio de Salud Metropolitano Occidente,Centro de Salud Familiar Violeta Parra,Pudahuel,MENORES CONTROLADOS
3765,2,10,110350,A0200002,13,13124,6,6,8,Servicio de Salud Metropolitano Occidente,Centro de Salud Familiar Pudahuel Estrella,Pudahuel,LACTANCIA MATERNA EXCLUSIVA
3766,2,10,110350,A0200001,13,13124,9,15,12,Servicio de Salud Metropolitano Occidente,Centro de Salud Familiar Pudahuel Estrella,Pudahuel,MENORES CONTROLADOS
3767,4,10,110350,A0200002,13,13124,6,8,11,Servicio de Salud Metropolitano Occidente,Centro de Salud Familiar Pudahuel Estrella,Pudahuel,LACTANCIA MATERNA EXCLUSIVA
3768,4,10,110350,A0200001,13,13124,16,15,16,Servicio de Salud Metropolitano Occidente,Centro de Salud Familiar Pudahuel Estrella,Pudahuel,MENORES CONTROLADOS
3769,8,10,110410,A0200002,13,13124,0,0,0,Servicio de Salud Metropolitano Occidente,Centro Comunitario de Salud Familiar Irene Frei Montalva,Pudahuel,LACTANCIA MATERNA EXCLUSIVA
3770,8,10,110410,A0200001,13,13124,0,0,0,Servicio de Salud Metropolitano Occidente,Centro Comunitario de Salud Familiar Irene Frei Montalva,Pudahuel,MENORES CONTROLADOS
3771,3,10,110351,A0200002,13,13124,3,12,7,Servicio de Salud Metropolitano Occidente,Centro de Salud Familiar Pudahuel Poniente,Pudahuel,LACTANCIA MATERNA EXCLUSIVA
3772,3,10,110351,A0200001,13,13124,5,17,17,Servicio de Salud Metropolitano Occidente,Centro de Salud Familiar Pudahuel Poniente,Pudahuel,MENORES CONTROLADOS
3773,6,10,110353,A0200002,13,13124,8,5,12,Servicio de Salud Metropolitano Occidente,Centro de Salud Familiar Cardenal Raúl Silva Henríquez,Pudahuel,LACTANCIA MATERNA EXCLUSIVA
3774,11,10,110351,A0200002,13,13124,1,13,11,Servicio de Salud Metropolitano Occidente,Centro de Salud Familiar Pudahuel Poniente,Pudahuel,LACTANCIA MATERNA EXCLUSIVA
3775,11,10,110351,A0200001,13,13124,3,20,14,Servicio de Salud Metropolitano Occidente,Centro de Salud Familiar Pudahuel Poniente,Pudahuel,MENORES CONTROLADOS
3776,6,10,110353,A0200001,13,13124,17,12,19,Servicio de Salud Metropolitano Occidente,Centro de Salud Familiar Cardenal Raúl Silva Henríquez,Pudahuel,MENORES CONTROLADOS
3777,1,10,110353,A0200002,13,13124,5,7,9,Servicio de Salud Metropolitano Occidente,Centro de Salud Familiar Cardenal Raúl Silva Henríquez,Pudahuel,LACTANCIA MATERNA EXCLUSIVA
3778,1,10,110353,A0200001,13,13124,11,16,14,Servicio de Salud Metropolitano Occidente,Centro de Salud Familiar Cardenal Raúl Silva Henríquez,Pudahuel,MENORES CONTROLADOS
3779,3,10,110410,A0200002,13,13124,0,0,0,Servicio de Salud Metropolitano Occidente,Centro Comunitario de Salud Familiar Irene Frei Montalva,Pudahuel,LACTANCIA MATERNA EXCLUSIVA
3780,3,10,110410,A0200001,13,13124,0,0,0,Servicio de Salud Metropolitano Occidente,Centro Comunitario de Salud Familiar Irene Frei Montalva,Pudahuel,MENORES CONTROLADOS
3781,12,10,110354,A0200002,13,13124,10,9,14,Servicio de Salud Metropolitano Occidente,Centro de Salud Familiar Violeta Parra,Pudahuel,LACTANCIA MATERNA EXCLUSIVA
3782,12,10,110354,A0200001,13,13124,15,13,18,Servicio de Salud Metropolitano Occidente,Centro de Salud Familiar Violeta Parra,Pudahuel,MENORES CONTROLADOS
3783,3,10,110354,A0200001,13,13124,16,10,16,Servicio de Salud Metropolitano Occidente,Centro de Salud Familiar Violeta Parra,Pudahuel,MENORES CONTROLADOS
3784,2,10,110354,A0200002,13,13124,14,9,8,Servicio de Salud Metropolitano Occidente,Centro de Salud Familiar Violeta Parra,Pudahuel,LACTANCIA MATERNA EXCLUSIVA
3785,2,10,110354,A0200001,13,13124,19,11,13,Servicio de Salud Metropolitano Occidente,Centro de Salud Familiar Violeta Parra,Pudahuel,MENORES CONTROLADOS
3786,10,10,110410,A0200002,13,13124,0,0,0,Servicio de Salud Metropolitano Occidente,Centro Comunitario de Salud Familiar Irene Frei Montalva,Pudahuel,LACTANCIA MATERNA EXCLUSIVA
3787,10,10,110410,A0200001,13,13124,0,0,0,Servicio de Salud Metropolitano Occidente,Centro Comunitario de Salud Familiar Irene Frei Montalva,Pudahuel,MENORES CONTROLADOS
3788,4,10,110353,A0200002,13,13124,7,7,10,Servicio de Salud Metropolitano Occidente,Centro de Salud Familiar Cardenal Raúl Silva Henríquez,Pudahuel,LACTANCIA MATERNA EXCLUSIVA
3789,4,10,110353,A0200001,13,13124,12,17,14,Servicio de Salud Metropolitano Occidente,Centro de Salud Familiar Cardenal Raúl Silva Henríquez,Pudahuel,MENORES CONTROLADOS
3790,11,10,110353,A0200002,13,13124,8,10,13,Servicio de Salud Metropolitano Occidente,Centro de Salud Familiar Cardenal Raúl Silva Henríquez,Pudahuel,LACTANCIA MATERNA EXCLUSIVA
3791,11,10,110353,A0200001,13,13124,10,15,19,Servicio de Salud Metropolitano Occidente,Centro de Salud Familiar Cardenal Raúl Silva Henríquez,Pudahuel,MENORES CONTROLADOS
3792,6,10,110410,A0200001,13,13124,1,0,0,Servicio de Salud Metropolitano Occidente,Centro Comunitario de Salud Familiar Irene Frei Montalva,Pudahuel,MENORES CONTROLADOS
3793,6,10,110351,A0200002,13,13124,8,13,16,Servicio de Salud Metropolitano Occidente,Centro de Salud Familiar Pudahuel Poniente,Pudahuel,LACTANCIA MATERNA EXCLUSIVA
3794,5,10,110410,A0200002,13,13124,0,0,0,Servicio de Salud Metropolitano Occidente,Centro Comunitario de Salud Familiar Irene Frei Montalva,Pudahuel,LACTANCIA MATERNA EXCLUSIVA
3795,5,10,110410,A0200001,13,13124,0,0,0,Servicio de Salud Metropolitano Occidente,Centro Comunitario de Salud Familiar Irene Frei Montalva,Pudahuel,MENORES CONTROLADOS
3796,7,10,110410,A0200002,13,13124,0,0,0,Servicio de Salud Metropolitano Occidente,Centro Comunitario de Salud Familiar Irene Frei Montalva,Pudahuel,LACTANCIA MATERNA EXCLUSIVA
3797,7,10,110410,A0200001,13,13124,0,0,0,Servicio de Salud Metropolitano Occidente,Centro Comunitario de Salud Familiar Irene Frei Montalva,Pudahuel,MENORES CONTROLADOS
3798,10,10,110351,A0200001,13,13124,14,13,15,Servicio de Salud Metropolitano Occidente,Centro de Salud Familiar Pudahuel Poniente,Pudahuel,MENORES CONTROLADOS
3799,9,10,110353,A0200002,13,13124,7,6,2,Servicio de Salud Metropolitano Occidente,Centro de Salud Familiar Cardenal Raúl Silva Henríquez,Pudahuel,LACTANCIA MATERNA EXCLUSIVA
3800,9,10,110353,A0200001,13,13124,13,15,6,Servicio de Salud Metropolitano Occidente,Centro de Salud Familiar Cardenal Raúl Silva Henríquez,Pudahuel,MENORES CONTROLADOS
3801,3,10,110354,A0200002,13,13124,12,7,9,Servicio de Salud Metropolitano Occidente,Centro de Salud Familiar Violeta Parra,Pudahuel,LACTANCIA MATERNA EXCLUSIVA
3802,6,10,110351,A0200001,13,13124,11,22,26,Servicio de Salud Metropolitano Occidente,Centro de Salud Familiar Pudahuel Poniente,Pudahuel,MENORES CONTROLADOS
3803,5,10,110353,A0200002,13,13124,8,8,10,Servicio de Salud Metropolitano Occidente,Centro de Salud Familiar Cardenal Raúl Silva Henríquez,Pudahuel,LACTANCIA MATERNA EXCLUSIVA
3804,5,10,110353,A0200001,13,13124,12,12,14,Servicio de Salud Metropolitano Occidente,Centro de Salud Familiar Cardenal Raúl Silva Henríquez,Pudahuel,MENORES CONTROLADOS
3805,8,10,110353,A0200002,13,13124,1,7,11,Servicio de Salud Metropolitano Occidente,Centro de Salud Familiar Cardenal Raúl Silva Henríquez,Pudahuel,LACTANCIA MATERNA EXCLUSIVA
3806,8,10,110353,A0200001,13,13124,8,14,16,Servicio de Salud Metropolitano Occidente,Centro de Salud Familiar Cardenal Raúl Silva Henríquez,Pudahuel,MENORES CONTROLADOS
3807,3,10,110350,A0200002,13,13124,13,6,11,Servicio de Salud Metropolitano Occidente,Centro de Salud Familiar Pudahuel Estrella,Pudahuel,LACTANCIA MATERNA EXCLUSIVA
3808,5,10,110351,A0200001,13,13124,7,22,20,Servicio de Salud Metropolitano Occidente,Centro de Salud Familiar Pudahuel Poniente,Pudahuel,MENORES CONTROLADOS
3809,5,10,110351,A0200002,13,13124,5,16,12,Servicio de Salud Metropolitano Occidente,Centro de Salud Familiar Pudahuel Poniente,Pudahuel,LACTANCIA MATERNA EXCLUSIVA
3810,7,10,110351,A0200002,13,13124,6,9,12,Servicio de Salud Metropolitano Occidente,Centro de Salud Familiar Pudahuel Poniente,Pudahuel,LACTANCIA MATERNA EXCLUSIVA
3811,7,10,110351,A0200001,13,13124,8,15,24,Servicio de Salud Metropolitano Occidente,Centro de Salud Familiar Pudahuel Poniente,Pudahuel,MENORES CONTROLADOS
3812,12,10,110410,A0200001,13,13124,0,0,0,Servicio de Salud Metropolitano Occidente,Centro Comunitario de Salud Familiar Irene Frei Montalva,Pudahuel,MENORES CONTROLADOS
3813,12,10,110410,A0200002,13,13124,0,0,0,Servicio de Salud Metropolitano Occidente,Centro Comunitario de Salud Familiar Irene Frei Montalva,Pudahuel,LACTANCIA MATERNA EXCLUSIVA
3814,1,10,110351,A0200002,13,13124,10,11,15,Servicio de Salud Metropolitano Occidente,Centro de Salud Familiar Pudahuel Poniente,Pudahuel,LACTANCIA MATERNA EXCLUSIVA
3815,4,10,110354,A0200002,13,13124,12,14,9,Servicio de Salud Metropolitano Occidente,Centro de Salud Familiar Violeta Parra,Pudahuel,LACTANCIA MATERNA EXCLUSIVA
3816,4,10,110354,A0200001,13,13124,16,20,12,Servicio de Salud Metropolitano Occidente,Centro de Salud Familiar Violeta Parra,Pudahuel,MENORES CONTROLADOS
3817,10,10,110353,A0200001,13,13124,12,8,11,Servicio de Salud Metropolitano Occidente,Centro de Salud Familiar Cardenal Raúl Silva Henríquez,Pudahuel,MENORES CONTROLADOS
3818,10,10,110353,A0200002,13,13124,4,5,6,Servicio de Salud Metropolitano Occidente,Centro de Salud Familiar Cardenal Raúl Silva Henríquez,Pudahuel,LACTANCIA MATERNA EXCLUSIVA
3819,9,10,110354,A0200001,13,13124,15,17,16,Servicio de Salud Metropolitano Occidente,Centro de Salud Familiar Violeta Parra,Pudahuel,MENORES CONTROLADOS
3820,9,10,110354,A0200002,13,13124,9,8,10,Servicio de Salud Metropolitano Occidente,Centro de Salud Familiar Violeta Parra,Pudahuel,LACTANCIA MATERNA EXCLUSIVA
3821,12,10,110350,A0200002,13,13124,6,12,11,Servicio de Salud Metropolitano Occidente,Centro de Salud Familiar Pudahuel Estrella,Pudahuel,LACTANCIA MATERNA EXCLUSIVA
3822,9,10,110351,A0200002,13,13124,7,9,9,Servicio de Salud Metropolitano Occidente,Centro de Salud Familiar Pudahuel Poniente,Pudahuel,LACTANCIA MATERNA EXCLUSIVA
3823,9,10,110351,A0200001,13,13124,11,16,12,Servicio de Salud Metropolitano Occidente,Centro de Salud Familiar Pudahuel Poniente,Pudahuel,MENORES CONTROLADOS
3824,12,10,110350,A0200001,13,13124,8,23,17,Servicio de Salud Metropolitano Occidente,Centro de Salud Familiar Pudahuel Estrella,Pudahuel,MENORES CONTROLADOS
3825,10,10,110354,A0200001,13,13124,6,16,23,Servicio de Salud Metropolitano Occidente,Centro de Salud Familiar Violeta Parra,Pudahuel,MENORES CONTROLADOS
3826,10,10,110354,A0200002,13,13124,2,10,10,Servicio de Salud Metropolitano Occidente,Centro de Salud Familiar Violeta Parra,Pudahuel,LACTANCIA MATERNA EXCLUSIVA
3827,11,10,110410,A0200001,13,13124,0,1,0,Servicio de Salud Metropolitano Occidente,Centro Comunitario de Salud Familiar Irene Frei Montalva,Pudahuel,MENORES CONTROLADOS
3828,3,10,110353,A0200001,13,13124,14,12,10,Servicio de Salud Metropolitano Occidente,Centro de Salud Familiar Cardenal Raúl Silva Henríquez,Pudahuel,MENORES CONTROLADOS
3829,8,10,110354,A0200002,13,13124,14,9,10,Servicio de Salud Metropolitano Occidente,Centro de Salud Familiar Violeta Parra,Pudahuel,LACTANCIA MATERNA EXCLUSIVA
3830,8,10,110354,A0200001,13,13124,16,15,16,Servicio de Salud Metropolitano Occidente,Centro de Salud Familiar Violeta Parra,Pudahuel,MENORES CONTROLADOS
3831,7,10,110353,A0200002,13,13124,13,4,8,Servicio de Salud Metropolitano Occidente,Centro de Salud Familiar Cardenal Raúl Silva Henríquez,Pudahuel,LACTANCIA MATERNA EXCLUSIVA
3832,7,10,110353,A0200001,13,13124,20,13,13,Servicio de Salud Metropolitano Occidente,Centro de Salud Familiar Cardenal Raúl Silva Henríquez,Pudahuel,MENORES CONTROLADOS
3833,1,10,110351,A0200001,13,13124,12,14,29,Servicio de Salud Metropolitano Occidente,Centro de Salud Familiar Pudahuel Poniente,Pudahuel,MENORES CONTROLADOS
3834,5,10,110350,A0200002,13,13124,3,12,11,Servicio de Salud Metropolitano Occidente,Centro de Salud Familiar Pudahuel Estrella,Pudahuel,LACTANCIA MATERNA EXCLUSIVA
3835,5,10,110350,A0200001,13,13124,8,19,23,Servicio de Salud Metropolitano Occidente,Centro de Salud Familiar Pudahuel Estrella,Pudahuel,MENORES CONTROLADOS
3836,4,10,110351,A0200002,13,13124,1,11,13,Servicio de Salud Metropolitano Occidente,Centro de Salud Familiar Pudahuel Poniente,Pudahuel,LACTANCIA MATERNA EXCLUSIVA
3837,4,10,110351,A0200001,13,13124,2,17,16,Servicio de Salud Metropolitano Occidente,Centro de Salud Familiar Pudahuel Poniente,Pudahuel,MENORES CONTROLADOS
3838,8,10,110351,A0200002,13,13124,4,12,14,Servicio de Salud Metropolitano Occidente,Centro de Salud Familiar Pudahuel Poniente,Pudahuel,LACTANCIA MATERNA EXCLUSIVA
3839,8,10,110351,A0200001,13,13124,7,17,20,Servicio de Salud Metropolitano Occidente,Centro de Salud Familiar Pudahuel Poniente,Pudahuel,MENORES CONTROLADOS
3840,12,10,110353,A0200002,13,13124,6,7,11,Servicio de Salud Metropolitano Occidente,Centro de Salud Familiar Cardenal Raúl Silva Henríquez,Pudahuel,LACTANCIA MATERNA EXCLUSIVA
3841,12,10,110353,A0200001,13,13124,11,16,16,Servicio de Salud Metropolitano Occidente,Centro de Salud Familiar Cardenal Raúl Silva Henríquez,Pudahuel,MENORES CONTROLADOS
3842,6,10,110310,A0200001,13,13126,26,20,12,Servicio de Salud Metropolitano Occidente,Centro de Salud Familiar Andes,Quinta Normal,MENORES CONTROLADOS
3843,6,10,110310,A0200002,13,13126,14,17,7,Servicio de Salud Metropolitano Occidente,Centro de Salud Familiar Andes,Quinta Normal,LACTANCIA MATERNA EXCLUSIVA
3844,11,10,110310,A0200002,13,13126,9,11,6,Servicio de Salud Metropolitano Occidente,Centro de Salud Familiar Andes,Quinta Normal,LACTANCIA MATERNA EXCLUSIVA
3845,11,10,110310,A0200001,13,13126,16,13,17,Servicio de Salud Metropolitano Occidente,Centro de Salud Familiar Andes,Quinta Normal,MENORES CONTROLADOS
3846,9,10,110310,A0200002,13,13126,12,19,11,Servicio de Salud Metropolitano Occidente,Centro de Salud Familiar Andes,Quinta Normal,LACTANCIA MATERNA EXCLUSIVA
3847,9,10,110310,A0200001,13,13126,17,28,20,Servicio de Salud Metropolitano Occidente,Centro de Salud Familiar Andes,Quinta Normal,MENORES CONTROLADOS
3848,5,10,110310,A0200001,13,13126,27,6,18,Servicio de Salud Metropolitano Occidente,Centro de Salud Familiar Andes,Quinta Normal,MENORES CONTROLADOS
3849,5,10,110310,A0200002,13,13126,25,3,8,Servicio de Salud Metropolitano Occidente,Centro de Salud Familiar Andes,Quinta Normal,LACTANCIA MATERNA EXCLUSIVA
3850,1,10,110310,A0200002,13,13126,17,9,7,Servicio de Salud Metropolitano Occidente,Centro de Salud Familiar Andes,Quinta Normal,LACTANCIA MATERNA EXCLUSIVA
3851,1,10,110310,A0200001,13,13126,19,19,20,Servicio de Salud Metropolitano Occidente,Centro de Salud Familiar Andes,Quinta Normal,MENORES CONTROLADOS
3852,9,10,110720,A0200002,13,13126,2,1,2,Servicio de Salud Metropolitano Occidente,Centro Comunitario de Salud Familiar Catamarca,Quinta Normal,LACTANCIA MATERNA EXCLUSIVA
3853,9,10,110720,A0200001,13,13126,2,1,2,Servicio de Salud Metropolitano Occidente,Centro Comunitario de Salud Familiar Catamarca,Quinta Normal,MENORES CONTROLADOS
3854,3,10,110310,A0200002,13,13126,9,15,3,Servicio de Salud Metropolitano Occidente,Centro de Salud Familiar Andes,Quinta Normal,LACTANCIA MATERNA EXCLUSIVA
3855,3,10,110310,A0200001,13,13126,16,23,9,Servicio de Salud Metropolitano Occidente,Centro de Salud Familiar Andes,Quinta Normal,MENORES CONTROLADOS
3856,1,10,110720,A0200002,13,13126,,2,1,Servicio de Salud Metropolitano Occidente,Centro Comunitario de Salud Familiar Catamarca,Quinta Normal,LACTANCIA MATERNA EXCLUSIVA
3857,1,10,110720,A0200001,13,13126,,3,2,Servicio de Salud Metropolitano Occidente,Centro Comunitario de Salud Familiar Catamarca,Quinta Normal,MENORES CONTROLADOS
3858,2,10,110310,A0200002,13,13126,17,6,6,Servicio de Salud Metropolitano Occidente,Centro de Salud Familiar Andes,Quinta Normal,LACTANCIA MATERNA EXCLUSIVA
3859,2,10,110310,A0200001,13,13126,20,8,26,Servicio de Salud Metropolitano Occidente,Centro de Salud Familiar Andes,Quinta Normal,MENORES CONTROLADOS
3860,8,10,110720,A0200002,13,13126,2,1,3,Servicio de Salud Metropolitano Occidente,Centro Comunitario de Salud Familiar Catamarca,Quinta Normal,LACTANCIA MATERNA EXCLUSIVA
3861,8,10,110720,A0200001,13,13126,2,2,3,Servicio de Salud Metropolitano Occidente,Centro Comunitario de Salud Familiar Catamarca,Quinta Normal,MENORES CONTROLADOS
3862,2,10,110720,A0200002,13,13126,1,2,1,Servicio de Salud Metropolitano Occidente,Centro Comunitario de Salud Familiar Catamarca,Quinta Normal,LACTANCIA MATERNA EXCLUSIVA
3863,2,10,110720,A0200001,13,13126,1,2,1,Servicio de Salud Metropolitano Occidente,Centro Comunitario de Salud Familiar Catamarca,Quinta Normal,MENORES CONTROLADOS
3864,12,10,110310,A0200002,13,13126,12,7,6,Servicio de Salud Metropolitano Occidente,Centro de Salud Familiar Andes,Quinta Normal,LACTANCIA MATERNA EXCLUSIVA
3865,12,10,110310,A0200001,13,13126,15,15,15,Servicio de Salud Metropolitano Occidente,Centro de Salud Familiar Andes,Quinta Normal,MENORES CONTROLADOS
3866,8,10,110310,A0200002,13,13126,13,13,8,Servicio de Salud Metropolitano Occidente,Centro de Salud Familiar Andes,Quinta Normal,LACTANCIA MATERNA EXCLUSIVA
3867,8,10,110310,A0200001,13,13126,19,24,15,Servicio de Salud Metropolitano Occidente,Centro de Salud Familiar Andes,Quinta Normal,MENORES CONTROLADOS
3868,10,10,110310,A0200001,13,13126,23,20,28,Servicio de Salud Metropolitano Occidente,Centro de Salud Familiar Andes,Quinta Normal,MENORES CONTROLADOS
3869,10,10,110310,A0200002,13,13126,16,15,11,Servicio de Salud Metropolitano Occidente,Centro de Salud Familiar Andes,Quinta Normal,LACTANCIA MATERNA EXCLUSIVA
3870,5,10,110720,A0200002,13,13126,,1,4,Servicio de Salud Metropolitano Occidente,Centro Comunitario de Salud Familiar Catamarca,Quinta Normal,LACTANCIA MATERNA EXCLUSIVA
3871,5,10,110720,A0200001,13,13126,,2,5,Servicio de Salud Metropolitano Occidente,Centro Comunitario de Salud Familiar Catamarca,Quinta Normal,MENORES CONTROLADOS
3872,6,10,110720,A0200002,13,13126,2,2,1,Servicio de Salud Metropolitano Occidente,Centro Comunitario de Salud Familiar Catamarca,Quinta Normal,LACTANCIA MATERNA EXCLUSIVA
3873,6,10,110720,A0200001,13,13126,3,2,1,Servicio de Salud Metropolitano Occidente,Centro Comunitario de Salud Familiar Catamarca,Quinta Normal,MENORES CONTROLADOS
3874,7,10,110720,A0200002,13,13126,1,,3,Servicio de Salud Metropolitano Occidente,Centro Comunitario de Salud Familiar Catamarca,Quinta Normal,LACTANCIA MATERNA EXCLUSIVA
3875,7,10,110720,A0200001,13,13126,1,2,3,Servicio de Salud Metropolitano Occidente,Centro Comunitario de Salud Familiar Catamarca,Quinta Normal,MENORES CONTROLADOS
3876,7,10,110310,A0200001,13,13126,24,26,18,Servicio de Salud Metropolitano Occidente,Centro de Salud Familiar Andes,Quinta Normal,MENORES CONTROLADOS
3877,7,10,110310,A0200002,13,13126,17,13,10,Servicio de Salud Metropolitano Occidente,Centro de Salud Familiar Andes,Quinta Normal,LACTANCIA MATERNA EXCLUSIVA
3878,11,10,110720,A0200002,13,13126,1,2,3,Servicio de Salud Metropolitano Occidente,Centro Comunitario de Salud Familiar Catamarca,Quinta Normal,LACTANCIA MATERNA EXCLUSIVA
3879,11,10,110720,A0200001,13,13126,1,3,3,Servicio de Salud Metropolitano Occidente,Centro Comunitario de Salud Familiar Catamarca,Quinta Normal,MENORES CONTROLADOS
3880,3,10,110720,A0200002,13,13126,2,1,1,Servicio de Salud Metropolitano Occidente,Centro Comunitario de Salud Familiar Catamarca,Quinta Normal,LACTANCIA MATERNA EXCLUSIVA
3881,3,10,110720,A0200001,13,13126,2,1,1,Servicio de Salud Metropolitano Occidente,Centro Comunitario de Salud Familiar Catamarca,Quinta Normal,MENORES CONTROLADOS
3882,10,10,110720,A0200002,13,13126,,,2,Servicio de Salud Metropolitano Occidente,Centro Comunitario de Salud Familiar Catamarca,Quinta Normal,LACTANCIA MATERNA EXCLUSIVA
3883,10,10,110720,A0200001,13,13126,,,3,Servicio de Salud Metropolitano Occidente,Centro Comunitario de Salud Familiar Catamarca,Quinta Normal,MENORES CONTROLADOS
3884,4,10,110720,A0200001,13,13126,4,2,3,Servicio de Salud Metropolitano Occidente,Centro Comunitario de Salud Familiar Catamarca,Quinta Normal,MENORES CONTROLADOS
3885,4,10,110720,A0200002,13,13126,4,2,3,Servicio de Salud Metropolitano Occidente,Centro Comunitario de Salud Familiar Catamarca,Quinta Normal,LACTANCIA MATERNA EXCLUSIVA
3886,4,10,110310,A0200002,13,13126,15,12,1,Servicio de Salud Metropolitano Occidente,Centro de Salud Familiar Andes,Quinta Normal,LACTANCIA MATERNA EXCLUSIVA
3887,4,10,110310,A0200001,13,13126,23,16,12,Servicio de Salud Metropolitano Occidente,Centro de Salud Familiar Andes,Quinta Normal,MENORES CONTROLADOS
3888,12,10,110720,A0200002,13,13126,1,1,1,Servicio de Salud Metropolitano Occidente,Centro Comunitario de Salud Familiar Catamarca,Quinta Normal,LACTANCIA MATERNA EXCLUSIVA
3889,12,10,110720,A0200001,13,13126,1,1,1,Servicio de Salud Metropolitano Occidente,Centro Comunitario de Salud Familiar Catamarca,Quinta Normal,MENORES CONTROLADOS
3890,11,10,110320,A0200001,13,13126,12,19,12,Servicio de Salud Metropolitano Occidente,Centro de Salud Familiar Lo Franco,Quinta Normal,MENORES CONTROLADOS
3891,11,10,110320,A0200002,13,13126,7,12,10,Servicio de Salud Metropolitano Occidente,Centro de Salud Familiar Lo Franco,Quinta Normal,LACTANCIA MATERNA EXCLUSIVA
3892,10,10,110320,A0200002,13,13126,6,12,9,Servicio de Salud Metropolitano Occidente,Centro de Salud Familiar Lo Franco,Quinta Normal,LACTANCIA MATERNA EXCLUSIVA
3893,8,10,110320,A0200002,13,13126,7,2,5,Servicio de Salud Metropolitano Occidente,Centro de Salud Familiar Lo Franco,Quinta Normal,LACTANCIA MATERNA EXCLUSIVA
3894,8,10,110320,A0200001,13,13126,13,8,9,Servicio de Salud Metropolitano Occidente,Centro de Salud Familiar Lo Franco,Quinta Normal,MENORES CONTROLADOS
3895,10,10,110320,A0200001,13,13126,9,16,15,Servicio de Salud Metropolitano Occidente,Centro de Salud Familiar Lo Franco,Quinta Normal,MENORES CONTROLADOS
3896,4,10,110320,A0200001,13,13126,8,20,7,Servicio de Salud Metropolitano Occidente,Centro de Salud Familiar Lo Franco,Quinta Normal,MENORES CONTROLADOS
3897,6,10,110320,A0200002,13,13126,6,12,13,Servicio de Salud Metropolitano Occidente,Centro de Salud Familiar Lo Franco,Quinta Normal,LACTANCIA MATERNA EXCLUSIVA
3898,6,10,110320,A0200001,13,13126,12,17,17,Servicio de Salud Metropolitano Occidente,Centro de Salud Familiar Lo Franco,Quinta Normal,MENORES CONTROLADOS
3899,5,10,110320,A0200002,13,13126,10,3,8,Servicio de Salud Metropolitano Occidente,Centro de Salud Familiar Lo Franco,Quinta Normal,LACTANCIA MATERNA EXCLUSIVA
3900,5,10,110320,A0200001,13,13126,17,8,9,Servicio de Salud Metropolitano Occidente,Centro de Salud Familiar Lo Franco,Quinta Normal,MENORES CONTROLADOS
3901,7,10,110320,A0200002,13,13126,8,9,12,Servicio de Salud Metropolitano Occidente,Centro de Salud Familiar Lo Franco,Quinta Normal,LACTANCIA MATERNA EXCLUSIVA
3902,7,10,110320,A0200001,13,13126,16,14,19,Servicio de Salud Metropolitano Occidente,Centro de Salud Familiar Lo Franco,Quinta Normal,MENORES CONTROLADOS
3903,2,10,110320,A0200002,13,13126,5,3,5,Servicio de Salud Metropolitano Occidente,Centro de Salud Familiar Lo Franco,Quinta Normal,LACTANCIA MATERNA EXCLUSIVA
3904,2,10,110320,A0200001,13,13126,18,6,14,Servicio de Salud Metropolitano Occidente,Centro de Salud Familiar Lo Franco,Quinta Normal,MENORES CONTROLADOS
3905,1,10,110320,A0200002,13,13126,9,3,6,Servicio de Salud Metropolitano Occidente,Centro de Salud Familiar Lo Franco,Quinta Normal,LACTANCIA MATERNA EXCLUSIVA
3906,1,10,110320,A0200001,13,13126,20,12,11,Servicio de Salud Metropolitano Occidente,Centro de Salud Familiar Lo Franco,Quinta Normal,MENORES CONTROLADOS
3907,9,10,110320,A0200002,13,13126,10,10,5,Servicio de Salud Metropolitano Occidente,Centro de Salud Familiar Lo Franco,Quinta Normal,LACTANCIA MATERNA EXCLUSIVA
3908,9,10,110320,A0200001,13,13126,15,15,6,Servicio de Salud Metropolitano Occidente,Centro de Salud Familiar Lo Franco,Quinta Normal,MENORES CONTROLADOS
3909,4,10,110320,A0200002,13,13126,4,9,4,Servicio de Salud Metropolitano Occidente,Centro de Salud Familiar Lo Franco,Quinta Normal,LACTANCIA MATERNA EXCLUSIVA
3910,3,10,110320,A0200002,13,13126,5,7,4,Servicio de Salud Metropolitano Occidente,Centro de Salud Familiar Lo Franco,Quinta Normal,LACTANCIA MATERNA EXCLUSIVA
3911,3,10,110320,A0200001,13,13126,9,17,16,Servicio de Salud Metropolitano Occidente,Centro de Salud Familiar Lo Franco,Quinta Normal,MENORES CONTROLADOS
3912,12,10,110320,A0200002,13,13126,6,6,13,Servicio de Salud Metropolitano Occidente,Centro de Salud Familiar Lo Franco,Quinta Normal,LACTANCIA MATERNA EXCLUSIVA
3913,12,10,110320,A0200001,13,13126,12,9,16,Servicio de Salud Metropolitano Occidente,Centro de Salud Familiar Lo Franco,Quinta Normal,MENORES CONTROLADOS
3914,6,10,200342,A0200002,13,13126,3,0,4,Servicio de Salud Metropolitano Occidente,Centro Comunitario de Salud Familiar Plaza México,Quinta Normal,LACTANCIA MATERNA EXCLUSIVA
3915,6,10,200342,A0200001,13,13126,7,1,5,Servicio de Salud Metropolitano Occidente,Centro Comunitario de Salud Familiar Plaza México,Quinta Normal,MENORES CONTROLADOS
3916,9,10,200342,A0200002,13,13126,2,3,0,Servicio de Salud Metropolitano Occidente,Centro Comunitario de Salud Familiar Plaza México,Quinta Normal,LACTANCIA MATERNA EXCLUSIVA
3917,9,10,200342,A0200001,13,13126,3,3,2,Servicio de Salud Metropolitano Occidente,Centro Comunitario de Salud Familiar Plaza México,Quinta Normal,MENORES CONTROLADOS
3918,7,10,200342,A0200002,13,13126,1,5,4,Servicio de Salud Metropolitano Occidente,Centro Comunitario de Salud Familiar Plaza México,Quinta Normal,LACTANCIA MATERNA EXCLUSIVA
3919,7,10,200342,A0200001,13,13126,3,5,7,Servicio de Salud Metropolitano Occidente,Centro Comunitario de Salud Familiar Plaza México,Quinta Normal,MENORES CONTROLADOS
3920,1,10,200342,A0200002,13,13126,0,0,5,Servicio de Salud Metropolitano Occidente,Centro Comunitario de Salud Familiar Plaza México,Quinta Normal,LACTANCIA MATERNA EXCLUSIVA
3921,1,10,200342,A0200001,13,13126,0,1,5,Servicio de Salud Metropolitano Occidente,Centro Comunitario de Salud Familiar Plaza México,Quinta Normal,MENORES CONTROLADOS
3922,3,10,200342,A0200002,13,13126,2,4,0,Servicio de Salud Metropolitano Occidente,Centro Comunitario de Salud Familiar Plaza México,Quinta Normal,LACTANCIA MATERNA EXCLUSIVA
3923,3,10,200342,A0200001,13,13126,3,5,0,Servicio de Salud Metropolitano Occidente,Centro Comunitario de Salud Familiar Plaza México,Quinta Normal,MENORES CONTROLADOS
3924,4,10,200342,A0200002,13,13126,1,3,2,Servicio de Salud Metropolitano Occidente,Centro Comunitario de Salud Familiar Plaza México,Quinta Normal,LACTANCIA MATERNA EXCLUSIVA
3925,4,10,200342,A0200001,13,13126,1,5,2,Servicio de Salud Metropolitano Occidente,Centro Comunitario de Salud Familiar Plaza México,Quinta Normal,MENORES CONTROLADOS
3926,2,10,200342,A0200002,13,13126,1,0,1,Servicio de Salud Metropolitano Occidente,Centro Comunitario de Salud Familiar Plaza México,Quinta Normal,LACTANCIA MATERNA EXCLUSIVA
3927,2,10,200342,A0200001,13,13126,2,0,1,Servicio de Salud Metropolitano Occidente,Centro Comunitario de Salud Familiar Plaza México,Quinta Normal,MENORES CONTROLADOS
3928,8,10,200342,A0200002,13,13126,2,3,2,Servicio de Salud Metropolitano Occidente,Centro Comunitario de Salud Familiar Plaza México,Quinta Normal,LACTANCIA MATERNA EXCLUSIVA
3929,12,10,200342,A0200002,13,13126,,2,2,Servicio de Salud Metropolitano Occidente,Centro Comunitario de Salud Familiar Plaza México,Quinta Normal,LACTANCIA MATERNA EXCLUSIVA
3930,12,10,200342,A0200001,13,13126,,3,4,Servicio de Salud Metropolitano Occidente,Centro Comunitario de Salud Familiar Plaza México,Quinta Normal,MENORES CONTROLADOS
3931,5,10,200342,A0200002,13,13126,3,1,1,Servicio de Salud Metropolitano Occidente,Centro Comunitario de Salud Familiar Plaza México,Quinta Normal,LACTANCIA MATERNA EXCLUSIVA
3932,5,10,200342,A0200001,13,13126,3,2,1,Servicio de Salud Metropolitano Occidente,Centro Comunitario de Salud Familiar Plaza México,Quinta Normal,MENORES CONTROLADOS
3933,11,10,200342,A0200002,13,13126,2,1,2,Servicio de Salud Metropolitano Occidente,Centro Comunitario de Salud Familiar Plaza México,Quinta Normal,LACTANCIA MATERNA EXCLUSIVA
3934,11,10,200342,A0200001,13,13126,4,4,0,Servicio de Salud Metropolitano Occidente,Centro Comunitario de Salud Familiar Plaza México,Quinta Normal,MENORES CONTROLADOS
3935,10,10,200342,A0200002,13,13126,2,3,4,Servicio de Salud Metropolitano Occidente,Centro Comunitario de Salud Familiar Plaza México,Quinta Normal,LACTANCIA MATERNA EXCLUSIVA
3936,10,10,200342,A0200001,13,13126,3,4,4,Servicio de Salud Metropolitano Occidente,Centro Comunitario de Salud Familiar Plaza México,Quinta Normal,MENORES CONTROLADOS
3937,5,10,110325,A0200002,13,13126,7,7,7,Servicio de Salud Metropolitano Occidente,Centro de Salud Familiar Garín,Quinta Normal,LACTANCIA MATERNA EXCLUSIVA
3938,11,10,110725,A0200002,13,13126,2,,1,Servicio de Salud Metropolitano Occidente,Centro Comunitario de Salud Familiar Antumalal,Quinta Normal,LACTANCIA MATERNA EXCLUSIVA
3939,10,10,110725,A0200002,13,13126,,,1,Servicio de Salud Metropolitano Occidente,Centro Comunitario de Salud Familiar Antumalal,Quinta Normal,LACTANCIA MATERNA EXCLUSIVA
3940,10,10,110725,A0200001,13,13126,1,,2,Servicio de Salud Metropolitano Occidente,Centro Comunitario de Salud Familiar Antumalal,Quinta Normal,MENORES CONTROLADOS
3941,8,10,110725,A0200002,13,13126,,1,1,Servicio de Salud Metropolitano Occidente,Centro Comunitario de Salud Familiar Antumalal,Quinta Normal,LACTANCIA MATERNA EXCLUSIVA
3942,8,10,110725,A0200001,13,13126,,2,1,Servicio de Salud Metropolitano Occidente,Centro Comunitario de Salud Familiar Antumalal,Quinta Normal,MENORES CONTROLADOS
3943,2,10,110725,A0200002,13,13126,,1,,Servicio de Salud Metropolitano Occidente,Centro Comunitario de Salud Familiar Antumalal,Quinta Normal,LACTANCIA MATERNA EXCLUSIVA
3944,2,10,110725,A0200001,13,13126,0,1,1,Servicio de Salud Metropolitano Occidente,Centro Comunitario de Salud Familiar Antumalal,Quinta Normal,MENORES CONTROLADOS
3945,4,10,110325,A0200002,13,13126,12,7,7,Servicio de Salud Metropolitano Occidente,Centro de Salud Familiar Garín,Quinta Normal,LACTANCIA MATERNA EXCLUSIVA
3946,4,10,110325,A0200001,13,13126,16,9,13,Servicio de Salud Metropolitano Occidente,Centro de Salud Familiar Garín,Quinta Normal,MENORES CONTROLADOS
3947,2,10,110325,A0200002,13,13126,5,6,7,Servicio de Salud Metropolitano Occidente,Centro de Salud Familiar Garín,Quinta Normal,LACTANCIA MATERNA EXCLUSIVA
3948,2,10,110325,A0200001,13,13126,6,7,7,Servicio de Salud Metropolitano Occidente,Centro de Salud Familiar Garín,Quinta Normal,MENORES CONTROLADOS
3949,6,10,110325,A0200002,13,13126,7,8,11,Servicio de Salud Metropolitano Occidente,Centro de Salud Familiar Garín,Quinta Normal,LACTANCIA MATERNA EXCLUSIVA
3950,6,10,110325,A0200001,13,13126,9,9,13,Servicio de Salud Metropolitano Occidente,Centro de Salud Familiar Garín,Quinta Normal,MENORES CONTROLADOS
3951,11,10,110325,A0200002,13,13126,8,8,9,Servicio de Salud Metropolitano Occidente,Centro de Salud Familiar Garín,Quinta Normal,LACTANCIA MATERNA EXCLUSIVA
3952,11,10,110325,A0200001,13,13126,10,12,12,Servicio de Salud Metropolitano Occidente,Centro de Salud Familiar Garín,Quinta Normal,MENORES CONTROLADOS
3953,5,10,110725,A0200002,13,13126,0,2,3,Servicio de Salud Metropolitano Occidente,Centro Comunitario de Salud Familiar Antumalal,Quinta Normal,LACTANCIA MATERNA EXCLUSIVA
3954,5,10,110725,A0200001,13,13126,1,2,3,Servicio de Salud Metropolitano Occidente,Centro Comunitario de Salud Familiar Antumalal,Quinta Normal,MENORES CONTROLADOS
3955,7,10,110325,A0200001,13,13126,12,15,6,Servicio de Salud Metropolitano Occidente,Centro de Salud Familiar Garín,Quinta Normal,MENORES CONTROLADOS
3956,7,10,110325,A0200002,13,13126,8,12,5,Servicio de Salud Metropolitano Occidente,Centro de Salud Familiar Garín,Quinta Normal,LACTANCIA MATERNA EXCLUSIVA
3957,6,10,110725,A0200002,13,13126,1,2,1,Servicio de Salud Metropolitano Occidente,Centro Comunitario de Salud Familiar Antumalal,Quinta Normal,LACTANCIA MATERNA EXCLUSIVA
3958,6,10,110725,A0200001,13,13126,1,2,1,Servicio de Salud Metropolitano Occidente,Centro Comunitario de Salud Familiar Antumalal,Quinta Normal,MENORES CONTROLADOS
3959,9,10,110325,A0200002,13,13126,10,9,5,Servicio de Salud Metropolitano Occidente,Centro de Salud Familiar Garín,Quinta Normal,LACTANCIA MATERNA EXCLUSIVA
3960,9,10,110325,A0200001,13,13126,12,13,13,Servicio de Salud Metropolitano Occidente,Centro de Salud Familiar Garín,Quinta Normal,MENORES CONTROLADOS
3961,9,10,110725,A0200002,13,13126,,2,2,Servicio de Salud Metropolitano Occidente,Centro Comunitario de Salud Familiar Antumalal,Quinta Normal,LACTANCIA MATERNA EXCLUSIVA
3962,9,10,110725,A0200001,13,13126,1,2,2,Servicio de Salud Metropolitano Occidente,Centro Comunitario de Salud Familiar Antumalal,Quinta Normal,MENORES CONTROLADOS
3963,8,10,110325,A0200002,13,13126,12,9,11,Servicio de Salud Metropolitano Occidente,Centro de Salud Familiar Garín,Quinta Normal,LACTANCIA MATERNA EXCLUSIVA
3964,8,10,110325,A0200001,13,13126,14,12,15,Servicio de Salud Metropolitano Occidente,Centro de Salud Familiar Garín,Quinta Normal,MENORES CONTROLADOS
3965,3,10,110725,A0200002,13,13126,2,1,0,Servicio de Salud Metropolitano Occidente,Centro Comunitario de Salud Familiar Antumalal,Quinta Normal,LACTANCIA MATERNA EXCLUSIVA
3966,3,10,110725,A0200001,13,13126,2,1,1,Servicio de Salud Metropolitano Occidente,Centro Comunitario de Salud Familiar Antumalal,Quinta Normal,MENORES CONTROLADOS
3967,7,10,110725,A0200002,13,13126,1,1,0,Servicio de Salud Metropolitano Occidente,Centro Comunitario de Salud Familiar Antumalal,Quinta Normal,LACTANCIA MATERNA EXCLUSIVA
3968,7,10,110725,A0200001,13,13126,1,1,0,Servicio de Salud Metropolitano Occidente,Centro Comunitario de Salud Familiar Antumalal,Quinta Normal,MENORES CONTROLADOS
3969,12,10,110325,A0200002,13,13126,2,4,6,Servicio de Salud Metropolitano Occidente,Centro de Salud Familiar Garín,Quinta Normal,LACTANCIA MATERNA EXCLUSIVA
3970,12,10,110325,A0200001,13,13126,6,7,6,Servicio de Salud Metropolitano Occidente,Centro de Salud Familiar Garín,Quinta Normal,MENORES CONTROLADOS
3971,12,10,110725,A0200002,13,13126,1,1,,Servicio de Salud Metropolitano Occidente,Centro Comunitario de Salud Familiar Antumalal,Quinta Normal,LACTANCIA MATERNA EXCLUSIVA
3972,12,10,110725,A0200001,13,13126,1,1,,Servicio de Salud Metropolitano Occidente,Centro Comunitario de Salud Familiar Antumalal,Quinta Normal,MENORES CONTROLADOS
3973,5,10,110325,A0200001,13,13126,10,10,9,Servicio de Salud Metropolitano Occidente,Centro de Salud Familiar Garín,Quinta Normal,MENORES CONTROLADOS
3974,10,10,110325,A0200002,13,13126,7,9,11,Servicio de Salud Metropolitano Occidente,Centro de Salud Familiar Garín,Quinta Normal,LACTANCIA MATERNA EXCLUSIVA
3975,10,10,110325,A0200001,13,13126,10,13,14,Servicio de Salud Metropolitano Occidente,Centro de Salud Familiar Garín,Quinta Normal,MENORES CONTROLADOS
3976,3,10,110325,A0200002,13,13126,5,9,5,Servicio de Salud Metropolitano Occidente,Centro de Salud Familiar Garín,Quinta Normal,LACTANCIA MATERNA EXCLUSIVA
3977,3,10,110325,A0200001,13,13126,8,10,10,Servicio de Salud Metropolitano Occidente,Centro de Salud Familiar Garín,Quinta Normal,MENORES CONTROLADOS
3978,4,10,110725,A0200001,13,13126,2,0,3,Servicio de Salud Metropolitano Occidente,Centro Comunitario de Salud Familiar Antumalal,Quinta Normal,MENORES CONTROLADOS
3979,4,10,110725,A0200002,13,13126,2,,2,Servicio de Salud Metropolitano Occidente,Centro Comunitario de Salud Familiar Antumalal,Quinta Normal,LACTANCIA MATERNA EXCLUSIVA
3980,1,10,110725,A0200002,13,13126,2,1,2,Servicio de Salud Metropolitano Occidente,Centro Comunitario de Salud Familiar Antumalal,Quinta Normal,LACTANCIA MATERNA EXCLUSIVA
3981,1,10,110725,A0200001,13,13126,2,3,2,Servicio de Salud Metropolitano Occidente,Centro Comunitario de Salud Familiar Antumalal,Quinta Normal,MENORES CONTROLADOS
3982,1,10,110325,A0200002,13,13126,8,7,8,Servicio de Salud Metropolitano Occidente,Centro de Salud Familiar Garín,Quinta Normal,LACTANCIA MATERNA EXCLUSIVA
3983,1,10,110325,A0200001,13,13126,8,11,14,Servicio de Salud Metropolitano Occidente,Centro de Salud Familiar Garín,Quinta Normal,MENORES CONTROLADOS
3984,7,10,110360,A0200001,13,13128,28,21,29,Servicio de Salud Metropolitano Occidente,Centro de Salud Familiar Renca,Renca,MENORES CONTROLADOS
3985,7,10,110360,A0200002,13,13128,15,10,21,Servicio de Salud Metropolitano Occidente,Centro de Salud Familiar Renca,Renca,LACTANCIA MATERNA EXCLUSIVA
3986,4,10,110364,A0200002,13,13128,10,8,4,Servicio de Salud Metropolitano Occidente,Centro de Salud Familiar Huamachuco,Renca,LACTANCIA MATERNA EXCLUSIVA
3987,4,10,110364,A0200001,13,13128,13,12,4,Servicio de Salud Metropolitano Occidente,Centro de Salud Familiar Huamachuco,Renca,MENORES CONTROLADOS
3988,5,10,110364,A0200002,13,13128,7,2,4,Servicio de Salud Metropolitano Occidente,Centro de Salud Familiar Huamachuco,Renca,LACTANCIA MATERNA EXCLUSIVA
3989,5,10,110364,A0200001,13,13128,9,10,5,Servicio de Salud Metropolitano Occidente,Centro de Salud Familiar Huamachuco,Renca,MENORES CONTROLADOS
3990,2,10,110364,A0200002,13,13128,2,4,2,Servicio de Salud Metropolitano Occidente,Centro de Salud Familiar Huamachuco,Renca,LACTANCIA MATERNA EXCLUSIVA
3991,2,10,110364,A0200001,13,13128,7,8,5,Servicio de Salud Metropolitano Occidente,Centro de Salud Familiar Huamachuco,Renca,MENORES CONTROLADOS
3992,3,10,110360,A0200002,13,13128,16,17,12,Servicio de Salud Metropolitano Occidente,Centro de Salud Familiar Renca,Renca,LACTANCIA MATERNA EXCLUSIVA
3993,3,10,110360,A0200001,13,13128,26,26,19,Servicio de Salud Metropolitano Occidente,Centro de Salud Familiar Renca,Renca,MENORES CONTROLADOS
3994,8,10,110364,A0200001,13,13128,6,6,9,Servicio de Salud Metropolitano Occidente,Centro de Salud Familiar Huamachuco,Renca,MENORES CONTROLADOS
3995,8,10,110364,A0200002,13,13128,3,4,6,Servicio de Salud Metropolitano Occidente,Centro de Salud Familiar Huamachuco,Renca,LACTANCIA MATERNA EXCLUSIVA
3996,9,10,110364,A0200001,13,13128,10,9,8,Servicio de Salud Metropolitano Occidente,Centro de Salud Familiar Huamachuco,Renca,MENORES CONTROLADOS
3997,9,10,110364,A0200002,13,13128,8,8,7,Servicio de Salud Metropolitano Occidente,Centro de Salud Familiar Huamachuco,Renca,LACTANCIA MATERNA EXCLUSIVA
3998,12,10,110364,A0200002,13,13128,2,4,8,Servicio de Salud Metropolitano Occidente,Centro de Salud Familiar Huamachuco,Renca,LACTANCIA MATERNA EXCLUSIVA
3999,2,10,110360,A0200002,13,13128,13,10,18,Servicio de Salud Metropolitano Occidente,Centro de Salud Familiar Renca,Renca,LACTANCIA MATERNA EXCLUSIVA
4000,2,10,110360,A0200001,13,13128,16,15,25,Servicio de Salud Metropolitano Occidente,Centro de Salud Familiar Renca,Renca,MENORES CONTROLADOS
4001,6,10,110360,A0200002,13,13128,22,14,14,Servicio de Salud Metropolitano Occidente,Centro de Salud Familiar Renca,Renca,LACTANCIA MATERNA EXCLUSIVA
4002,6,10,110360,A0200001,13,13128,42,19,22,Servicio de Salud Metropolitano Occidente,Centro de Salud Familiar Renca,Renca,MENORES CONTROLADOS
4003,4,10,110360,A0200001,13,13128,20,35,29,Servicio de Salud Metropolitano Occidente,Centro de Salud Familiar Renca,Renca,MENORES CONTROLADOS
4004,6,10,110364,A0200002,13,13128,2,9,4,Servicio de Salud Metropolitano Occidente,Centro de Salud Familiar Huamachuco,Renca,LACTANCIA MATERNA EXCLUSIVA
4005,6,10,110364,A0200001,13,13128,3,12,8,Servicio de Salud Metropolitano Occidente,Centro de Salud Familiar Huamachuco,Renca,MENORES CONTROLADOS
4006,11,10,110360,A0200001,13,13128,21,21,15,Servicio de Salud Metropolitano Occidente,Centro de Salud Familiar Renca,Renca,MENORES CONTROLADOS
4007,1,10,110360,A0200002,13,13128,22,19,23,Servicio de Salud Metropolitano Occidente,Centro de Salud Familiar Renca,Renca,LACTANCIA MATERNA EXCLUSIVA
4008,1,10,110360,A0200001,13,13128,30,24,31,Servicio de Salud Metropolitano Occidente,Centro de Salud Familiar Renca,Renca,MENORES CONTROLADOS
4009,11,10,110360,A0200002,13,13128,13,11,9,Servicio de Salud Metropolitano Occidente,Centro de Salud Familiar Renca,Renca,LACTANCIA MATERNA EXCLUSIVA
4010,4,10,110360,A0200002,13,13128,15,26,20,Servicio de Salud Metropolitano Occidente,Centro de Salud Familiar Renca,Renca,LACTANCIA MATERNA EXCLUSIVA
4011,10,10,110360,A0200002,13,13128,17,15,16,Servicio de Salud Metropolitano Occidente,Centro de Salud Familiar Renca,Renca,LACTANCIA MATERNA EXCLUSIVA
4012,11,10,110364,A0200002,13,13128,3,7,4,Servicio de Salud Metropolitano Occidente,Centro de Salud Familiar Huamachuco,Renca,LACTANCIA MATERNA EXCLUSIVA
4013,11,10,110364,A0200001,13,13128,8,11,6,Servicio de Salud Metropolitano Occidente,Centro de Salud Familiar Huamachuco,Renca,MENORES CONTROLADOS
4014,10,10,110360,A0200001,13,13128,26,23,24,Servicio de Salud Metropolitano Occidente,Centro de Salud Familiar Renca,Renca,MENORES CONTROLADOS
4015,3,10,110364,A0200002,13,13128,4,5,6,Servicio de Salud Metropolitano Occidente,Centro de Salud Familiar Huamachuco,Renca,LACTANCIA MATERNA EXCLUSIVA
4016,3,10,110364,A0200001,13,13128,7,8,8,Servicio de Salud Metropolitano Occidente,Centro de Salud Familiar Huamachuco,Renca,MENORES CONTROLADOS
4017,9,10,110360,A0200002,13,13128,21,18,15,Servicio de Salud Metropolitano Occidente,Centro de Salud Familiar Renca,Renca,LACTANCIA MATERNA EXCLUSIVA
4018,9,10,110360,A0200001,13,13128,25,33,22,Servicio de Salud Metropolitano Occidente,Centro de Salud Familiar Renca,Renca,MENORES CONTROLADOS
4019,1,10,110364,A0200001,13,13128,8,6,11,Servicio de Salud Metropolitano Occidente,Centro de Salud Familiar Huamachuco,Renca,MENORES CONTROLADOS
4020,10,10,110364,A0200002,13,13128,5,3,8,Servicio de Salud Metropolitano Occidente,Centro de Salud Familiar Huamachuco,Renca,LACTANCIA MATERNA EXCLUSIVA
4021,10,10,110364,A0200001,13,13128,7,6,8,Servicio de Salud Metropolitano Occidente,Centro de Salud Familiar Huamachuco,Renca,MENORES CONTROLADOS
4022,1,10,110364,A0200002,13,13128,5,6,7,Servicio de Salud Metropolitano Occidente,Centro de Salud Familiar Huamachuco,Renca,LACTANCIA MATERNA EXCLUSIVA
4023,5,10,110360,A0200002,13,13128,16,22,16,Servicio de Salud Metropolitano Occidente,Centro de Salud Familiar Renca,Renca,LACTANCIA MATERNA EXCLUSIVA
4024,5,10,110360,A0200001,13,13128,23,31,25,Servicio de Salud Metropolitano Occidente,Centro de Salud Familiar Renca,Renca,MENORES CONTROLADOS
4025,7,10,110364,A0200002,13,13128,7,6,5,Servicio de Salud Metropolitano Occidente,Centro de Salud Familiar Huamachuco,Renca,LACTANCIA MATERNA EXCLUSIVA
4026,7,10,110364,A0200001,13,13128,8,7,9,Servicio de Salud Metropolitano Occidente,Centro de Salud Familiar Huamachuco,Renca,MENORES CONTROLADOS
4027,12,10,110364,A0200001,13,13128,5,6,10,Servicio de Salud Metropolitano Occidente,Centro de Salud Familiar Huamachuco,Renca,MENORES CONTROLADOS
4028,12,10,110360,A0200002,13,13128,14,13,12,Servicio de Salud Metropolitano Occidente,Centro de Salud Familiar Renca,Renca,LACTANCIA MATERNA EXCLUSIVA
4029,12,10,110360,A0200001,13,13128,21,17,17,Servicio de Salud Metropolitano Occidente,Centro de Salud Familiar Renca,Renca,MENORES CONTROLADOS
4030,8,10,110360,A0200001,13,13128,24,35,28,Servicio de Salud Metropolitano Occidente,Centro de Salud Familiar Renca,Renca,MENORES CONTROLADOS
4031,8,10,110360,A0200002,13,13128,18,13,19,Servicio de Salud Metropolitano Occidente,Centro de Salud Familiar Renca,Renca,LACTANCIA MATERNA EXCLUSIVA
4032,8,10,110361,A0200001,13,13128,24,23,21,Servicio de Salud Metropolitano Occidente,Centro de Salud Familiar Bicentenario,Renca,MENORES CONTROLADOS
4033,8,10,110361,A0200002,13,13128,14,18,15,Servicio de Salud Metropolitano Occidente,Centro de Salud Familiar Bicentenario,Renca,LACTANCIA MATERNA EXCLUSIVA
4034,5,10,110361,A0200002,13,13128,16,14,17,Servicio de Salud Metropolitano Occidente,Centro de Salud Familiar Bicentenario,Renca,LACTANCIA MATERNA EXCLUSIVA
4035,5,10,110361,A0200001,13,13128,24,25,29,Servicio de Salud Metropolitano Occidente,Centro de Salud Familiar Bicentenario,Renca,MENORES CONTROLADOS
4036,10,10,110361,A0200001,13,13128,27,14,27,Servicio de Salud Metropolitano Occidente,Centro de Salud Familiar Bicentenario,Renca,MENORES CONTROLADOS
4037,10,10,110361,A0200002,13,13128,17,8,13,Servicio de Salud Metropolitano Occidente,Centro de Salud Familiar Bicentenario,Renca,LACTANCIA MATERNA EXCLUSIVA
4038,6,10,110361,A0200002,13,13128,19,9,13,Servicio de Salud Metropolitano Occidente,Centro de Salud Familiar Bicentenario,Renca,LACTANCIA MATERNA EXCLUSIVA
4039,6,10,110361,A0200001,13,13128,29,18,19,Servicio de Salud Metropolitano Occidente,Centro de Salud Familiar Bicentenario,Renca,MENORES CONTROLADOS
4040,7,10,110361,A0200002,13,13128,28,21,11,Servicio de Salud Metropolitano Occidente,Centro de Salud Familiar Bicentenario,Renca,LACTANCIA MATERNA EXCLUSIVA
4041,7,10,110361,A0200001,13,13128,42,32,18,Servicio de Salud Metropolitano Occidente,Centro de Salud Familiar Bicentenario,Renca,MENORES CONTROLADOS
4042,9,10,110361,A0200002,13,13128,23,21,10,Servicio de Salud Metropolitano Occidente,Centro de Salud Familiar Bicentenario,Renca,LACTANCIA MATERNA EXCLUSIVA
4043,9,10,110361,A0200001,13,13128,30,30,17,Servicio de Salud Metropolitano Occidente,Centro de Salud Familiar Bicentenario,Renca,MENORES CONTROLADOS
4044,3,10,110361,A0200001,13,13128,19,26,18,Servicio de Salud Metropolitano Occidente,Centro de Salud Familiar Bicentenario,Renca,MENORES CONTROLADOS
4045,3,10,110361,A0200002,13,13128,10,17,10,Servicio de Salud Metropolitano Occidente,Centro de Salud Familiar Bicentenario,Renca,LACTANCIA MATERNA EXCLUSIVA
4046,2,10,110361,A0200002,13,13128,23,9,9,Servicio de Salud Metropolitano Occidente,Centro de Salud Familiar Bicentenario,Renca,LACTANCIA MATERNA EXCLUSIVA
4047,2,10,110361,A0200001,13,13128,49,13,15,Servicio de Salud Metropolitano Occidente,Centro de Salud Familiar Bicentenario,Renca,MENORES CONTROLADOS
4048,1,10,110361,A0200002,13,13128,20,15,17,Servicio de Salud Metropolitano Occidente,Centro de Salud Familiar Bicentenario,Renca,LACTANCIA MATERNA EXCLUSIVA
4049,1,10,110361,A0200001,13,13128,32,23,27,Servicio de Salud Metropolitano Occidente,Centro de Salud Familiar Bicentenario,Renca,MENORES CONTROLADOS
4050,4,10,110361,A0200001,13,13128,34,31,16,Servicio de Salud Metropolitano Occidente,Centro de Salud Familiar Bicentenario,Renca,MENORES CONTROLADOS
4051,4,10,110361,A0200002,13,13128,24,18,10,Servicio de Salud Metropolitano Occidente,Centro de Salud Familiar Bicentenario,Renca,LACTANCIA MATERNA EXCLUSIVA
4052,11,10,110361,A0200002,13,13128,16,7,16,Servicio de Salud Metropolitano Occidente,Centro de Salud Familiar Bicentenario,Renca,LACTANCIA MATERNA EXCLUSIVA
4053,11,10,110361,A0200001,13,13128,25,16,24,Servicio de Salud Metropolitano Occidente,Centro de Salud Familiar Bicentenario,Renca,MENORES CONTROLADOS
4054,12,10,110361,A0200002,13,13128,11,15,14,Servicio de Salud Metropolitano Occidente,Centro de Salud Familiar Bicentenario,Renca,LACTANCIA MATERNA EXCLUSIVA
4055,12,10,110361,A0200001,13,13128,24,31,22,Servicio de Salud Metropolitano Occidente,Centro de Salud Familiar Bicentenario,Renca,MENORES CONTROLADOS
4056,12,10,202205,A0200002,13,13128,1,2,4,Servicio de Salud Metropolitano Occidente,CESFAM Cerro Colorado,Renca,LACTANCIA MATERNA EXCLUSIVA
4057,12,10,202205,A0200001,13,13128,1,3,8,Servicio de Salud Metropolitano Occidente,CESFAM Cerro Colorado,Renca,MENORES CONTROLADOS
4058,9,10,110362,A0200002,13,13128,3,9,12,Servicio de Salud Metropolitano Occidente,Centro de Salud Familiar Dr. Hernán Urzúa Merino,Renca,LACTANCIA MATERNA EXCLUSIVA
4059,9,10,110362,A0200001,13,13128,7,15,19,Servicio de Salud Metropolitano Occidente,Centro de Salud Familiar Dr. Hernán Urzúa Merino,Renca,MENORES CONTROLADOS
4060,4,12,112304,A0200001,13,13114,3,5,5,Servicio de Salud Metropolitano Oriente,Centro de Salud Familiar Apoquindo,Las Condes,MENORES CONTROLADOS
4061,8,10,110362,A0200002,13,13128,11,4,8,Servicio de Salud Metropolitano Occidente,Centro de Salud Familiar Dr. Hernán Urzúa Merino,Renca,LACTANCIA MATERNA EXCLUSIVA
4062,8,10,110362,A0200001,13,13128,16,10,12,Servicio de Salud Metropolitano Occidente,Centro de Salud Familiar Dr. Hernán Urzúa Merino,Renca,MENORES CONTROLADOS
4063,1,10,110362,A0200001,13,13128,2,10,12,Servicio de Salud Metropolitano Occidente,Centro de Salud Familiar Dr. Hernán Urzúa Merino,Renca,MENORES CONTROLADOS
4064,1,10,110362,A0200002,13,13128,1,4,8,Servicio de Salud Metropolitano Occidente,Centro de Salud Familiar Dr. Hernán Urzúa Merino,Renca,LACTANCIA MATERNA EXCLUSIVA
4065,4,10,110362,A0200002,13,13128,9,5,11,Servicio de Salud Metropolitano Occidente,Centro de Salud Familiar Dr. Hernán Urzúa Merino,Renca,LACTANCIA MATERNA EXCLUSIVA
4066,4,10,110362,A0200001,13,13128,10,13,16,Servicio de Salud Metropolitano Occidente,Centro de Salud Familiar Dr. Hernán Urzúa Merino,Renca,MENORES CONTROLADOS
4067,10,10,110362,A0200002,13,13128,8,7,11,Servicio de Salud Metropolitano Occidente,Centro de Salud Familiar Dr. Hernán Urzúa Merino,Renca,LACTANCIA MATERNA EXCLUSIVA
4068,10,10,110362,A0200001,13,13128,10,13,17,Servicio de Salud Metropolitano Occidente,Centro de Salud Familiar Dr. Hernán Urzúa Merino,Renca,MENORES CONTROLADOS
4069,11,10,110362,A0200002,13,13128,3,5,6,Servicio de Salud Metropolitano Occidente,Centro de Salud Familiar Dr. Hernán Urzúa Merino,Renca,LACTANCIA MATERNA EXCLUSIVA
4070,11,10,110362,A0200001,13,13128,9,8,10,Servicio de Salud Metropolitano Occidente,Centro de Salud Familiar Dr. Hernán Urzúa Merino,Renca,MENORES CONTROLADOS
4071,5,10,110362,A0200001,13,13128,11,10,9,Servicio de Salud Metropolitano Occidente,Centro de Salud Familiar Dr. Hernán Urzúa Merino,Renca,MENORES CONTROLADOS
4072,2,10,110362,A0200002,13,13128,4,9,8,Servicio de Salud Metropolitano Occidente,Centro de Salud Familiar Dr. Hernán Urzúa Merino,Renca,LACTANCIA MATERNA EXCLUSIVA
4073,2,10,110362,A0200001,13,13128,5,14,11,Servicio de Salud Metropolitano Occidente,Centro de Salud Familiar Dr. Hernán Urzúa Merino,Renca,MENORES CONTROLADOS
4074,5,10,110362,A0200002,13,13128,9,5,6,Servicio de Salud Metropolitano Occidente,Centro de Salud Familiar Dr. Hernán Urzúa Merino,Renca,LACTANCIA MATERNA EXCLUSIVA
4075,3,10,110362,A0200002,13,13128,2,11,10,Servicio de Salud Metropolitano Occidente,Centro de Salud Familiar Dr. Hernán Urzúa Merino,Renca,LACTANCIA MATERNA EXCLUSIVA
4076,3,10,110362,A0200001,13,13128,2,20,15,Servicio de Salud Metropolitano Occidente,Centro de Salud Familiar Dr. Hernán Urzúa Merino,Renca,MENORES CONTROLADOS
4077,6,10,110362,A0200002,13,13128,6,6,8,Servicio de Salud Metropolitano Occidente,Centro de Salud Familiar Dr. Hernán Urzúa Merino,Renca,LACTANCIA MATERNA EXCLUSIVA
4078,6,10,110362,A0200001,13,13128,11,15,12,Servicio de Salud Metropolitano Occidente,Centro de Salud Familiar Dr. Hernán Urzúa Merino,Renca,MENORES CONTROLADOS
4079,12,10,110362,A0200002,13,13128,7,3,11,Servicio de Salud Metropolitano Occidente,Centro de Salud Familiar Dr. Hernán Urzúa Merino,Renca,LACTANCIA MATERNA EXCLUSIVA
4080,12,10,110362,A0200001,13,13128,10,6,16,Servicio de Salud Metropolitano Occidente,Centro de Salud Familiar Dr. Hernán Urzúa Merino,Renca,MENORES CONTROLADOS
4081,7,10,110362,A0200002,13,13128,8,10,10,Servicio de Salud Metropolitano Occidente,Centro de Salud Familiar Dr. Hernán Urzúa Merino,Renca,LACTANCIA MATERNA EXCLUSIVA
4082,7,10,110362,A0200001,13,13128,10,16,15,Servicio de Salud Metropolitano Occidente,Centro de Salud Familiar Dr. Hernán Urzúa Merino,Renca,MENORES CONTROLADOS
4083,2,10,110378,A0200001,13,13501,18,10,16,Servicio de Salud Metropolitano Occidente,Centro de Salud Familiar Dr. Edelberto Elgueta,Melipilla,MENORES CONTROLADOS
4084,4,10,110378,A0200002,13,13501,5,6,8,Servicio de Salud Metropolitano Occidente,Centro de Salud Familiar Dr. Edelberto Elgueta,Melipilla,LACTANCIA MATERNA EXCLUSIVA
4085,4,10,110378,A0200001,13,13501,8,8,10,Servicio de Salud Metropolitano Occidente,Centro de Salud Familiar Dr. Edelberto Elgueta,Melipilla,MENORES CONTROLADOS
4086,2,10,110378,A0200002,13,13501,13,6,12,Servicio de Salud Metropolitano Occidente,Centro de Salud Familiar Dr. Edelberto Elgueta,Melipilla,LACTANCIA MATERNA EXCLUSIVA
4087,1,10,110781,A0200001,13,13501,2,4,2,Servicio de Salud Metropolitano Occidente,Centro Comunitario de Salud Familiar Obispo Pablo Lizama,Melipilla,MENORES CONTROLADOS
4088,1,10,110781,A0200002,13,13501,2,2,2,Servicio de Salud Metropolitano Occidente,Centro Comunitario de Salud Familiar Obispo Pablo Lizama,Melipilla,LACTANCIA MATERNA EXCLUSIVA
4089,2,10,110781,A0200002,13,13501,,1,3,Servicio de Salud Metropolitano Occidente,Centro Comunitario de Salud Familiar Obispo Pablo Lizama,Melipilla,LACTANCIA MATERNA EXCLUSIVA
4090,2,10,110781,A0200001,13,13501,1,2,4,Servicio de Salud Metropolitano Occidente,Centro Comunitario de Salud Familiar Obispo Pablo Lizama,Melipilla,MENORES CONTROLADOS
4091,9,10,110378,A0200002,13,13501,6,5,13,Servicio de Salud Metropolitano Occidente,Centro de Salud Familiar Dr. Edelberto Elgueta,Melipilla,LACTANCIA MATERNA EXCLUSIVA
4092,9,10,110378,A0200001,13,13501,6,8,22,Servicio de Salud Metropolitano Occidente,Centro de Salud Familiar Dr. Edelberto Elgueta,Melipilla,MENORES CONTROLADOS
4093,6,10,110378,A0200002,13,13501,6,5,13,Servicio de Salud Metropolitano Occidente,Centro de Salud Familiar Dr. Edelberto Elgueta,Melipilla,LACTANCIA MATERNA EXCLUSIVA
4094,6,10,110378,A0200001,13,13501,10,10,16,Servicio de Salud Metropolitano Occidente,Centro de Salud Familiar Dr. Edelberto Elgueta,Melipilla,MENORES CONTROLADOS
4095,3,10,110781,A0200001,13,13501,1,2,4,Servicio de Salud Metropolitano Occidente,Centro Comunitario de Salud Familiar Obispo Pablo Lizama,Melipilla,MENORES CONTROLADOS
4096,3,10,110781,A0200002,13,13501,1,2,4,Servicio de Salud Metropolitano Occidente,Centro Comunitario de Salud Familiar Obispo Pablo Lizama,Melipilla,LACTANCIA MATERNA EXCLUSIVA
4097,12,10,110378,A0200002,13,13501,4,6,7,Servicio de Salud Metropolitano Occidente,Centro de Salud Familiar Dr. Edelberto Elgueta,Melipilla,LACTANCIA MATERNA EXCLUSIVA
4098,12,10,110378,A0200001,13,13501,5,9,13,Servicio de Salud Metropolitano Occidente,Centro de Salud Familiar Dr. Edelberto Elgueta,Melipilla,MENORES CONTROLADOS
4099,5,10,110378,A0200002,13,13501,5,7,11,Servicio de Salud Metropolitano Occidente,Centro de Salud Familiar Dr. Edelberto Elgueta,Melipilla,LACTANCIA MATERNA EXCLUSIVA
4100,10,10,110378,A0200002,13,13501,5,5,6,Servicio de Salud Metropolitano Occidente,Centro de Salud Familiar Dr. Edelberto Elgueta,Melipilla,LACTANCIA MATERNA EXCLUSIVA
4101,10,10,110378,A0200001,13,13501,7,6,11,Servicio de Salud Metropolitano Occidente,Centro de Salud Familiar Dr. Edelberto Elgueta,Melipilla,MENORES CONTROLADOS
4102,7,10,110781,A0200002,13,13501,,3,,Servicio de Salud Metropolitano Occidente,Centro Comunitario de Salud Familiar Obispo Pablo Lizama,Melipilla,LACTANCIA MATERNA EXCLUSIVA
4103,7,10,110781,A0200001,13,13501,1,3,,Servicio de Salud Metropolitano Occidente,Centro Comunitario de Salud Familiar Obispo Pablo Lizama,Melipilla,MENORES CONTROLADOS
4104,1,10,110378,A0200002,13,13501,5,6,8,Servicio de Salud Metropolitano Occidente,Centro de Salud Familiar Dr. Edelberto Elgueta,Melipilla,LACTANCIA MATERNA EXCLUSIVA
4105,1,10,110378,A0200001,13,13501,9,11,13,Servicio de Salud Metropolitano Occidente,Centro de Salud Familiar Dr. Edelberto Elgueta,Melipilla,MENORES CONTROLADOS
4106,8,10,110781,A0200002,13,13501,1,2,,Servicio de Salud Metropolitano Occidente,Centro Comunitario de Salud Familiar Obispo Pablo Lizama,Melipilla,LACTANCIA MATERNA EXCLUSIVA
4107,9,10,110781,A0200002,13,13501,4,1,2,Servicio de Salud Metropolitano Occidente,Centro Comunitario de Salud Familiar Obispo Pablo Lizama,Melipilla,LACTANCIA MATERNA EXCLUSIVA
4108,9,10,110781,A0200001,13,13501,4,1,4,Servicio de Salud Metropolitano Occidente,Centro Comunitario de Salud Familiar Obispo Pablo Lizama,Melipilla,MENORES CONTROLADOS
4109,3,10,110378,A0200002,13,13501,8,11,8,Servicio de Salud Metropolitano Occidente,Centro de Salud Familiar Dr. Edelberto Elgueta,Melipilla,LACTANCIA MATERNA EXCLUSIVA
4110,3,10,110378,A0200001,13,13501,12,17,12,Servicio de Salud Metropolitano Occidente,Centro de Salud Familiar Dr. Edelberto Elgueta,Melipilla,MENORES CONTROLADOS
4111,8,10,110781,A0200001,13,13501,1,4,,Servicio de Salud Metropolitano Occidente,Centro Comunitario de Salud Familiar Obispo Pablo Lizama,Melipilla,MENORES CONTROLADOS
4112,11,10,110378,A0200002,13,13501,1,4,10,Servicio de Salud Metropolitano Occidente,Centro de Salud Familiar Dr. Edelberto Elgueta,Melipilla,LACTANCIA MATERNA EXCLUSIVA
4113,11,10,110378,A0200001,13,13501,8,7,11,Servicio de Salud Metropolitano Occidente,Centro de Salud Familiar Dr. Edelberto Elgueta,Melipilla,MENORES CONTROLADOS
4114,6,10,110781,A0200001,13,13501,,2,1,Servicio de Salud Metropolitano Occidente,Centro Comunitario de Salud Familiar Obispo Pablo Lizama,Melipilla,MENORES CONTROLADOS
4115,11,10,110781,A0200001,13,13501,2,3,3,Servicio de Salud Metropolitano Occidente,Centro Comunitario de Salud Familiar Obispo Pablo Lizama,Melipilla,MENORES CONTROLADOS
4116,5,10,110781,A0200002,13,13501,8,1,1,Servicio de Salud Metropolitano Occidente,Centro Comunitario de Salud Familiar Obispo Pablo Lizama,Melipilla,LACTANCIA MATERNA EXCLUSIVA
4117,5,10,110781,A0200001,13,13501,8,1,2,Servicio de Salud Metropolitano Occidente,Centro Comunitario de Salud Familiar Obispo Pablo Lizama,Melipilla,MENORES CONTROLADOS
4118,6,10,110781,A0200002,13,13501,,1,1,Servicio de Salud Metropolitano Occidente,Centro Comunitario de Salud Familiar Obispo Pablo Lizama,Melipilla,LACTANCIA MATERNA EXCLUSIVA
4119,11,10,110781,A0200002,13,13501,,3,3,Servicio de Salud Metropolitano Occidente,Centro Comunitario de Salud Familiar Obispo Pablo Lizama,Melipilla,LACTANCIA MATERNA EXCLUSIVA
4120,5,10,110378,A0200001,13,13501,11,13,14,Servicio de Salud Metropolitano Occidente,Centro de Salud Familiar Dr. Edelberto Elgueta,Melipilla,MENORES CONTROLADOS
4121,8,10,110378,A0200002,13,13501,5,10,10,Servicio de Salud Metropolitano Occidente,Centro de Salud Familiar Dr. Edelberto Elgueta,Melipilla,LACTANCIA MATERNA EXCLUSIVA
4122,8,10,110378,A0200001,13,13501,7,12,15,Servicio de Salud Metropolitano Occidente,Centro de Salud Familiar Dr. Edelberto Elgueta,Melipilla,MENORES CONTROLADOS
4123,10,10,110781,A0200001,13,13501,3,,4,Servicio de Salud Metropolitano Occidente,Centro Comunitario de Salud Familiar Obispo Pablo Lizama,Melipilla,MENORES CONTROLADOS
4124,10,10,110781,A0200002,13,13501,3,,4,Servicio de Salud Metropolitano Occidente,Centro Comunitario de Salud Familiar Obispo Pablo Lizama,Melipilla,LACTANCIA MATERNA EXCLUSIVA
4125,12,10,110781,A0200002,13,13501,,2,,Servicio de Salud Metropolitano Occidente,Centro Comunitario de Salud Familiar Obispo Pablo Lizama,Melipilla,LACTANCIA MATERNA EXCLUSIVA
4126,12,10,110781,A0200001,13,13501,,3,,Servicio de Salud Metropolitano Occidente,Centro Comunitario de Salud Familiar Obispo Pablo Lizama,Melipilla,MENORES CONTROLADOS
4127,4,10,110781,A0200002,13,13501,3,,2,Servicio de Salud Metropolitano Occidente,Centro Comunitario de Salud Familiar Obispo Pablo Lizama,Melipilla,LACTANCIA MATERNA EXCLUSIVA
4128,4,10,110781,A0200001,13,13501,4,,3,Servicio de Salud Metropolitano Occidente,Centro Comunitario de Salud Familiar Obispo Pablo Lizama,Melipilla,MENORES CONTROLADOS
4129,7,10,110378,A0200002,13,13501,6,9,10,Servicio de Salud Metropolitano Occidente,Centro de Salud Familiar Dr. Edelberto Elgueta,Melipilla,LACTANCIA MATERNA EXCLUSIVA
4130,7,10,110378,A0200001,13,13501,10,13,15,Servicio de Salud Metropolitano Occidente,Centro de Salud Familiar Dr. Edelberto Elgueta,Melipilla,MENORES CONTROLADOS
4131,2,10,110379,A0200001,13,13501,22,17,14,Servicio de Salud Metropolitano Occidente,Centro de Salud Familiar Dr. Francisco Boris Soler,Melipilla,MENORES CONTROLADOS
4132,2,10,110379,A0200002,13,13501,14,10,7,Servicio de Salud Metropolitano Occidente,Centro de Salud Familiar Dr. Francisco Boris Soler,Melipilla,LACTANCIA MATERNA EXCLUSIVA
4133,1,10,110379,A0200001,13,13501,12,12,20,Servicio de Salud Metropolitano Occidente,Centro de Salud Familiar Dr. Francisco Boris Soler,Melipilla,MENORES CONTROLADOS
4134,1,10,110379,A0200002,13,13501,5,9,14,Servicio de Salud Metropolitano Occidente,Centro de Salud Familiar Dr. Francisco Boris Soler,Melipilla,LACTANCIA MATERNA EXCLUSIVA
4135,6,10,110379,A0200001,13,13501,14,23,20,Servicio de Salud Metropolitano Occidente,Centro de Salud Familiar Dr. Francisco Boris Soler,Melipilla,MENORES CONTROLADOS
4136,6,10,110379,A0200002,13,13501,10,18,15,Servicio de Salud Metropolitano Occidente,Centro de Salud Familiar Dr. Francisco Boris Soler,Melipilla,LACTANCIA MATERNA EXCLUSIVA
4137,6,10,110455,A0200002,13,13501,1,0,0,Servicio de Salud Metropolitano Occidente,Posta de Salud Rural Pabellón,Melipilla,LACTANCIA MATERNA EXCLUSIVA
4138,6,10,110455,A0200001,13,13501,1,1,1,Servicio de Salud Metropolitano Occidente,Posta de Salud Rural Pabellón,Melipilla,MENORES CONTROLADOS
4139,5,10,110379,A0200002,13,13501,16,14,15,Servicio de Salud Metropolitano Occidente,Centro de Salud Familiar Dr. Francisco Boris Soler,Melipilla,LACTANCIA MATERNA EXCLUSIVA
4140,5,10,110379,A0200001,13,13501,24,23,18,Servicio de Salud Metropolitano Occidente,Centro de Salud Familiar Dr. Francisco Boris Soler,Melipilla,MENORES CONTROLADOS
4141,5,10,110455,A0200002,13,13501,1,1,1,Servicio de Salud Metropolitano Occidente,Posta de Salud Rural Pabellón,Melipilla,LACTANCIA MATERNA EXCLUSIVA
4142,5,10,110455,A0200001,13,13501,1,1,1,Servicio de Salud Metropolitano Occidente,Posta de Salud Rural Pabellón,Melipilla,MENORES CONTROLADOS
4143,4,10,110379,A0200002,13,13501,8,6,13,Servicio de Salud Metropolitano Occidente,Centro de Salud Familiar Dr. Francisco Boris Soler,Melipilla,LACTANCIA MATERNA EXCLUSIVA
4144,4,10,110379,A0200001,13,13501,15,11,22,Servicio de Salud Metropolitano Occidente,Centro de Salud Familiar Dr. Francisco Boris Soler,Melipilla,MENORES CONTROLADOS
4145,10,10,110379,A0200001,13,13501,18,24,22,Servicio de Salud Metropolitano Occidente,Centro de Salud Familiar Dr. Francisco Boris Soler,Melipilla,MENORES CONTROLADOS
4146,10,10,110379,A0200002,13,13501,10,17,19,Servicio de Salud Metropolitano Occidente,Centro de Salud Familiar Dr. Francisco Boris Soler,Melipilla,LACTANCIA MATERNA EXCLUSIVA
4147,9,10,110455,A0200002,13,13501,1,0,1,Servicio de Salud Metropolitano Occidente,Posta de Salud Rural Pabellón,Melipilla,LACTANCIA MATERNA EXCLUSIVA
4148,9,10,110455,A0200001,13,13501,1,0,1,Servicio de Salud Metropolitano Occidente,Posta de Salud Rural Pabellón,Melipilla,MENORES CONTROLADOS
4149,3,10,110455,A0200002,13,13501,1,1,,Servicio de Salud Metropolitano Occidente,Posta de Salud Rural Pabellón,Melipilla,LACTANCIA MATERNA EXCLUSIVA
4150,3,10,110455,A0200001,13,13501,1,3,,Servicio de Salud Metropolitano Occidente,Posta de Salud Rural Pabellón,Melipilla,MENORES CONTROLADOS
4151,11,10,110455,A0200002,13,13501,2,,2,Servicio de Salud Metropolitano Occidente,Posta de Salud Rural Pabellón,Melipilla,LACTANCIA MATERNA EXCLUSIVA
4152,11,10,110455,A0200001,13,13501,2,,2,Servicio de Salud Metropolitano Occidente,Posta de Salud Rural Pabellón,Melipilla,MENORES CONTROLADOS
4153,1,10,110455,A0200002,13,13501,1,,2,Servicio de Salud Metropolitano Occidente,Posta de Salud Rural Pabellón,Melipilla,LACTANCIA MATERNA EXCLUSIVA
4154,1,10,110455,A0200001,13,13501,2,,2,Servicio de Salud Metropolitano Occidente,Posta de Salud Rural Pabellón,Melipilla,MENORES CONTROLADOS
4155,12,10,110379,A0200001,13,13501,14,19,11,Servicio de Salud Metropolitano Occidente,Centro de Salud Familiar Dr. Francisco Boris Soler,Melipilla,MENORES CONTROLADOS
4156,12,10,110379,A0200002,13,13501,9,13,9,Servicio de Salud Metropolitano Occidente,Centro de Salud Familiar Dr. Francisco Boris Soler,Melipilla,LACTANCIA MATERNA EXCLUSIVA
4157,9,10,110379,A0200002,13,13501,18,16,16,Servicio de Salud Metropolitano Occidente,Centro de Salud Familiar Dr. Francisco Boris Soler,Melipilla,LACTANCIA MATERNA EXCLUSIVA
4158,9,10,110379,A0200001,13,13501,28,24,18,Servicio de Salud Metropolitano Occidente,Centro de Salud Familiar Dr. Francisco Boris Soler,Melipilla,MENORES CONTROLADOS
4159,8,10,110455,A0200002,13,13501,0,1,1,Servicio de Salud Metropolitano Occidente,Posta de Salud Rural Pabellón,Melipilla,LACTANCIA MATERNA EXCLUSIVA
4160,8,10,110455,A0200001,13,13501,0,1,1,Servicio de Salud Metropolitano Occidente,Posta de Salud Rural Pabellón,Melipilla,MENORES CONTROLADOS
4161,12,10,110455,A0200001,13,13501,,,,Servicio de Salud Metropolitano Occidente,Posta de Salud Rural Pabellón,Melipilla,MENORES CONTROLADOS
4162,7,10,110379,A0200002,13,13501,,,10,Servicio de Salud Metropolitano Occidente,Centro de Salud Familiar Dr. Francisco Boris Soler,Melipilla,LACTANCIA MATERNA EXCLUSIVA
4163,7,10,110379,A0200001,13,13501,,,14,Servicio de Salud Metropolitano Occidente,Centro de Salud Familiar Dr. Francisco Boris Soler,Melipilla,MENORES CONTROLADOS
4164,3,10,110379,A0200002,13,13501,7,,19,Servicio de Salud Metropolitano Occidente,Centro de Salud Familiar Dr. Francisco Boris Soler,Melipilla,LACTANCIA MATERNA EXCLUSIVA
4165,3,10,110379,A0200001,13,13501,12,,26,Servicio de Salud Metropolitano Occidente,Centro de Salud Familiar Dr. Francisco Boris Soler,Melipilla,MENORES CONTROLADOS
4166,2,10,110455,A0200002,13,13501,1,0,1,Servicio de Salud Metropolitano Occidente,Posta de Salud Rural Pabellón,Melipilla,LACTANCIA MATERNA EXCLUSIVA
4167,2,10,110455,A0200001,13,13501,2,0,3,Servicio de Salud Metropolitano Occidente,Posta de Salud Rural Pabellón,Melipilla,MENORES CONTROLADOS
4168,4,10,110455,A0200002,13,13501,1,1,,Servicio de Salud Metropolitano Occidente,Posta de Salud Rural Pabellón,Melipilla,LACTANCIA MATERNA EXCLUSIVA
4169,4,10,110455,A0200001,13,13501,2,1,,Servicio de Salud Metropolitano Occidente,Posta de Salud Rural Pabellón,Melipilla,MENORES CONTROLADOS
4170,11,10,110379,A0200002,13,13501,12,18,10,Servicio de Salud Metropolitano Occidente,Centro de Salud Familiar Dr. Francisco Boris Soler,Melipilla,LACTANCIA MATERNA EXCLUSIVA
4171,11,10,110379,A0200001,13,13501,22,28,14,Servicio de Salud Metropolitano Occidente,Centro de Salud Familiar Dr. Francisco Boris Soler,Melipilla,MENORES CONTROLADOS
4172,8,10,110379,A0200002,13,13501,18,16,8,Servicio de Salud Metropolitano Occidente,Centro de Salud Familiar Dr. Francisco Boris Soler,Melipilla,LACTANCIA MATERNA EXCLUSIVA
4173,8,10,110379,A0200001,13,13501,21,18,10,Servicio de Salud Metropolitano Occidente,Centro de Salud Familiar Dr. Francisco Boris Soler,Melipilla,MENORES CONTROLADOS
4174,10,10,110455,A0200002,13,13501,1,,1,Servicio de Salud Metropolitano Occidente,Posta de Salud Rural Pabellón,Melipilla,LACTANCIA MATERNA EXCLUSIVA
4175,10,10,110455,A0200001,13,13501,2,,1,Servicio de Salud Metropolitano Occidente,Posta de Salud Rural Pabellón,Melipilla,MENORES CONTROLADOS
4176,7,10,110455,A0200002,13,13501,0,2,2,Servicio de Salud Metropolitano Occidente,Posta de Salud Rural Pabellón,Melipilla,LACTANCIA MATERNA EXCLUSIVA
4177,7,10,110455,A0200001,13,13501,1,2,3,Servicio de Salud Metropolitano Occidente,Posta de Salud Rural Pabellón,Melipilla,MENORES CONTROLADOS
4178,3,10,110778,A0200002,13,13501,1,1,6,Servicio de Salud Metropolitano Occidente,Centro Comunitario de Salud Familiar Padre Demetrio Bravo,Melipilla,LACTANCIA MATERNA EXCLUSIVA
4179,3,10,110778,A0200001,13,13501,6,1,8,Servicio de Salud Metropolitano Occidente,Centro Comunitario de Salud Familiar Padre Demetrio Bravo,Melipilla,MENORES CONTROLADOS
4180,11,10,110380,A0200002,13,13501,2,7,4,Servicio de Salud Metropolitano Occidente,Centro de Salud Familiar San Manuel,Melipilla,LACTANCIA MATERNA EXCLUSIVA
4181,11,10,110380,A0200001,13,13501,3,7,6,Servicio de Salud Metropolitano Occidente,Centro de Salud Familiar San Manuel,Melipilla,MENORES CONTROLADOS
4182,2,10,110445,A0200002,13,13501,,,1,Servicio de Salud Metropolitano Occidente,Posta de Salud Rural Pahuilmo,Melipilla,LACTANCIA MATERNA EXCLUSIVA
4183,2,10,110445,A0200001,13,13501,,,1,Servicio de Salud Metropolitano Occidente,Posta de Salud Rural Pahuilmo,Melipilla,MENORES CONTROLADOS
4184,7,10,110445,A0200001,13,13501,2,1,1,Servicio de Salud Metropolitano Occidente,Posta de Salud Rural Pahuilmo,Melipilla,MENORES CONTROLADOS
4185,7,10,110445,A0200002,13,13501,2,1,1,Servicio de Salud Metropolitano Occidente,Posta de Salud Rural Pahuilmo,Melipilla,LACTANCIA MATERNA EXCLUSIVA
4186,10,10,110380,A0200002,13,13501,1,5,1,Servicio de Salud Metropolitano Occidente,Centro de Salud Familiar San Manuel,Melipilla,LACTANCIA MATERNA EXCLUSIVA
4187,10,10,110380,A0200001,13,13501,1,7,2,Servicio de Salud Metropolitano Occidente,Centro de Salud Familiar San Manuel,Melipilla,MENORES CONTROLADOS
4188,7,10,110778,A0200002,13,13501,2,4,4,Servicio de Salud Metropolitano Occidente,Centro Comunitario de Salud Familiar Padre Demetrio Bravo,Melipilla,LACTANCIA MATERNA EXCLUSIVA
4189,7,10,110778,A0200001,13,13501,3,7,5,Servicio de Salud Metropolitano Occidente,Centro Comunitario de Salud Familiar Padre Demetrio Bravo,Melipilla,MENORES CONTROLADOS
4190,8,10,110380,A0200002,13,13501,3,2,7,Servicio de Salud Metropolitano Occidente,Centro de Salud Familiar San Manuel,Melipilla,LACTANCIA MATERNA EXCLUSIVA
4191,8,10,110380,A0200001,13,13501,3,4,7,Servicio de Salud Metropolitano Occidente,Centro de Salud Familiar San Manuel,Melipilla,MENORES CONTROLADOS
4192,4,10,110778,A0200002,13,13501,3,2,1,Servicio de Salud Metropolitano Occidente,Centro Comunitario de Salud Familiar Padre Demetrio Bravo,Melipilla,LACTANCIA MATERNA EXCLUSIVA
4193,4,10,110778,A0200001,13,13501,3,4,4,Servicio de Salud Metropolitano Occidente,Centro Comunitario de Salud Familiar Padre Demetrio Bravo,Melipilla,MENORES CONTROLADOS
4194,1,10,110778,A0200002,13,13501,2,,7,Servicio de Salud Metropolitano Occidente,Centro Comunitario de Salud Familiar Padre Demetrio Bravo,Melipilla,LACTANCIA MATERNA EXCLUSIVA
4195,1,10,110778,A0200001,13,13501,3,1,7,Servicio de Salud Metropolitano Occidente,Centro Comunitario de Salud Familiar Padre Demetrio Bravo,Melipilla,MENORES CONTROLADOS
4196,3,10,110445,A0200002,13,13501,1,2,,Servicio de Salud Metropolitano Occidente,Posta de Salud Rural Pahuilmo,Melipilla,LACTANCIA MATERNA EXCLUSIVA
4197,5,10,110445,A0200002,13,13501,1,1,,Servicio de Salud Metropolitano Occidente,Posta de Salud Rural Pahuilmo,Melipilla,LACTANCIA MATERNA EXCLUSIVA
4198,5,10,110445,A0200001,13,13501,3,1,2,Servicio de Salud Metropolitano Occidente,Posta de Salud Rural Pahuilmo,Melipilla,MENORES CONTROLADOS
4199,3,10,110445,A0200001,13,13501,4,3,1,Servicio de Salud Metropolitano Occidente,Posta de Salud Rural Pahuilmo,Melipilla,MENORES CONTROLADOS
4200,7,10,110380,A0200002,13,13501,7,1,4,Servicio de Salud Metropolitano Occidente,Centro de Salud Familiar San Manuel,Melipilla,LACTANCIA MATERNA EXCLUSIVA
4201,7,10,110380,A0200001,13,13501,10,3,4,Servicio de Salud Metropolitano Occidente,Centro de Salud Familiar San Manuel,Melipilla,MENORES CONTROLADOS
4202,5,10,110778,A0200002,13,13501,4,2,1,Servicio de Salud Metropolitano Occidente,Centro Comunitario de Salud Familiar Padre Demetrio Bravo,Melipilla,LACTANCIA MATERNA EXCLUSIVA
4203,5,10,110778,A0200001,13,13501,6,5,2,Servicio de Salud Metropolitano Occidente,Centro Comunitario de Salud Familiar Padre Demetrio Bravo,Melipilla,MENORES CONTROLADOS
4204,9,10,110445,A0200002,13,13501,,1,1,Servicio de Salud Metropolitano Occidente,Posta de Salud Rural Pahuilmo,Melipilla,LACTANCIA MATERNA EXCLUSIVA
4205,9,10,110445,A0200001,13,13501,3,1,2,Servicio de Salud Metropolitano Occidente,Posta de Salud Rural Pahuilmo,Melipilla,MENORES CONTROLADOS
4206,3,10,110380,A0200002,13,13501,7,0,3,Servicio de Salud Metropolitano Occidente,Centro de Salud Familiar San Manuel,Melipilla,LACTANCIA MATERNA EXCLUSIVA
4207,8,10,110778,A0200002,13,13501,1,2,5,Servicio de Salud Metropolitano Occidente,Centro Comunitario de Salud Familiar Padre Demetrio Bravo,Melipilla,LACTANCIA MATERNA EXCLUSIVA
4208,8,10,110778,A0200001,13,13501,1,4,8,Servicio de Salud Metropolitano Occidente,Centro Comunitario de Salud Familiar Padre Demetrio Bravo,Melipilla,MENORES CONTROLADOS
4209,9,10,110778,A0200002,13,13501,6,2,3,Servicio de Salud Metropolitano Occidente,Centro Comunitario de Salud Familiar Padre Demetrio Bravo,Melipilla,LACTANCIA MATERNA EXCLUSIVA
4210,9,10,110778,A0200001,13,13501,9,3,3,Servicio de Salud Metropolitano Occidente,Centro Comunitario de Salud Familiar Padre Demetrio Bravo,Melipilla,MENORES CONTROLADOS
4211,11,10,110778,A0200002,13,13501,3,2,3,Servicio de Salud Metropolitano Occidente,Centro Comunitario de Salud Familiar Padre Demetrio Bravo,Melipilla,LACTANCIA MATERNA EXCLUSIVA
4212,11,10,110778,A0200001,13,13501,7,4,9,Servicio de Salud Metropolitano Occidente,Centro Comunitario de Salud Familiar Padre Demetrio Bravo,Melipilla,MENORES CONTROLADOS
4213,5,10,110380,A0200001,13,13501,3,4,6,Servicio de Salud Metropolitano Occidente,Centro de Salud Familiar San Manuel,Melipilla,MENORES CONTROLADOS
4214,5,10,110380,A0200002,13,13501,2,4,3,Servicio de Salud Metropolitano Occidente,Centro de Salud Familiar San Manuel,Melipilla,LACTANCIA MATERNA EXCLUSIVA
4215,6,10,110380,A0200001,13,13501,2,7,0,Servicio de Salud Metropolitano Occidente,Centro de Salud Familiar San Manuel,Melipilla,MENORES CONTROLADOS
4216,6,10,110380,A0200002,13,13501,0,5,0,Servicio de Salud Metropolitano Occidente,Centro de Salud Familiar San Manuel,Melipilla,LACTANCIA MATERNA EXCLUSIVA
4217,4,10,110380,A0200002,13,13501,4,3,1,Servicio de Salud Metropolitano Occidente,Centro de Salud Familiar San Manuel,Melipilla,LACTANCIA MATERNA EXCLUSIVA
4218,4,10,110380,A0200001,13,13501,5,3,1,Servicio de Salud Metropolitano Occidente,Centro de Salud Familiar San Manuel,Melipilla,MENORES CONTROLADOS
4219,11,10,110445,A0200002,13,13501,1,,2,Servicio de Salud Metropolitano Occidente,Posta de Salud Rural Pahuilmo,Melipilla,LACTANCIA MATERNA EXCLUSIVA
4220,11,10,110445,A0200001,13,13501,3,,4,Servicio de Salud Metropolitano Occidente,Posta de Salud Rural Pahuilmo,Melipilla,MENORES CONTROLADOS
4221,9,10,110380,A0200001,13,13501,6,4,4,Servicio de Salud Metropolitano Occidente,Centro de Salud Familiar San Manuel,Melipilla,MENORES CONTROLADOS
4222,1,10,110380,A0200001,13,13501,3,1,9,Servicio de Salud Metropolitano Occidente,Centro de Salud Familiar San Manuel,Melipilla,MENORES CONTROLADOS
4223,1,10,110380,A0200002,13,13501,2,1,2,Servicio de Salud Metropolitano Occidente,Centro de Salud Familiar San Manuel,Melipilla,LACTANCIA MATERNA EXCLUSIVA
4224,8,10,110445,A0200002,13,13501,,1,1,Servicio de Salud Metropolitano Occidente,Posta de Salud Rural Pahuilmo,Melipilla,LACTANCIA MATERNA EXCLUSIVA
4225,8,10,110445,A0200001,13,13501,1,2,3,Servicio de Salud Metropolitano Occidente,Posta de Salud Rural Pahuilmo,Melipilla,MENORES CONTROLADOS
4226,2,10,110380,A0200002,13,13501,2,1,2,Servicio de Salud Metropolitano Occidente,Centro de Salud Familiar San Manuel,Melipilla,LACTANCIA MATERNA EXCLUSIVA
4227,2,10,110380,A0200001,13,13501,2,3,4,Servicio de Salud Metropolitano Occidente,Centro de Salud Familiar San Manuel,Melipilla,MENORES CONTROLADOS
4228,9,10,110380,A0200002,13,13501,5,2,2,Servicio de Salud Metropolitano Occidente,Centro de Salud Familiar San Manuel,Melipilla,LACTANCIA MATERNA EXCLUSIVA
4229,12,10,110445,A0200002,13,13501,1,,1,Servicio de Salud Metropolitano Occidente,Posta de Salud Rural Pahuilmo,Melipilla,LACTANCIA MATERNA EXCLUSIVA
4230,12,10,110445,A0200001,13,13501,1,,1,Servicio de Salud Metropolitano Occidente,Posta de Salud Rural Pahuilmo,Melipilla,MENORES CONTROLADOS
4231,12,10,110778,A0200002,13,13501,7,1,,Servicio de Salud Metropolitano Occidente,Centro Comunitario de Salud Familiar Padre Demetrio Bravo,Melipilla,LACTANCIA MATERNA EXCLUSIVA
4232,12,10,110778,A0200001,13,13501,10,2,5,Servicio de Salud Metropolitano Occidente,Centro Comunitario de Salud Familiar Padre Demetrio Bravo,Melipilla,MENORES CONTROLADOS
4233,12,10,110380,A0200002,13,13501,7,,3,Servicio de Salud Metropolitano Occidente,Centro de Salud Familiar San Manuel,Melipilla,LACTANCIA MATERNA EXCLUSIVA
4234,12,10,110380,A0200001,13,13501,9,1,4,Servicio de Salud Metropolitano Occidente,Centro de Salud Familiar San Manuel,Melipilla,MENORES CONTROLADOS
4235,6,10,110445,A0200001,13,13501,2,4,1,Servicio de Salud Metropolitano Occidente,Posta de Salud Rural Pahuilmo,Melipilla,MENORES CONTROLADOS
4236,6,10,110445,A0200002,13,13501,1,1,1,Servicio de Salud Metropolitano Occidente,Posta de Salud Rural Pahuilmo,Melipilla,LACTANCIA MATERNA EXCLUSIVA
4237,10,10,110445,A0200002,13,13501,,1,2,Servicio de Salud Metropolitano Occidente,Posta de Salud Rural Pahuilmo,Melipilla,LACTANCIA MATERNA EXCLUSIVA
4238,10,10,110445,A0200001,13,13501,,1,3,Servicio de Salud Metropolitano Occidente,Posta de Salud Rural Pahuilmo,Melipilla,MENORES CONTROLADOS
4239,4,10,110445,A0200002,13,13501,1,,,Servicio de Salud Metropolitano Occidente,Posta de Salud Rural Pahuilmo,Melipilla,LACTANCIA MATERNA EXCLUSIVA
4240,4,10,110445,A0200001,13,13501,2,1,1,Servicio de Salud Metropolitano Occidente,Posta de Salud Rural Pahuilmo,Melipilla,MENORES CONTROLADOS
4241,2,10,110778,A0200002,13,13501,2,1,5,Servicio de Salud Metropolitano Occidente,Centro Comunitario de Salud Familiar Padre Demetrio Bravo,Melipilla,LACTANCIA MATERNA EXCLUSIVA
4242,2,10,110778,A0200001,13,13501,5,4,10,Servicio de Salud Metropolitano Occidente,Centro Comunitario de Salud Familiar Padre Demetrio Bravo,Melipilla,MENORES CONTROLADOS
4243,3,10,110380,A0200001,13,13501,9,2,5,Servicio de Salud Metropolitano Occidente,Centro de Salud Familiar San Manuel,Melipilla,MENORES CONTROLADOS
4244,1,10,110445,A0200002,13,13501,,,,Servicio de Salud Metropolitano Occidente,Posta de Salud Rural Pahuilmo,Melipilla,LACTANCIA MATERNA EXCLUSIVA
4245,10,10,110778,A0200002,13,13501,1,1,2,Servicio de Salud Metropolitano Occidente,Centro Comunitario de Salud Familiar Padre Demetrio Bravo,Melipilla,LACTANCIA MATERNA EXCLUSIVA
4246,10,10,110778,A0200001,13,13501,4,4,13,Servicio de Salud Metropolitano Occidente,Centro Comunitario de Salud Familiar Padre Demetrio Bravo,Melipilla,MENORES CONTROLADOS
4247,1,10,110445,A0200001,13,13501,,1,,Servicio de Salud Metropolitano Occidente,Posta de Salud Rural Pahuilmo,Melipilla,MENORES CONTROLADOS
4248,6,10,110778,A0200002,13,13501,4,1,,Servicio de Salud Metropolitano Occidente,Centro Comunitario de Salud Familiar Padre Demetrio Bravo,Melipilla,LACTANCIA MATERNA EXCLUSIVA
4249,6,10,110778,A0200001,13,13501,7,4,,Servicio de Salud Metropolitano Occidente,Centro Comunitario de Salud Familiar Padre Demetrio Bravo,Melipilla,MENORES CONTROLADOS
4250,10,10,110381,A0200002,13,13501,0,0,2,Servicio de Salud Metropolitano Occidente,Centro de Salud Familiar Alfarera Rosa Reyes Vilches,Melipilla,LACTANCIA MATERNA EXCLUSIVA
4251,10,10,110381,A0200001,13,13501,0,0,4,Servicio de Salud Metropolitano Occidente,Centro de Salud Familiar Alfarera Rosa Reyes Vilches,Melipilla,MENORES CONTROLADOS
4252,5,10,110381,A0200001,13,13501,9,4,3,Servicio de Salud Metropolitano Occidente,Centro de Salud Familiar Alfarera Rosa Reyes Vilches,Melipilla,MENORES CONTROLADOS
4253,5,10,110381,A0200002,13,13501,4,4,2,Servicio de Salud Metropolitano Occidente,Centro de Salud Familiar Alfarera Rosa Reyes Vilches,Melipilla,LACTANCIA MATERNA EXCLUSIVA
4254,8,10,110440,A0200002,13,13501,5,5,4,Servicio de Salud Metropolitano Occidente,Posta de Salud Rural Bollenar,Melipilla,LACTANCIA MATERNA EXCLUSIVA
4255,8,10,110440,A0200001,13,13501,5,5,4,Servicio de Salud Metropolitano Occidente,Posta de Salud Rural Bollenar,Melipilla,MENORES CONTROLADOS
4256,5,10,110440,A0200001,13,13501,7,3,4,Servicio de Salud Metropolitano Occidente,Posta de Salud Rural Bollenar,Melipilla,MENORES CONTROLADOS
4257,5,10,110440,A0200002,13,13501,7,3,2,Servicio de Salud Metropolitano Occidente,Posta de Salud Rural Bollenar,Melipilla,LACTANCIA MATERNA EXCLUSIVA
4258,1,10,110381,A0200002,13,13501,4,2,1,Servicio de Salud Metropolitano Occidente,Centro de Salud Familiar Alfarera Rosa Reyes Vilches,Melipilla,LACTANCIA MATERNA EXCLUSIVA
4259,1,10,110381,A0200001,13,13501,4,6,4,Servicio de Salud Metropolitano Occidente,Centro de Salud Familiar Alfarera Rosa Reyes Vilches,Melipilla,MENORES CONTROLADOS
4260,3,10,110440,A0200002,13,13501,6,2,1,Servicio de Salud Metropolitano Occidente,Posta de Salud Rural Bollenar,Melipilla,LACTANCIA MATERNA EXCLUSIVA
4261,6,10,110381,A0200002,13,13501,1,5,5,Servicio de Salud Metropolitano Occidente,Centro de Salud Familiar Alfarera Rosa Reyes Vilches,Melipilla,LACTANCIA MATERNA EXCLUSIVA
4262,4,10,110381,A0200002,13,13501,2,4,4,Servicio de Salud Metropolitano Occidente,Centro de Salud Familiar Alfarera Rosa Reyes Vilches,Melipilla,LACTANCIA MATERNA EXCLUSIVA
4263,4,10,110381,A0200001,13,13501,3,7,6,Servicio de Salud Metropolitano Occidente,Centro de Salud Familiar Alfarera Rosa Reyes Vilches,Melipilla,MENORES CONTROLADOS
4264,2,10,110381,A0200001,13,13501,6,3,5,Servicio de Salud Metropolitano Occidente,Centro de Salud Familiar Alfarera Rosa Reyes Vilches,Melipilla,MENORES CONTROLADOS
4265,3,10,110440,A0200001,13,13501,6,2,2,Servicio de Salud Metropolitano Occidente,Posta de Salud Rural Bollenar,Melipilla,MENORES CONTROLADOS
4266,7,10,110440,A0200001,13,13501,6,2,2,Servicio de Salud Metropolitano Occidente,Posta de Salud Rural Bollenar,Melipilla,MENORES CONTROLADOS
4267,7,10,110440,A0200002,13,13501,6,2,2,Servicio de Salud Metropolitano Occidente,Posta de Salud Rural Bollenar,Melipilla,LACTANCIA MATERNA EXCLUSIVA
4268,10,10,110440,A0200002,13,13501,7,3,4,Servicio de Salud Metropolitano Occidente,Posta de Salud Rural Bollenar,Melipilla,LACTANCIA MATERNA EXCLUSIVA
4269,10,10,110440,A0200001,13,13501,7,3,6,Servicio de Salud Metropolitano Occidente,Posta de Salud Rural Bollenar,Melipilla,MENORES CONTROLADOS
4270,4,10,110440,A0200002,13,13501,6,1,3,Servicio de Salud Metropolitano Occidente,Posta de Salud Rural Bollenar,Melipilla,LACTANCIA MATERNA EXCLUSIVA
4271,4,10,110440,A0200001,13,13501,6,1,4,Servicio de Salud Metropolitano Occidente,Posta de Salud Rural Bollenar,Melipilla,MENORES CONTROLADOS
4272,9,10,110440,A0200002,13,13501,5,1,,Servicio de Salud Metropolitano Occidente,Posta de Salud Rural Bollenar,Melipilla,LACTANCIA MATERNA EXCLUSIVA
4273,9,10,110440,A0200001,13,13501,5,1,1,Servicio de Salud Metropolitano Occidente,Posta de Salud Rural Bollenar,Melipilla,MENORES CONTROLADOS
4274,2,10,110440,A0200001,13,13501,1,2,3,Servicio de Salud Metropolitano Occidente,Posta de Salud Rural Bollenar,Melipilla,MENORES CONTROLADOS
4275,2,10,110381,A0200002,13,13501,3,3,2,Servicio de Salud Metropolitano Occidente,Centro de Salud Familiar Alfarera Rosa Reyes Vilches,Melipilla,LACTANCIA MATERNA EXCLUSIVA
4276,2,10,110440,A0200002,13,13501,1,2,,Servicio de Salud Metropolitano Occidente,Posta de Salud Rural Bollenar,Melipilla,LACTANCIA MATERNA EXCLUSIVA
4277,11,10,110440,A0200002,13,13501,3,1,2,Servicio de Salud Metropolitano Occidente,Posta de Salud Rural Bollenar,Melipilla,LACTANCIA MATERNA EXCLUSIVA
4278,11,10,110440,A0200001,13,13501,3,1,3,Servicio de Salud Metropolitano Occidente,Posta de Salud Rural Bollenar,Melipilla,MENORES CONTROLADOS
4279,7,10,110381,A0200002,13,13501,4,3,4,Servicio de Salud Metropolitano Occidente,Centro de Salud Familiar Alfarera Rosa Reyes Vilches,Melipilla,LACTANCIA MATERNA EXCLUSIVA
4280,7,10,110381,A0200001,13,13501,4,6,6,Servicio de Salud Metropolitano Occidente,Centro de Salud Familiar Alfarera Rosa Reyes Vilches,Melipilla,MENORES CONTROLADOS
4281,6,10,110381,A0200001,13,13501,3,6,5,Servicio de Salud Metropolitano Occidente,Centro de Salud Familiar Alfarera Rosa Reyes Vilches,Melipilla,MENORES CONTROLADOS
4282,11,10,110381,A0200002,13,13501,1,0,2,Servicio de Salud Metropolitano Occidente,Centro de Salud Familiar Alfarera Rosa Reyes Vilches,Melipilla,LACTANCIA MATERNA EXCLUSIVA
4283,11,10,110381,A0200001,13,13501,1,0,3,Servicio de Salud Metropolitano Occidente,Centro de Salud Familiar Alfarera Rosa Reyes Vilches,Melipilla,MENORES CONTROLADOS
4284,1,10,110440,A0200002,13,13501,,,4,Servicio de Salud Metropolitano Occidente,Posta de Salud Rural Bollenar,Melipilla,LACTANCIA MATERNA EXCLUSIVA
4285,1,10,110440,A0200001,13,13501,,1,5,Servicio de Salud Metropolitano Occidente,Posta de Salud Rural Bollenar,Melipilla,MENORES CONTROLADOS
4286,12,10,110440,A0200002,13,13501,4,5,2,Servicio de Salud Metropolitano Occidente,Posta de Salud Rural Bollenar,Melipilla,LACTANCIA MATERNA EXCLUSIVA
4287,12,10,110440,A0200001,13,13501,4,5,2,Servicio de Salud Metropolitano Occidente,Posta de Salud Rural Bollenar,Melipilla,MENORES CONTROLADOS
4288,9,10,110381,A0200002,13,13501,3,3,5,Servicio de Salud Metropolitano Occidente,Centro de Salud Familiar Alfarera Rosa Reyes Vilches,Melipilla,LACTANCIA MATERNA EXCLUSIVA
4289,9,10,110381,A0200001,13,13501,3,3,7,Servicio de Salud Metropolitano Occidente,Centro de Salud Familiar Alfarera Rosa Reyes Vilches,Melipilla,MENORES CONTROLADOS
4290,12,10,110381,A0200002,13,13501,0,0,2,Servicio de Salud Metropolitano Occidente,Centro de Salud Familiar Alfarera Rosa Reyes Vilches,Melipilla,LACTANCIA MATERNA EXCLUSIVA
4291,12,10,110381,A0200001,13,13501,0,0,2,Servicio de Salud Metropolitano Occidente,Centro de Salud Familiar Alfarera Rosa Reyes Vilches,Melipilla,MENORES CONTROLADOS
4292,3,10,110381,A0200001,13,13501,4,2,1,Servicio de Salud Metropolitano Occidente,Centro de Salud Familiar Alfarera Rosa Reyes Vilches,Melipilla,MENORES CONTROLADOS
4293,8,10,110381,A0200002,13,13501,2,1,2,Servicio de Salud Metropolitano Occidente,Centro de Salud Familiar Alfarera Rosa Reyes Vilches,Melipilla,LACTANCIA MATERNA EXCLUSIVA
4294,8,10,110381,A0200001,13,13501,3,1,3,Servicio de Salud Metropolitano Occidente,Centro de Salud Familiar Alfarera Rosa Reyes Vilches,Melipilla,MENORES CONTROLADOS
4295,3,10,110381,A0200002,13,13501,4,2,0,Servicio de Salud Metropolitano Occidente,Centro de Salud Familiar Alfarera Rosa Reyes Vilches,Melipilla,LACTANCIA MATERNA EXCLUSIVA
4296,6,10,110440,A0200001,13,13501,,1,3,Servicio de Salud Metropolitano Occidente,Posta de Salud Rural Bollenar,Melipilla,MENORES CONTROLADOS
4297,6,10,110440,A0200002,13,13501,,1,1,Servicio de Salud Metropolitano Occidente,Posta de Salud Rural Bollenar,Melipilla,LACTANCIA MATERNA EXCLUSIVA
4298,5,10,200965,A0200001,13,13501,17,11,11,Servicio de Salud Metropolitano Occidente,Centro de Salud Familiar Florencia,Melipilla,MENORES CONTROLADOS
4299,5,10,200965,A0200002,13,13501,7,4,8,Servicio de Salud Metropolitano Occidente,Centro de Salud Familiar Florencia,Melipilla,LACTANCIA MATERNA EXCLUSIVA
4300,5,10,110783,A0200001,13,13501,0,1,0,Servicio de Salud Metropolitano Occidente,Centro Comunitario de Salud Familiar Codigua,Melipilla,MENORES CONTROLADOS
4301,8,10,200965,A0200002,13,13501,13,7,7,Servicio de Salud Metropolitano Occidente,Centro de Salud Familiar Florencia,Melipilla,LACTANCIA MATERNA EXCLUSIVA
4302,8,10,200965,A0200001,13,13501,17,11,19,Servicio de Salud Metropolitano Occidente,Centro de Salud Familiar Florencia,Melipilla,MENORES CONTROLADOS
4303,6,10,110783,A0200002,13,13501,1,,,Servicio de Salud Metropolitano Occidente,Centro Comunitario de Salud Familiar Codigua,Melipilla,LACTANCIA MATERNA EXCLUSIVA
4304,6,10,110783,A0200001,13,13501,1,,,Servicio de Salud Metropolitano Occidente,Centro Comunitario de Salud Familiar Codigua,Melipilla,MENORES CONTROLADOS
4305,1,10,200965,A0200002,13,13501,13,8,10,Servicio de Salud Metropolitano Occidente,Centro de Salud Familiar Florencia,Melipilla,LACTANCIA MATERNA EXCLUSIVA
4306,1,10,200965,A0200001,13,13501,21,14,15,Servicio de Salud Metropolitano Occidente,Centro de Salud Familiar Florencia,Melipilla,MENORES CONTROLADOS
4307,7,10,200965,A0200001,13,13501,18,12,16,Servicio de Salud Metropolitano Occidente,Centro de Salud Familiar Florencia,Melipilla,MENORES CONTROLADOS
4308,9,10,200965,A0200002,13,13501,7,7,12,Servicio de Salud Metropolitano Occidente,Centro de Salud Familiar Florencia,Melipilla,LACTANCIA MATERNA EXCLUSIVA
4309,9,10,200965,A0200001,13,13501,16,13,18,Servicio de Salud Metropolitano Occidente,Centro de Salud Familiar Florencia,Melipilla,MENORES CONTROLADOS
4310,7,10,200965,A0200002,13,13501,9,7,9,Servicio de Salud Metropolitano Occidente,Centro de Salud Familiar Florencia,Melipilla,LACTANCIA MATERNA EXCLUSIVA
4311,12,10,200965,A0200002,13,13501,19,8,11,Servicio de Salud Metropolitano Occidente,Centro de Salud Familiar Florencia,Melipilla,LACTANCIA MATERNA EXCLUSIVA
4312,12,10,200965,A0200001,13,13501,25,14,17,Servicio de Salud Metropolitano Occidente,Centro de Salud Familiar Florencia,Melipilla,MENORES CONTROLADOS
4313,10,10,110783,A0200002,13,13501,1,0,1,Servicio de Salud Metropolitano Occidente,Centro Comunitario de Salud Familiar Codigua,Melipilla,LACTANCIA MATERNA EXCLUSIVA
4314,10,10,110783,A0200001,13,13501,2,0,2,Servicio de Salud Metropolitano Occidente,Centro Comunitario de Salud Familiar Codigua,Melipilla,MENORES CONTROLADOS
4315,10,10,200965,A0200002,13,13501,13,7,10,Servicio de Salud Metropolitano Occidente,Centro de Salud Familiar Florencia,Melipilla,LACTANCIA MATERNA EXCLUSIVA
4316,10,10,200965,A0200001,13,13501,18,9,15,Servicio de Salud Metropolitano Occidente,Centro de Salud Familiar Florencia,Melipilla,MENORES CONTROLADOS
4317,7,10,110783,A0200002,13,13501,,1,,Servicio de Salud Metropolitano Occidente,Centro Comunitario de Salud Familiar Codigua,Melipilla,LACTANCIA MATERNA EXCLUSIVA
4318,7,10,110783,A0200001,13,13501,,1,4,Servicio de Salud Metropolitano Occidente,Centro Comunitario de Salud Familiar Codigua,Melipilla,MENORES CONTROLADOS
4319,2,10,200965,A0200002,13,13501,8,3,10,Servicio de Salud Metropolitano Occidente,Centro de Salud Familiar Florencia,Melipilla,LACTANCIA MATERNA EXCLUSIVA
4320,2,10,200965,A0200001,13,13501,14,5,19,Servicio de Salud Metropolitano Occidente,Centro de Salud Familiar Florencia,Melipilla,MENORES CONTROLADOS
4321,9,10,110783,A0200002,13,13501,,,1,Servicio de Salud Metropolitano Occidente,Centro Comunitario de Salud Familiar Codigua,Melipilla,LACTANCIA MATERNA EXCLUSIVA
4322,9,10,110783,A0200001,13,13501,,,1,Servicio de Salud Metropolitano Occidente,Centro Comunitario de Salud Familiar Codigua,Melipilla,MENORES CONTROLADOS
4323,3,10,110783,A0200002,13,13501,1,0,0,Servicio de Salud Metropolitano Occidente,Centro Comunitario de Salud Familiar Codigua,Melipilla,LACTANCIA MATERNA EXCLUSIVA
4324,3,10,110783,A0200001,13,13501,2,,0,Servicio de Salud Metropolitano Occidente,Centro Comunitario de Salud Familiar Codigua,Melipilla,MENORES CONTROLADOS
4325,12,10,110783,A0200001,13,13501,,,,Servicio de Salud Metropolitano Occidente,Centro Comunitario de Salud Familiar Codigua,Melipilla,MENORES CONTROLADOS
4326,1,10,110783,A0200002,13,13501,,,,Servicio de Salud Metropolitano Occidente,Centro Comunitario de Salud Familiar Codigua,Melipilla,LACTANCIA MATERNA EXCLUSIVA
4327,1,10,110783,A0200001,13,13501,,,,Servicio de Salud Metropolitano Occidente,Centro Comunitario de Salud Familiar Codigua,Melipilla,MENORES CONTROLADOS
4328,8,10,110783,A0200002,13,13501,1,1,1,Servicio de Salud Metropolitano Occidente,Centro Comunitario de Salud Familiar Codigua,Melipilla,LACTANCIA MATERNA EXCLUSIVA
4329,8,10,110783,A0200001,13,13501,2,1,1,Servicio de Salud Metropolitano Occidente,Centro Comunitario de Salud Familiar Codigua,Melipilla,MENORES CONTROLADOS
4330,4,10,200965,A0200002,13,13501,9,13,8,Servicio de Salud Metropolitano Occidente,Centro de Salud Familiar Florencia,Melipilla,LACTANCIA MATERNA EXCLUSIVA
4331,4,10,200965,A0200001,13,13501,12,21,16,Servicio de Salud Metropolitano Occidente,Centro de Salud Familiar Florencia,Melipilla,MENORES CONTROLADOS
4332,6,10,200965,A0200002,13,13501,9,7,10,Servicio de Salud Metropolitano Occidente,Centro de Salud Familiar Florencia,Melipilla,LACTANCIA MATERNA EXCLUSIVA
4333,6,10,200965,A0200001,13,13501,16,11,14,Servicio de Salud Metropolitano Occidente,Centro de Salud Familiar Florencia,Melipilla,MENORES CONTROLADOS
4334,4,10,110783,A0200002,13,13501,,1,1,Servicio de Salud Metropolitano Occidente,Centro Comunitario de Salud Familiar Codigua,Melipilla,LACTANCIA MATERNA EXCLUSIVA
4335,4,10,110783,A0200001,13,13501,,1,2,Servicio de Salud Metropolitano Occidente,Centro Comunitario de Salud Familiar Codigua,Melipilla,MENORES CONTROLADOS
4336,11,10,110783,A0200002,13,13501,,,,Servicio de Salud Metropolitano Occidente,Centro Comunitario de Salud Familiar Codigua,Melipilla,LACTANCIA MATERNA EXCLUSIVA
4337,11,10,110783,A0200001,13,13501,,,,Servicio de Salud Metropolitano Occidente,Centro Comunitario de Salud Familiar Codigua,Melipilla,MENORES CONTROLADOS
4338,11,10,200965,A0200002,13,13501,8,9,6,Servicio de Salud Metropolitano Occidente,Centro de Salud Familiar Florencia,Melipilla,LACTANCIA MATERNA EXCLUSIVA
4339,11,10,200965,A0200001,13,13501,10,13,12,Servicio de Salud Metropolitano Occidente,Centro de Salud Familiar Florencia,Melipilla,MENORES CONTROLADOS
4340,2,10,110783,A0200002,13,13501,,1,,Servicio de Salud Metropolitano Occidente,Centro Comunitario de Salud Familiar Codigua,Melipilla,LACTANCIA MATERNA EXCLUSIVA
4341,2,10,110783,A0200001,13,13501,,1,1,Servicio de Salud Metropolitano Occidente,Centro Comunitario de Salud Familiar Codigua,Melipilla,MENORES CONTROLADOS
4342,3,10,200965,A0200001,13,13501,18,7,15,Servicio de Salud Metropolitano Occidente,Centro de Salud Familiar Florencia,Melipilla,MENORES CONTROLADOS
4343,3,10,200965,A0200002,13,13501,7,3,9,Servicio de Salud Metropolitano Occidente,Centro de Salud Familiar Florencia,Melipilla,LACTANCIA MATERNA EXCLUSIVA
4344,7,10,110503,A0200002,13,13502,,,1,Servicio de Salud Metropolitano Occidente,Centro Comunitario de Salud Familiar Hacienda Alhué,Alhué,LACTANCIA MATERNA EXCLUSIVA
4345,7,10,110503,A0200001,13,13502,,,5,Servicio de Salud Metropolitano Occidente,Centro Comunitario de Salud Familiar Hacienda Alhué,Alhué,MENORES CONTROLADOS
4346,8,10,110503,A0200002,13,13502,,,,Servicio de Salud Metropolitano Occidente,Centro Comunitario de Salud Familiar Hacienda Alhué,Alhué,LACTANCIA MATERNA EXCLUSIVA
4347,8,10,110503,A0200001,13,13502,,,3,Servicio de Salud Metropolitano Occidente,Centro Comunitario de Salud Familiar Hacienda Alhué,Alhué,MENORES CONTROLADOS
4348,10,10,110503,A0200002,13,13502,,,4,Servicio de Salud Metropolitano Occidente,Centro Comunitario de Salud Familiar Hacienda Alhué,Alhué,LACTANCIA MATERNA EXCLUSIVA
4349,10,10,110503,A0200001,13,13502,,,5,Servicio de Salud Metropolitano Occidente,Centro Comunitario de Salud Familiar Hacienda Alhué,Alhué,MENORES CONTROLADOS
4350,2,10,110503,A0200002,13,13502,,,3,Servicio de Salud Metropolitano Occidente,Centro Comunitario de Salud Familiar Hacienda Alhué,Alhué,LACTANCIA MATERNA EXCLUSIVA
4351,2,10,110503,A0200001,13,13502,,,3,Servicio de Salud Metropolitano Occidente,Centro Comunitario de Salud Familiar Hacienda Alhué,Alhué,MENORES CONTROLADOS
4352,3,10,110503,A0200002,13,13502,,,,Servicio de Salud Metropolitano Occidente,Centro Comunitario de Salud Familiar Hacienda Alhué,Alhué,LACTANCIA MATERNA EXCLUSIVA
4353,3,10,110503,A0200001,13,13502,,,,Servicio de Salud Metropolitano Occidente,Centro Comunitario de Salud Familiar Hacienda Alhué,Alhué,MENORES CONTROLADOS
4354,1,10,110503,A0200001,13,13502,,,3,Servicio de Salud Metropolitano Occidente,Centro Comunitario de Salud Familiar Hacienda Alhué,Alhué,MENORES CONTROLADOS
4355,4,10,110503,A0200002,13,13502,,,,Servicio de Salud Metropolitano Occidente,Centro Comunitario de Salud Familiar Hacienda Alhué,Alhué,LACTANCIA MATERNA EXCLUSIVA
4356,4,10,110503,A0200001,13,13502,,,2,Servicio de Salud Metropolitano Occidente,Centro Comunitario de Salud Familiar Hacienda Alhué,Alhué,MENORES CONTROLADOS
4357,11,10,110503,A0200001,13,13502,,,4,Servicio de Salud Metropolitano Occidente,Centro Comunitario de Salud Familiar Hacienda Alhué,Alhué,MENORES CONTROLADOS
4358,6,10,110503,A0200002,13,13502,,,3,Servicio de Salud Metropolitano Occidente,Centro Comunitario de Salud Familiar Hacienda Alhué,Alhué,LACTANCIA MATERNA EXCLUSIVA
4359,6,10,110503,A0200001,13,13502,,,3,Servicio de Salud Metropolitano Occidente,Centro Comunitario de Salud Familiar Hacienda Alhué,Alhué,MENORES CONTROLADOS
4360,9,10,110503,A0200002,13,13502,,,,Servicio de Salud Metropolitano Occidente,Centro Comunitario de Salud Familiar Hacienda Alhué,Alhué,LACTANCIA MATERNA EXCLUSIVA
4361,9,10,110503,A0200001,13,13502,,,,Servicio de Salud Metropolitano Occidente,Centro Comunitario de Salud Familiar Hacienda Alhué,Alhué,MENORES CONTROLADOS
4362,8,10,110505,A0200001,13,13502,,,1,Servicio de Salud Metropolitano Occidente,Posta de Salud Rural Pichi,Alhué,MENORES CONTROLADOS
4363,1,10,110503,A0200002,13,13502,,,3,Servicio de Salud Metropolitano Occidente,Centro Comunitario de Salud Familiar Hacienda Alhué,Alhué,LACTANCIA MATERNA EXCLUSIVA
4364,12,10,110503,A0200002,13,13502,,,,Servicio de Salud Metropolitano Occidente,Centro Comunitario de Salud Familiar Hacienda Alhué,Alhué,LACTANCIA MATERNA EXCLUSIVA
4365,12,10,110503,A0200001,13,13502,,,1,Servicio de Salud Metropolitano Occidente,Centro Comunitario de Salud Familiar Hacienda Alhué,Alhué,MENORES CONTROLADOS
4366,5,10,110503,A0200002,13,13502,,,,Servicio de Salud Metropolitano Occidente,Centro Comunitario de Salud Familiar Hacienda Alhué,Alhué,LACTANCIA MATERNA EXCLUSIVA
4367,5,10,110503,A0200001,13,13502,,,1,Servicio de Salud Metropolitano Occidente,Centro Comunitario de Salud Familiar Hacienda Alhué,Alhué,MENORES CONTROLADOS
4368,5,10,110393,A0200001,13,13502,,5,1,Servicio de Salud Metropolitano Occidente,Centro de Salud Familiar Villa Alhué,Alhué,MENORES CONTROLADOS
4369,5,10,110393,A0200002,13,13502,,3,,Servicio de Salud Metropolitano Occidente,Centro de Salud Familiar Villa Alhué,Alhué,LACTANCIA MATERNA EXCLUSIVA
4370,11,10,110393,A0200002,13,13502,0,1,2,Servicio de Salud Metropolitano Occidente,Centro de Salud Familiar Villa Alhué,Alhué,LACTANCIA MATERNA EXCLUSIVA
4371,11,10,110393,A0200001,13,13502,2,3,2,Servicio de Salud Metropolitano Occidente,Centro de Salud Familiar Villa Alhué,Alhué,MENORES CONTROLADOS
4372,4,10,110393,A0200002,13,13502,,,1,Servicio de Salud Metropolitano Occidente,Centro de Salud Familiar Villa Alhué,Alhué,LACTANCIA MATERNA EXCLUSIVA
4373,4,10,110393,A0200001,13,13502,,,2,Servicio de Salud Metropolitano Occidente,Centro de Salud Familiar Villa Alhué,Alhué,MENORES CONTROLADOS
4374,9,10,110393,A0200002,13,13502,1,1,1,Servicio de Salud Metropolitano Occidente,Centro de Salud Familiar Villa Alhué,Alhué,LACTANCIA MATERNA EXCLUSIVA
4375,3,10,110393,A0200001,13,13502,1,3,2,Servicio de Salud Metropolitano Occidente,Centro de Salud Familiar Villa Alhué,Alhué,MENORES CONTROLADOS
4376,3,10,110393,A0200002,13,13502,1,2,1,Servicio de Salud Metropolitano Occidente,Centro de Salud Familiar Villa Alhué,Alhué,LACTANCIA MATERNA EXCLUSIVA
4377,7,10,110510,A0200001,13,13502,,,,Servicio de Salud Metropolitano Occidente,Posta de Salud Rural El Asiento,Alhué,MENORES CONTROLADOS
4378,7,10,110393,A0200002,13,13502,1,2,4,Servicio de Salud Metropolitano Occidente,Centro de Salud Familiar Villa Alhué,Alhué,LACTANCIA MATERNA EXCLUSIVA
4379,7,10,110393,A0200001,13,13502,2,3,6,Servicio de Salud Metropolitano Occidente,Centro de Salud Familiar Villa Alhué,Alhué,MENORES CONTROLADOS
4380,8,10,110510,A0200002,13,13502,,,1,Servicio de Salud Metropolitano Occidente,Posta de Salud Rural El Asiento,Alhué,LACTANCIA MATERNA EXCLUSIVA
4381,8,10,110510,A0200001,13,13502,,,2,Servicio de Salud Metropolitano Occidente,Posta de Salud Rural El Asiento,Alhué,MENORES CONTROLADOS
4382,8,10,110393,A0200002,13,13502,1,,3,Servicio de Salud Metropolitano Occidente,Centro de Salud Familiar Villa Alhué,Alhué,LACTANCIA MATERNA EXCLUSIVA
4383,8,10,110393,A0200001,13,13502,2,,5,Servicio de Salud Metropolitano Occidente,Centro de Salud Familiar Villa Alhué,Alhué,MENORES CONTROLADOS
4384,2,10,110393,A0200002,13,13502,3,1,1,Servicio de Salud Metropolitano Occidente,Centro de Salud Familiar Villa Alhué,Alhué,LACTANCIA MATERNA EXCLUSIVA
4385,2,10,110393,A0200001,13,13502,8,2,2,Servicio de Salud Metropolitano Occidente,Centro de Salud Familiar Villa Alhué,Alhué,MENORES CONTROLADOS
4386,12,10,110510,A0200001,13,13502,,1,,Servicio de Salud Metropolitano Occidente,Posta de Salud Rural El Asiento,Alhué,MENORES CONTROLADOS
4387,6,10,110393,A0200002,13,13502,0,,2,Servicio de Salud Metropolitano Occidente,Centro de Salud Familiar Villa Alhué,Alhué,LACTANCIA MATERNA EXCLUSIVA
4388,6,10,110393,A0200001,13,13502,0,2,4,Servicio de Salud Metropolitano Occidente,Centro de Salud Familiar Villa Alhué,Alhué,MENORES CONTROLADOS
4389,1,10,110393,A0200002,13,13502,3,,3,Servicio de Salud Metropolitano Occidente,Centro de Salud Familiar Villa Alhué,Alhué,LACTANCIA MATERNA EXCLUSIVA
4390,1,10,110393,A0200001,13,13502,4,1,5,Servicio de Salud Metropolitano Occidente,Centro de Salud Familiar Villa Alhué,Alhué,MENORES CONTROLADOS
4391,12,10,110393,A0200002,13,13502,2,,3,Servicio de Salud Metropolitano Occidente,Centro de Salud Familiar Villa Alhué,Alhué,LACTANCIA MATERNA EXCLUSIVA
4392,12,10,110393,A0200001,13,13502,4,,3,Servicio de Salud Metropolitano Occidente,Centro de Salud Familiar Villa Alhué,Alhué,MENORES CONTROLADOS
4393,9,10,110393,A0200001,13,13502,2,1,3,Servicio de Salud Metropolitano Occidente,Centro de Salud Familiar Villa Alhué,Alhué,MENORES CONTROLADOS
4394,10,10,110393,A0200002,13,13502,1,1,5,Servicio de Salud Metropolitano Occidente,Centro de Salud Familiar Villa Alhué,Alhué,LACTANCIA MATERNA EXCLUSIVA
4395,10,10,110393,A0200001,13,13502,2,1,6,Servicio de Salud Metropolitano Occidente,Centro de Salud Familiar Villa Alhué,Alhué,MENORES CONTROLADOS
4396,3,10,110510,A0200001,13,13502,,,1,Servicio de Salud Metropolitano Occidente,Posta de Salud Rural El Asiento,Alhué,MENORES CONTROLADOS
4397,1,10,110477,A0200002,13,13503,,1,1,Servicio de Salud Metropolitano Occidente,Centro Comunitario de Salud Familiar María Salas,Curacaví,LACTANCIA MATERNA EXCLUSIVA
4398,1,10,110477,A0200001,13,13503,0,1,1,Servicio de Salud Metropolitano Occidente,Centro Comunitario de Salud Familiar María Salas,Curacaví,MENORES CONTROLADOS
4399,6,10,110477,A0200001,13,13503,0,0,2,Servicio de Salud Metropolitano Occidente,Centro Comunitario de Salud Familiar María Salas,Curacaví,MENORES CONTROLADOS
4400,6,10,110477,A0200002,13,13503,0,0,0,Servicio de Salud Metropolitano Occidente,Centro Comunitario de Salud Familiar María Salas,Curacaví,LACTANCIA MATERNA EXCLUSIVA
4401,3,10,110477,A0200002,13,13503,0,0,2,Servicio de Salud Metropolitano Occidente,Centro Comunitario de Salud Familiar María Salas,Curacaví,LACTANCIA MATERNA EXCLUSIVA
4402,3,10,110477,A0200001,13,13503,0,2,2,Servicio de Salud Metropolitano Occidente,Centro Comunitario de Salud Familiar María Salas,Curacaví,MENORES CONTROLADOS
4403,8,10,110477,A0200001,13,13503,4,0,3,Servicio de Salud Metropolitano Occidente,Centro Comunitario de Salud Familiar María Salas,Curacaví,MENORES CONTROLADOS
4404,8,10,110477,A0200002,13,13503,3,0,2,Servicio de Salud Metropolitano Occidente,Centro Comunitario de Salud Familiar María Salas,Curacaví,LACTANCIA MATERNA EXCLUSIVA
4405,7,10,110477,A0200002,13,13503,2,1,0,Servicio de Salud Metropolitano Occidente,Centro Comunitario de Salud Familiar María Salas,Curacaví,LACTANCIA MATERNA EXCLUSIVA
4406,7,10,110477,A0200001,13,13503,4,1,2,Servicio de Salud Metropolitano Occidente,Centro Comunitario de Salud Familiar María Salas,Curacaví,MENORES CONTROLADOS
4407,5,10,110477,A0200002,13,13503,0,2,0,Servicio de Salud Metropolitano Occidente,Centro Comunitario de Salud Familiar María Salas,Curacaví,LACTANCIA MATERNA EXCLUSIVA
4408,5,10,110477,A0200001,13,13503,2,2,3,Servicio de Salud Metropolitano Occidente,Centro Comunitario de Salud Familiar María Salas,Curacaví,MENORES CONTROLADOS
4409,2,10,110477,A0200002,13,13503,1,0,1,Servicio de Salud Metropolitano Occidente,Centro Comunitario de Salud Familiar María Salas,Curacaví,LACTANCIA MATERNA EXCLUSIVA
4410,2,10,110477,A0200001,13,13503,2,1,2,Servicio de Salud Metropolitano Occidente,Centro Comunitario de Salud Familiar María Salas,Curacaví,MENORES CONTROLADOS
4411,4,10,110477,A0200002,13,13503,0,0,0,Servicio de Salud Metropolitano Occidente,Centro Comunitario de Salud Familiar María Salas,Curacaví,LACTANCIA MATERNA EXCLUSIVA
4412,4,10,110477,A0200001,13,13503,0,0,1,Servicio de Salud Metropolitano Occidente,Centro Comunitario de Salud Familiar María Salas,Curacaví,MENORES CONTROLADOS
4413,10,10,110477,A0200002,13,13503,1,1,1,Servicio de Salud Metropolitano Occidente,Centro Comunitario de Salud Familiar María Salas,Curacaví,LACTANCIA MATERNA EXCLUSIVA
4414,10,10,110477,A0200001,13,13503,2,3,2,Servicio de Salud Metropolitano Occidente,Centro Comunitario de Salud Familiar María Salas,Curacaví,MENORES CONTROLADOS
4415,9,10,110477,A0200002,13,13503,0,2,0,Servicio de Salud Metropolitano Occidente,Centro Comunitario de Salud Familiar María Salas,Curacaví,LACTANCIA MATERNA EXCLUSIVA
4416,9,10,110477,A0200001,13,13503,1,2,0,Servicio de Salud Metropolitano Occidente,Centro Comunitario de Salud Familiar María Salas,Curacaví,MENORES CONTROLADOS
4417,11,10,110477,A0200002,13,13503,3,0,0,Servicio de Salud Metropolitano Occidente,Centro Comunitario de Salud Familiar María Salas,Curacaví,LACTANCIA MATERNA EXCLUSIVA
4418,11,10,110477,A0200001,13,13503,4,1,2,Servicio de Salud Metropolitano Occidente,Centro Comunitario de Salud Familiar María Salas,Curacaví,MENORES CONTROLADOS
4419,12,10,110477,A0200002,13,13503,2,0,4,Servicio de Salud Metropolitano Occidente,Centro Comunitario de Salud Familiar María Salas,Curacaví,LACTANCIA MATERNA EXCLUSIVA
4420,12,10,110477,A0200001,13,13503,3,1,4,Servicio de Salud Metropolitano Occidente,Centro Comunitario de Salud Familiar María Salas,Curacaví,MENORES CONTROLADOS
4421,8,10,110160,A0200002,13,13503,5,5,2,Servicio de Salud Metropolitano Occidente,Hospital de Curacaví,Curacaví,LACTANCIA MATERNA EXCLUSIVA
4422,8,10,110160,A0200001,13,13503,8,9,9,Servicio de Salud Metropolitano Occidente,Hospital de Curacaví,Curacaví,MENORES CONTROLADOS
4423,2,10,110160,A0200002,13,13503,4,6,2,Servicio de Salud Metropolitano Occidente,Hospital de Curacaví,Curacaví,LACTANCIA MATERNA EXCLUSIVA
4424,7,10,110160,A0200002,13,13503,2,6,3,Servicio de Salud Metropolitano Occidente,Hospital de Curacaví,Curacaví,LACTANCIA MATERNA EXCLUSIVA
4425,7,10,110160,A0200001,13,13503,5,9,11,Servicio de Salud Metropolitano Occidente,Hospital de Curacaví,Curacaví,MENORES CONTROLADOS
4426,5,10,110160,A0200002,13,13503,5,4,4,Servicio de Salud Metropolitano Occidente,Hospital de Curacaví,Curacaví,LACTANCIA MATERNA EXCLUSIVA
4427,5,10,110160,A0200001,13,13503,9,9,12,Servicio de Salud Metropolitano Occidente,Hospital de Curacaví,Curacaví,MENORES CONTROLADOS
4428,3,10,110160,A0200002,13,13503,3,5,1,Servicio de Salud Metropolitano Occidente,Hospital de Curacaví,Curacaví,LACTANCIA MATERNA EXCLUSIVA
4429,4,10,110160,A0200002,13,13503,6,5,1,Servicio de Salud Metropolitano Occidente,Hospital de Curacaví,Curacaví,LACTANCIA MATERNA EXCLUSIVA
4430,4,10,110160,A0200001,13,13503,12,12,7,Servicio de Salud Metropolitano Occidente,Hospital de Curacaví,Curacaví,MENORES CONTROLADOS
4431,3,10,110160,A0200001,13,13503,8,12,9,Servicio de Salud Metropolitano Occidente,Hospital de Curacaví,Curacaví,MENORES CONTROLADOS
4432,6,10,110160,A0200002,13,13503,6,8,,Servicio de Salud Metropolitano Occidente,Hospital de Curacaví,Curacaví,LACTANCIA MATERNA EXCLUSIVA
4433,6,10,110160,A0200001,13,13503,7,12,5,Servicio de Salud Metropolitano Occidente,Hospital de Curacaví,Curacaví,MENORES CONTROLADOS
4434,11,10,110160,A0200002,13,13503,6,6,4,Servicio de Salud Metropolitano Occidente,Hospital de Curacaví,Curacaví,LACTANCIA MATERNA EXCLUSIVA
4435,11,10,110160,A0200001,13,13503,9,8,8,Servicio de Salud Metropolitano Occidente,Hospital de Curacaví,Curacaví,MENORES CONTROLADOS
4436,12,10,110160,A0200002,13,13503,5,11,0,Servicio de Salud Metropolitano Occidente,Hospital de Curacaví,Curacaví,LACTANCIA MATERNA EXCLUSIVA
4437,12,10,110160,A0200001,13,13503,11,20,6,Servicio de Salud Metropolitano Occidente,Hospital de Curacaví,Curacaví,MENORES CONTROLADOS
4438,9,10,110160,A0200002,13,13503,8,2,4,Servicio de Salud Metropolitano Occidente,Hospital de Curacaví,Curacaví,LACTANCIA MATERNA EXCLUSIVA
4439,9,10,110160,A0200001,13,13503,13,4,10,Servicio de Salud Metropolitano Occidente,Hospital de Curacaví,Curacaví,MENORES CONTROLADOS
4440,1,10,110160,A0200002,13,13503,7,4,1,Servicio de Salud Metropolitano Occidente,Hospital de Curacaví,Curacaví,LACTANCIA MATERNA EXCLUSIVA
4441,1,10,110160,A0200001,13,13503,15,8,14,Servicio de Salud Metropolitano Occidente,Hospital de Curacaví,Curacaví,MENORES CONTROLADOS
4442,10,10,110160,A0200002,13,13503,9,5,5,Servicio de Salud Metropolitano Occidente,Hospital de Curacaví,Curacaví,LACTANCIA MATERNA EXCLUSIVA
4443,10,10,110160,A0200001,13,13503,18,12,14,Servicio de Salud Metropolitano Occidente,Hospital de Curacaví,Curacaví,MENORES CONTROLADOS
4444,2,10,110160,A0200001,13,13503,11,11,10,Servicio de Salud Metropolitano Occidente,Hospital de Curacaví,Curacaví,MENORES CONTROLADOS
4445,6,10,110760,A0200001,13,13503,1,3,0,Servicio de Salud Metropolitano Occidente,Centro Comunitario de Salud Familiar Valmi  Aguirre,Curacaví,MENORES CONTROLADOS
4446,6,10,110760,A0200002,13,13503,0,2,0,Servicio de Salud Metropolitano Occidente,Centro Comunitario de Salud Familiar Valmi  Aguirre,Curacaví,LACTANCIA MATERNA EXCLUSIVA
4447,5,10,110760,A0200001,13,13503,2,1,0,Servicio de Salud Metropolitano Occidente,Centro Comunitario de Salud Familiar Valmi  Aguirre,Curacaví,MENORES CONTROLADOS
4448,9,10,110760,A0200002,13,13503,0,1,2,Servicio de Salud Metropolitano Occidente,Centro Comunitario de Salud Familiar Valmi  Aguirre,Curacaví,LACTANCIA MATERNA EXCLUSIVA
4449,9,10,110760,A0200001,13,13503,1,1,4,Servicio de Salud Metropolitano Occidente,Centro Comunitario de Salud Familiar Valmi  Aguirre,Curacaví,MENORES CONTROLADOS
4450,5,10,110760,A0200002,13,13503,2,0,0,Servicio de Salud Metropolitano Occidente,Centro Comunitario de Salud Familiar Valmi  Aguirre,Curacaví,LACTANCIA MATERNA EXCLUSIVA
4451,10,10,110760,A0200002,13,13503,1,1,3,Servicio de Salud Metropolitano Occidente,Centro Comunitario de Salud Familiar Valmi  Aguirre,Curacaví,LACTANCIA MATERNA EXCLUSIVA
4452,10,10,110760,A0200001,13,13503,3,1,4,Servicio de Salud Metropolitano Occidente,Centro Comunitario de Salud Familiar Valmi  Aguirre,Curacaví,MENORES CONTROLADOS
4453,4,10,110760,A0200002,13,13503,2,1,0,Servicio de Salud Metropolitano Occidente,Centro Comunitario de Salud Familiar Valmi  Aguirre,Curacaví,LACTANCIA MATERNA EXCLUSIVA
4454,3,10,110760,A0200002,13,13503,1,0,0,Servicio de Salud Metropolitano Occidente,Centro Comunitario de Salud Familiar Valmi  Aguirre,Curacaví,LACTANCIA MATERNA EXCLUSIVA
4455,3,10,110760,A0200001,13,13503,1,1,1,Servicio de Salud Metropolitano Occidente,Centro Comunitario de Salud Familiar Valmi  Aguirre,Curacaví,MENORES CONTROLADOS
4456,4,10,110760,A0200001,13,13503,2,1,1,Servicio de Salud Metropolitano Occidente,Centro Comunitario de Salud Familiar Valmi  Aguirre,Curacaví,MENORES CONTROLADOS
4457,11,10,110760,A0200002,13,13503,2,1,0,Servicio de Salud Metropolitano Occidente,Centro Comunitario de Salud Familiar Valmi  Aguirre,Curacaví,LACTANCIA MATERNA EXCLUSIVA
4458,11,10,110760,A0200001,13,13503,2,3,4,Servicio de Salud Metropolitano Occidente,Centro Comunitario de Salud Familiar Valmi  Aguirre,Curacaví,MENORES CONTROLADOS
4459,12,10,110760,A0200002,13,13503,2,0,1,Servicio de Salud Metropolitano Occidente,Centro Comunitario de Salud Familiar Valmi  Aguirre,Curacaví,LACTANCIA MATERNA EXCLUSIVA
4460,12,10,110760,A0200001,13,13503,3,3,3,Servicio de Salud Metropolitano Occidente,Centro Comunitario de Salud Familiar Valmi  Aguirre,Curacaví,MENORES CONTROLADOS
4461,1,10,110760,A0200002,13,13503,1,2,1,Servicio de Salud Metropolitano Occidente,Centro Comunitario de Salud Familiar Valmi  Aguirre,Curacaví,LACTANCIA MATERNA EXCLUSIVA
4462,1,10,110760,A0200001,13,13503,2,2,2,Servicio de Salud Metropolitano Occidente,Centro Comunitario de Salud Familiar Valmi  Aguirre,Curacaví,MENORES CONTROLADOS
4463,8,10,110760,A0200002,13,13503,2,0,0,Servicio de Salud Metropolitano Occidente,Centro Comunitario de Salud Familiar Valmi  Aguirre,Curacaví,LACTANCIA MATERNA EXCLUSIVA
4464,8,10,110760,A0200001,13,13503,5,1,1,Servicio de Salud Metropolitano Occidente,Centro Comunitario de Salud Familiar Valmi  Aguirre,Curacaví,MENORES CONTROLADOS
4465,7,10,110760,A0200002,13,13503,0,2,1,Servicio de Salud Metropolitano Occidente,Centro Comunitario de Salud Familiar Valmi  Aguirre,Curacaví,LACTANCIA MATERNA EXCLUSIVA
4466,7,10,110760,A0200001,13,13503,0,2,2,Servicio de Salud Metropolitano Occidente,Centro Comunitario de Salud Familiar Valmi  Aguirre,Curacaví,MENORES CONTROLADOS
4467,2,10,110760,A0200002,13,13503,1,0,1,Servicio de Salud Metropolitano Occidente,Centro Comunitario de Salud Familiar Valmi  Aguirre,Curacaví,LACTANCIA MATERNA EXCLUSIVA
4468,2,10,110760,A0200001,13,13503,1,0,1,Servicio de Salud Metropolitano Occidente,Centro Comunitario de Salud Familiar Valmi  Aguirre,Curacaví,MENORES CONTROLADOS
4469,5,10,110475,A0200002,13,13504,,1,,Servicio de Salud Metropolitano Occidente,Posta de Salud Rural Chorombo,Maria Pinto,LACTANCIA MATERNA EXCLUSIVA
4470,5,10,110475,A0200001,13,13504,,2,1,Servicio de Salud Metropolitano Occidente,Posta de Salud Rural Chorombo,Maria Pinto,MENORES CONTROLADOS
4471,9,10,110475,A0200002,13,13504,2,,1,Servicio de Salud Metropolitano Occidente,Posta de Salud Rural Chorombo,Maria Pinto,LACTANCIA MATERNA EXCLUSIVA
4472,9,10,110475,A0200001,13,13504,2,,1,Servicio de Salud Metropolitano Occidente,Posta de Salud Rural Chorombo,Maria Pinto,MENORES CONTROLADOS
4473,7,10,110385,A0200002,13,13504,1,2,3,Servicio de Salud Metropolitano Occidente,Centro de Salud Familiar Adriana Madrid De Costabal,Maria Pinto,LACTANCIA MATERNA EXCLUSIVA
4474,7,10,110385,A0200001,13,13504,3,3,4,Servicio de Salud Metropolitano Occidente,Centro de Salud Familiar Adriana Madrid De Costabal,Maria Pinto,MENORES CONTROLADOS
4475,10,10,110385,A0200001,13,13504,4,3,1,Servicio de Salud Metropolitano Occidente,Centro de Salud Familiar Adriana Madrid De Costabal,Maria Pinto,MENORES CONTROLADOS
4476,10,10,110385,A0200002,13,13504,2,1,,Servicio de Salud Metropolitano Occidente,Centro de Salud Familiar Adriana Madrid De Costabal,Maria Pinto,LACTANCIA MATERNA EXCLUSIVA
4477,8,10,110475,A0200001,13,13504,2,,3,Servicio de Salud Metropolitano Occidente,Posta de Salud Rural Chorombo,Maria Pinto,MENORES CONTROLADOS
4478,8,10,110475,A0200002,13,13504,2,,1,Servicio de Salud Metropolitano Occidente,Posta de Salud Rural Chorombo,Maria Pinto,LACTANCIA MATERNA EXCLUSIVA
4479,2,10,110475,A0200001,13,13504,1,1,,Servicio de Salud Metropolitano Occidente,Posta de Salud Rural Chorombo,Maria Pinto,MENORES CONTROLADOS
4480,5,10,110385,A0200001,13,13504,2,4,5,Servicio de Salud Metropolitano Occidente,Centro de Salud Familiar Adriana Madrid De Costabal,Maria Pinto,MENORES CONTROLADOS
4481,1,10,110475,A0200002,13,13504,,1,,Servicio de Salud Metropolitano Occidente,Posta de Salud Rural Chorombo,Maria Pinto,LACTANCIA MATERNA EXCLUSIVA
4482,1,10,110475,A0200001,13,13504,,2,,Servicio de Salud Metropolitano Occidente,Posta de Salud Rural Chorombo,Maria Pinto,MENORES CONTROLADOS
4483,4,10,110385,A0200002,13,13504,2,1,1,Servicio de Salud Metropolitano Occidente,Centro de Salud Familiar Adriana Madrid De Costabal,Maria Pinto,LACTANCIA MATERNA EXCLUSIVA
4484,4,10,110385,A0200001,13,13504,3,1,3,Servicio de Salud Metropolitano Occidente,Centro de Salud Familiar Adriana Madrid De Costabal,Maria Pinto,MENORES CONTROLADOS
4485,9,10,110385,A0200002,13,13504,2,,2,Servicio de Salud Metropolitano Occidente,Centro de Salud Familiar Adriana Madrid De Costabal,Maria Pinto,LACTANCIA MATERNA EXCLUSIVA
4486,9,10,110385,A0200001,13,13504,2,1,2,Servicio de Salud Metropolitano Occidente,Centro de Salud Familiar Adriana Madrid De Costabal,Maria Pinto,MENORES CONTROLADOS
4487,10,10,110475,A0200002,13,13504,2,1,,Servicio de Salud Metropolitano Occidente,Posta de Salud Rural Chorombo,Maria Pinto,LACTANCIA MATERNA EXCLUSIVA
4488,10,10,110475,A0200001,13,13504,3,1,,Servicio de Salud Metropolitano Occidente,Posta de Salud Rural Chorombo,Maria Pinto,MENORES CONTROLADOS
4489,1,10,110385,A0200002,13,13504,4,4,2,Servicio de Salud Metropolitano Occidente,Centro de Salud Familiar Adriana Madrid De Costabal,Maria Pinto,LACTANCIA MATERNA EXCLUSIVA
4490,1,10,110385,A0200001,13,13504,6,7,2,Servicio de Salud Metropolitano Occidente,Centro de Salud Familiar Adriana Madrid De Costabal,Maria Pinto,MENORES CONTROLADOS
4491,11,10,110385,A0200002,13,13504,3,1,3,Servicio de Salud Metropolitano Occidente,Centro de Salud Familiar Adriana Madrid De Costabal,Maria Pinto,LACTANCIA MATERNA EXCLUSIVA
4492,11,10,110385,A0200001,13,13504,3,3,5,Servicio de Salud Metropolitano Occidente,Centro de Salud Familiar Adriana Madrid De Costabal,Maria Pinto,MENORES CONTROLADOS
4493,3,10,110475,A0200002,13,13504,,1,3,Servicio de Salud Metropolitano Occidente,Posta de Salud Rural Chorombo,Maria Pinto,LACTANCIA MATERNA EXCLUSIVA
4494,3,10,110475,A0200001,13,13504,2,1,3,Servicio de Salud Metropolitano Occidente,Posta de Salud Rural Chorombo,Maria Pinto,MENORES CONTROLADOS
4495,6,10,110385,A0200002,13,13504,3,1,3,Servicio de Salud Metropolitano Occidente,Centro de Salud Familiar Adriana Madrid De Costabal,Maria Pinto,LACTANCIA MATERNA EXCLUSIVA
4496,6,10,110385,A0200001,13,13504,3,2,5,Servicio de Salud Metropolitano Occidente,Centro de Salud Familiar Adriana Madrid De Costabal,Maria Pinto,MENORES CONTROLADOS
4497,11,10,110475,A0200002,13,13504,1,,,Servicio de Salud Metropolitano Occidente,Posta de Salud Rural Chorombo,Maria Pinto,LACTANCIA MATERNA EXCLUSIVA
4498,11,10,110475,A0200001,13,13504,1,1,2,Servicio de Salud Metropolitano Occidente,Posta de Salud Rural Chorombo,Maria Pinto,MENORES CONTROLADOS
4499,6,10,110475,A0200002,13,13504,,1,,Servicio de Salud Metropolitano Occidente,Posta de Salud Rural Chorombo,Maria Pinto,LACTANCIA MATERNA EXCLUSIVA
4500,6,10,110475,A0200001,13,13504,,1,,Servicio de Salud Metropolitano Occidente,Posta de Salud Rural Chorombo,Maria Pinto,MENORES CONTROLADOS
4501,12,10,110385,A0200002,13,13504,,3,1,Servicio de Salud Metropolitano Occidente,Centro de Salud Familiar Adriana Madrid De Costabal,Maria Pinto,LACTANCIA MATERNA EXCLUSIVA
4502,12,10,110385,A0200001,13,13504,2,5,1,Servicio de Salud Metropolitano Occidente,Centro de Salud Familiar Adriana Madrid De Costabal,Maria Pinto,MENORES CONTROLADOS
4503,2,10,110385,A0200002,13,13504,4,1,1,Servicio de Salud Metropolitano Occidente,Centro de Salud Familiar Adriana Madrid De Costabal,Maria Pinto,LACTANCIA MATERNA EXCLUSIVA
4504,2,10,110385,A0200001,13,13504,5,2,2,Servicio de Salud Metropolitano Occidente,Centro de Salud Familiar Adriana Madrid De Costabal,Maria Pinto,MENORES CONTROLADOS
4505,7,10,110475,A0200001,13,13504,2,,1,Servicio de Salud Metropolitano Occidente,Posta de Salud Rural Chorombo,Maria Pinto,MENORES CONTROLADOS
4506,8,10,110385,A0200002,13,13504,3,1,1,Servicio de Salud Metropolitano Occidente,Centro de Salud Familiar Adriana Madrid De Costabal,Maria Pinto,LACTANCIA MATERNA EXCLUSIVA
4507,8,10,110385,A0200001,13,13504,5,1,1,Servicio de Salud Metropolitano Occidente,Centro de Salud Familiar Adriana Madrid De Costabal,Maria Pinto,MENORES CONTROLADOS
4508,5,10,110385,A0200002,13,13504,1,4,2,Servicio de Salud Metropolitano Occidente,Centro de Salud Familiar Adriana Madrid De Costabal,Maria Pinto,LACTANCIA MATERNA EXCLUSIVA
4509,7,10,110475,A0200002,13,13504,,,1,Servicio de Salud Metropolitano Occidente,Posta de Salud Rural Chorombo,Maria Pinto,LACTANCIA MATERNA EXCLUSIVA
4510,12,10,110475,A0200002,13,13504,2,1,2,Servicio de Salud Metropolitano Occidente,Posta de Salud Rural Chorombo,Maria Pinto,LACTANCIA MATERNA EXCLUSIVA
4511,12,10,110475,A0200001,13,13504,5,4,2,Servicio de Salud Metropolitano Occidente,Posta de Salud Rural Chorombo,Maria Pinto,MENORES CONTROLADOS
4512,3,10,110385,A0200002,13,13504,1,4,1,Servicio de Salud Metropolitano Occidente,Centro de Salud Familiar Adriana Madrid De Costabal,Maria Pinto,LACTANCIA MATERNA EXCLUSIVA
4513,3,10,110385,A0200001,13,13504,1,6,1,Servicio de Salud Metropolitano Occidente,Centro de Salud Familiar Adriana Madrid De Costabal,Maria Pinto,MENORES CONTROLADOS
4514,2,10,110475,A0200002,13,13504,1,,,Servicio de Salud Metropolitano Occidente,Posta de Salud Rural Chorombo,Maria Pinto,LACTANCIA MATERNA EXCLUSIVA
4515,4,10,110475,A0200002,13,13504,1,,1,Servicio de Salud Metropolitano Occidente,Posta de Salud Rural Chorombo,Maria Pinto,LACTANCIA MATERNA EXCLUSIVA
4516,4,10,110475,A0200001,13,13504,1,,1,Servicio de Salud Metropolitano Occidente,Posta de Salud Rural Chorombo,Maria Pinto,MENORES CONTROLADOS
4517,2,10,110470,A0200002,13,13504,1,,1,Servicio de Salud Metropolitano Occidente,Posta de Salud Rural Las Mercedes ( María Pinto ),Maria Pinto,LACTANCIA MATERNA EXCLUSIVA
4518,2,10,110470,A0200001,13,13504,1,,1,Servicio de Salud Metropolitano Occidente,Posta de Salud Rural Las Mercedes ( María Pinto ),Maria Pinto,MENORES CONTROLADOS
4519,7,10,110470,A0200002,13,13504,,,1,Servicio de Salud Metropolitano Occidente,Posta de Salud Rural Las Mercedes ( María Pinto ),Maria Pinto,LACTANCIA MATERNA EXCLUSIVA
4520,7,10,110470,A0200001,13,13504,1,,1,Servicio de Salud Metropolitano Occidente,Posta de Salud Rural Las Mercedes ( María Pinto ),Maria Pinto,MENORES CONTROLADOS
4521,4,10,110470,A0200002,13,13504,1,1,0,Servicio de Salud Metropolitano Occidente,Posta de Salud Rural Las Mercedes ( María Pinto ),Maria Pinto,LACTANCIA MATERNA EXCLUSIVA
4522,4,10,110470,A0200001,13,13504,2,1,0,Servicio de Salud Metropolitano Occidente,Posta de Salud Rural Las Mercedes ( María Pinto ),Maria Pinto,MENORES CONTROLADOS
4523,9,10,110470,A0200001,13,13504,,1,,Servicio de Salud Metropolitano Occidente,Posta de Salud Rural Las Mercedes ( María Pinto ),Maria Pinto,MENORES CONTROLADOS
4524,1,10,110470,A0200002,13,13504,,,,Servicio de Salud Metropolitano Occidente,Posta de Salud Rural Las Mercedes ( María Pinto ),Maria Pinto,LACTANCIA MATERNA EXCLUSIVA
4525,1,10,110470,A0200001,13,13504,1,,,Servicio de Salud Metropolitano Occidente,Posta de Salud Rural Las Mercedes ( María Pinto ),Maria Pinto,MENORES CONTROLADOS
4526,12,10,110470,A0200002,13,13504,1,,,Servicio de Salud Metropolitano Occidente,Posta de Salud Rural Las Mercedes ( María Pinto ),Maria Pinto,LACTANCIA MATERNA EXCLUSIVA
4527,12,10,110470,A0200001,13,13504,1,1,,Servicio de Salud Metropolitano Occidente,Posta de Salud Rural Las Mercedes ( María Pinto ),Maria Pinto,MENORES CONTROLADOS
4528,11,10,110470,A0200002,13,13504,,,,Servicio de Salud Metropolitano Occidente,Posta de Salud Rural Las Mercedes ( María Pinto ),Maria Pinto,LACTANCIA MATERNA EXCLUSIVA
4529,11,10,110470,A0200001,13,13504,,,,Servicio de Salud Metropolitano Occidente,Posta de Salud Rural Las Mercedes ( María Pinto ),Maria Pinto,MENORES CONTROLADOS
4530,6,10,110470,A0200002,13,13504,,1,,Servicio de Salud Metropolitano Occidente,Posta de Salud Rural Las Mercedes ( María Pinto ),Maria Pinto,LACTANCIA MATERNA EXCLUSIVA
4531,6,10,110470,A0200001,13,13504,1,1,,Servicio de Salud Metropolitano Occidente,Posta de Salud Rural Las Mercedes ( María Pinto ),Maria Pinto,MENORES CONTROLADOS
4532,5,10,110470,A0200002,13,13504,,,,Servicio de Salud Metropolitano Occidente,Posta de Salud Rural Las Mercedes ( María Pinto ),Maria Pinto,LACTANCIA MATERNA EXCLUSIVA
4533,5,10,110470,A0200001,13,13504,,,,Servicio de Salud Metropolitano Occidente,Posta de Salud Rural Las Mercedes ( María Pinto ),Maria Pinto,MENORES CONTROLADOS
4534,3,10,110470,A0200002,13,13504,1,,,Servicio de Salud Metropolitano Occidente,Posta de Salud Rural Las Mercedes ( María Pinto ),Maria Pinto,LACTANCIA MATERNA EXCLUSIVA
4535,3,10,110470,A0200001,13,13504,2,1,,Servicio de Salud Metropolitano Occidente,Posta de Salud Rural Las Mercedes ( María Pinto ),Maria Pinto,MENORES CONTROLADOS
4536,2,10,110465,A0200002,13,13504,1,,,Servicio de Salud Metropolitano Occidente,Posta de Salud Rural Santa Emilia,Maria Pinto,LACTANCIA MATERNA EXCLUSIVA
4537,2,10,110465,A0200001,13,13504,,,1,Servicio de Salud Metropolitano Occidente,Posta de Salud Rural Santa Emilia,Maria Pinto,MENORES CONTROLADOS
4538,7,10,110465,A0200002,13,13504,1,1,1,Servicio de Salud Metropolitano Occidente,Posta de Salud Rural Santa Emilia,Maria Pinto,LACTANCIA MATERNA EXCLUSIVA
4539,3,10,110465,A0200002,13,13504,2,1,1,Servicio de Salud Metropolitano Occidente,Posta de Salud Rural Santa Emilia,Maria Pinto,LACTANCIA MATERNA EXCLUSIVA
4540,3,10,110465,A0200001,13,13504,3,2,3,Servicio de Salud Metropolitano Occidente,Posta de Salud Rural Santa Emilia,Maria Pinto,MENORES CONTROLADOS
4541,7,10,110465,A0200001,13,13504,1,1,2,Servicio de Salud Metropolitano Occidente,Posta de Salud Rural Santa Emilia,Maria Pinto,MENORES CONTROLADOS
4542,1,10,110465,A0200002,13,13504,,2,,Servicio de Salud Metropolitano Occidente,Posta de Salud Rural Santa Emilia,Maria Pinto,LACTANCIA MATERNA EXCLUSIVA
4543,1,10,110465,A0200001,13,13504,1,,,Servicio de Salud Metropolitano Occidente,Posta de Salud Rural Santa Emilia,Maria Pinto,MENORES CONTROLADOS
4544,8,10,110465,A0200002,13,13504,1,1,,Servicio de Salud Metropolitano Occidente,Posta de Salud Rural Santa Emilia,Maria Pinto,LACTANCIA MATERNA EXCLUSIVA
4545,8,10,110465,A0200001,13,13504,1,1,,Servicio de Salud Metropolitano Occidente,Posta de Salud Rural Santa Emilia,Maria Pinto,MENORES CONTROLADOS
4546,11,10,110465,A0200002,13,13504,,,,Servicio de Salud Metropolitano Occidente,Posta de Salud Rural Santa Emilia,Maria Pinto,LACTANCIA MATERNA EXCLUSIVA
4547,11,10,110465,A0200001,13,13504,,,,Servicio de Salud Metropolitano Occidente,Posta de Salud Rural Santa Emilia,Maria Pinto,MENORES CONTROLADOS
4548,6,10,110465,A0200002,13,13504,,,1,Servicio de Salud Metropolitano Occidente,Posta de Salud Rural Santa Emilia,Maria Pinto,LACTANCIA MATERNA EXCLUSIVA
4549,6,10,110465,A0200001,13,13504,,1,2,Servicio de Salud Metropolitano Occidente,Posta de Salud Rural Santa Emilia,Maria Pinto,MENORES CONTROLADOS
4550,4,10,110465,A0200002,13,13504,2,1,0,Servicio de Salud Metropolitano Occidente,Posta de Salud Rural Santa Emilia,Maria Pinto,LACTANCIA MATERNA EXCLUSIVA
4551,4,10,110465,A0200001,13,13504,2,1,0,Servicio de Salud Metropolitano Occidente,Posta de Salud Rural Santa Emilia,Maria Pinto,MENORES CONTROLADOS
4552,10,10,110465,A0200001,13,13504,,,,Servicio de Salud Metropolitano Occidente,Posta de Salud Rural Santa Emilia,Maria Pinto,MENORES CONTROLADOS
4553,5,10,110465,A0200002,13,13504,2,2,,Servicio de Salud Metropolitano Occidente,Posta de Salud Rural Santa Emilia,Maria Pinto,LACTANCIA MATERNA EXCLUSIVA
4554,5,10,110465,A0200001,13,13504,2,3,,Servicio de Salud Metropolitano Occidente,Posta de Salud Rural Santa Emilia,Maria Pinto,MENORES CONTROLADOS
4555,12,10,110465,A0200002,13,13504,2,,1,Servicio de Salud Metropolitano Occidente,Posta de Salud Rural Santa Emilia,Maria Pinto,LACTANCIA MATERNA EXCLUSIVA
4556,12,10,110465,A0200001,13,13504,2,,1,Servicio de Salud Metropolitano Occidente,Posta de Salud Rural Santa Emilia,Maria Pinto,MENORES CONTROLADOS
4557,9,10,110465,A0200002,13,13504,,,1,Servicio de Salud Metropolitano Occidente,Posta de Salud Rural Santa Emilia,Maria Pinto,LACTANCIA MATERNA EXCLUSIVA
4558,9,10,110465,A0200001,13,13504,,,1,Servicio de Salud Metropolitano Occidente,Posta de Salud Rural Santa Emilia,Maria Pinto,MENORES CONTROLADOS
4559,10,10,110387,A0200001,13,13505,,2,7,Servicio de Salud Metropolitano Occidente,Centro de Salud Familiar San Pedro,San Pedro,MENORES CONTROLADOS
4560,10,10,110387,A0200002,13,13505,,1,7,Servicio de Salud Metropolitano Occidente,Centro de Salud Familiar San Pedro,San Pedro,LACTANCIA MATERNA EXCLUSIVA
4561,4,10,110387,A0200002,13,13505,5,2,2,Servicio de Salud Metropolitano Occidente,Centro de Salud Familiar San Pedro,San Pedro,LACTANCIA MATERNA EXCLUSIVA
4562,4,10,110387,A0200001,13,13505,5,6,7,Servicio de Salud Metropolitano Occidente,Centro de Salud Familiar San Pedro,San Pedro,MENORES CONTROLADOS
4563,8,10,110387,A0200002,13,13505,1,1,5,Servicio de Salud Metropolitano Occidente,Centro de Salud Familiar San Pedro,San Pedro,LACTANCIA MATERNA EXCLUSIVA
4564,8,10,110387,A0200001,13,13505,2,5,6,Servicio de Salud Metropolitano Occidente,Centro de Salud Familiar San Pedro,San Pedro,MENORES CONTROLADOS
4565,3,10,110387,A0200002,13,13505,,,6,Servicio de Salud Metropolitano Occidente,Centro de Salud Familiar San Pedro,San Pedro,LACTANCIA MATERNA EXCLUSIVA
4566,3,10,110387,A0200001,13,13505,,,8,Servicio de Salud Metropolitano Occidente,Centro de Salud Familiar San Pedro,San Pedro,MENORES CONTROLADOS
4567,9,10,110387,A0200002,13,13505,,1,3,Servicio de Salud Metropolitano Occidente,Centro de Salud Familiar San Pedro,San Pedro,LACTANCIA MATERNA EXCLUSIVA
4568,9,10,110387,A0200001,13,13505,1,2,6,Servicio de Salud Metropolitano Occidente,Centro de Salud Familiar San Pedro,San Pedro,MENORES CONTROLADOS
4569,7,10,110387,A0200002,13,13505,2,1,6,Servicio de Salud Metropolitano Occidente,Centro de Salud Familiar San Pedro,San Pedro,LACTANCIA MATERNA EXCLUSIVA
4570,7,10,110387,A0200001,13,13505,4,4,13,Servicio de Salud Metropolitano Occidente,Centro de Salud Familiar San Pedro,San Pedro,MENORES CONTROLADOS
4571,1,10,110387,A0200002,13,13505,5,,3,Servicio de Salud Metropolitano Occidente,Centro de Salud Familiar San Pedro,San Pedro,LACTANCIA MATERNA EXCLUSIVA
4572,1,10,110387,A0200001,13,13505,8,,7,Servicio de Salud Metropolitano Occidente,Centro de Salud Familiar San Pedro,San Pedro,MENORES CONTROLADOS
4573,5,10,110387,A0200002,13,13505,3,1,2,Servicio de Salud Metropolitano Occidente,Centro de Salud Familiar San Pedro,San Pedro,LACTANCIA MATERNA EXCLUSIVA
4574,5,10,110387,A0200001,13,13505,5,2,3,Servicio de Salud Metropolitano Occidente,Centro de Salud Familiar San Pedro,San Pedro,MENORES CONTROLADOS
4575,12,10,110387,A0200002,13,13505,1,2,8,Servicio de Salud Metropolitano Occidente,Centro de Salud Familiar San Pedro,San Pedro,LACTANCIA MATERNA EXCLUSIVA
4576,12,10,110387,A0200001,13,13505,1,2,8,Servicio de Salud Metropolitano Occidente,Centro de Salud Familiar San Pedro,San Pedro,MENORES CONTROLADOS
4577,6,10,110387,A0200002,13,13505,0,3,8,Servicio de Salud Metropolitano Occidente,Centro de Salud Familiar San Pedro,San Pedro,LACTANCIA MATERNA EXCLUSIVA
4578,6,10,110387,A0200001,13,13505,1,4,11,Servicio de Salud Metropolitano Occidente,Centro de Salud Familiar San Pedro,San Pedro,MENORES CONTROLADOS
4579,2,10,110387,A0200002,13,13505,,,3,Servicio de Salud Metropolitano Occidente,Centro de Salud Familiar San Pedro,San Pedro,LACTANCIA MATERNA EXCLUSIVA
4580,2,10,110387,A0200001,13,13505,,,4,Servicio de Salud Metropolitano Occidente,Centro de Salud Familiar San Pedro,San Pedro,MENORES CONTROLADOS
4581,11,10,110387,A0200002,13,13505,,1,5,Servicio de Salud Metropolitano Occidente,Centro de Salud Familiar San Pedro,San Pedro,LACTANCIA MATERNA EXCLUSIVA
4582,11,10,110387,A0200001,13,13505,,1,7,Servicio de Salud Metropolitano Occidente,Centro de Salud Familiar San Pedro,San Pedro,MENORES CONTROLADOS
4583,7,10,110492,A0200002,13,13505,,1,,Servicio de Salud Metropolitano Occidente,Posta de Salud Rural Nihue,San Pedro,LACTANCIA MATERNA EXCLUSIVA
4584,7,10,110492,A0200001,13,13505,1,1,,Servicio de Salud Metropolitano Occidente,Posta de Salud Rural Nihue,San Pedro,MENORES CONTROLADOS
4585,2,10,110492,A0200001,13,13505,,,,Servicio de Salud Metropolitano Occidente,Posta de Salud Rural Nihue,San Pedro,MENORES CONTROLADOS
4586,3,10,110492,A0200001,13,13505,,,1,Servicio de Salud Metropolitano Occidente,Posta de Salud Rural Nihue,San Pedro,MENORES CONTROLADOS
4587,10,10,110492,A0200001,13,13505,,,1,Servicio de Salud Metropolitano Occidente,Posta de Salud Rural Nihue,San Pedro,MENORES CONTROLADOS
4588,10,10,110492,A0200002,13,13505,,,1,Servicio de Salud Metropolitano Occidente,Posta de Salud Rural Nihue,San Pedro,LACTANCIA MATERNA EXCLUSIVA
4589,1,10,110492,A0200001,13,13505,,,1,Servicio de Salud Metropolitano Occidente,Posta de Salud Rural Nihue,San Pedro,MENORES CONTROLADOS
4590,8,10,110492,A0200002,13,13505,,1,,Servicio de Salud Metropolitano Occidente,Posta de Salud Rural Nihue,San Pedro,LACTANCIA MATERNA EXCLUSIVA
4591,8,10,110492,A0200001,13,13505,,1,,Servicio de Salud Metropolitano Occidente,Posta de Salud Rural Nihue,San Pedro,MENORES CONTROLADOS
4592,1,10,110492,A0200002,13,13505,,,1,Servicio de Salud Metropolitano Occidente,Posta de Salud Rural Nihue,San Pedro,LACTANCIA MATERNA EXCLUSIVA
4593,9,10,110492,A0200001,13,13505,,,,Servicio de Salud Metropolitano Occidente,Posta de Salud Rural Nihue,San Pedro,MENORES CONTROLADOS
4594,12,10,110492,A0200002,13,13505,,,1,Servicio de Salud Metropolitano Occidente,Posta de Salud Rural Nihue,San Pedro,LACTANCIA MATERNA EXCLUSIVA
4595,12,10,110492,A0200001,13,13505,,,1,Servicio de Salud Metropolitano Occidente,Posta de Salud Rural Nihue,San Pedro,MENORES CONTROLADOS
4596,5,10,110492,A0200002,13,13505,1,,,Servicio de Salud Metropolitano Occidente,Posta de Salud Rural Nihue,San Pedro,LACTANCIA MATERNA EXCLUSIVA
4597,5,10,110492,A0200001,13,13505,1,,1,Servicio de Salud Metropolitano Occidente,Posta de Salud Rural Nihue,San Pedro,MENORES CONTROLADOS
4598,4,10,110492,A0200002,13,13505,,,1,Servicio de Salud Metropolitano Occidente,Posta de Salud Rural Nihue,San Pedro,LACTANCIA MATERNA EXCLUSIVA
4599,4,10,110492,A0200001,13,13505,,,1,Servicio de Salud Metropolitano Occidente,Posta de Salud Rural Nihue,San Pedro,MENORES CONTROLADOS
4600,11,10,110492,A0200002,13,13505,,,1,Servicio de Salud Metropolitano Occidente,Posta de Salud Rural Nihue,San Pedro,LACTANCIA MATERNA EXCLUSIVA
4601,11,10,110492,A0200001,13,13505,,,2,Servicio de Salud Metropolitano Occidente,Posta de Salud Rural Nihue,San Pedro,MENORES CONTROLADOS
4602,1,10,110485,A0200002,13,13505,,,1,Servicio de Salud Metropolitano Occidente,Posta de Salud Rural Loica,San Pedro,LACTANCIA MATERNA EXCLUSIVA
4603,1,10,110485,A0200001,13,13505,,,1,Servicio de Salud Metropolitano Occidente,Posta de Salud Rural Loica,San Pedro,MENORES CONTROLADOS
4604,2,10,110485,A0200002,13,13505,,,,Servicio de Salud Metropolitano Occidente,Posta de Salud Rural Loica,San Pedro,LACTANCIA MATERNA EXCLUSIVA
4605,2,10,110485,A0200001,13,13505,,,,Servicio de Salud Metropolitano Occidente,Posta de Salud Rural Loica,San Pedro,MENORES CONTROLADOS
4606,7,10,110485,A0200002,13,13505,,,,Servicio de Salud Metropolitano Occidente,Posta de Salud Rural Loica,San Pedro,LACTANCIA MATERNA EXCLUSIVA
4607,7,10,110485,A0200001,13,13505,,,,Servicio de Salud Metropolitano Occidente,Posta de Salud Rural Loica,San Pedro,MENORES CONTROLADOS
4608,4,10,110485,A0200001,13,13505,,1,,Servicio de Salud Metropolitano Occidente,Posta de Salud Rural Loica,San Pedro,MENORES CONTROLADOS
4609,11,10,110485,A0200002,13,13505,,,,Servicio de Salud Metropolitano Occidente,Posta de Salud Rural Loica,San Pedro,LACTANCIA MATERNA EXCLUSIVA
4610,11,10,110485,A0200001,13,13505,,,,Servicio de Salud Metropolitano Occidente,Posta de Salud Rural Loica,San Pedro,MENORES CONTROLADOS
4611,3,10,110485,A0200002,13,13505,,,2,Servicio de Salud Metropolitano Occidente,Posta de Salud Rural Loica,San Pedro,LACTANCIA MATERNA EXCLUSIVA
4612,3,10,110485,A0200001,13,13505,,,2,Servicio de Salud Metropolitano Occidente,Posta de Salud Rural Loica,San Pedro,MENORES CONTROLADOS
4613,8,10,110485,A0200002,13,13505,,2,1,Servicio de Salud Metropolitano Occidente,Posta de Salud Rural Loica,San Pedro,LACTANCIA MATERNA EXCLUSIVA
4614,8,10,110485,A0200001,13,13505,,2,1,Servicio de Salud Metropolitano Occidente,Posta de Salud Rural Loica,San Pedro,MENORES CONTROLADOS
4615,10,10,110485,A0200002,13,13505,,,2,Servicio de Salud Metropolitano Occidente,Posta de Salud Rural Loica,San Pedro,LACTANCIA MATERNA EXCLUSIVA
4616,10,10,110485,A0200001,13,13505,,,2,Servicio de Salud Metropolitano Occidente,Posta de Salud Rural Loica,San Pedro,MENORES CONTROLADOS
4617,12,10,110485,A0200002,13,13505,,1,2,Servicio de Salud Metropolitano Occidente,Posta de Salud Rural Loica,San Pedro,LACTANCIA MATERNA EXCLUSIVA
4618,12,10,110485,A0200001,13,13505,,1,2,Servicio de Salud Metropolitano Occidente,Posta de Salud Rural Loica,San Pedro,MENORES CONTROLADOS
4619,9,10,110485,A0200002,13,13505,,,,Servicio de Salud Metropolitano Occidente,Posta de Salud Rural Loica,San Pedro,LACTANCIA MATERNA EXCLUSIVA
4620,9,10,110485,A0200001,13,13505,,,,Servicio de Salud Metropolitano Occidente,Posta de Salud Rural Loica,San Pedro,MENORES CONTROLADOS
4621,5,10,110485,A0200002,13,13505,,,2,Servicio de Salud Metropolitano Occidente,Posta de Salud Rural Loica,San Pedro,LACTANCIA MATERNA EXCLUSIVA
4622,5,10,110485,A0200001,13,13505,,,2,Servicio de Salud Metropolitano Occidente,Posta de Salud Rural Loica,San Pedro,MENORES CONTROLADOS
4623,7,10,110490,A0200001,13,13505,2,,,Servicio de Salud Metropolitano Occidente,Posta de Salud Rural La Manga,San Pedro,MENORES CONTROLADOS
4624,6,10,110490,A0200002,13,13505,,,1,Servicio de Salud Metropolitano Occidente,Posta de Salud Rural La Manga,San Pedro,LACTANCIA MATERNA EXCLUSIVA
4625,6,10,110490,A0200001,13,13505,,,1,Servicio de Salud Metropolitano Occidente,Posta de Salud Rural La Manga,San Pedro,MENORES CONTROLADOS
4626,4,10,110490,A0200001,13,13505,,,,Servicio de Salud Metropolitano Occidente,Posta de Salud Rural La Manga,San Pedro,MENORES CONTROLADOS
4627,8,10,110490,A0200001,13,13505,,1,,Servicio de Salud Metropolitano Occidente,Posta de Salud Rural La Manga,San Pedro,MENORES CONTROLADOS
4628,1,10,110490,A0200002,13,13505,1,,,Servicio de Salud Metropolitano Occidente,Posta de Salud Rural La Manga,San Pedro,LACTANCIA MATERNA EXCLUSIVA
4629,1,10,110490,A0200001,13,13505,1,,,Servicio de Salud Metropolitano Occidente,Posta de Salud Rural La Manga,San Pedro,MENORES CONTROLADOS
4630,12,10,110490,A0200001,13,13505,1,,2,Servicio de Salud Metropolitano Occidente,Posta de Salud Rural La Manga,San Pedro,MENORES CONTROLADOS
4631,9,10,110495,A0200002,13,13505,,,1,Servicio de Salud Metropolitano Occidente,Posta de Salud Rural El Prado,San Pedro,LACTANCIA MATERNA EXCLUSIVA
4632,9,10,110495,A0200001,13,13505,,,1,Servicio de Salud Metropolitano Occidente,Posta de Salud Rural El Prado,San Pedro,MENORES CONTROLADOS
4633,8,10,110495,A0200002,13,13505,1,,1,Servicio de Salud Metropolitano Occidente,Posta de Salud Rural El Prado,San Pedro,LACTANCIA MATERNA EXCLUSIVA
4634,8,10,110495,A0200001,13,13505,1,,1,Servicio de Salud Metropolitano Occidente,Posta de Salud Rural El Prado,San Pedro,MENORES CONTROLADOS
4635,1,10,110495,A0200001,13,13505,,,,Servicio de Salud Metropolitano Occidente,Posta de Salud Rural El Prado,San Pedro,MENORES CONTROLADOS
4636,1,10,110495,A0200002,13,13505,,,,Servicio de Salud Metropolitano Occidente,Posta de Salud Rural El Prado,San Pedro,LACTANCIA MATERNA EXCLUSIVA
4637,10,10,110495,A0200001,13,13505,2,1,4,Servicio de Salud Metropolitano Occidente,Posta de Salud Rural El Prado,San Pedro,MENORES CONTROLADOS
4638,10,10,110495,A0200002,13,13505,1,1,3,Servicio de Salud Metropolitano Occidente,Posta de Salud Rural El Prado,San Pedro,LACTANCIA MATERNA EXCLUSIVA
4639,5,10,110495,A0200002,13,13505,,,,Servicio de Salud Metropolitano Occidente,Posta de Salud Rural El Prado,San Pedro,LACTANCIA MATERNA EXCLUSIVA
4640,5,10,110495,A0200001,13,13505,1,,,Servicio de Salud Metropolitano Occidente,Posta de Salud Rural El Prado,San Pedro,MENORES CONTROLADOS
4641,6,10,110495,A0200002,13,13505,,1,,Servicio de Salud Metropolitano Occidente,Posta de Salud Rural El Prado,San Pedro,LACTANCIA MATERNA EXCLUSIVA
4642,6,10,110495,A0200001,13,13505,,1,1,Servicio de Salud Metropolitano Occidente,Posta de Salud Rural El Prado,San Pedro,MENORES CONTROLADOS
4643,11,10,110495,A0200002,13,13505,,1,3,Servicio de Salud Metropolitano Occidente,Posta de Salud Rural El Prado,San Pedro,LACTANCIA MATERNA EXCLUSIVA
4644,11,10,110495,A0200001,13,13505,,1,5,Servicio de Salud Metropolitano Occidente,Posta de Salud Rural El Prado,San Pedro,MENORES CONTROLADOS
4645,3,10,110495,A0200002,13,13505,0,1,0,Servicio de Salud Metropolitano Occidente,Posta de Salud Rural El Prado,San Pedro,LACTANCIA MATERNA EXCLUSIVA
4646,3,10,110495,A0200001,13,13505,,3,,Servicio de Salud Metropolitano Occidente,Posta de Salud Rural El Prado,San Pedro,MENORES CONTROLADOS
4647,2,10,110495,A0200002,13,13505,,,,Servicio de Salud Metropolitano Occidente,Posta de Salud Rural El Prado,San Pedro,LACTANCIA MATERNA EXCLUSIVA
4648,2,10,110495,A0200001,13,13505,,,1,Servicio de Salud Metropolitano Occidente,Posta de Salud Rural El Prado,San Pedro,MENORES CONTROLADOS
4649,7,10,110495,A0200002,13,13505,,,,Servicio de Salud Metropolitano Occidente,Posta de Salud Rural El Prado,San Pedro,LACTANCIA MATERNA EXCLUSIVA
4650,7,10,110495,A0200001,13,13505,,,1,Servicio de Salud Metropolitano Occidente,Posta de Salud Rural El Prado,San Pedro,MENORES CONTROLADOS
4651,12,10,110495,A0200001,13,13505,,,1,Servicio de Salud Metropolitano Occidente,Posta de Salud Rural El Prado,San Pedro,MENORES CONTROLADOS
4652,12,10,110495,A0200002,13,13505,,,1,Servicio de Salud Metropolitano Occidente,Posta de Salud Rural El Prado,San Pedro,LACTANCIA MATERNA EXCLUSIVA
4653,4,10,110495,A0200002,13,13505,1,,2,Servicio de Salud Metropolitano Occidente,Posta de Salud Rural El Prado,San Pedro,LACTANCIA MATERNA EXCLUSIVA
4654,4,10,110495,A0200001,13,13505,1,,3,Servicio de Salud Metropolitano Occidente,Posta de Salud Rural El Prado,San Pedro,MENORES CONTROLADOS
4655,5,10,110400,A0200002,13,13601,1,,,Servicio de Salud Metropolitano Occidente,Posta de Salud Rural Aliro Cárcarmo (Lonquén),Talagante,LACTANCIA MATERNA EXCLUSIVA
4656,6,10,110400,A0200002,13,13601,1,,,Servicio de Salud Metropolitano Occidente,Posta de Salud Rural Aliro Cárcarmo (Lonquén),Talagante,LACTANCIA MATERNA EXCLUSIVA
4657,6,10,110400,A0200001,13,13601,3,1,1,Servicio de Salud Metropolitano Occidente,Posta de Salud Rural Aliro Cárcarmo (Lonquén),Talagante,MENORES CONTROLADOS
4658,9,10,110400,A0200001,13,13601,1,1,,Servicio de Salud Metropolitano Occidente,Posta de Salud Rural Aliro Cárcarmo (Lonquén),Talagante,MENORES CONTROLADOS
4659,5,10,110400,A0200001,13,13601,2,1,,Servicio de Salud Metropolitano Occidente,Posta de Salud Rural Aliro Cárcarmo (Lonquén),Talagante,MENORES CONTROLADOS
4660,1,10,110400,A0200002,13,13601,,1,1,Servicio de Salud Metropolitano Occidente,Posta de Salud Rural Aliro Cárcarmo (Lonquén),Talagante,LACTANCIA MATERNA EXCLUSIVA
4661,1,10,110400,A0200001,13,13601,,2,2,Servicio de Salud Metropolitano Occidente,Posta de Salud Rural Aliro Cárcarmo (Lonquén),Talagante,MENORES CONTROLADOS
4662,7,10,110400,A0200002,13,13601,1,,,Servicio de Salud Metropolitano Occidente,Posta de Salud Rural Aliro Cárcarmo (Lonquén),Talagante,LACTANCIA MATERNA EXCLUSIVA
4663,7,10,110400,A0200001,13,13601,1,,,Servicio de Salud Metropolitano Occidente,Posta de Salud Rural Aliro Cárcarmo (Lonquén),Talagante,MENORES CONTROLADOS
4664,3,10,110400,A0200002,13,13601,1,,1,Servicio de Salud Metropolitano Occidente,Posta de Salud Rural Aliro Cárcarmo (Lonquén),Talagante,LACTANCIA MATERNA EXCLUSIVA
4665,3,10,110400,A0200001,13,13601,2,1,2,Servicio de Salud Metropolitano Occidente,Posta de Salud Rural Aliro Cárcarmo (Lonquén),Talagante,MENORES CONTROLADOS
4666,10,10,110400,A0200002,13,13601,,1,,Servicio de Salud Metropolitano Occidente,Posta de Salud Rural Aliro Cárcarmo (Lonquén),Talagante,LACTANCIA MATERNA EXCLUSIVA
4667,10,10,110400,A0200001,13,13601,1,1,,Servicio de Salud Metropolitano Occidente,Posta de Salud Rural Aliro Cárcarmo (Lonquén),Talagante,MENORES CONTROLADOS
4668,4,10,110400,A0200001,13,13601,,2,2,Servicio de Salud Metropolitano Occidente,Posta de Salud Rural Aliro Cárcarmo (Lonquén),Talagante,MENORES CONTROLADOS
4669,4,10,110400,A0200002,13,13601,,1,1,Servicio de Salud Metropolitano Occidente,Posta de Salud Rural Aliro Cárcarmo (Lonquén),Talagante,LACTANCIA MATERNA EXCLUSIVA
4670,11,10,110400,A0200002,13,13601,,,1,Servicio de Salud Metropolitano Occidente,Posta de Salud Rural Aliro Cárcarmo (Lonquén),Talagante,LACTANCIA MATERNA EXCLUSIVA
4671,11,10,110400,A0200001,13,13601,,1,1,Servicio de Salud Metropolitano Occidente,Posta de Salud Rural Aliro Cárcarmo (Lonquén),Talagante,MENORES CONTROLADOS
4672,8,10,110400,A0200002,13,13601,,1,,Servicio de Salud Metropolitano Occidente,Posta de Salud Rural Aliro Cárcarmo (Lonquén),Talagante,LACTANCIA MATERNA EXCLUSIVA
4673,8,10,110400,A0200001,13,13601,1,2,1,Servicio de Salud Metropolitano Occidente,Posta de Salud Rural Aliro Cárcarmo (Lonquén),Talagante,MENORES CONTROLADOS
4674,12,10,110400,A0200001,13,13601,1,1,1,Servicio de Salud Metropolitano Occidente,Posta de Salud Rural Aliro Cárcarmo (Lonquén),Talagante,MENORES CONTROLADOS
4675,12,10,110400,A0200002,13,13601,1,1,1,Servicio de Salud Metropolitano Occidente,Posta de Salud Rural Aliro Cárcarmo (Lonquén),Talagante,LACTANCIA MATERNA EXCLUSIVA
4676,2,10,110400,A0200001,13,13601,,1,,Servicio de Salud Metropolitano Occidente,Posta de Salud Rural Aliro Cárcarmo (Lonquén),Talagante,MENORES CONTROLADOS
4677,2,10,110400,A0200002,13,13601,,1,,Servicio de Salud Metropolitano Occidente,Posta de Salud Rural Aliro Cárcarmo (Lonquén),Talagante,LACTANCIA MATERNA EXCLUSIVA
4678,7,10,200365,A0200002,13,13601,1,5,,Servicio de Salud Metropolitano Occidente,Centro Comunitario de Salud Familiar Villa Los Presidentes,Talagante,LACTANCIA MATERNA EXCLUSIVA
4679,7,10,200365,A0200001,13,13601,1,6,,Servicio de Salud Metropolitano Occidente,Centro Comunitario de Salud Familiar Villa Los Presidentes,Talagante,MENORES CONTROLADOS
4680,8,10,200365,A0200002,13,13601,2,1,,Servicio de Salud Metropolitano Occidente,Centro Comunitario de Salud Familiar Villa Los Presidentes,Talagante,LACTANCIA MATERNA EXCLUSIVA
4681,8,10,200365,A0200001,13,13601,3,2,3,Servicio de Salud Metropolitano Occidente,Centro Comunitario de Salud Familiar Villa Los Presidentes,Talagante,MENORES CONTROLADOS
4682,10,10,200365,A0200002,13,13601,1,3,1,Servicio de Salud Metropolitano Occidente,Centro Comunitario de Salud Familiar Villa Los Presidentes,Talagante,LACTANCIA MATERNA EXCLUSIVA
4683,10,10,200365,A0200001,13,13601,1,5,2,Servicio de Salud Metropolitano Occidente,Centro Comunitario de Salud Familiar Villa Los Presidentes,Talagante,MENORES CONTROLADOS
4684,9,10,200365,A0200002,13,13601,3,1,4,Servicio de Salud Metropolitano Occidente,Centro Comunitario de Salud Familiar Villa Los Presidentes,Talagante,LACTANCIA MATERNA EXCLUSIVA
4685,9,10,200365,A0200001,13,13601,5,3,5,Servicio de Salud Metropolitano Occidente,Centro Comunitario de Salud Familiar Villa Los Presidentes,Talagante,MENORES CONTROLADOS
4686,2,10,200365,A0200002,13,13601,,,,Servicio de Salud Metropolitano Occidente,Centro Comunitario de Salud Familiar Villa Los Presidentes,Talagante,LACTANCIA MATERNA EXCLUSIVA
4687,2,10,200365,A0200001,13,13601,,,,Servicio de Salud Metropolitano Occidente,Centro Comunitario de Salud Familiar Villa Los Presidentes,Talagante,MENORES CONTROLADOS
4688,1,10,200365,A0200002,13,13601,2,2,2,Servicio de Salud Metropolitano Occidente,Centro Comunitario de Salud Familiar Villa Los Presidentes,Talagante,LACTANCIA MATERNA EXCLUSIVA
4689,1,10,200365,A0200001,13,13601,2,3,2,Servicio de Salud Metropolitano Occidente,Centro Comunitario de Salud Familiar Villa Los Presidentes,Talagante,MENORES CONTROLADOS
4690,5,10,200365,A0200002,13,13601,2,1,1,Servicio de Salud Metropolitano Occidente,Centro Comunitario de Salud Familiar Villa Los Presidentes,Talagante,LACTANCIA MATERNA EXCLUSIVA
4691,5,10,200365,A0200001,13,13601,4,3,2,Servicio de Salud Metropolitano Occidente,Centro Comunitario de Salud Familiar Villa Los Presidentes,Talagante,MENORES CONTROLADOS
4692,6,10,200365,A0200002,13,13601,2,,1,Servicio de Salud Metropolitano Occidente,Centro Comunitario de Salud Familiar Villa Los Presidentes,Talagante,LACTANCIA MATERNA EXCLUSIVA
4693,6,10,200365,A0200001,13,13601,2,,1,Servicio de Salud Metropolitano Occidente,Centro Comunitario de Salud Familiar Villa Los Presidentes,Talagante,MENORES CONTROLADOS
4694,3,10,200365,A0200002,13,13601,1,2,,Servicio de Salud Metropolitano Occidente,Centro Comunitario de Salud Familiar Villa Los Presidentes,Talagante,LACTANCIA MATERNA EXCLUSIVA
4695,3,10,200365,A0200001,13,13601,3,2,2,Servicio de Salud Metropolitano Occidente,Centro Comunitario de Salud Familiar Villa Los Presidentes,Talagante,MENORES CONTROLADOS
4696,4,10,200365,A0200002,13,13601,5,1,3,Servicio de Salud Metropolitano Occidente,Centro Comunitario de Salud Familiar Villa Los Presidentes,Talagante,LACTANCIA MATERNA EXCLUSIVA
4697,4,10,200365,A0200001,13,13601,5,1,4,Servicio de Salud Metropolitano Occidente,Centro Comunitario de Salud Familiar Villa Los Presidentes,Talagante,MENORES CONTROLADOS
4698,12,10,200365,A0200002,13,13601,1,1,1,Servicio de Salud Metropolitano Occidente,Centro Comunitario de Salud Familiar Villa Los Presidentes,Talagante,LACTANCIA MATERNA EXCLUSIVA
4699,12,10,200365,A0200001,13,13601,3,1,2,Servicio de Salud Metropolitano Occidente,Centro Comunitario de Salud Familiar Villa Los Presidentes,Talagante,MENORES CONTROLADOS
4700,11,10,200365,A0200002,13,13601,2,2,1,Servicio de Salud Metropolitano Occidente,Centro Comunitario de Salud Familiar Villa Los Presidentes,Talagante,LACTANCIA MATERNA EXCLUSIVA
4701,11,10,200365,A0200001,13,13601,2,3,5,Servicio de Salud Metropolitano Occidente,Centro Comunitario de Salud Familiar Villa Los Presidentes,Talagante,MENORES CONTROLADOS
4702,2,10,110390,A0200002,13,13601,17,11,9,Servicio de Salud Metropolitano Occidente,Centro de Salud Familiar Dr. Alberto Allende Jones,Talagante,LACTANCIA MATERNA EXCLUSIVA
4703,2,10,110390,A0200001,13,13601,25,22,27,Servicio de Salud Metropolitano Occidente,Centro de Salud Familiar Dr. Alberto Allende Jones,Talagante,MENORES CONTROLADOS
4704,9,10,110390,A0200002,13,13601,20,11,16,Servicio de Salud Metropolitano Occidente,Centro de Salud Familiar Dr. Alberto Allende Jones,Talagante,LACTANCIA MATERNA EXCLUSIVA
4705,9,10,110390,A0200001,13,13601,24,21,28,Servicio de Salud Metropolitano Occidente,Centro de Salud Familiar Dr. Alberto Allende Jones,Talagante,MENORES CONTROLADOS
4706,6,10,110390,A0200002,13,13601,12,17,9,Servicio de Salud Metropolitano Occidente,Centro de Salud Familiar Dr. Alberto Allende Jones,Talagante,LACTANCIA MATERNA EXCLUSIVA
4707,6,10,110390,A0200001,13,13601,17,27,20,Servicio de Salud Metropolitano Occidente,Centro de Salud Familiar Dr. Alberto Allende Jones,Talagante,MENORES CONTROLADOS
4708,8,10,110390,A0200002,13,13601,4,16,16,Servicio de Salud Metropolitano Occidente,Centro de Salud Familiar Dr. Alberto Allende Jones,Talagante,LACTANCIA MATERNA EXCLUSIVA
4709,8,10,110390,A0200001,13,13601,11,22,30,Servicio de Salud Metropolitano Occidente,Centro de Salud Familiar Dr. Alberto Allende Jones,Talagante,MENORES CONTROLADOS
4710,5,10,110390,A0200002,13,13601,16,14,5,Servicio de Salud Metropolitano Occidente,Centro de Salud Familiar Dr. Alberto Allende Jones,Talagante,LACTANCIA MATERNA EXCLUSIVA
4711,5,10,110390,A0200001,13,13601,19,20,14,Servicio de Salud Metropolitano Occidente,Centro de Salud Familiar Dr. Alberto Allende Jones,Talagante,MENORES CONTROLADOS
4712,7,10,110390,A0200002,13,13601,3,14,13,Servicio de Salud Metropolitano Occidente,Centro de Salud Familiar Dr. Alberto Allende Jones,Talagante,LACTANCIA MATERNA EXCLUSIVA
4713,7,10,110390,A0200001,13,13601,22,25,22,Servicio de Salud Metropolitano Occidente,Centro de Salud Familiar Dr. Alberto Allende Jones,Talagante,MENORES CONTROLADOS
4714,4,10,110390,A0200001,13,13601,29,27,20,Servicio de Salud Metropolitano Occidente,Centro de Salud Familiar Dr. Alberto Allende Jones,Talagante,MENORES CONTROLADOS
4715,4,10,110390,A0200002,13,13601,18,19,13,Servicio de Salud Metropolitano Occidente,Centro de Salud Familiar Dr. Alberto Allende Jones,Talagante,LACTANCIA MATERNA EXCLUSIVA
4716,3,10,110390,A0200002,13,13601,25,8,14,Servicio de Salud Metropolitano Occidente,Centro de Salud Familiar Dr. Alberto Allende Jones,Talagante,LACTANCIA MATERNA EXCLUSIVA
4717,3,10,110390,A0200001,13,13601,38,22,25,Servicio de Salud Metropolitano Occidente,Centro de Salud Familiar Dr. Alberto Allende Jones,Talagante,MENORES CONTROLADOS
4718,10,10,110390,A0200001,13,13601,21,21,21,Servicio de Salud Metropolitano Occidente,Centro de Salud Familiar Dr. Alberto Allende Jones,Talagante,MENORES CONTROLADOS
4719,10,10,110390,A0200002,13,13601,16,9,8,Servicio de Salud Metropolitano Occidente,Centro de Salud Familiar Dr. Alberto Allende Jones,Talagante,LACTANCIA MATERNA EXCLUSIVA
4720,1,10,110390,A0200001,13,13601,23,30,27,Servicio de Salud Metropolitano Occidente,Centro de Salud Familiar Dr. Alberto Allende Jones,Talagante,MENORES CONTROLADOS
4721,1,10,110390,A0200002,13,13601,14,21,12,Servicio de Salud Metropolitano Occidente,Centro de Salud Familiar Dr. Alberto Allende Jones,Talagante,LACTANCIA MATERNA EXCLUSIVA
4722,11,10,110390,A0200002,13,13601,12,6,11,Servicio de Salud Metropolitano Occidente,Centro de Salud Familiar Dr. Alberto Allende Jones,Talagante,LACTANCIA MATERNA EXCLUSIVA
4723,11,10,110390,A0200001,13,13601,17,10,22,Servicio de Salud Metropolitano Occidente,Centro de Salud Familiar Dr. Alberto Allende Jones,Talagante,MENORES CONTROLADOS
4724,12,10,110390,A0200002,13,13601,6,18,9,Servicio de Salud Metropolitano Occidente,Centro de Salud Familiar Dr. Alberto Allende Jones,Talagante,LACTANCIA MATERNA EXCLUSIVA
4725,12,10,110390,A0200001,13,13601,15,22,23,Servicio de Salud Metropolitano Occidente,Centro de Salud Familiar Dr. Alberto Allende Jones,Talagante,MENORES CONTROLADOS
4726,2,10,200454,A0200002,13,13602,0,0,2,Servicio de Salud Metropolitano Occidente,CECOSF Wilma Yoli Gomez Conejera,El Monte,LACTANCIA MATERNA EXCLUSIVA
4727,2,10,200454,A0200001,13,13602,0,0,3,Servicio de Salud Metropolitano Occidente,CECOSF Wilma Yoli Gomez Conejera,El Monte,MENORES CONTROLADOS
4728,5,10,200454,A0200001,13,13602,3,4,4,Servicio de Salud Metropolitano Occidente,CECOSF Wilma Yoli Gomez Conejera,El Monte,MENORES CONTROLADOS
4729,4,10,200454,A0200001,13,13602,4,5,1,Servicio de Salud Metropolitano Occidente,CECOSF Wilma Yoli Gomez Conejera,El Monte,MENORES CONTROLADOS
4730,3,10,200454,A0200001,13,13602,0,2,2,Servicio de Salud Metropolitano Occidente,CECOSF Wilma Yoli Gomez Conejera,El Monte,MENORES CONTROLADOS
4731,5,10,200454,A0200002,13,13602,3,4,4,Servicio de Salud Metropolitano Occidente,CECOSF Wilma Yoli Gomez Conejera,El Monte,LACTANCIA MATERNA EXCLUSIVA
4732,3,10,200454,A0200002,13,13602,0,1,0,Servicio de Salud Metropolitano Occidente,CECOSF Wilma Yoli Gomez Conejera,El Monte,LACTANCIA MATERNA EXCLUSIVA
4733,4,10,200454,A0200002,13,13602,4,4,0,Servicio de Salud Metropolitano Occidente,CECOSF Wilma Yoli Gomez Conejera,El Monte,LACTANCIA MATERNA EXCLUSIVA
4734,6,10,200454,A0200002,13,13602,4,2,0,Servicio de Salud Metropolitano Occidente,CECOSF Wilma Yoli Gomez Conejera,El Monte,LACTANCIA MATERNA EXCLUSIVA
4735,6,10,200454,A0200001,13,13602,4,2,1,Servicio de Salud Metropolitano Occidente,CECOSF Wilma Yoli Gomez Conejera,El Monte,MENORES CONTROLADOS
4736,1,10,200454,A0200001,13,13602,0,0,5,Servicio de Salud Metropolitano Occidente,CECOSF Wilma Yoli Gomez Conejera,El Monte,MENORES CONTROLADOS
4737,1,10,200454,A0200002,13,13602,,,3,Servicio de Salud Metropolitano Occidente,CECOSF Wilma Yoli Gomez Conejera,El Monte,LACTANCIA MATERNA EXCLUSIVA
4738,9,10,200454,A0200002,13,13602,,,2,Servicio de Salud Metropolitano Occidente,CECOSF Wilma Yoli Gomez Conejera,El Monte,LACTANCIA MATERNA EXCLUSIVA
4739,9,10,200454,A0200001,13,13602,,,3,Servicio de Salud Metropolitano Occidente,CECOSF Wilma Yoli Gomez Conejera,El Monte,MENORES CONTROLADOS
4740,8,10,200454,A0200001,13,13602,,,3,Servicio de Salud Metropolitano Occidente,CECOSF Wilma Yoli Gomez Conejera,El Monte,MENORES CONTROLADOS
4741,8,10,200454,A0200002,13,13602,,1,0,Servicio de Salud Metropolitano Occidente,CECOSF Wilma Yoli Gomez Conejera,El Monte,LACTANCIA MATERNA EXCLUSIVA
4742,11,10,200454,A0200002,13,13602,0,0,0,Servicio de Salud Metropolitano Occidente,CECOSF Wilma Yoli Gomez Conejera,El Monte,LACTANCIA MATERNA EXCLUSIVA
4743,11,10,200454,A0200001,13,13602,0,0,3,Servicio de Salud Metropolitano Occidente,CECOSF Wilma Yoli Gomez Conejera,El Monte,MENORES CONTROLADOS
4744,10,10,200454,A0200001,13,13602,0,0,2,Servicio de Salud Metropolitano Occidente,CECOSF Wilma Yoli Gomez Conejera,El Monte,MENORES CONTROLADOS
4745,12,10,200454,A0200002,13,13602,,,,Servicio de Salud Metropolitano Occidente,CECOSF Wilma Yoli Gomez Conejera,El Monte,LACTANCIA MATERNA EXCLUSIVA
4746,12,10,200454,A0200001,13,13602,,,,Servicio de Salud Metropolitano Occidente,CECOSF Wilma Yoli Gomez Conejera,El Monte,MENORES CONTROLADOS
4747,7,10,200454,A0200001,13,13602,0,0,3,Servicio de Salud Metropolitano Occidente,CECOSF Wilma Yoli Gomez Conejera,El Monte,MENORES CONTROLADOS
4748,7,10,200454,A0200002,13,13602,,,2,Servicio de Salud Metropolitano Occidente,CECOSF Wilma Yoli Gomez Conejera,El Monte,LACTANCIA MATERNA EXCLUSIVA
4749,2,10,110370,A0200002,13,13602,3,9,6,Servicio de Salud Metropolitano Occidente,Centro de Salud Familiar El Monte,El Monte,LACTANCIA MATERNA EXCLUSIVA
4750,3,10,110370,A0200002,13,13602,13,12,4,Servicio de Salud Metropolitano Occidente,Centro de Salud Familiar El Monte,El Monte,LACTANCIA MATERNA EXCLUSIVA
4751,3,10,110370,A0200001,13,13602,17,17,6,Servicio de Salud Metropolitano Occidente,Centro de Salud Familiar El Monte,El Monte,MENORES CONTROLADOS
4752,9,10,110370,A0200002,13,13602,8,10,4,Servicio de Salud Metropolitano Occidente,Centro de Salud Familiar El Monte,El Monte,LACTANCIA MATERNA EXCLUSIVA
4753,9,10,110370,A0200001,13,13602,15,13,7,Servicio de Salud Metropolitano Occidente,Centro de Salud Familiar El Monte,El Monte,MENORES CONTROLADOS
4754,6,10,110370,A0200002,13,13602,9,6,9,Servicio de Salud Metropolitano Occidente,Centro de Salud Familiar El Monte,El Monte,LACTANCIA MATERNA EXCLUSIVA
4755,6,10,110370,A0200001,13,13602,9,10,16,Servicio de Salud Metropolitano Occidente,Centro de Salud Familiar El Monte,El Monte,MENORES CONTROLADOS
4756,4,10,110370,A0200002,13,13602,9,13,9,Servicio de Salud Metropolitano Occidente,Centro de Salud Familiar El Monte,El Monte,LACTANCIA MATERNA EXCLUSIVA
4757,4,10,110370,A0200001,13,13602,15,25,15,Servicio de Salud Metropolitano Occidente,Centro de Salud Familiar El Monte,El Monte,MENORES CONTROLADOS
4758,10,10,110370,A0200002,13,13602,12,9,5,Servicio de Salud Metropolitano Occidente,Centro de Salud Familiar El Monte,El Monte,LACTANCIA MATERNA EXCLUSIVA
4759,10,10,110370,A0200001,13,13602,15,12,6,Servicio de Salud Metropolitano Occidente,Centro de Salud Familiar El Monte,El Monte,MENORES CONTROLADOS
4760,8,10,110370,A0200002,13,13602,8,8,5,Servicio de Salud Metropolitano Occidente,Centro de Salud Familiar El Monte,El Monte,LACTANCIA MATERNA EXCLUSIVA
4761,8,10,110370,A0200001,13,13602,9,9,8,Servicio de Salud Metropolitano Occidente,Centro de Salud Familiar El Monte,El Monte,MENORES CONTROLADOS
4762,5,10,110370,A0200002,13,13602,13,12,6,Servicio de Salud Metropolitano Occidente,Centro de Salud Familiar El Monte,El Monte,LACTANCIA MATERNA EXCLUSIVA
4763,5,10,110370,A0200001,13,13602,14,17,10,Servicio de Salud Metropolitano Occidente,Centro de Salud Familiar El Monte,El Monte,MENORES CONTROLADOS
4764,12,10,110370,A0200002,13,13602,5,16,12,Servicio de Salud Metropolitano Occidente,Centro de Salud Familiar El Monte,El Monte,LACTANCIA MATERNA EXCLUSIVA
4765,12,10,110370,A0200001,13,13602,10,0,14,Servicio de Salud Metropolitano Occidente,Centro de Salud Familiar El Monte,El Monte,MENORES CONTROLADOS
4766,2,10,110370,A0200001,13,13602,13,16,9,Servicio de Salud Metropolitano Occidente,Centro de Salud Familiar El Monte,El Monte,MENORES CONTROLADOS
4767,7,10,110370,A0200002,13,13602,18,9,6,Servicio de Salud Metropolitano Occidente,Centro de Salud Familiar El Monte,El Monte,LACTANCIA MATERNA EXCLUSIVA
4768,7,10,110370,A0200001,13,13602,21,11,11,Servicio de Salud Metropolitano Occidente,Centro de Salud Familiar El Monte,El Monte,MENORES CONTROLADOS
4769,1,10,110370,A0200001,13,13602,0,0,0,Servicio de Salud Metropolitano Occidente,Centro de Salud Familiar El Monte,El Monte,MENORES CONTROLADOS
4770,1,10,110370,A0200002,13,13602,0,0,0,Servicio de Salud Metropolitano Occidente,Centro de Salud Familiar El Monte,El Monte,LACTANCIA MATERNA EXCLUSIVA
4771,11,10,110370,A0200002,13,13602,11,7,7,Servicio de Salud Metropolitano Occidente,Centro de Salud Familiar El Monte,El Monte,LACTANCIA MATERNA EXCLUSIVA
4772,11,10,110370,A0200001,13,13602,13,10,9,Servicio de Salud Metropolitano Occidente,Centro de Salud Familiar El Monte,El Monte,MENORES CONTROLADOS
4773,4,10,110430,A0200001,13,13603,3,,,Servicio de Salud Metropolitano Occidente,Posta de Salud Rural San Antonio de Naltagua,Isla de Maipo,MENORES CONTROLADOS
4774,2,10,110430,A0200002,13,13603,,,,Servicio de Salud Metropolitano Occidente,Posta de Salud Rural San Antonio de Naltagua,Isla de Maipo,LACTANCIA MATERNA EXCLUSIVA
4775,2,10,110430,A0200001,13,13603,,,1,Servicio de Salud Metropolitano Occidente,Posta de Salud Rural San Antonio de Naltagua,Isla de Maipo,MENORES CONTROLADOS
4776,4,10,110430,A0200002,13,13603,2,,,Servicio de Salud Metropolitano Occidente,Posta de Salud Rural San Antonio de Naltagua,Isla de Maipo,LACTANCIA MATERNA EXCLUSIVA
4777,8,10,110430,A0200002,13,13603,2,1,1,Servicio de Salud Metropolitano Occidente,Posta de Salud Rural San Antonio de Naltagua,Isla de Maipo,LACTANCIA MATERNA EXCLUSIVA
4778,8,10,110430,A0200001,13,13603,2,1,1,Servicio de Salud Metropolitano Occidente,Posta de Salud Rural San Antonio de Naltagua,Isla de Maipo,MENORES CONTROLADOS
4779,5,10,110430,A0200002,13,13603,2,1,1,Servicio de Salud Metropolitano Occidente,Posta de Salud Rural San Antonio de Naltagua,Isla de Maipo,LACTANCIA MATERNA EXCLUSIVA
4780,5,10,110430,A0200001,13,13603,2,1,3,Servicio de Salud Metropolitano Occidente,Posta de Salud Rural San Antonio de Naltagua,Isla de Maipo,MENORES CONTROLADOS
4781,6,10,110430,A0200002,13,13603,,,,Servicio de Salud Metropolitano Occidente,Posta de Salud Rural San Antonio de Naltagua,Isla de Maipo,LACTANCIA MATERNA EXCLUSIVA
4782,6,10,110430,A0200001,13,13603,,,,Servicio de Salud Metropolitano Occidente,Posta de Salud Rural San Antonio de Naltagua,Isla de Maipo,MENORES CONTROLADOS
4783,3,10,110430,A0200002,13,13603,,,,Servicio de Salud Metropolitano Occidente,Posta de Salud Rural San Antonio de Naltagua,Isla de Maipo,LACTANCIA MATERNA EXCLUSIVA
4784,3,10,110430,A0200001,13,13603,1,,,Servicio de Salud Metropolitano Occidente,Posta de Salud Rural San Antonio de Naltagua,Isla de Maipo,MENORES CONTROLADOS
4785,11,10,110430,A0200002,13,13603,,1,2,Servicio de Salud Metropolitano Occidente,Posta de Salud Rural San Antonio de Naltagua,Isla de Maipo,LACTANCIA MATERNA EXCLUSIVA
4786,11,10,110430,A0200001,13,13603,,1,2,Servicio de Salud Metropolitano Occidente,Posta de Salud Rural San Antonio de Naltagua,Isla de Maipo,MENORES CONTROLADOS
4787,12,10,110430,A0200002,13,13603,2,1,1,Servicio de Salud Metropolitano Occidente,Posta de Salud Rural San Antonio de Naltagua,Isla de Maipo,LACTANCIA MATERNA EXCLUSIVA
4788,12,10,110430,A0200001,13,13603,3,2,1,Servicio de Salud Metropolitano Occidente,Posta de Salud Rural San Antonio de Naltagua,Isla de Maipo,MENORES CONTROLADOS
4789,9,10,110430,A0200002,13,13603,,,2,Servicio de Salud Metropolitano Occidente,Posta de Salud Rural San Antonio de Naltagua,Isla de Maipo,LACTANCIA MATERNA EXCLUSIVA
4790,9,10,110430,A0200001,13,13603,1,1,3,Servicio de Salud Metropolitano Occidente,Posta de Salud Rural San Antonio de Naltagua,Isla de Maipo,MENORES CONTROLADOS
4791,1,10,110430,A0200002,13,13603,,,3,Servicio de Salud Metropolitano Occidente,Posta de Salud Rural San Antonio de Naltagua,Isla de Maipo,LACTANCIA MATERNA EXCLUSIVA
4792,7,10,110430,A0200002,13,13603,1,3,,Servicio de Salud Metropolitano Occidente,Posta de Salud Rural San Antonio de Naltagua,Isla de Maipo,LACTANCIA MATERNA EXCLUSIVA
4793,7,10,110430,A0200001,13,13603,1,3,,Servicio de Salud Metropolitano Occidente,Posta de Salud Rural San Antonio de Naltagua,Isla de Maipo,MENORES CONTROLADOS
4794,10,10,110430,A0200002,13,13603,1,1,1,Servicio de Salud Metropolitano Occidente,Posta de Salud Rural San Antonio de Naltagua,Isla de Maipo,LACTANCIA MATERNA EXCLUSIVA
4795,10,10,110430,A0200001,13,13603,1,1,2,Servicio de Salud Metropolitano Occidente,Posta de Salud Rural San Antonio de Naltagua,Isla de Maipo,MENORES CONTROLADOS
4796,1,10,110430,A0200001,13,13603,,,3,Servicio de Salud Metropolitano Occidente,Posta de Salud Rural San Antonio de Naltagua,Isla de Maipo,MENORES CONTROLADOS
4797,2,10,110775,A0200002,13,13603,2,,1,Servicio de Salud Metropolitano Occidente,Centro Comunitario de Salud Familiar La Islita,Isla de Maipo,LACTANCIA MATERNA EXCLUSIVA
4798,2,10,110775,A0200001,13,13603,3,0,3,Servicio de Salud Metropolitano Occidente,Centro Comunitario de Salud Familiar La Islita,Isla de Maipo,MENORES CONTROLADOS
4799,3,10,110775,A0200002,13,13603,2,,3,Servicio de Salud Metropolitano Occidente,Centro Comunitario de Salud Familiar La Islita,Isla de Maipo,LACTANCIA MATERNA EXCLUSIVA
4800,6,10,110775,A0200002,13,13603,1,3,1,Servicio de Salud Metropolitano Occidente,Centro Comunitario de Salud Familiar La Islita,Isla de Maipo,LACTANCIA MATERNA EXCLUSIVA
4801,6,10,110775,A0200001,13,13603,2,4,1,Servicio de Salud Metropolitano Occidente,Centro Comunitario de Salud Familiar La Islita,Isla de Maipo,MENORES CONTROLADOS
4802,11,10,110775,A0200002,13,13603,,2,2,Servicio de Salud Metropolitano Occidente,Centro Comunitario de Salud Familiar La Islita,Isla de Maipo,LACTANCIA MATERNA EXCLUSIVA
4803,11,10,110775,A0200001,13,13603,2,2,3,Servicio de Salud Metropolitano Occidente,Centro Comunitario de Salud Familiar La Islita,Isla de Maipo,MENORES CONTROLADOS
4804,7,10,110775,A0200002,13,13603,1,1,1,Servicio de Salud Metropolitano Occidente,Centro Comunitario de Salud Familiar La Islita,Isla de Maipo,LACTANCIA MATERNA EXCLUSIVA
4805,7,10,110775,A0200001,13,13603,1,3,2,Servicio de Salud Metropolitano Occidente,Centro Comunitario de Salud Familiar La Islita,Isla de Maipo,MENORES CONTROLADOS
4806,4,10,110775,A0200002,13,13603,2,5,1,Servicio de Salud Metropolitano Occidente,Centro Comunitario de Salud Familiar La Islita,Isla de Maipo,LACTANCIA MATERNA EXCLUSIVA
4807,4,10,110775,A0200001,13,13603,3,6,1,Servicio de Salud Metropolitano Occidente,Centro Comunitario de Salud Familiar La Islita,Isla de Maipo,MENORES CONTROLADOS
4808,8,10,110775,A0200002,13,13603,,1,4,Servicio de Salud Metropolitano Occidente,Centro Comunitario de Salud Familiar La Islita,Isla de Maipo,LACTANCIA MATERNA EXCLUSIVA
4809,8,10,110775,A0200001,13,13603,,1,4,Servicio de Salud Metropolitano Occidente,Centro Comunitario de Salud Familiar La Islita,Isla de Maipo,MENORES CONTROLADOS
4810,1,10,110775,A0200002,13,13603,1,2,,Servicio de Salud Metropolitano Occidente,Centro Comunitario de Salud Familiar La Islita,Isla de Maipo,LACTANCIA MATERNA EXCLUSIVA
4811,1,10,110775,A0200001,13,13603,1,2,1,Servicio de Salud Metropolitano Occidente,Centro Comunitario de Salud Familiar La Islita,Isla de Maipo,MENORES CONTROLADOS
4812,9,10,110775,A0200002,13,13603,2,1,2,Servicio de Salud Metropolitano Occidente,Centro Comunitario de Salud Familiar La Islita,Isla de Maipo,LACTANCIA MATERNA EXCLUSIVA
4813,9,10,110775,A0200001,13,13603,2,1,2,Servicio de Salud Metropolitano Occidente,Centro Comunitario de Salud Familiar La Islita,Isla de Maipo,MENORES CONTROLADOS
4814,3,10,110775,A0200001,13,13603,2,0,3,Servicio de Salud Metropolitano Occidente,Centro Comunitario de Salud Familiar La Islita,Isla de Maipo,MENORES CONTROLADOS
4815,5,10,110775,A0200002,13,13603,,1,,Servicio de Salud Metropolitano Occidente,Centro Comunitario de Salud Familiar La Islita,Isla de Maipo,LACTANCIA MATERNA EXCLUSIVA
4816,5,10,110775,A0200001,13,13603,3,1,0,Servicio de Salud Metropolitano Occidente,Centro Comunitario de Salud Familiar La Islita,Isla de Maipo,MENORES CONTROLADOS
4817,12,10,110775,A0200002,13,13603,2,,1,Servicio de Salud Metropolitano Occidente,Centro Comunitario de Salud Familiar La Islita,Isla de Maipo,LACTANCIA MATERNA EXCLUSIVA
4818,12,10,110775,A0200001,13,13603,2,2,2,Servicio de Salud Metropolitano Occidente,Centro Comunitario de Salud Familiar La Islita,Isla de Maipo,MENORES CONTROLADOS
4819,10,10,110775,A0200002,13,13603,,,,Servicio de Salud Metropolitano Occidente,Centro Comunitario de Salud Familiar La Islita,Isla de Maipo,LACTANCIA MATERNA EXCLUSIVA
4820,10,10,110775,A0200001,13,13603,2,,3,Servicio de Salud Metropolitano Occidente,Centro Comunitario de Salud Familiar La Islita,Isla de Maipo,MENORES CONTROLADOS
4821,5,10,110432,A0200002,13,13603,,1,,Servicio de Salud Metropolitano Occidente,Posta de Salud Rural Las Mercedes ( Isla de Maipo ),Isla de Maipo,LACTANCIA MATERNA EXCLUSIVA
4822,5,10,110432,A0200001,13,13603,1,1,,Servicio de Salud Metropolitano Occidente,Posta de Salud Rural Las Mercedes ( Isla de Maipo ),Isla de Maipo,MENORES CONTROLADOS
4823,4,10,110432,A0200001,13,13603,1,1,1,Servicio de Salud Metropolitano Occidente,Posta de Salud Rural Las Mercedes ( Isla de Maipo ),Isla de Maipo,MENORES CONTROLADOS
4824,10,10,110432,A0200001,13,13603,,,1,Servicio de Salud Metropolitano Occidente,Posta de Salud Rural Las Mercedes ( Isla de Maipo ),Isla de Maipo,MENORES CONTROLADOS
4825,7,10,110432,A0200001,13,13603,,,1,Servicio de Salud Metropolitano Occidente,Posta de Salud Rural Las Mercedes ( Isla de Maipo ),Isla de Maipo,MENORES CONTROLADOS
4826,3,10,110432,A0200001,13,13603,,,1,Servicio de Salud Metropolitano Occidente,Posta de Salud Rural Las Mercedes ( Isla de Maipo ),Isla de Maipo,MENORES CONTROLADOS
4827,9,10,110432,A0200002,13,13603,,,1,Servicio de Salud Metropolitano Occidente,Posta de Salud Rural Las Mercedes ( Isla de Maipo ),Isla de Maipo,LACTANCIA MATERNA EXCLUSIVA
4828,9,10,110432,A0200001,13,13603,,,1,Servicio de Salud Metropolitano Occidente,Posta de Salud Rural Las Mercedes ( Isla de Maipo ),Isla de Maipo,MENORES CONTROLADOS
4829,1,10,110432,A0200001,13,13603,,,,Servicio de Salud Metropolitano Occidente,Posta de Salud Rural Las Mercedes ( Isla de Maipo ),Isla de Maipo,MENORES CONTROLADOS
4830,6,10,110432,A0200002,13,13603,1,1,1,Servicio de Salud Metropolitano Occidente,Posta de Salud Rural Las Mercedes ( Isla de Maipo ),Isla de Maipo,LACTANCIA MATERNA EXCLUSIVA
4831,6,10,110432,A0200001,13,13603,1,1,1,Servicio de Salud Metropolitano Occidente,Posta de Salud Rural Las Mercedes ( Isla de Maipo ),Isla de Maipo,MENORES CONTROLADOS
4832,3,10,110432,A0200002,13,13603,1,1,1,Servicio de Salud Metropolitano Occidente,Posta de Salud Rural Las Mercedes ( Isla de Maipo ),Isla de Maipo,LACTANCIA MATERNA EXCLUSIVA
4833,11,10,110432,A0200002,13,13603,,,,Servicio de Salud Metropolitano Occidente,Posta de Salud Rural Las Mercedes ( Isla de Maipo ),Isla de Maipo,LACTANCIA MATERNA EXCLUSIVA
4834,11,10,110432,A0200001,13,13603,,,,Servicio de Salud Metropolitano Occidente,Posta de Salud Rural Las Mercedes ( Isla de Maipo ),Isla de Maipo,MENORES CONTROLADOS
4835,12,10,110432,A0200002,13,13603,,1,,Servicio de Salud Metropolitano Occidente,Posta de Salud Rural Las Mercedes ( Isla de Maipo ),Isla de Maipo,LACTANCIA MATERNA EXCLUSIVA
4836,12,10,110432,A0200001,13,13603,,2,0,Servicio de Salud Metropolitano Occidente,Posta de Salud Rural Las Mercedes ( Isla de Maipo ),Isla de Maipo,MENORES CONTROLADOS
4837,8,10,110432,A0200002,13,13603,,,1,Servicio de Salud Metropolitano Occidente,Posta de Salud Rural Las Mercedes ( Isla de Maipo ),Isla de Maipo,LACTANCIA MATERNA EXCLUSIVA
4838,8,10,110432,A0200001,13,13603,,,1,Servicio de Salud Metropolitano Occidente,Posta de Salud Rural Las Mercedes ( Isla de Maipo ),Isla de Maipo,MENORES CONTROLADOS
4839,5,10,110375,A0200002,13,13603,2,1,6,Servicio de Salud Metropolitano Occidente,Centro de Salud Familiar Isla de Maipo,Isla de Maipo,LACTANCIA MATERNA EXCLUSIVA
4840,5,10,110375,A0200001,13,13603,2,4,11,Servicio de Salud Metropolitano Occidente,Centro de Salud Familiar Isla de Maipo,Isla de Maipo,MENORES CONTROLADOS
4841,11,10,110375,A0200001,13,13603,7,7,2,Servicio de Salud Metropolitano Occidente,Centro de Salud Familiar Isla de Maipo,Isla de Maipo,MENORES CONTROLADOS
4842,11,10,110375,A0200002,13,13603,2,5,2,Servicio de Salud Metropolitano Occidente,Centro de Salud Familiar Isla de Maipo,Isla de Maipo,LACTANCIA MATERNA EXCLUSIVA
4843,3,10,110375,A0200002,13,13603,3,2,8,Servicio de Salud Metropolitano Occidente,Centro de Salud Familiar Isla de Maipo,Isla de Maipo,LACTANCIA MATERNA EXCLUSIVA
4844,3,10,110375,A0200001,13,13603,4,4,10,Servicio de Salud Metropolitano Occidente,Centro de Salud Familiar Isla de Maipo,Isla de Maipo,MENORES CONTROLADOS
4845,2,10,110375,A0200002,13,13603,1,3,1,Servicio de Salud Metropolitano Occidente,Centro de Salud Familiar Isla de Maipo,Isla de Maipo,LACTANCIA MATERNA EXCLUSIVA
4846,4,10,110375,A0200002,13,13603,1,,6,Servicio de Salud Metropolitano Occidente,Centro de Salud Familiar Isla de Maipo,Isla de Maipo,LACTANCIA MATERNA EXCLUSIVA
4847,2,10,110375,A0200001,13,13603,2,6,4,Servicio de Salud Metropolitano Occidente,Centro de Salud Familiar Isla de Maipo,Isla de Maipo,MENORES CONTROLADOS
4848,8,10,110375,A0200002,13,13603,3,2,2,Servicio de Salud Metropolitano Occidente,Centro de Salud Familiar Isla de Maipo,Isla de Maipo,LACTANCIA MATERNA EXCLUSIVA
4849,8,10,110375,A0200001,13,13603,4,2,6,Servicio de Salud Metropolitano Occidente,Centro de Salud Familiar Isla de Maipo,Isla de Maipo,MENORES CONTROLADOS
4850,9,10,110375,A0200002,13,13603,5,4,2,Servicio de Salud Metropolitano Occidente,Centro de Salud Familiar Isla de Maipo,Isla de Maipo,LACTANCIA MATERNA EXCLUSIVA
4851,9,10,110375,A0200001,13,13603,6,4,2,Servicio de Salud Metropolitano Occidente,Centro de Salud Familiar Isla de Maipo,Isla de Maipo,MENORES CONTROLADOS
4852,12,10,110375,A0200002,13,13603,0,0,0,Servicio de Salud Metropolitano Occidente,Centro de Salud Familiar Isla de Maipo,Isla de Maipo,LACTANCIA MATERNA EXCLUSIVA
4853,12,10,110375,A0200001,13,13603,0,0,0,Servicio de Salud Metropolitano Occidente,Centro de Salud Familiar Isla de Maipo,Isla de Maipo,MENORES CONTROLADOS
4854,4,10,110375,A0200001,13,13603,2,1,9,Servicio de Salud Metropolitano Occidente,Centro de Salud Familiar Isla de Maipo,Isla de Maipo,MENORES CONTROLADOS
4855,1,10,110375,A0200002,13,13603,6,2,7,Servicio de Salud Metropolitano Occidente,Centro de Salud Familiar Isla de Maipo,Isla de Maipo,LACTANCIA MATERNA EXCLUSIVA
4856,1,10,110375,A0200001,13,13603,8,4,12,Servicio de Salud Metropolitano Occidente,Centro de Salud Familiar Isla de Maipo,Isla de Maipo,MENORES CONTROLADOS
4857,7,10,110375,A0200002,13,13603,6,3,2,Servicio de Salud Metropolitano Occidente,Centro de Salud Familiar Isla de Maipo,Isla de Maipo,LACTANCIA MATERNA EXCLUSIVA
4858,7,10,110375,A0200001,13,13603,6,3,7,Servicio de Salud Metropolitano Occidente,Centro de Salud Familiar Isla de Maipo,Isla de Maipo,MENORES CONTROLADOS
4859,6,10,110375,A0200002,13,13603,,3,3,Servicio de Salud Metropolitano Occidente,Centro de Salud Familiar Isla de Maipo,Isla de Maipo,LACTANCIA MATERNA EXCLUSIVA
4860,6,10,110375,A0200001,13,13603,1,4,6,Servicio de Salud Metropolitano Occidente,Centro de Salud Familiar Isla de Maipo,Isla de Maipo,MENORES CONTROLADOS
4861,10,10,110375,A0200002,13,13603,3,2,3,Servicio de Salud Metropolitano Occidente,Centro de Salud Familiar Isla de Maipo,Isla de Maipo,LACTANCIA MATERNA EXCLUSIVA
4862,10,10,110375,A0200001,13,13603,4,,4,Servicio de Salud Metropolitano Occidente,Centro de Salud Familiar Isla de Maipo,Isla de Maipo,MENORES CONTROLADOS
4863,7,10,110425,A0200002,13,13603,4,3,7,Servicio de Salud Metropolitano Occidente,Centro de Salud Familiar La Islita,Isla de Maipo,LACTANCIA MATERNA EXCLUSIVA
4864,7,10,110425,A0200001,13,13603,6,6,9,Servicio de Salud Metropolitano Occidente,Centro de Salud Familiar La Islita,Isla de Maipo,MENORES CONTROLADOS
4865,6,10,110425,A0200002,13,13603,5,7,5,Servicio de Salud Metropolitano Occidente,Centro de Salud Familiar La Islita,Isla de Maipo,LACTANCIA MATERNA EXCLUSIVA
4866,6,10,110425,A0200001,13,13603,5,17,11,Servicio de Salud Metropolitano Occidente,Centro de Salud Familiar La Islita,Isla de Maipo,MENORES CONTROLADOS
4867,11,10,110425,A0200002,13,13603,3,6,3,Servicio de Salud Metropolitano Occidente,Centro de Salud Familiar La Islita,Isla de Maipo,LACTANCIA MATERNA EXCLUSIVA
4868,11,10,110425,A0200001,13,13603,7,11,4,Servicio de Salud Metropolitano Occidente,Centro de Salud Familiar La Islita,Isla de Maipo,MENORES CONTROLADOS
4869,3,10,110425,A0200002,13,13603,4,4,5,Servicio de Salud Metropolitano Occidente,Centro de Salud Familiar La Islita,Isla de Maipo,LACTANCIA MATERNA EXCLUSIVA
4870,3,10,110425,A0200001,13,13603,6,10,13,Servicio de Salud Metropolitano Occidente,Centro de Salud Familiar La Islita,Isla de Maipo,MENORES CONTROLADOS
4871,9,10,110425,A0200002,13,13603,5,2,5,Servicio de Salud Metropolitano Occidente,Centro de Salud Familiar La Islita,Isla de Maipo,LACTANCIA MATERNA EXCLUSIVA
4872,9,10,110425,A0200001,13,13603,10,6,13,Servicio de Salud Metropolitano Occidente,Centro de Salud Familiar La Islita,Isla de Maipo,MENORES CONTROLADOS
4873,1,10,110425,A0200002,13,13603,5,5,4,Servicio de Salud Metropolitano Occidente,Centro de Salud Familiar La Islita,Isla de Maipo,LACTANCIA MATERNA EXCLUSIVA
4874,1,10,110425,A0200001,13,13603,10,9,7,Servicio de Salud Metropolitano Occidente,Centro de Salud Familiar La Islita,Isla de Maipo,MENORES CONTROLADOS
4875,5,10,110425,A0200002,13,13603,3,5,5,Servicio de Salud Metropolitano Occidente,Centro de Salud Familiar La Islita,Isla de Maipo,LACTANCIA MATERNA EXCLUSIVA
4876,5,10,110425,A0200001,13,13603,5,9,8,Servicio de Salud Metropolitano Occidente,Centro de Salud Familiar La Islita,Isla de Maipo,MENORES CONTROLADOS
4877,8,10,110425,A0200001,13,13603,7,5,6,Servicio de Salud Metropolitano Occidente,Centro de Salud Familiar La Islita,Isla de Maipo,MENORES CONTROLADOS
4878,8,10,110425,A0200002,13,13603,3,4,3,Servicio de Salud Metropolitano Occidente,Centro de Salud Familiar La Islita,Isla de Maipo,LACTANCIA MATERNA EXCLUSIVA
4879,4,10,110425,A0200002,13,13603,6,4,4,Servicio de Salud Metropolitano Occidente,Centro de Salud Familiar La Islita,Isla de Maipo,LACTANCIA MATERNA EXCLUSIVA
4880,4,10,110425,A0200001,13,13603,11,5,8,Servicio de Salud Metropolitano Occidente,Centro de Salud Familiar La Islita,Isla de Maipo,MENORES CONTROLADOS
4881,10,10,110425,A0200002,13,13603,7,3,5,Servicio de Salud Metropolitano Occidente,Centro de Salud Familiar La Islita,Isla de Maipo,LACTANCIA MATERNA EXCLUSIVA
4882,10,10,110425,A0200001,13,13603,9,7,8,Servicio de Salud Metropolitano Occidente,Centro de Salud Familiar La Islita,Isla de Maipo,MENORES CONTROLADOS
4883,2,10,110425,A0200001,13,13603,5,8,9,Servicio de Salud Metropolitano Occidente,Centro de Salud Familiar La Islita,Isla de Maipo,MENORES CONTROLADOS
4884,2,10,110425,A0200002,13,13603,3,6,3,Servicio de Salud Metropolitano Occidente,Centro de Salud Familiar La Islita,Isla de Maipo,LACTANCIA MATERNA EXCLUSIVA
4885,12,10,110425,A0200001,13,13603,8,8,7,Servicio de Salud Metropolitano Occidente,Centro de Salud Familiar La Islita,Isla de Maipo,MENORES CONTROLADOS
4886,12,10,110425,A0200002,13,13603,7,6,2,Servicio de Salud Metropolitano Occidente,Centro de Salud Familiar La Islita,Isla de Maipo,LACTANCIA MATERNA EXCLUSIVA
4887,4,10,110431,A0200001,13,13603,1,1,2,Servicio de Salud Metropolitano Occidente,Posta de Salud Rural Gacitúa,Isla de Maipo,MENORES CONTROLADOS
4888,2,10,200385,A0200001,13,13603,,,1,Servicio de Salud Metropolitano Occidente,Centro Comunitario de Salud Familiar San Vicente de Naltagua,Isla de Maipo,MENORES CONTROLADOS
4889,3,10,110431,A0200002,13,13603,,,2,Servicio de Salud Metropolitano Occidente,Posta de Salud Rural Gacitúa,Isla de Maipo,LACTANCIA MATERNA EXCLUSIVA
4890,5,10,110431,A0200002,13,13603,,1,,Servicio de Salud Metropolitano Occidente,Posta de Salud Rural Gacitúa,Isla de Maipo,LACTANCIA MATERNA EXCLUSIVA
4891,5,10,110431,A0200001,13,13603,,1,,Servicio de Salud Metropolitano Occidente,Posta de Salud Rural Gacitúa,Isla de Maipo,MENORES CONTROLADOS
4892,9,10,200385,A0200002,13,13603,,1,,Servicio de Salud Metropolitano Occidente,Centro Comunitario de Salud Familiar San Vicente de Naltagua,Isla de Maipo,LACTANCIA MATERNA EXCLUSIVA
4893,9,10,200385,A0200001,13,13603,,2,1,Servicio de Salud Metropolitano Occidente,Centro Comunitario de Salud Familiar San Vicente de Naltagua,Isla de Maipo,MENORES CONTROLADOS
4894,2,10,200385,A0200002,13,13603,1,,,Servicio de Salud Metropolitano Occidente,Centro Comunitario de Salud Familiar San Vicente de Naltagua,Isla de Maipo,LACTANCIA MATERNA EXCLUSIVA
4895,10,10,110431,A0200002,13,13603,,,1,Servicio de Salud Metropolitano Occidente,Posta de Salud Rural Gacitúa,Isla de Maipo,LACTANCIA MATERNA EXCLUSIVA
4896,10,10,110431,A0200001,13,13603,,,2,Servicio de Salud Metropolitano Occidente,Posta de Salud Rural Gacitúa,Isla de Maipo,MENORES CONTROLADOS
4897,9,10,110431,A0200001,13,13603,,,,Servicio de Salud Metropolitano Occidente,Posta de Salud Rural Gacitúa,Isla de Maipo,MENORES CONTROLADOS
4898,1,10,110431,A0200002,13,13603,,,1,Servicio de Salud Metropolitano Occidente,Posta de Salud Rural Gacitúa,Isla de Maipo,LACTANCIA MATERNA EXCLUSIVA
4899,1,10,110431,A0200001,13,13603,,,1,Servicio de Salud Metropolitano Occidente,Posta de Salud Rural Gacitúa,Isla de Maipo,MENORES CONTROLADOS
4900,5,10,200385,A0200002,13,13603,0,0,0,Servicio de Salud Metropolitano Occidente,Centro Comunitario de Salud Familiar San Vicente de Naltagua,Isla de Maipo,LACTANCIA MATERNA EXCLUSIVA
4901,5,10,200385,A0200001,13,13603,1,1,1,Servicio de Salud Metropolitano Occidente,Centro Comunitario de Salud Familiar San Vicente de Naltagua,Isla de Maipo,MENORES CONTROLADOS
4902,3,10,110431,A0200001,13,13603,,,2,Servicio de Salud Metropolitano Occidente,Posta de Salud Rural Gacitúa,Isla de Maipo,MENORES CONTROLADOS
4903,10,10,200385,A0200001,13,13603,1,,,Servicio de Salud Metropolitano Occidente,Centro Comunitario de Salud Familiar San Vicente de Naltagua,Isla de Maipo,MENORES CONTROLADOS
4904,6,10,200385,A0200002,13,13603,,,1,Servicio de Salud Metropolitano Occidente,Centro Comunitario de Salud Familiar San Vicente de Naltagua,Isla de Maipo,LACTANCIA MATERNA EXCLUSIVA
4905,6,10,200385,A0200001,13,13603,,,1,Servicio de Salud Metropolitano Occidente,Centro Comunitario de Salud Familiar San Vicente de Naltagua,Isla de Maipo,MENORES CONTROLADOS
4906,8,10,200385,A0200001,13,13603,,1,,Servicio de Salud Metropolitano Occidente,Centro Comunitario de Salud Familiar San Vicente de Naltagua,Isla de Maipo,MENORES CONTROLADOS
4907,4,10,110431,A0200002,13,13603,1,,2,Servicio de Salud Metropolitano Occidente,Posta de Salud Rural Gacitúa,Isla de Maipo,LACTANCIA MATERNA EXCLUSIVA
4908,11,10,110431,A0200001,13,13603,,,,Servicio de Salud Metropolitano Occidente,Posta de Salud Rural Gacitúa,Isla de Maipo,MENORES CONTROLADOS
4909,11,10,200385,A0200001,13,13603,,,1,Servicio de Salud Metropolitano Occidente,Centro Comunitario de Salud Familiar San Vicente de Naltagua,Isla de Maipo,MENORES CONTROLADOS
4910,7,10,110431,A0200001,13,13603,,,,Servicio de Salud Metropolitano Occidente,Posta de Salud Rural Gacitúa,Isla de Maipo,MENORES CONTROLADOS
4911,12,10,200385,A0200001,13,13603,,1,1,Servicio de Salud Metropolitano Occidente,Centro Comunitario de Salud Familiar San Vicente de Naltagua,Isla de Maipo,MENORES CONTROLADOS
4912,1,10,200385,A0200002,13,13603,3,1,3,Servicio de Salud Metropolitano Occidente,Centro Comunitario de Salud Familiar San Vicente de Naltagua,Isla de Maipo,LACTANCIA MATERNA EXCLUSIVA
4913,1,10,200385,A0200001,13,13603,3,1,3,Servicio de Salud Metropolitano Occidente,Centro Comunitario de Salud Familiar San Vicente de Naltagua,Isla de Maipo,MENORES CONTROLADOS
4914,4,10,200385,A0200002,13,13603,,1,1,Servicio de Salud Metropolitano Occidente,Centro Comunitario de Salud Familiar San Vicente de Naltagua,Isla de Maipo,LACTANCIA MATERNA EXCLUSIVA
4915,4,10,200385,A0200001,13,13603,,1,1,Servicio de Salud Metropolitano Occidente,Centro Comunitario de Salud Familiar San Vicente de Naltagua,Isla de Maipo,MENORES CONTROLADOS
4916,8,10,110431,A0200002,13,13603,,,1,Servicio de Salud Metropolitano Occidente,Posta de Salud Rural Gacitúa,Isla de Maipo,LACTANCIA MATERNA EXCLUSIVA
4917,12,10,110431,A0200002,13,13603,,,1,Servicio de Salud Metropolitano Occidente,Posta de Salud Rural Gacitúa,Isla de Maipo,LACTANCIA MATERNA EXCLUSIVA
4918,12,10,110431,A0200001,13,13603,0,0,1,Servicio de Salud Metropolitano Occidente,Posta de Salud Rural Gacitúa,Isla de Maipo,MENORES CONTROLADOS
4919,3,10,200385,A0200001,13,13603,,,,Servicio de Salud Metropolitano Occidente,Centro Comunitario de Salud Familiar San Vicente de Naltagua,Isla de Maipo,MENORES CONTROLADOS
4920,3,10,200385,A0200002,13,13603,,,,Servicio de Salud Metropolitano Occidente,Centro Comunitario de Salud Familiar San Vicente de Naltagua,Isla de Maipo,LACTANCIA MATERNA EXCLUSIVA
4921,7,10,200385,A0200001,13,13603,2,1,2,Servicio de Salud Metropolitano Occidente,Centro Comunitario de Salud Familiar San Vicente de Naltagua,Isla de Maipo,MENORES CONTROLADOS
4922,7,10,200385,A0200002,13,13603,1,,1,Servicio de Salud Metropolitano Occidente,Centro Comunitario de Salud Familiar San Vicente de Naltagua,Isla de Maipo,LACTANCIA MATERNA EXCLUSIVA
4923,6,10,110431,A0200002,13,13603,,,,Servicio de Salud Metropolitano Occidente,Posta de Salud Rural Gacitúa,Isla de Maipo,LACTANCIA MATERNA EXCLUSIVA
4924,6,10,110431,A0200001,13,13603,,2,,Servicio de Salud Metropolitano Occidente,Posta de Salud Rural Gacitúa,Isla de Maipo,MENORES CONTROLADOS
4925,2,10,110431,A0200002,13,13603,,,0,Servicio de Salud Metropolitano Occidente,Posta de Salud Rural Gacitúa,Isla de Maipo,LACTANCIA MATERNA EXCLUSIVA
4926,2,10,110431,A0200001,13,13603,,,0,Servicio de Salud Metropolitano Occidente,Posta de Salud Rural Gacitúa,Isla de Maipo,MENORES CONTROLADOS
4927,8,10,110431,A0200001,13,13603,,,2,Servicio de Salud Metropolitano Occidente,Posta de Salud Rural Gacitúa,Isla de Maipo,MENORES CONTROLADOS
4928,4,10,110366,A0200002,13,13604,4,2,26,Servicio de Salud Metropolitano Occidente,Centro de Salud Familiar Juan Pablo II ( Padre Hurtado),Padre Hurtado,LACTANCIA MATERNA EXCLUSIVA
4929,4,10,110366,A0200001,13,13604,4,2,59,Servicio de Salud Metropolitano Occidente,Centro de Salud Familiar Juan Pablo II ( Padre Hurtado),Padre Hurtado,MENORES CONTROLADOS
4930,10,10,110366,A0200002,13,13604,14,20,17,Servicio de Salud Metropolitano Occidente,Centro de Salud Familiar Juan Pablo II ( Padre Hurtado),Padre Hurtado,LACTANCIA MATERNA EXCLUSIVA
4931,10,10,110366,A0200001,13,13604,21,36,28,Servicio de Salud Metropolitano Occidente,Centro de Salud Familiar Juan Pablo II ( Padre Hurtado),Padre Hurtado,MENORES CONTROLADOS
4932,2,10,110366,A0200002,13,13604,8,9,12,Servicio de Salud Metropolitano Occidente,Centro de Salud Familiar Juan Pablo II ( Padre Hurtado),Padre Hurtado,LACTANCIA MATERNA EXCLUSIVA
4933,2,10,110366,A0200001,13,13604,14,16,18,Servicio de Salud Metropolitano Occidente,Centro de Salud Familiar Juan Pablo II ( Padre Hurtado),Padre Hurtado,MENORES CONTROLADOS
4934,12,10,110366,A0200002,13,13604,20,15,23,Servicio de Salud Metropolitano Occidente,Centro de Salud Familiar Juan Pablo II ( Padre Hurtado),Padre Hurtado,LACTANCIA MATERNA EXCLUSIVA
4935,12,10,110366,A0200001,13,13604,29,24,28,Servicio de Salud Metropolitano Occidente,Centro de Salud Familiar Juan Pablo II ( Padre Hurtado),Padre Hurtado,MENORES CONTROLADOS
4936,6,10,110366,A0200002,13,13604,14,13,9,Servicio de Salud Metropolitano Occidente,Centro de Salud Familiar Juan Pablo II ( Padre Hurtado),Padre Hurtado,LACTANCIA MATERNA EXCLUSIVA
4937,6,10,110366,A0200001,13,13604,29,27,15,Servicio de Salud Metropolitano Occidente,Centro de Salud Familiar Juan Pablo II ( Padre Hurtado),Padre Hurtado,MENORES CONTROLADOS
4938,7,10,110366,A0200001,13,13604,38,34,22,Servicio de Salud Metropolitano Occidente,Centro de Salud Familiar Juan Pablo II ( Padre Hurtado),Padre Hurtado,MENORES CONTROLADOS
4939,8,10,110366,A0200001,13,13604,34,25,23,Servicio de Salud Metropolitano Occidente,Centro de Salud Familiar Juan Pablo II ( Padre Hurtado),Padre Hurtado,MENORES CONTROLADOS
4940,8,10,110366,A0200002,13,13604,19,15,14,Servicio de Salud Metropolitano Occidente,Centro de Salud Familiar Juan Pablo II ( Padre Hurtado),Padre Hurtado,LACTANCIA MATERNA EXCLUSIVA
4941,7,10,110366,A0200002,13,13604,26,15,16,Servicio de Salud Metropolitano Occidente,Centro de Salud Familiar Juan Pablo II ( Padre Hurtado),Padre Hurtado,LACTANCIA MATERNA EXCLUSIVA
4942,1,10,110366,A0200001,13,13604,26,28,31,Servicio de Salud Metropolitano Occidente,Centro de Salud Familiar Juan Pablo II ( Padre Hurtado),Padre Hurtado,MENORES CONTROLADOS
4943,1,10,110366,A0200002,13,13604,21,18,20,Servicio de Salud Metropolitano Occidente,Centro de Salud Familiar Juan Pablo II ( Padre Hurtado),Padre Hurtado,LACTANCIA MATERNA EXCLUSIVA
4944,3,10,110366,A0200002,13,13604,24,10,19,Servicio de Salud Metropolitano Occidente,Centro de Salud Familiar Juan Pablo II ( Padre Hurtado),Padre Hurtado,LACTANCIA MATERNA EXCLUSIVA
4945,3,10,110366,A0200001,13,13604,33,20,27,Servicio de Salud Metropolitano Occidente,Centro de Salud Familiar Juan Pablo II ( Padre Hurtado),Padre Hurtado,MENORES CONTROLADOS
4946,9,10,110366,A0200002,13,13604,20,20,14,Servicio de Salud Metropolitano Occidente,Centro de Salud Familiar Juan Pablo II ( Padre Hurtado),Padre Hurtado,LACTANCIA MATERNA EXCLUSIVA
4947,9,10,110366,A0200001,13,13604,29,33,30,Servicio de Salud Metropolitano Occidente,Centro de Salud Familiar Juan Pablo II ( Padre Hurtado),Padre Hurtado,MENORES CONTROLADOS
4948,5,10,110366,A0200002,13,13604,21,19,23,Servicio de Salud Metropolitano Occidente,Centro de Salud Familiar Juan Pablo II ( Padre Hurtado),Padre Hurtado,LACTANCIA MATERNA EXCLUSIVA
4949,5,10,110366,A0200001,13,13604,29,28,30,Servicio de Salud Metropolitano Occidente,Centro de Salud Familiar Juan Pablo II ( Padre Hurtado),Padre Hurtado,MENORES CONTROLADOS
4950,11,10,110366,A0200002,13,13604,15,14,14,Servicio de Salud Metropolitano Occidente,Centro de Salud Familiar Juan Pablo II ( Padre Hurtado),Padre Hurtado,LACTANCIA MATERNA EXCLUSIVA
4951,11,10,110366,A0200001,13,13604,19,26,27,Servicio de Salud Metropolitano Occidente,Centro de Salud Familiar Juan Pablo II ( Padre Hurtado),Padre Hurtado,MENORES CONTROLADOS
4952,2,10,110308,A0200002,13,13605,8,5,9,Servicio de Salud Metropolitano Occidente,Centro de Salud Familiar Peñaflor,Peñaflor,LACTANCIA MATERNA EXCLUSIVA
4953,2,10,110308,A0200001,13,13605,16,3,15,Servicio de Salud Metropolitano Occidente,Centro de Salud Familiar Peñaflor,Peñaflor,MENORES CONTROLADOS
4954,9,10,110308,A0200002,13,13605,9,3,7,Servicio de Salud Metropolitano Occidente,Centro de Salud Familiar Peñaflor,Peñaflor,LACTANCIA MATERNA EXCLUSIVA
4955,9,10,110308,A0200001,13,13605,11,4,11,Servicio de Salud Metropolitano Occidente,Centro de Salud Familiar Peñaflor,Peñaflor,MENORES CONTROLADOS
4956,3,10,110308,A0200002,13,13605,9,3,12,Servicio de Salud Metropolitano Occidente,Centro de Salud Familiar Peñaflor,Peñaflor,LACTANCIA MATERNA EXCLUSIVA
4957,3,10,110308,A0200001,13,13605,14,6,18,Servicio de Salud Metropolitano Occidente,Centro de Salud Familiar Peñaflor,Peñaflor,MENORES CONTROLADOS
4958,5,10,110308,A0200002,13,13605,9,9,7,Servicio de Salud Metropolitano Occidente,Centro de Salud Familiar Peñaflor,Peñaflor,LACTANCIA MATERNA EXCLUSIVA
4959,5,10,110308,A0200001,13,13605,12,11,11,Servicio de Salud Metropolitano Occidente,Centro de Salud Familiar Peñaflor,Peñaflor,MENORES CONTROLADOS
4960,1,10,110308,A0200001,13,13605,14,13,22,Servicio de Salud Metropolitano Occidente,Centro de Salud Familiar Peñaflor,Peñaflor,MENORES CONTROLADOS
4961,10,10,110308,A0200001,13,13605,23,11,19,Servicio de Salud Metropolitano Occidente,Centro de Salud Familiar Peñaflor,Peñaflor,MENORES CONTROLADOS
4962,10,10,110308,A0200002,13,13605,13,9,12,Servicio de Salud Metropolitano Occidente,Centro de Salud Familiar Peñaflor,Peñaflor,LACTANCIA MATERNA EXCLUSIVA
4963,11,10,110308,A0200002,13,13605,15,,,Servicio de Salud Metropolitano Occidente,Centro de Salud Familiar Peñaflor,Peñaflor,LACTANCIA MATERNA EXCLUSIVA
4964,11,10,110308,A0200001,13,13605,22,,,Servicio de Salud Metropolitano Occidente,Centro de Salud Familiar Peñaflor,Peñaflor,MENORES CONTROLADOS
4965,7,10,110308,A0200002,13,13605,7,6,13,Servicio de Salud Metropolitano Occidente,Centro de Salud Familiar Peñaflor,Peñaflor,LACTANCIA MATERNA EXCLUSIVA
4966,7,10,110308,A0200001,13,13605,17,8,20,Servicio de Salud Metropolitano Occidente,Centro de Salud Familiar Peñaflor,Peñaflor,MENORES CONTROLADOS
4967,1,10,110308,A0200002,13,13605,9,8,15,Servicio de Salud Metropolitano Occidente,Centro de Salud Familiar Peñaflor,Peñaflor,LACTANCIA MATERNA EXCLUSIVA
4968,4,10,110308,A0200002,13,13605,17,9,16,Servicio de Salud Metropolitano Occidente,Centro de Salud Familiar Peñaflor,Peñaflor,LACTANCIA MATERNA EXCLUSIVA
4969,4,10,110308,A0200001,13,13605,23,12,24,Servicio de Salud Metropolitano Occidente,Centro de Salud Familiar Peñaflor,Peñaflor,MENORES CONTROLADOS
4970,12,10,110308,A0200002,13,13605,12,11,4,Servicio de Salud Metropolitano Occidente,Centro de Salud Familiar Peñaflor,Peñaflor,LACTANCIA MATERNA EXCLUSIVA
4971,12,10,110308,A0200001,13,13605,15,19,6,Servicio de Salud Metropolitano Occidente,Centro de Salud Familiar Peñaflor,Peñaflor,MENORES CONTROLADOS
4972,8,10,110308,A0200002,13,13605,12,4,10,Servicio de Salud Metropolitano Occidente,Centro de Salud Familiar Peñaflor,Peñaflor,LACTANCIA MATERNA EXCLUSIVA
4973,8,10,110308,A0200001,13,13605,13,4,16,Servicio de Salud Metropolitano Occidente,Centro de Salud Familiar Peñaflor,Peñaflor,MENORES CONTROLADOS
4974,6,10,110308,A0200002,13,13605,13,1,5,Servicio de Salud Metropolitano Occidente,Centro de Salud Familiar Peñaflor,Peñaflor,LACTANCIA MATERNA EXCLUSIVA
4975,6,10,110308,A0200001,13,13605,19,2,6,Servicio de Salud Metropolitano Occidente,Centro de Salud Familiar Peñaflor,Peñaflor,MENORES CONTROLADOS
4976,4,10,110369,A0200002,13,13605,10,15,5,Servicio de Salud Metropolitano Occidente,Centro de Salud Familiar Dr. Fernando Monckeberg,Peñaflor,LACTANCIA MATERNA EXCLUSIVA
4977,5,10,110369,A0200002,13,13605,13,13,14,Servicio de Salud Metropolitano Occidente,Centro de Salud Familiar Dr. Fernando Monckeberg,Peñaflor,LACTANCIA MATERNA EXCLUSIVA
4978,5,10,110369,A0200001,13,13605,17,19,27,Servicio de Salud Metropolitano Occidente,Centro de Salud Familiar Dr. Fernando Monckeberg,Peñaflor,MENORES CONTROLADOS
4979,4,10,110369,A0200001,13,13605,11,17,22,Servicio de Salud Metropolitano Occidente,Centro de Salud Familiar Dr. Fernando Monckeberg,Peñaflor,MENORES CONTROLADOS
4980,7,10,110369,A0200002,13,13605,13,8,13,Servicio de Salud Metropolitano Occidente,Centro de Salud Familiar Dr. Fernando Monckeberg,Peñaflor,LACTANCIA MATERNA EXCLUSIVA
4981,7,10,110369,A0200001,13,13605,17,14,22,Servicio de Salud Metropolitano Occidente,Centro de Salud Familiar Dr. Fernando Monckeberg,Peñaflor,MENORES CONTROLADOS
4982,3,10,110369,A0200002,13,13605,13,18,9,Servicio de Salud Metropolitano Occidente,Centro de Salud Familiar Dr. Fernando Monckeberg,Peñaflor,LACTANCIA MATERNA EXCLUSIVA
4983,3,10,110369,A0200001,13,13605,19,25,15,Servicio de Salud Metropolitano Occidente,Centro de Salud Familiar Dr. Fernando Monckeberg,Peñaflor,MENORES CONTROLADOS
4984,2,10,110369,A0200002,13,13605,15,10,5,Servicio de Salud Metropolitano Occidente,Centro de Salud Familiar Dr. Fernando Monckeberg,Peñaflor,LACTANCIA MATERNA EXCLUSIVA
4985,2,10,110369,A0200001,13,13605,18,16,10,Servicio de Salud Metropolitano Occidente,Centro de Salud Familiar Dr. Fernando Monckeberg,Peñaflor,MENORES CONTROLADOS
4986,6,10,110369,A0200002,13,13605,13,12,14,Servicio de Salud Metropolitano Occidente,Centro de Salud Familiar Dr. Fernando Monckeberg,Peñaflor,LACTANCIA MATERNA EXCLUSIVA
4987,6,10,110369,A0200001,13,13605,19,16,21,Servicio de Salud Metropolitano Occidente,Centro de Salud Familiar Dr. Fernando Monckeberg,Peñaflor,MENORES CONTROLADOS
4988,8,10,110369,A0200002,13,13605,14,17,17,Servicio de Salud Metropolitano Occidente,Centro de Salud Familiar Dr. Fernando Monckeberg,Peñaflor,LACTANCIA MATERNA EXCLUSIVA
4989,8,10,110369,A0200001,13,13605,19,24,25,Servicio de Salud Metropolitano Occidente,Centro de Salud Familiar Dr. Fernando Monckeberg,Peñaflor,MENORES CONTROLADOS
4990,11,10,110369,A0200001,13,13605,20,18,27,Servicio de Salud Metropolitano Occidente,Centro de Salud Familiar Dr. Fernando Monckeberg,Peñaflor,MENORES CONTROLADOS
4991,11,10,110369,A0200002,13,13605,15,11,18,Servicio de Salud Metropolitano Occidente,Centro de Salud Familiar Dr. Fernando Monckeberg,Peñaflor,LACTANCIA MATERNA EXCLUSIVA
4992,12,10,110369,A0200002,13,13605,14,10,14,Servicio de Salud Metropolitano Occidente,Centro de Salud Familiar Dr. Fernando Monckeberg,Peñaflor,LACTANCIA MATERNA EXCLUSIVA
4993,12,10,110369,A0200001,13,13605,19,13,19,Servicio de Salud Metropolitano Occidente,Centro de Salud Familiar Dr. Fernando Monckeberg,Peñaflor,MENORES CONTROLADOS
4994,9,10,110369,A0200002,13,13605,8,16,10,Servicio de Salud Metropolitano Occidente,Centro de Salud Familiar Dr. Fernando Monckeberg,Peñaflor,LACTANCIA MATERNA EXCLUSIVA
4995,9,10,110369,A0200001,13,13605,13,19,17,Servicio de Salud Metropolitano Occidente,Centro de Salud Familiar Dr. Fernando Monckeberg,Peñaflor,MENORES CONTROLADOS
4996,10,10,110369,A0200002,13,13605,12,12,11,Servicio de Salud Metropolitano Occidente,Centro de Salud Familiar Dr. Fernando Monckeberg,Peñaflor,LACTANCIA MATERNA EXCLUSIVA
4997,10,10,110369,A0200001,13,13605,18,15,25,Servicio de Salud Metropolitano Occidente,Centro de Salud Familiar Dr. Fernando Monckeberg,Peñaflor,MENORES CONTROLADOS
4998,1,10,110369,A0200001,13,13605,23,14,29,Servicio de Salud Metropolitano Occidente,Centro de Salud Familiar Dr. Fernando Monckeberg,Peñaflor,MENORES CONTROLADOS
4999,1,10,110369,A0200002,13,13605,15,9,14,Servicio de Salud Metropolitano Occidente,Centro de Salud Familiar Dr. Fernando Monckeberg,Peñaflor,LACTANCIA MATERNA EXCLUSIVA
5000,9,9,109314,A0200002,13,13104,12,7,3,Servicio de Salud Metropolitano Norte,Centro de Salud Familiar Juanita Aguirre,Conchalí,LACTANCIA MATERNA EXCLUSIVA
5001,10,13,113312,A0200001,13,13105,10,6,9,Servicio de Salud Metropolitano Sur,Centro de Salud Familiar Dr. Carlos Lorca Tobar,El Bosque,MENORES CONTROLADOS
5002,3,13,113394,A0200001,13,13401,12,13,30,Servicio de Salud Metropolitano Sur,Centro de Salud Familiar El Manzano,San Bernardo,MENORES CONTROLADOS
5003,3,13,113394,A0200002,13,13401,9,6,13,Servicio de Salud Metropolitano Sur,Centro de Salud Familiar El Manzano,San Bernardo,LACTANCIA MATERNA EXCLUSIVA
5004,4,13,113394,A0200002,13,13401,8,6,8,Servicio de Salud Metropolitano Sur,Centro de Salud Familiar El Manzano,San Bernardo,LACTANCIA MATERNA EXCLUSIVA
5005,4,13,113394,A0200001,13,13401,12,14,15,Servicio de Salud Metropolitano Sur,Centro de Salud Familiar El Manzano,San Bernardo,MENORES CONTROLADOS
5006,7,13,113394,A0200002,13,13401,16,12,18,Servicio de Salud Metropolitano Sur,Centro de Salud Familiar El Manzano,San Bernardo,LACTANCIA MATERNA EXCLUSIVA
5007,7,13,113394,A0200001,13,13401,23,23,31,Servicio de Salud Metropolitano Sur,Centro de Salud Familiar El Manzano,San Bernardo,MENORES CONTROLADOS
5008,9,13,113394,A0200002,13,13401,12,6,16,Servicio de Salud Metropolitano Sur,Centro de Salud Familiar El Manzano,San Bernardo,LACTANCIA MATERNA EXCLUSIVA
5009,9,13,113394,A0200001,13,13401,20,11,32,Servicio de Salud Metropolitano Sur,Centro de Salud Familiar El Manzano,San Bernardo,MENORES CONTROLADOS
5010,1,13,113716,A0200002,13,13401,3,1,1,Servicio de Salud Metropolitano Sur,Centro Comunitario de Salud Familiar Rapa Nui,San Bernardo,LACTANCIA MATERNA EXCLUSIVA
5011,4,13,113716,A0200001,13,13401,4,3,5,Servicio de Salud Metropolitano Sur,Centro Comunitario de Salud Familiar Rapa Nui,San Bernardo,MENORES CONTROLADOS
5012,1,13,113716,A0200001,13,13401,8,1,3,Servicio de Salud Metropolitano Sur,Centro Comunitario de Salud Familiar Rapa Nui,San Bernardo,MENORES CONTROLADOS
5013,6,13,113716,A0200002,13,13401,1,2,6,Servicio de Salud Metropolitano Sur,Centro Comunitario de Salud Familiar Rapa Nui,San Bernardo,LACTANCIA MATERNA EXCLUSIVA
5014,6,13,113716,A0200001,13,13401,3,3,8,Servicio de Salud Metropolitano Sur,Centro Comunitario de Salud Familiar Rapa Nui,San Bernardo,MENORES CONTROLADOS
5015,4,13,113716,A0200002,13,13401,2,3,4,Servicio de Salud Metropolitano Sur,Centro Comunitario de Salud Familiar Rapa Nui,San Bernardo,LACTANCIA MATERNA EXCLUSIVA
5016,2,13,113716,A0200002,13,13401,1,3,2,Servicio de Salud Metropolitano Sur,Centro Comunitario de Salud Familiar Rapa Nui,San Bernardo,LACTANCIA MATERNA EXCLUSIVA
5017,2,13,113716,A0200001,13,13401,2,3,2,Servicio de Salud Metropolitano Sur,Centro Comunitario de Salud Familiar Rapa Nui,San Bernardo,MENORES CONTROLADOS
5018,2,13,113394,A0200002,13,13401,6,11,10,Servicio de Salud Metropolitano Sur,Centro de Salud Familiar El Manzano,San Bernardo,LACTANCIA MATERNA EXCLUSIVA
5019,2,13,113394,A0200001,13,13401,12,18,17,Servicio de Salud Metropolitano Sur,Centro de Salud Familiar El Manzano,San Bernardo,MENORES CONTROLADOS
5020,12,13,113716,A0200001,13,13401,,,3,Servicio de Salud Metropolitano Sur,Centro Comunitario de Salud Familiar Rapa Nui,San Bernardo,MENORES CONTROLADOS
5021,12,13,113716,A0200002,13,13401,,,2,Servicio de Salud Metropolitano Sur,Centro Comunitario de Salud Familiar Rapa Nui,San Bernardo,LACTANCIA MATERNA EXCLUSIVA
5022,5,13,113716,A0200002,13,13401,1,1,4,Servicio de Salud Metropolitano Sur,Centro Comunitario de Salud Familiar Rapa Nui,San Bernardo,LACTANCIA MATERNA EXCLUSIVA
5023,5,13,113716,A0200001,13,13401,2,1,6,Servicio de Salud Metropolitano Sur,Centro Comunitario de Salud Familiar Rapa Nui,San Bernardo,MENORES CONTROLADOS
5024,5,13,113394,A0200002,13,13401,12,9,15,Servicio de Salud Metropolitano Sur,Centro de Salud Familiar El Manzano,San Bernardo,LACTANCIA MATERNA EXCLUSIVA
5025,5,13,113394,A0200001,13,13401,19,13,21,Servicio de Salud Metropolitano Sur,Centro de Salud Familiar El Manzano,San Bernardo,MENORES CONTROLADOS
5026,11,13,113716,A0200002,13,13401,,1,2,Servicio de Salud Metropolitano Sur,Centro Comunitario de Salud Familiar Rapa Nui,San Bernardo,LACTANCIA MATERNA EXCLUSIVA
5027,11,13,113716,A0200001,13,13401,3,1,5,Servicio de Salud Metropolitano Sur,Centro Comunitario de Salud Familiar Rapa Nui,San Bernardo,MENORES CONTROLADOS
5028,10,13,113394,A0200002,13,13401,4,4,29,Servicio de Salud Metropolitano Sur,Centro de Salud Familiar El Manzano,San Bernardo,LACTANCIA MATERNA EXCLUSIVA
5029,10,13,113394,A0200001,13,13401,7,7,44,Servicio de Salud Metropolitano Sur,Centro de Salud Familiar El Manzano,San Bernardo,MENORES CONTROLADOS
5030,6,13,113394,A0200002,13,13401,8,11,21,Servicio de Salud Metropolitano Sur,Centro de Salud Familiar El Manzano,San Bernardo,LACTANCIA MATERNA EXCLUSIVA
5031,6,13,113394,A0200001,13,13401,13,12,34,Servicio de Salud Metropolitano Sur,Centro de Salud Familiar El Manzano,San Bernardo,MENORES CONTROLADOS
5032,1,13,113394,A0200001,13,13401,17,10,37,Servicio de Salud Metropolitano Sur,Centro de Salud Familiar El Manzano,San Bernardo,MENORES CONTROLADOS
5033,1,13,113394,A0200002,13,13401,12,8,18,Servicio de Salud Metropolitano Sur,Centro de Salud Familiar El Manzano,San Bernardo,LACTANCIA MATERNA EXCLUSIVA
5034,12,13,113394,A0200002,13,13401,12,12,11,Servicio de Salud Metropolitano Sur,Centro de Salud Familiar El Manzano,San Bernardo,LACTANCIA MATERNA EXCLUSIVA
5035,12,13,113394,A0200001,13,13401,14,18,28,Servicio de Salud Metropolitano Sur,Centro de Salud Familiar El Manzano,San Bernardo,MENORES CONTROLADOS
5036,11,13,113394,A0200002,13,13401,5,10,17,Servicio de Salud Metropolitano Sur,Centro de Salud Familiar El Manzano,San Bernardo,LACTANCIA MATERNA EXCLUSIVA
5037,11,13,113394,A0200001,13,13401,9,24,36,Servicio de Salud Metropolitano Sur,Centro de Salud Familiar El Manzano,San Bernardo,MENORES CONTROLADOS
5038,3,13,113716,A0200002,13,13401,0,4,3,Servicio de Salud Metropolitano Sur,Centro Comunitario de Salud Familiar Rapa Nui,San Bernardo,LACTANCIA MATERNA EXCLUSIVA
5039,3,13,113716,A0200001,13,13401,0,6,6,Servicio de Salud Metropolitano Sur,Centro Comunitario de Salud Familiar Rapa Nui,San Bernardo,MENORES CONTROLADOS
5040,9,13,113716,A0200002,13,13401,,,5,Servicio de Salud Metropolitano Sur,Centro Comunitario de Salud Familiar Rapa Nui,San Bernardo,LACTANCIA MATERNA EXCLUSIVA
5041,9,13,113716,A0200001,13,13401,,1,8,Servicio de Salud Metropolitano Sur,Centro Comunitario de Salud Familiar Rapa Nui,San Bernardo,MENORES CONTROLADOS
5042,7,13,113716,A0200002,13,13401,0,1,5,Servicio de Salud Metropolitano Sur,Centro Comunitario de Salud Familiar Rapa Nui,San Bernardo,LACTANCIA MATERNA EXCLUSIVA
5043,7,13,113716,A0200001,13,13401,0,1,6,Servicio de Salud Metropolitano Sur,Centro Comunitario de Salud Familiar Rapa Nui,San Bernardo,MENORES CONTROLADOS
5044,8,13,113394,A0200001,13,13401,13,13,28,Servicio de Salud Metropolitano Sur,Centro de Salud Familiar El Manzano,San Bernardo,MENORES CONTROLADOS
5045,8,13,113394,A0200002,13,13401,7,7,16,Servicio de Salud Metropolitano Sur,Centro de Salud Familiar El Manzano,San Bernardo,LACTANCIA MATERNA EXCLUSIVA
5046,2,13,113713,A0200002,13,13401,,1,,Servicio de Salud Metropolitano Sur,Centro Comunitario de Salud Familiar Ribera del Maipo,San Bernardo,LACTANCIA MATERNA EXCLUSIVA
5047,2,13,113713,A0200001,13,13401,2,2,,Servicio de Salud Metropolitano Sur,Centro Comunitario de Salud Familiar Ribera del Maipo,San Bernardo,MENORES CONTROLADOS
5048,4,13,113315,A0200001,13,13401,8,12,10,Servicio de Salud Metropolitano Sur,Centro de Salud Familiar Confraternidad,San Bernardo,MENORES CONTROLADOS
5049,4,13,113315,A0200002,13,13401,3,8,4,Servicio de Salud Metropolitano Sur,Centro de Salud Familiar Confraternidad,San Bernardo,LACTANCIA MATERNA EXCLUSIVA
5050,2,13,113315,A0200002,13,13401,9,9,1,Servicio de Salud Metropolitano Sur,Centro de Salud Familiar Confraternidad,San Bernardo,LACTANCIA MATERNA EXCLUSIVA
5051,2,13,113315,A0200001,13,13401,15,15,5,Servicio de Salud Metropolitano Sur,Centro de Salud Familiar Confraternidad,San Bernardo,MENORES CONTROLADOS
5052,6,13,113315,A0200002,13,13401,5,4,5,Servicio de Salud Metropolitano Sur,Centro de Salud Familiar Confraternidad,San Bernardo,LACTANCIA MATERNA EXCLUSIVA
5053,6,13,113315,A0200001,13,13401,7,10,8,Servicio de Salud Metropolitano Sur,Centro de Salud Familiar Confraternidad,San Bernardo,MENORES CONTROLADOS
5054,1,13,113315,A0200002,13,13401,7,10,9,Servicio de Salud Metropolitano Sur,Centro de Salud Familiar Confraternidad,San Bernardo,LACTANCIA MATERNA EXCLUSIVA
5055,1,13,113315,A0200001,13,13401,13,16,13,Servicio de Salud Metropolitano Sur,Centro de Salud Familiar Confraternidad,San Bernardo,MENORES CONTROLADOS
5056,5,13,113315,A0200002,13,13401,9,4,5,Servicio de Salud Metropolitano Sur,Centro de Salud Familiar Confraternidad,San Bernardo,LACTANCIA MATERNA EXCLUSIVA
5057,5,13,113315,A0200001,13,13401,16,15,10,Servicio de Salud Metropolitano Sur,Centro de Salud Familiar Confraternidad,San Bernardo,MENORES CONTROLADOS
5058,3,13,113315,A0200002,13,13401,4,4,4,Servicio de Salud Metropolitano Sur,Centro de Salud Familiar Confraternidad,San Bernardo,LACTANCIA MATERNA EXCLUSIVA
5059,3,13,113315,A0200001,13,13401,10,10,9,Servicio de Salud Metropolitano Sur,Centro de Salud Familiar Confraternidad,San Bernardo,MENORES CONTROLADOS
5060,12,13,113713,A0200002,13,13401,,,1,Servicio de Salud Metropolitano Sur,Centro Comunitario de Salud Familiar Ribera del Maipo,San Bernardo,LACTANCIA MATERNA EXCLUSIVA
5061,12,13,113713,A0200001,13,13401,,1,2,Servicio de Salud Metropolitano Sur,Centro Comunitario de Salud Familiar Ribera del Maipo,San Bernardo,MENORES CONTROLADOS
5062,6,13,113713,A0200002,13,13401,3,4,4,Servicio de Salud Metropolitano Sur,Centro Comunitario de Salud Familiar Ribera del Maipo,San Bernardo,LACTANCIA MATERNA EXCLUSIVA
5063,6,13,113713,A0200001,13,13401,3,4,4,Servicio de Salud Metropolitano Sur,Centro Comunitario de Salud Familiar Ribera del Maipo,San Bernardo,MENORES CONTROLADOS
5064,3,13,113713,A0200002,13,13401,1,3,,Servicio de Salud Metropolitano Sur,Centro Comunitario de Salud Familiar Ribera del Maipo,San Bernardo,LACTANCIA MATERNA EXCLUSIVA
5065,3,13,113713,A0200001,13,13401,1,4,,Servicio de Salud Metropolitano Sur,Centro Comunitario de Salud Familiar Ribera del Maipo,San Bernardo,MENORES CONTROLADOS
5066,7,13,113713,A0200002,13,13401,,,4,Servicio de Salud Metropolitano Sur,Centro Comunitario de Salud Familiar Ribera del Maipo,San Bernardo,LACTANCIA MATERNA EXCLUSIVA
5067,7,13,113713,A0200001,13,13401,,,5,Servicio de Salud Metropolitano Sur,Centro Comunitario de Salud Familiar Ribera del Maipo,San Bernardo,MENORES CONTROLADOS
5068,10,13,113713,A0200002,13,13401,,2,7,Servicio de Salud Metropolitano Sur,Centro Comunitario de Salud Familiar Ribera del Maipo,San Bernardo,LACTANCIA MATERNA EXCLUSIVA
5069,10,13,113713,A0200001,13,13401,1,2,9,Servicio de Salud Metropolitano Sur,Centro Comunitario de Salud Familiar Ribera del Maipo,San Bernardo,MENORES CONTROLADOS
5070,8,13,113713,A0200001,13,13401,1,1,4,Servicio de Salud Metropolitano Sur,Centro Comunitario de Salud Familiar Ribera del Maipo,San Bernardo,MENORES CONTROLADOS
5071,8,13,113713,A0200002,13,13401,1,1,4,Servicio de Salud Metropolitano Sur,Centro Comunitario de Salud Familiar Ribera del Maipo,San Bernardo,LACTANCIA MATERNA EXCLUSIVA
5072,4,13,113713,A0200002,13,13401,3,3,,Servicio de Salud Metropolitano Sur,Centro Comunitario de Salud Familiar Ribera del Maipo,San Bernardo,LACTANCIA MATERNA EXCLUSIVA
5073,4,13,113713,A0200001,13,13401,3,4,1,Servicio de Salud Metropolitano Sur,Centro Comunitario de Salud Familiar Ribera del Maipo,San Bernardo,MENORES CONTROLADOS
5074,1,13,113728,A0200001,13,13401,7,7,3,Servicio de Salud Metropolitano Sur,Centro Comunitario de Salud Familiar Lo Herrera,San Bernardo,MENORES CONTROLADOS
5075,1,13,113728,A0200002,13,13401,5,2,3,Servicio de Salud Metropolitano Sur,Centro Comunitario de Salud Familiar Lo Herrera,San Bernardo,LACTANCIA MATERNA EXCLUSIVA
5076,9,13,113713,A0200002,13,13401,2,2,,Servicio de Salud Metropolitano Sur,Centro Comunitario de Salud Familiar Ribera del Maipo,San Bernardo,LACTANCIA MATERNA EXCLUSIVA
5077,9,13,113713,A0200001,13,13401,3,2,,Servicio de Salud Metropolitano Sur,Centro Comunitario de Salud Familiar Ribera del Maipo,San Bernardo,MENORES CONTROLADOS
5078,11,13,113713,A0200002,13,13401,4,1,1,Servicio de Salud Metropolitano Sur,Centro Comunitario de Salud Familiar Ribera del Maipo,San Bernardo,LACTANCIA MATERNA EXCLUSIVA
5079,11,13,113713,A0200001,13,13401,6,1,1,Servicio de Salud Metropolitano Sur,Centro Comunitario de Salud Familiar Ribera del Maipo,San Bernardo,MENORES CONTROLADOS
5080,5,13,113713,A0200001,13,13401,2,1,5,Servicio de Salud Metropolitano Sur,Centro Comunitario de Salud Familiar Ribera del Maipo,San Bernardo,MENORES CONTROLADOS
5081,5,13,113713,A0200002,13,13401,2,,2,Servicio de Salud Metropolitano Sur,Centro Comunitario de Salud Familiar Ribera del Maipo,San Bernardo,LACTANCIA MATERNA EXCLUSIVA
5082,6,13,113728,A0200002,13,13401,4,2,2,Servicio de Salud Metropolitano Sur,Centro Comunitario de Salud Familiar Lo Herrera,San Bernardo,LACTANCIA MATERNA EXCLUSIVA
5083,6,13,113728,A0200001,13,13401,5,3,6,Servicio de Salud Metropolitano Sur,Centro Comunitario de Salud Familiar Lo Herrera,San Bernardo,MENORES CONTROLADOS
5084,3,13,113728,A0200001,13,13401,4,3,5,Servicio de Salud Metropolitano Sur,Centro Comunitario de Salud Familiar Lo Herrera,San Bernardo,MENORES CONTROLADOS
5085,8,13,113728,A0200002,13,13401,3,3,1,Servicio de Salud Metropolitano Sur,Centro Comunitario de Salud Familiar Lo Herrera,San Bernardo,LACTANCIA MATERNA EXCLUSIVA
5086,8,13,113728,A0200001,13,13401,3,7,2,Servicio de Salud Metropolitano Sur,Centro Comunitario de Salud Familiar Lo Herrera,San Bernardo,MENORES CONTROLADOS
5087,2,13,113728,A0200002,13,13401,2,3,2,Servicio de Salud Metropolitano Sur,Centro Comunitario de Salud Familiar Lo Herrera,San Bernardo,LACTANCIA MATERNA EXCLUSIVA
5088,2,13,113728,A0200001,13,13401,3,5,2,Servicio de Salud Metropolitano Sur,Centro Comunitario de Salud Familiar Lo Herrera,San Bernardo,MENORES CONTROLADOS
5089,9,13,113728,A0200002,13,13401,2,,3,Servicio de Salud Metropolitano Sur,Centro Comunitario de Salud Familiar Lo Herrera,San Bernardo,LACTANCIA MATERNA EXCLUSIVA
5090,9,13,113728,A0200001,13,13401,3,2,5,Servicio de Salud Metropolitano Sur,Centro Comunitario de Salud Familiar Lo Herrera,San Bernardo,MENORES CONTROLADOS
5091,4,13,113728,A0200002,13,13401,3,2,2,Servicio de Salud Metropolitano Sur,Centro Comunitario de Salud Familiar Lo Herrera,San Bernardo,LACTANCIA MATERNA EXCLUSIVA
5092,4,13,113728,A0200001,13,13401,4,5,6,Servicio de Salud Metropolitano Sur,Centro Comunitario de Salud Familiar Lo Herrera,San Bernardo,MENORES CONTROLADOS
5093,10,13,113728,A0200002,13,13401,2,2,3,Servicio de Salud Metropolitano Sur,Centro Comunitario de Salud Familiar Lo Herrera,San Bernardo,LACTANCIA MATERNA EXCLUSIVA
5094,10,13,113728,A0200001,13,13401,2,4,5,Servicio de Salud Metropolitano Sur,Centro Comunitario de Salud Familiar Lo Herrera,San Bernardo,MENORES CONTROLADOS
5095,3,13,113728,A0200002,13,13401,2,2,3,Servicio de Salud Metropolitano Sur,Centro Comunitario de Salud Familiar Lo Herrera,San Bernardo,LACTANCIA MATERNA EXCLUSIVA
5096,11,13,113728,A0200002,13,13401,9,2,2,Servicio de Salud Metropolitano Sur,Centro Comunitario de Salud Familiar Lo Herrera,San Bernardo,LACTANCIA MATERNA EXCLUSIVA
5097,11,13,113728,A0200001,13,13401,11,4,6,Servicio de Salud Metropolitano Sur,Centro Comunitario de Salud Familiar Lo Herrera,San Bernardo,MENORES CONTROLADOS
5098,8,13,113315,A0200001,13,13401,8,9,7,Servicio de Salud Metropolitano Sur,Centro de Salud Familiar Confraternidad,San Bernardo,MENORES CONTROLADOS
5099,8,13,113315,A0200002,13,13401,7,4,2,Servicio de Salud Metropolitano Sur,Centro de Salud Familiar Confraternidad,San Bernardo,LACTANCIA MATERNA EXCLUSIVA
5100,1,13,113713,A0200002,13,13401,3,3,3,Servicio de Salud Metropolitano Sur,Centro Comunitario de Salud Familiar Ribera del Maipo,San Bernardo,LACTANCIA MATERNA EXCLUSIVA
5101,1,13,113713,A0200001,13,13401,3,3,4,Servicio de Salud Metropolitano Sur,Centro Comunitario de Salud Familiar Ribera del Maipo,San Bernardo,MENORES CONTROLADOS
5102,12,13,113728,A0200001,13,13401,1,11,4,Servicio de Salud Metropolitano Sur,Centro Comunitario de Salud Familiar Lo Herrera,San Bernardo,MENORES CONTROLADOS
5103,12,13,113728,A0200002,13,13401,1,4,1,Servicio de Salud Metropolitano Sur,Centro Comunitario de Salud Familiar Lo Herrera,San Bernardo,LACTANCIA MATERNA EXCLUSIVA
5104,5,13,113728,A0200002,13,13401,3,2,1,Servicio de Salud Metropolitano Sur,Centro Comunitario de Salud Familiar Lo Herrera,San Bernardo,LACTANCIA MATERNA EXCLUSIVA
5105,11,13,113315,A0200002,13,13401,6,4,2,Servicio de Salud Metropolitano Sur,Centro de Salud Familiar Confraternidad,San Bernardo,LACTANCIA MATERNA EXCLUSIVA
5106,11,13,113315,A0200001,13,13401,12,9,5,Servicio de Salud Metropolitano Sur,Centro de Salud Familiar Confraternidad,San Bernardo,MENORES CONTROLADOS
5107,7,13,113728,A0200002,13,13401,3,3,4,Servicio de Salud Metropolitano Sur,Centro Comunitario de Salud Familiar Lo Herrera,San Bernardo,LACTANCIA MATERNA EXCLUSIVA
5108,7,13,113728,A0200001,13,13401,6,6,6,Servicio de Salud Metropolitano Sur,Centro Comunitario de Salud Familiar Lo Herrera,San Bernardo,MENORES CONTROLADOS
5109,12,13,113315,A0200001,13,13401,9,16,9,Servicio de Salud Metropolitano Sur,Centro de Salud Familiar Confraternidad,San Bernardo,MENORES CONTROLADOS
5110,9,13,113315,A0200002,13,13401,3,9,3,Servicio de Salud Metropolitano Sur,Centro de Salud Familiar Confraternidad,San Bernardo,LACTANCIA MATERNA EXCLUSIVA
5111,9,13,113315,A0200001,13,13401,7,12,8,Servicio de Salud Metropolitano Sur,Centro de Salud Familiar Confraternidad,San Bernardo,MENORES CONTROLADOS
5112,10,13,113315,A0200002,13,13401,9,6,4,Servicio de Salud Metropolitano Sur,Centro de Salud Familiar Confraternidad,San Bernardo,LACTANCIA MATERNA EXCLUSIVA
5113,10,13,113315,A0200001,13,13401,17,7,7,Servicio de Salud Metropolitano Sur,Centro de Salud Familiar Confraternidad,San Bernardo,MENORES CONTROLADOS
5114,7,13,113315,A0200002,13,13401,6,8,4,Servicio de Salud Metropolitano Sur,Centro de Salud Familiar Confraternidad,San Bernardo,LACTANCIA MATERNA EXCLUSIVA
5115,7,13,113315,A0200001,13,13401,9,15,6,Servicio de Salud Metropolitano Sur,Centro de Salud Familiar Confraternidad,San Bernardo,MENORES CONTROLADOS
5116,5,13,113728,A0200001,13,13401,4,2,2,Servicio de Salud Metropolitano Sur,Centro Comunitario de Salud Familiar Lo Herrera,San Bernardo,MENORES CONTROLADOS
5117,12,13,113315,A0200002,13,13401,7,8,6,Servicio de Salud Metropolitano Sur,Centro de Salud Familiar Confraternidad,San Bernardo,LACTANCIA MATERNA EXCLUSIVA
5118,5,13,113313,A0200001,13,13401,10,15,10,Servicio de Salud Metropolitano Sur,Centro de Salud Familiar Raúl Cuevas (Ex-San Bernardo),San Bernardo,MENORES CONTROLADOS
5119,5,13,113313,A0200002,13,13401,7,10,5,Servicio de Salud Metropolitano Sur,Centro de Salud Familiar Raúl Cuevas (Ex-San Bernardo),San Bernardo,LACTANCIA MATERNA EXCLUSIVA
5120,2,13,113313,A0200001,13,13401,9,9,12,Servicio de Salud Metropolitano Sur,Centro de Salud Familiar Raúl Cuevas (Ex-San Bernardo),San Bernardo,MENORES CONTROLADOS
5121,2,13,113313,A0200002,13,13401,3,7,3,Servicio de Salud Metropolitano Sur,Centro de Salud Familiar Raúl Cuevas (Ex-San Bernardo),San Bernardo,LACTANCIA MATERNA EXCLUSIVA
5122,6,13,113313,A0200002,13,13401,5,8,6,Servicio de Salud Metropolitano Sur,Centro de Salud Familiar Raúl Cuevas (Ex-San Bernardo),San Bernardo,LACTANCIA MATERNA EXCLUSIVA
5123,6,13,113313,A0200001,13,13401,9,10,12,Servicio de Salud Metropolitano Sur,Centro de Salud Familiar Raúl Cuevas (Ex-San Bernardo),San Bernardo,MENORES CONTROLADOS
5124,3,13,113313,A0200001,13,13401,10,12,13,Servicio de Salud Metropolitano Sur,Centro de Salud Familiar Raúl Cuevas (Ex-San Bernardo),San Bernardo,MENORES CONTROLADOS
5125,3,13,113313,A0200002,13,13401,6,6,9,Servicio de Salud Metropolitano Sur,Centro de Salud Familiar Raúl Cuevas (Ex-San Bernardo),San Bernardo,LACTANCIA MATERNA EXCLUSIVA
5126,4,13,113313,A0200002,13,13401,2,3,11,Servicio de Salud Metropolitano Sur,Centro de Salud Familiar Raúl Cuevas (Ex-San Bernardo),San Bernardo,LACTANCIA MATERNA EXCLUSIVA
5127,4,13,113313,A0200001,13,13401,6,9,18,Servicio de Salud Metropolitano Sur,Centro de Salud Familiar Raúl Cuevas (Ex-San Bernardo),San Bernardo,MENORES CONTROLADOS
5128,10,13,113313,A0200002,13,13401,2,6,8,Servicio de Salud Metropolitano Sur,Centro de Salud Familiar Raúl Cuevas (Ex-San Bernardo),San Bernardo,LACTANCIA MATERNA EXCLUSIVA
5129,7,13,113313,A0200002,13,13401,3,8,3,Servicio de Salud Metropolitano Sur,Centro de Salud Familiar Raúl Cuevas (Ex-San Bernardo),San Bernardo,LACTANCIA MATERNA EXCLUSIVA
5130,7,13,113313,A0200001,13,13401,10,15,11,Servicio de Salud Metropolitano Sur,Centro de Salud Familiar Raúl Cuevas (Ex-San Bernardo),San Bernardo,MENORES CONTROLADOS
5131,10,13,113313,A0200001,13,13401,7,15,15,Servicio de Salud Metropolitano Sur,Centro de Salud Familiar Raúl Cuevas (Ex-San Bernardo),San Bernardo,MENORES CONTROLADOS
5132,8,13,113313,A0200002,13,13401,9,6,13,Servicio de Salud Metropolitano Sur,Centro de Salud Familiar Raúl Cuevas (Ex-San Bernardo),San Bernardo,LACTANCIA MATERNA EXCLUSIVA
5133,8,13,113313,A0200001,13,13401,10,9,16,Servicio de Salud Metropolitano Sur,Centro de Salud Familiar Raúl Cuevas (Ex-San Bernardo),San Bernardo,MENORES CONTROLADOS
5134,2,13,200377,A0200002,13,13401,1,,1,Servicio de Salud Metropolitano Sur,Centro Comunitario de Salud Familiar Las Hortensias,San Bernardo,LACTANCIA MATERNA EXCLUSIVA
5135,2,13,200377,A0200001,13,13401,1,1,1,Servicio de Salud Metropolitano Sur,Centro Comunitario de Salud Familiar Las Hortensias,San Bernardo,MENORES CONTROLADOS
5136,4,13,200377,A0200002,13,13401,,,2,Servicio de Salud Metropolitano Sur,Centro Comunitario de Salud Familiar Las Hortensias,San Bernardo,LACTANCIA MATERNA EXCLUSIVA
5137,4,13,200377,A0200001,13,13401,,,2,Servicio de Salud Metropolitano Sur,Centro Comunitario de Salud Familiar Las Hortensias,San Bernardo,MENORES CONTROLADOS
5138,3,13,113330,A0200002,13,13401,22,21,4,Servicio de Salud Metropolitano Sur,Centro de Salud Familiar Raúl Brañes F.,San Bernardo,LACTANCIA MATERNA EXCLUSIVA
5139,3,13,113330,A0200001,13,13401,30,35,18,Servicio de Salud Metropolitano Sur,Centro de Salud Familiar Raúl Brañes F.,San Bernardo,MENORES CONTROLADOS
5140,2,13,113330,A0200001,13,13401,29,14,13,Servicio de Salud Metropolitano Sur,Centro de Salud Familiar Raúl Brañes F.,San Bernardo,MENORES CONTROLADOS
5141,1,13,113330,A0200002,13,13401,17,12,11,Servicio de Salud Metropolitano Sur,Centro de Salud Familiar Raúl Brañes F.,San Bernardo,LACTANCIA MATERNA EXCLUSIVA
5142,1,13,113330,A0200001,13,13401,27,19,21,Servicio de Salud Metropolitano Sur,Centro de Salud Familiar Raúl Brañes F.,San Bernardo,MENORES CONTROLADOS
5143,2,13,113330,A0200002,13,13401,22,8,6,Servicio de Salud Metropolitano Sur,Centro de Salud Familiar Raúl Brañes F.,San Bernardo,LACTANCIA MATERNA EXCLUSIVA
5144,7,13,200377,A0200002,13,13401,,,0,Servicio de Salud Metropolitano Sur,Centro Comunitario de Salud Familiar Las Hortensias,San Bernardo,LACTANCIA MATERNA EXCLUSIVA
5145,7,13,200377,A0200001,13,13401,,,0,Servicio de Salud Metropolitano Sur,Centro Comunitario de Salud Familiar Las Hortensias,San Bernardo,MENORES CONTROLADOS
5146,6,13,200377,A0200002,13,13401,1,,1,Servicio de Salud Metropolitano Sur,Centro Comunitario de Salud Familiar Las Hortensias,San Bernardo,LACTANCIA MATERNA EXCLUSIVA
5147,6,13,200377,A0200001,13,13401,1,,1,Servicio de Salud Metropolitano Sur,Centro Comunitario de Salud Familiar Las Hortensias,San Bernardo,MENORES CONTROLADOS
5148,1,13,200377,A0200002,13,13401,,1,,Servicio de Salud Metropolitano Sur,Centro Comunitario de Salud Familiar Las Hortensias,San Bernardo,LACTANCIA MATERNA EXCLUSIVA
5149,1,13,200377,A0200001,13,13401,,1,,Servicio de Salud Metropolitano Sur,Centro Comunitario de Salud Familiar Las Hortensias,San Bernardo,MENORES CONTROLADOS
5150,12,13,200377,A0200002,13,13401,1,1,1,Servicio de Salud Metropolitano Sur,Centro Comunitario de Salud Familiar Las Hortensias,San Bernardo,LACTANCIA MATERNA EXCLUSIVA
5151,12,13,200377,A0200001,13,13401,1,1,5,Servicio de Salud Metropolitano Sur,Centro Comunitario de Salud Familiar Las Hortensias,San Bernardo,MENORES CONTROLADOS
5152,5,13,113330,A0200001,13,13401,14,19,16,Servicio de Salud Metropolitano Sur,Centro de Salud Familiar Raúl Brañes F.,San Bernardo,MENORES CONTROLADOS
5153,5,13,113330,A0200002,13,13401,10,7,9,Servicio de Salud Metropolitano Sur,Centro de Salud Familiar Raúl Brañes F.,San Bernardo,LACTANCIA MATERNA EXCLUSIVA
5154,4,13,113330,A0200002,13,13401,10,7,8,Servicio de Salud Metropolitano Sur,Centro de Salud Familiar Raúl Brañes F.,San Bernardo,LACTANCIA MATERNA EXCLUSIVA
5155,4,13,113330,A0200001,13,13401,20,13,21,Servicio de Salud Metropolitano Sur,Centro de Salud Familiar Raúl Brañes F.,San Bernardo,MENORES CONTROLADOS
5156,7,13,113330,A0200002,13,13401,11,12,18,Servicio de Salud Metropolitano Sur,Centro de Salud Familiar Raúl Brañes F.,San Bernardo,LACTANCIA MATERNA EXCLUSIVA
5157,7,13,113330,A0200001,13,13401,28,27,30,Servicio de Salud Metropolitano Sur,Centro de Salud Familiar Raúl Brañes F.,San Bernardo,MENORES CONTROLADOS
5158,9,13,113330,A0200002,13,13401,23,10,11,Servicio de Salud Metropolitano Sur,Centro de Salud Familiar Raúl Brañes F.,San Bernardo,LACTANCIA MATERNA EXCLUSIVA
5159,9,13,113330,A0200001,13,13401,28,24,17,Servicio de Salud Metropolitano Sur,Centro de Salud Familiar Raúl Brañes F.,San Bernardo,MENORES CONTROLADOS
5160,6,13,113330,A0200001,13,13401,20,25,34,Servicio de Salud Metropolitano Sur,Centro de Salud Familiar Raúl Brañes F.,San Bernardo,MENORES CONTROLADOS
5161,6,13,113330,A0200002,13,13401,9,7,18,Servicio de Salud Metropolitano Sur,Centro de Salud Familiar Raúl Brañes F.,San Bernardo,LACTANCIA MATERNA EXCLUSIVA
5162,4,11,111301,A0200001,13,13101,16,12,21,Servicio de Salud Metropolitano Central,Centro de Salud Familiar Nº 5,Santiago,MENORES CONTROLADOS
5163,3,14,114330,A0200002,13,13110,7,6,15,Servicio de Salud Metropolitano Sur Oriente,Centro de Salud Familiar Trinidad,La Florida,LACTANCIA MATERNA EXCLUSIVA
5164,2,14,114330,A0200002,13,13110,6,11,12,Servicio de Salud Metropolitano Sur Oriente,Centro de Salud Familiar Trinidad,La Florida,LACTANCIA MATERNA EXCLUSIVA
5165,2,14,114330,A0200001,13,13110,11,14,18,Servicio de Salud Metropolitano Sur Oriente,Centro de Salud Familiar Trinidad,La Florida,MENORES CONTROLADOS
5166,6,11,111301,A0200002,13,13101,13,13,10,Servicio de Salud Metropolitano Central,Centro de Salud Familiar Nº 5,Santiago,LACTANCIA MATERNA EXCLUSIVA
5167,6,11,111301,A0200001,13,13101,21,15,19,Servicio de Salud Metropolitano Central,Centro de Salud Familiar Nº 5,Santiago,MENORES CONTROLADOS
5168,11,10,110735,A0200002,13,13103,,,1,Servicio de Salud Metropolitano Occidente,Centro Comunitario de Salud Familiar Los Lagos (Unidad Vecinal Nº 33),Cerro Navia,LACTANCIA MATERNA EXCLUSIVA
5169,11,10,110735,A0200001,13,13103,1,,2,Servicio de Salud Metropolitano Occidente,Centro Comunitario de Salud Familiar Los Lagos (Unidad Vecinal Nº 33),Cerro Navia,MENORES CONTROLADOS
5170,10,13,113330,A0200001,13,13401,24,30,23,Servicio de Salud Metropolitano Sur,Centro de Salud Familiar Raúl Brañes F.,San Bernardo,MENORES CONTROLADOS
5171,10,13,113330,A0200002,13,13401,13,15,8,Servicio de Salud Metropolitano Sur,Centro de Salud Familiar Raúl Brañes F.,San Bernardo,LACTANCIA MATERNA EXCLUSIVA
5172,12,13,113330,A0200002,13,13401,12,7,11,Servicio de Salud Metropolitano Sur,Centro de Salud Familiar Raúl Brañes F.,San Bernardo,LACTANCIA MATERNA EXCLUSIVA
5173,12,13,113330,A0200001,13,13401,19,18,20,Servicio de Salud Metropolitano Sur,Centro de Salud Familiar Raúl Brañes F.,San Bernardo,MENORES CONTROLADOS
5174,9,13,200377,A0200002,13,13401,,1,1,Servicio de Salud Metropolitano Sur,Centro Comunitario de Salud Familiar Las Hortensias,San Bernardo,LACTANCIA MATERNA EXCLUSIVA
5175,9,13,200377,A0200001,13,13401,1,3,1,Servicio de Salud Metropolitano Sur,Centro Comunitario de Salud Familiar Las Hortensias,San Bernardo,MENORES CONTROLADOS
5176,8,13,113330,A0200002,13,13401,14,9,15,Servicio de Salud Metropolitano Sur,Centro de Salud Familiar Raúl Brañes F.,San Bernardo,LACTANCIA MATERNA EXCLUSIVA
5177,8,13,113330,A0200001,13,13401,27,14,30,Servicio de Salud Metropolitano Sur,Centro de Salud Familiar Raúl Brañes F.,San Bernardo,MENORES CONTROLADOS
5178,2,13,113324,A0200002,13,13105,12,8,10,Servicio de Salud Metropolitano Sur,Centro de Salud Familiar Dra. Haydeé López Casoou,El Bosque,LACTANCIA MATERNA EXCLUSIVA
5179,2,13,113324,A0200001,13,13105,19,10,17,Servicio de Salud Metropolitano Sur,Centro de Salud Familiar Dra. Haydeé López Casoou,El Bosque,MENORES CONTROLADOS
5180,5,13,113324,A0200002,13,13105,8,5,3,Servicio de Salud Metropolitano Sur,Centro de Salud Familiar Dra. Haydeé López Casoou,El Bosque,LACTANCIA MATERNA EXCLUSIVA
5181,8,13,200962,A0200002,13,13105,1,0,1,Servicio de Salud Metropolitano Sur,Centro Comunitario de Salud Familiar Los Sauces,El Bosque,LACTANCIA MATERNA EXCLUSIVA
5182,8,13,200962,A0200001,13,13105,2,1,2,Servicio de Salud Metropolitano Sur,Centro Comunitario de Salud Familiar Los Sauces,El Bosque,MENORES CONTROLADOS
5183,9,13,113717,A0200002,13,13105,0,0,0,Servicio de Salud Metropolitano Sur,Centro Comunitario de Salud Familiar Santa Laura,El Bosque,LACTANCIA MATERNA EXCLUSIVA
5184,9,13,113717,A0200001,13,13105,1,1,0,Servicio de Salud Metropolitano Sur,Centro Comunitario de Salud Familiar Santa Laura,El Bosque,MENORES CONTROLADOS
5185,10,13,200962,A0200002,13,13105,2,2,1,Servicio de Salud Metropolitano Sur,Centro Comunitario de Salud Familiar Los Sauces,El Bosque,LACTANCIA MATERNA EXCLUSIVA
5186,10,13,200962,A0200001,13,13105,2,5,2,Servicio de Salud Metropolitano Sur,Centro Comunitario de Salud Familiar Los Sauces,El Bosque,MENORES CONTROLADOS
5187,6,13,113717,A0200002,13,13105,2,0,0,Servicio de Salud Metropolitano Sur,Centro Comunitario de Salud Familiar Santa Laura,El Bosque,LACTANCIA MATERNA EXCLUSIVA
5188,6,13,113717,A0200001,13,13105,2,1,0,Servicio de Salud Metropolitano Sur,Centro Comunitario de Salud Familiar Santa Laura,El Bosque,MENORES CONTROLADOS
5189,4,13,113717,A0200002,13,13105,0,2,0,Servicio de Salud Metropolitano Sur,Centro Comunitario de Salud Familiar Santa Laura,El Bosque,LACTANCIA MATERNA EXCLUSIVA
5190,4,13,113717,A0200001,13,13105,1,3,0,Servicio de Salud Metropolitano Sur,Centro Comunitario de Salud Familiar Santa Laura,El Bosque,MENORES CONTROLADOS
5191,6,13,200962,A0200002,13,13105,0,0,2,Servicio de Salud Metropolitano Sur,Centro Comunitario de Salud Familiar Los Sauces,El Bosque,LACTANCIA MATERNA EXCLUSIVA
5192,6,13,200962,A0200001,13,13105,0,0,2,Servicio de Salud Metropolitano Sur,Centro Comunitario de Salud Familiar Los Sauces,El Bosque,MENORES CONTROLADOS
5193,3,13,113717,A0200002,13,13105,1,0,0,Servicio de Salud Metropolitano Sur,Centro Comunitario de Salud Familiar Santa Laura,El Bosque,LACTANCIA MATERNA EXCLUSIVA
5194,3,13,113717,A0200001,13,13105,1,0,0,Servicio de Salud Metropolitano Sur,Centro Comunitario de Salud Familiar Santa Laura,El Bosque,MENORES CONTROLADOS
5195,4,13,200962,A0200002,13,13105,0,1,0,Servicio de Salud Metropolitano Sur,Centro Comunitario de Salud Familiar Los Sauces,El Bosque,LACTANCIA MATERNA EXCLUSIVA
5196,4,13,200962,A0200001,13,13105,0,2,0,Servicio de Salud Metropolitano Sur,Centro Comunitario de Salud Familiar Los Sauces,El Bosque,MENORES CONTROLADOS
5197,2,13,113717,A0200002,13,13105,1,1,,Servicio de Salud Metropolitano Sur,Centro Comunitario de Salud Familiar Santa Laura,El Bosque,LACTANCIA MATERNA EXCLUSIVA
5198,2,13,113717,A0200001,13,13105,1,2,0,Servicio de Salud Metropolitano Sur,Centro Comunitario de Salud Familiar Santa Laura,El Bosque,MENORES CONTROLADOS
5199,1,13,200962,A0200002,13,13105,1,,,Servicio de Salud Metropolitano Sur,Centro Comunitario de Salud Familiar Los Sauces,El Bosque,LACTANCIA MATERNA EXCLUSIVA
5200,1,13,200962,A0200001,13,13105,1,3,1,Servicio de Salud Metropolitano Sur,Centro Comunitario de Salud Familiar Los Sauces,El Bosque,MENORES CONTROLADOS
5201,3,13,200962,A0200002,13,13105,1,1,1,Servicio de Salud Metropolitano Sur,Centro Comunitario de Salud Familiar Los Sauces,El Bosque,LACTANCIA MATERNA EXCLUSIVA
5202,3,13,200962,A0200001,13,13105,2,2,1,Servicio de Salud Metropolitano Sur,Centro Comunitario de Salud Familiar Los Sauces,El Bosque,MENORES CONTROLADOS
5203,11,13,113717,A0200001,13,13105,0,1,1,Servicio de Salud Metropolitano Sur,Centro Comunitario de Salud Familiar Santa Laura,El Bosque,MENORES CONTROLADOS
5204,11,13,200962,A0200002,13,13105,2,2,0,Servicio de Salud Metropolitano Sur,Centro Comunitario de Salud Familiar Los Sauces,El Bosque,LACTANCIA MATERNA EXCLUSIVA
5205,11,13,200962,A0200001,13,13105,4,3,0,Servicio de Salud Metropolitano Sur,Centro Comunitario de Salud Familiar Los Sauces,El Bosque,MENORES CONTROLADOS
5206,4,13,113329,A0200002,13,13105,5,10,2,Servicio de Salud Metropolitano Sur,Centro de Salud Familiar Canciller Orlando Letelier,El Bosque,LACTANCIA MATERNA EXCLUSIVA
5207,4,13,113329,A0200001,13,13105,8,15,4,Servicio de Salud Metropolitano Sur,Centro de Salud Familiar Canciller Orlando Letelier,El Bosque,MENORES CONTROLADOS
5208,9,13,113329,A0200001,13,13105,7,14,6,Servicio de Salud Metropolitano Sur,Centro de Salud Familiar Canciller Orlando Letelier,El Bosque,MENORES CONTROLADOS
5209,10,13,113329,A0200001,13,13105,11,14,6,Servicio de Salud Metropolitano Sur,Centro de Salud Familiar Canciller Orlando Letelier,El Bosque,MENORES CONTROLADOS
5210,9,13,113329,A0200002,13,13105,2,10,4,Servicio de Salud Metropolitano Sur,Centro de Salud Familiar Canciller Orlando Letelier,El Bosque,LACTANCIA MATERNA EXCLUSIVA
