,descripcion_prestacion,IdServicio,IdEstablecimiento,CodigoPrestacion,IdRegion,IdComuna,Maternidad,Neonatología,Pueblos originarios,Migrantes,nombre_ss,nombre_establecimiento,nombre_comuna,codigo_deis_establecimiento,codigo_deis_comuna,codigo_deis_servicio
0,Total de recién nacidos/as egresados/as,10,110100,24200134,13,13101,145,32,7,66,Servicio de Salud Metropolitano Occidente,Hospital San Juan de Dios (Santiago),Santiago,110100,13101,10
1,RN egresados con LME durante hospitalización y al alta,10,110100,24300103,13,13101,80,0,3,33,Servicio de Salud Metropolitano Occidente,Hospital San Juan de Dios (Santiago),Santiago,110100,13101,10
2,RN egresados que recuperaron LME al alta,10,110100,24311025,13,13101,20,2,2,9,Servicio de Salud Metropolitano Occidente,Hospital San Juan de Dios (Santiago),Santiago,110100,13101,10
3,RN egresados con lactancia mixta al alta,10,110100,24311026,13,13101,32,25,1,21,Servicio de Salud Metropolitano Occidente,Hospital San Juan de Dios (Santiago),Santiago,110100,13101,10
4,RN egresados solo fórmula láctea (excepto VIH/HTLV-1/Ley 21.155/protección),10,110100,24311027,13,13101,2,2,0,0,Servicio de Salud Metropolitano Occidente,Hospital San Juan de Dios (Santiago),Santiago,110100,13101,10
5,RN egresados con madres serología positiva (VIH),10,110100,29101770,13,13101,2,0,0,2,Servicio de Salud Metropolitano Occidente,Hospital San Juan de Dios (Santiago),Santiago,110100,13101,10
6,RN egresados con madres acogidas a Ley 21.155,10,110100,29101772,13,13101,9,0,1,3,Servicio de Salud Metropolitano Occidente,Hospital San Juan de Dios (Santiago),Santiago,110100,13101,10
7,RN egresados solo fórmula por protección o madre grave,10,110100,24311028,13,13101,0,3,0,0,Servicio de Salud Metropolitano Occidente,Hospital San Juan de Dios (Santiago),Santiago,110100,13101,10
8,Total de recién nacidos/as egresados/as,10,110100,24200134,13,13101,173,36,14,77,Servicio de Salud Metropolitano Occidente,Hospital San Juan de Dios (Santiago),Santiago,110100,13101,10
9,RN egresados con LME durante hospitalización y al alta,10,110100,24300103,13,13101,73,,5,28,Servicio de Salud Metropolitano Occidente,Hospital San Juan de Dios (Santiago),Santiago,110100,13101,10
10,RN egresados que recuperaron LME al alta,10,110100,24311025,13,13101,28,8,0,15,Servicio de Salud Metropolitano Occidente,Hospital San Juan de Dios (Santiago),Santiago,110100,13101,10
11,RN egresados con lactancia mixta al alta,10,110100,24311026,13,13101,42,24,8,24,Servicio de Salud Metropolitano Occidente,Hospital San Juan de Dios (Santiago),Santiago,110100,13101,10
12,RN egresados solo fórmula láctea (excepto VIH/HTLV-1/Ley 21.155/protección),10,110100,24311027,13,13101,1,1,0,0,Servicio de Salud Metropolitano Occidente,Hospital San Juan de Dios (Santiago),Santiago,110100,13101,10
13,RN egresados con madres acogidas a Ley 21.155,10,110100,29101772,13,13101,28,,1,11,Servicio de Salud Metropolitano Occidente,Hospital San Juan de Dios (Santiago),Santiago,110100,13101,10
14,RN egresados solo fórmula por protección o madre grave,10,110100,24311028,13,13101,1,3,0,0,Servicio de Salud Metropolitano Occidente,Hospital San Juan de Dios (Santiago),Santiago,110100,13101,10
15,Total de recién nacidos/as egresados/as,13,113100,24200134,13,13130,162,30,4,78,Servicio de Salud Metropolitano Sur,"Hospital Barros Luco Trudeau (Santiago, San Miguel)",San Miguel,113100,13130,13
16,RN egresados con LME durante hospitalización y al alta,13,113100,24300103,13,13130,150,0,4,60,Servicio de Salud Metropolitano Sur,"Hospital Barros Luco Trudeau (Santiago, San Miguel)",San Miguel,113100,13130,13
17,RN egresados que recuperaron LME al alta,13,113100,24311025,13,13130,4,0,0,2,Servicio de Salud Metropolitano Sur,"Hospital Barros Luco Trudeau (Santiago, San Miguel)",San Miguel,113100,13130,13
18,RN egresados con lactancia mixta al alta,13,113100,24311026,13,13130,5,22,0,14,Servicio de Salud Metropolitano Sur,"Hospital Barros Luco Trudeau (Santiago, San Miguel)",San Miguel,113100,13130,13
19,RN egresados solo fórmula láctea (excepto VIH/HTLV-1/Ley 21.155/protección),13,113100,24311027,13,13130,0,1,0,0,Servicio de Salud Metropolitano Sur,"Hospital Barros Luco Trudeau (Santiago, San Miguel)",San Miguel,113100,13130,13
20,RN egresados con madres serología positiva (VIH),13,113100,29101770,13,13130,2,0,0,2,Servicio de Salud Metropolitano Sur,"Hospital Barros Luco Trudeau (Santiago, San Miguel)",San Miguel,113100,13130,13
21,RN egresados con madres acogidas a Ley 21.155,13,113100,29101772,13,13130,1,0,0,1,Servicio de Salud Metropolitano Sur,"Hospital Barros Luco Trudeau (Santiago, San Miguel)",San Miguel,113100,13130,13
22,RN egresados solo fórmula por protección o madre grave,13,113100,24311028,13,13130,0,5,0,0,Servicio de Salud Metropolitano Sur,"Hospital Barros Luco Trudeau (Santiago, San Miguel)",San Miguel,113100,13130,13
23,Total de recién nacidos/as egresados/as,13,113100,24200134,13,13130,173,46,0,90,Servicio de Salud Metropolitano Sur,"Hospital Barros Luco Trudeau (Santiago, San Miguel)",San Miguel,113100,13130,13
24,RN egresados con LME durante hospitalización y al alta,13,113100,24300103,13,13130,165,2,1,78,Servicio de Salud Metropolitano Sur,"Hospital Barros Luco Trudeau (Santiago, San Miguel)",San Miguel,113100,13130,13
25,RN egresados que recuperaron LME al alta,13,113100,24311025,13,13130,6,2,0,5,Servicio de Salud Metropolitano Sur,"Hospital Barros Luco Trudeau (Santiago, San Miguel)",San Miguel,113100,13130,13
26,RN egresados con lactancia mixta al alta,13,113100,24311026,13,13130,1,31,0,7,Servicio de Salud Metropolitano Sur,"Hospital Barros Luco Trudeau (Santiago, San Miguel)",San Miguel,113100,13130,13
27,RN egresados solo fórmula láctea (excepto VIH/HTLV-1/Ley 21.155/protección),13,113100,24311027,13,13130,7,1,0,2,Servicio de Salud Metropolitano Sur,"Hospital Barros Luco Trudeau (Santiago, San Miguel)",San Miguel,113100,13130,13
28,RN egresados con madres serología positiva (VIH),13,113100,29101770,13,13130,3,1,0,1,Servicio de Salud Metropolitano Sur,"Hospital Barros Luco Trudeau (Santiago, San Miguel)",San Miguel,113100,13130,13
29,RN egresados con madres acogidas a Ley 21.155,13,113100,29101772,13,13130,4,1,0,3,Servicio de Salud Metropolitano Sur,"Hospital Barros Luco Trudeau (Santiago, San Miguel)",San Miguel,113100,13130,13
30,RN egresados solo fórmula por protección o madre grave,13,113100,24311028,13,13130,0,5,0,0,Servicio de Salud Metropolitano Sur,"Hospital Barros Luco Trudeau (Santiago, San Miguel)",San Miguel,113100,13130,13
31,Total de recién nacidos/as egresados/as,13,113100,24200134,13,13130,153,39,1,92,Servicio de Salud Metropolitano Sur,"Hospital Barros Luco Trudeau (Santiago, San Miguel)",San Miguel,113100,13130,13
32,RN egresados con LME durante hospitalización y al alta,13,113100,24300103,13,13130,142,0,1,66,Servicio de Salud Metropolitano Sur,"Hospital Barros Luco Trudeau (Santiago, San Miguel)",San Miguel,113100,13130,13
33,RN egresados que recuperaron LME al alta,13,113100,24311025,13,13130,4,3,0,4,Servicio de Salud Metropolitano Sur,"Hospital Barros Luco Trudeau (Santiago, San Miguel)",San Miguel,113100,13130,13
34,RN egresados con lactancia mixta al alta,13,113100,24311026,13,13130,5,30,0,19,Servicio de Salud Metropolitano Sur,"Hospital Barros Luco Trudeau (Santiago, San Miguel)",San Miguel,113100,13130,13
35,RN egresados solo fórmula láctea (excepto VIH/HTLV-1/Ley 21.155/protección),13,113100,24311027,13,13130,0,1,0,1,Servicio de Salud Metropolitano Sur,"Hospital Barros Luco Trudeau (Santiago, San Miguel)",San Miguel,113100,13130,13
36,RN egresados con madres serología positiva (VIH),13,113100,29101770,13,13130,2,2,0,3,Servicio de Salud Metropolitano Sur,"Hospital Barros Luco Trudeau (Santiago, San Miguel)",San Miguel,113100,13130,13
37,RN egresados con madres acogidas a Ley 21.155,13,113100,29101772,13,13130,3,1,0,1,Servicio de Salud Metropolitano Sur,"Hospital Barros Luco Trudeau (Santiago, San Miguel)",San Miguel,113100,13130,13
38,RN egresados solo fórmula por protección o madre grave,13,113100,24311028,13,13130,0,2,0,0,Servicio de Salud Metropolitano Sur,"Hospital Barros Luco Trudeau (Santiago, San Miguel)",San Miguel,113100,13130,13
39,Total de recién nacidos/as egresados/as,13,113100,24200134,13,13130,161,51,10,83,Servicio de Salud Metropolitano Sur,"Hospital Barros Luco Trudeau (Santiago, San Miguel)",San Miguel,113100,13130,13
40,RN egresados con LME durante hospitalización y al alta,13,113100,24300103,13,13130,144,0,10,65,Servicio de Salud Metropolitano Sur,"Hospital Barros Luco Trudeau (Santiago, San Miguel)",San Miguel,113100,13130,13
41,RN egresados que recuperaron LME al alta,13,113100,24311025,13,13130,7,4,0,3,Servicio de Salud Metropolitano Sur,"Hospital Barros Luco Trudeau (Santiago, San Miguel)",San Miguel,113100,13130,13
42,RN egresados con lactancia mixta al alta,13,113100,24311026,13,13130,9,41,0,14,Servicio de Salud Metropolitano Sur,"Hospital Barros Luco Trudeau (Santiago, San Miguel)",San Miguel,113100,13130,13
43,RN egresados con madres serología positiva (VIH),13,113100,29101770,13,13130,1,0,0,1,Servicio de Salud Metropolitano Sur,"Hospital Barros Luco Trudeau (Santiago, San Miguel)",San Miguel,113100,13130,13
44,RN egresados con madres acogidas a Ley 21.155,13,113100,29101772,13,13130,5,0,0,1,Servicio de Salud Metropolitano Sur,"Hospital Barros Luco Trudeau (Santiago, San Miguel)",San Miguel,113100,13130,13
45,RN egresados solo fórmula por protección o madre grave,13,113100,24311028,13,13130,0,2,0,0,Servicio de Salud Metropolitano Sur,"Hospital Barros Luco Trudeau (Santiago, San Miguel)",San Miguel,113100,13130,13
46,Total de recién nacidos/as egresados/as,13,113100,24200134,13,13130,171,36,4,82,Servicio de Salud Metropolitano Sur,"Hospital Barros Luco Trudeau (Santiago, San Miguel)",San Miguel,113100,13130,13
47,RN egresados con LME durante hospitalización y al alta,13,113100,24300103,13,13130,151,0,4,69,Servicio de Salud Metropolitano Sur,"Hospital Barros Luco Trudeau (Santiago, San Miguel)",San Miguel,113100,13130,13
48,RN egresados que recuperaron LME al alta,13,113100,24311025,13,13130,5,3,0,5,Servicio de Salud Metropolitano Sur,"Hospital Barros Luco Trudeau (Santiago, San Miguel)",San Miguel,113100,13130,13
49,RN egresados con lactancia mixta al alta,13,113100,24311026,13,13130,5,24,0,9,Servicio de Salud Metropolitano Sur,"Hospital Barros Luco Trudeau (Santiago, San Miguel)",San Miguel,113100,13130,13
50,RN egresados solo fórmula láctea (excepto VIH/HTLV-1/Ley 21.155/protección),13,113100,24311027,13,13130,0,2,0,0,Servicio de Salud Metropolitano Sur,"Hospital Barros Luco Trudeau (Santiago, San Miguel)",San Miguel,113100,13130,13
51,RN egresados con madres serología positiva (VIH),13,113100,29101770,13,13130,2,0,0,0,Servicio de Salud Metropolitano Sur,"Hospital Barros Luco Trudeau (Santiago, San Miguel)",San Miguel,113100,13130,13
52,RN egresados con madres acogidas a Ley 21.155,13,113100,29101772,13,13130,7,0,0,3,Servicio de Salud Metropolitano Sur,"Hospital Barros Luco Trudeau (Santiago, San Miguel)",San Miguel,113100,13130,13
53,RN egresados solo fórmula por protección o madre grave,13,113100,24311028,13,13130,0,3,0,0,Servicio de Salud Metropolitano Sur,"Hospital Barros Luco Trudeau (Santiago, San Miguel)",San Miguel,113100,13130,13
54,Total de recién nacidos/as egresados/as,13,113100,24200134,13,13130,171,61,5,88,Servicio de Salud Metropolitano Sur,"Hospital Barros Luco Trudeau (Santiago, San Miguel)",San Miguel,113100,13130,13
55,RN egresados con LME durante hospitalización y al alta,13,113100,24300103,13,13130,161,1,2,66,Servicio de Salud Metropolitano Sur,"Hospital Barros Luco Trudeau (Santiago, San Miguel)",San Miguel,113100,13130,13
56,RN egresados que recuperaron LME al alta,13,113100,24311025,13,13130,8,2,0,3,Servicio de Salud Metropolitano Sur,"Hospital Barros Luco Trudeau (Santiago, San Miguel)",San Miguel,113100,13130,13
57,RN egresados con lactancia mixta al alta,13,113100,24311026,13,13130,2,51,0,17,Servicio de Salud Metropolitano Sur,"Hospital Barros Luco Trudeau (Santiago, San Miguel)",San Miguel,113100,13130,13
58,RN egresados solo fórmula láctea (excepto VIH/HTLV-1/Ley 21.155/protección),13,113100,24311027,13,13130,8,4,0,6,Servicio de Salud Metropolitano Sur,"Hospital Barros Luco Trudeau (Santiago, San Miguel)",San Miguel,113100,13130,13
59,RN egresados con madres serología positiva (VIH),13,113100,29101770,13,13130,2,0,0,2,Servicio de Salud Metropolitano Sur,"Hospital Barros Luco Trudeau (Santiago, San Miguel)",San Miguel,113100,13130,13
60,RN egresados con madres acogidas a Ley 21.155,13,113100,29101772,13,13130,6,0,0,3,Servicio de Salud Metropolitano Sur,"Hospital Barros Luco Trudeau (Santiago, San Miguel)",San Miguel,113100,13130,13
61,RN egresados solo fórmula por protección o madre grave,13,113100,24311028,13,13130,0,2,0,0,Servicio de Salud Metropolitano Sur,"Hospital Barros Luco Trudeau (Santiago, San Miguel)",San Miguel,113100,13130,13
62,Total de recién nacidos/as egresados/as,13,113100,24200134,13,13130,187,43,3,85,Servicio de Salud Metropolitano Sur,"Hospital Barros Luco Trudeau (Santiago, San Miguel)",San Miguel,113100,13130,13
63,RN egresados con LME durante hospitalización y al alta,13,113100,24300103,13,13130,173,0,3,69,Servicio de Salud Metropolitano Sur,"Hospital Barros Luco Trudeau (Santiago, San Miguel)",San Miguel,113100,13130,13
64,RN egresados que recuperaron LME al alta,13,113100,24311025,13,13130,4,3,0,1,Servicio de Salud Metropolitano Sur,"Hospital Barros Luco Trudeau (Santiago, San Miguel)",San Miguel,113100,13130,13
65,RN egresados con lactancia mixta al alta,13,113100,24311026,13,13130,6,33,0,10,Servicio de Salud Metropolitano Sur,"Hospital Barros Luco Trudeau (Santiago, San Miguel)",San Miguel,113100,13130,13
66,RN egresados solo fórmula láctea (excepto VIH/HTLV-1/Ley 21.155/protección),13,113100,24311027,13,13130,1,0,0,0,Servicio de Salud Metropolitano Sur,"Hospital Barros Luco Trudeau (Santiago, San Miguel)",San Miguel,113100,13130,13
67,RN egresados con madres serología positiva (VIH),13,113100,29101770,13,13130,1,0,0,1,Servicio de Salud Metropolitano Sur,"Hospital Barros Luco Trudeau (Santiago, San Miguel)",San Miguel,113100,13130,13
68,RN egresados con madres acogidas a Ley 21.155,13,113100,29101772,13,13130,2,0,0,1,Servicio de Salud Metropolitano Sur,"Hospital Barros Luco Trudeau (Santiago, San Miguel)",San Miguel,113100,13130,13
69,Total de recién nacidos/as egresados/as,13,113100,24200134,13,13130,170,53,4,90,Servicio de Salud Metropolitano Sur,"Hospital Barros Luco Trudeau (Santiago, San Miguel)",San Miguel,113100,13130,13
70,RN egresados con LME durante hospitalización y al alta,13,113100,24300103,13,13130,163,0,4,75,Servicio de Salud Metropolitano Sur,"Hospital Barros Luco Trudeau (Santiago, San Miguel)",San Miguel,113100,13130,13
71,RN egresados que recuperaron LME al alta,13,113100,24311025,13,13130,4,1,1,0,Servicio de Salud Metropolitano Sur,"Hospital Barros Luco Trudeau (Santiago, San Miguel)",San Miguel,113100,13130,13
72,RN egresados con lactancia mixta al alta,13,113100,24311026,13,13130,5,29,0,12,Servicio de Salud Metropolitano Sur,"Hospital Barros Luco Trudeau (Santiago, San Miguel)",San Miguel,113100,13130,13
73,RN egresados con madres serología positiva (VIH),13,113100,29101770,13,13130,2,0,0,2,Servicio de Salud Metropolitano Sur,"Hospital Barros Luco Trudeau (Santiago, San Miguel)",San Miguel,113100,13130,13
74,RN egresados con madres acogidas a Ley 21.155,13,113100,29101772,13,13130,2,1,0,0,Servicio de Salud Metropolitano Sur,"Hospital Barros Luco Trudeau (Santiago, San Miguel)",San Miguel,113100,13130,13
75,Total de recién nacidos/as egresados/as,13,113180,24200134,13,13401,85,59,0,8,Servicio de Salud Metropolitano Sur,"Hospital El Pino (Santiago, San Bernardo)",San Bernardo,113180,13401,13
76,RN egresados con LME durante hospitalización y al alta,13,113180,24300103,13,13401,70,5,0,0,Servicio de Salud Metropolitano Sur,"Hospital El Pino (Santiago, San Bernardo)",San Bernardo,113180,13401,13
77,RN egresados que recuperaron LME al alta,13,113180,24311025,13,13401,3,4,0,0,Servicio de Salud Metropolitano Sur,"Hospital El Pino (Santiago, San Bernardo)",San Bernardo,113180,13401,13
78,RN egresados con lactancia mixta al alta,13,113180,24311026,13,13401,77,52,0,0,Servicio de Salud Metropolitano Sur,"Hospital El Pino (Santiago, San Bernardo)",San Bernardo,113180,13401,13
79,RN egresados con madres acogidas a Ley 21.155,13,113180,29101772,13,13401,1,0,0,0,Servicio de Salud Metropolitano Sur,"Hospital El Pino (Santiago, San Bernardo)",San Bernardo,113180,13401,13
80,RN egresados solo fórmula por protección o madre grave,13,113180,24311028,13,13401,0,2,0,0,Servicio de Salud Metropolitano Sur,"Hospital El Pino (Santiago, San Bernardo)",San Bernardo,113180,13401,13
81,Total de recién nacidos/as egresados/as,13,113180,24200134,13,13401,98,28,0,5,Servicio de Salud Metropolitano Sur,"Hospital El Pino (Santiago, San Bernardo)",San Bernardo,113180,13401,13
82,RN egresados con LME durante hospitalización y al alta,13,113180,24300103,13,13401,81,0,0,0,Servicio de Salud Metropolitano Sur,"Hospital El Pino (Santiago, San Bernardo)",San Bernardo,113180,13401,13
83,RN egresados que recuperaron LME al alta,13,113180,24311025,13,13401,0,3,0,0,Servicio de Salud Metropolitano Sur,"Hospital El Pino (Santiago, San Bernardo)",San Bernardo,113180,13401,13
84,RN egresados con lactancia mixta al alta,13,113180,24311026,13,13401,17,23,0,0,Servicio de Salud Metropolitano Sur,"Hospital El Pino (Santiago, San Bernardo)",San Bernardo,113180,13401,13
85,RN egresados solo fórmula por protección o madre grave,13,113180,24311028,13,13401,0,2,0,0,Servicio de Salud Metropolitano Sur,"Hospital El Pino (Santiago, San Bernardo)",San Bernardo,113180,13401,13
86,Total de recién nacidos/as egresados/as,13,113180,24200134,13,13401,108,43,0,0,Servicio de Salud Metropolitano Sur,"Hospital El Pino (Santiago, San Bernardo)",San Bernardo,113180,13401,13
87,RN egresados con LME durante hospitalización y al alta,13,113180,24300103,13,13401,90,0,0,0,Servicio de Salud Metropolitano Sur,"Hospital El Pino (Santiago, San Bernardo)",San Bernardo,113180,13401,13
88,RN egresados que recuperaron LME al alta,13,113180,24311025,13,13401,0,1,0,0,Servicio de Salud Metropolitano Sur,"Hospital El Pino (Santiago, San Bernardo)",San Bernardo,113180,13401,13
89,RN egresados con lactancia mixta al alta,13,113180,24311026,13,13401,14,33,0,0,Servicio de Salud Metropolitano Sur,"Hospital El Pino (Santiago, San Bernardo)",San Bernardo,113180,13401,13
90,RN egresados solo fórmula por protección o madre grave,13,113180,24311028,13,13401,0,4,0,0,Servicio de Salud Metropolitano Sur,"Hospital El Pino (Santiago, San Bernardo)",San Bernardo,113180,13401,13
91,Total de recién nacidos/as egresados/as,13,113180,24200134,13,13401,104,45,0,9,Servicio de Salud Metropolitano Sur,"Hospital El Pino (Santiago, San Bernardo)",San Bernardo,113180,13401,13
92,RN egresados con LME durante hospitalización y al alta,13,113180,24300103,13,13401,70,2,0,0,Servicio de Salud Metropolitano Sur,"Hospital El Pino (Santiago, San Bernardo)",San Bernardo,113180,13401,13
93,RN egresados que recuperaron LME al alta,13,113180,24311025,13,13401,96,4,0,2,Servicio de Salud Metropolitano Sur,"Hospital El Pino (Santiago, San Bernardo)",San Bernardo,113180,13401,13
94,RN egresados con lactancia mixta al alta,13,113180,24311026,13,13401,8,38,0,7,Servicio de Salud Metropolitano Sur,"Hospital El Pino (Santiago, San Bernardo)",San Bernardo,113180,13401,13
95,RN egresados solo fórmula por protección o madre grave,13,113180,24311028,13,13401,0,3,0,0,Servicio de Salud Metropolitano Sur,"Hospital El Pino (Santiago, San Bernardo)",San Bernardo,113180,13401,13
96,Total de recién nacidos/as egresados/as,13,113180,24200134,13,13401,99,41,0,0,Servicio de Salud Metropolitano Sur,"Hospital El Pino (Santiago, San Bernardo)",San Bernardo,113180,13401,13
97,RN egresados con LME durante hospitalización y al alta,13,113180,24300103,13,13401,70,0,0,0,Servicio de Salud Metropolitano Sur,"Hospital El Pino (Santiago, San Bernardo)",San Bernardo,113180,13401,13
98,RN egresados que recuperaron LME al alta,13,113180,24311025,13,13401,4,0,0,0,Servicio de Salud Metropolitano Sur,"Hospital El Pino (Santiago, San Bernardo)",San Bernardo,113180,13401,13
99,RN egresados con lactancia mixta al alta,13,113180,24311026,13,13401,10,36,0,0,Servicio de Salud Metropolitano Sur,"Hospital El Pino (Santiago, San Bernardo)",San Bernardo,113180,13401,13
100,RN egresados solo fórmula por protección o madre grave,13,113180,24311028,13,13401,0,5,0,0,Servicio de Salud Metropolitano Sur,"Hospital El Pino (Santiago, San Bernardo)",San Bernardo,113180,13401,13
101,Total de recién nacidos/as egresados/as,13,113180,24200134,13,13401,93,42,0,0,Servicio de Salud Metropolitano Sur,"Hospital El Pino (Santiago, San Bernardo)",San Bernardo,113180,13401,13
102,RN egresados con LME durante hospitalización y al alta,13,113180,24300103,13,13401,82,1,0,0,Servicio de Salud Metropolitano Sur,"Hospital El Pino (Santiago, San Bernardo)",San Bernardo,113180,13401,13
103,RN egresados que recuperaron LME al alta,13,113180,24311025,13,13401,7,1,0,0,Servicio de Salud Metropolitano Sur,"Hospital El Pino (Santiago, San Bernardo)",San Bernardo,113180,13401,13
104,RN egresados con lactancia mixta al alta,13,113180,24311026,13,13401,11,37,0,0,Servicio de Salud Metropolitano Sur,"Hospital El Pino (Santiago, San Bernardo)",San Bernardo,113180,13401,13
105,RN egresados solo fórmula por protección o madre grave,13,113180,24311028,13,13401,0,4,0,0,Servicio de Salud Metropolitano Sur,"Hospital El Pino (Santiago, San Bernardo)",San Bernardo,113180,13401,13
106,Total de recién nacidos/as egresados/as,13,113180,24200134,13,13401,120,58,0,0,Servicio de Salud Metropolitano Sur,"Hospital El Pino (Santiago, San Bernardo)",San Bernardo,113180,13401,13
107,RN egresados con LME durante hospitalización y al alta,13,113180,24300103,13,13401,100,4,0,0,Servicio de Salud Metropolitano Sur,"Hospital El Pino (Santiago, San Bernardo)",San Bernardo,113180,13401,13
108,RN egresados que recuperaron LME al alta,13,113180,24311025,13,13401,5,0,0,0,Servicio de Salud Metropolitano Sur,"Hospital El Pino (Santiago, San Bernardo)",San Bernardo,113180,13401,13
109,Total de recién nacidos/as egresados/as,13,113180,24200134,13,13401,106,58,0,0,Servicio de Salud Metropolitano Sur,"Hospital El Pino (Santiago, San Bernardo)",San Bernardo,113180,13401,13
110,RN egresados con LME durante hospitalización y al alta,13,113180,24300103,13,13401,79,0,0,0,Servicio de Salud Metropolitano Sur,"Hospital El Pino (Santiago, San Bernardo)",San Bernardo,113180,13401,13
111,RN egresados que recuperaron LME al alta,13,113180,24311025,13,13401,10,5,0,0,Servicio de Salud Metropolitano Sur,"Hospital El Pino (Santiago, San Bernardo)",San Bernardo,113180,13401,13
112,RN egresados con lactancia mixta al alta,13,113180,24311026,13,13401,98,49,0,0,Servicio de Salud Metropolitano Sur,"Hospital El Pino (Santiago, San Bernardo)",San Bernardo,113180,13401,13
113,RN egresados solo fórmula por protección o madre grave,13,113180,24311028,13,13401,0,8,0,0,Servicio de Salud Metropolitano Sur,"Hospital El Pino (Santiago, San Bernardo)",San Bernardo,113180,13401,13
114,RN egresados con lactancia mixta al alta,13,113180,24311026,13,13401,9,52,0,0,Servicio de Salud Metropolitano Sur,"Hospital El Pino (Santiago, San Bernardo)",San Bernardo,113180,13401,13
115,RN egresados solo fórmula por protección o madre grave,13,113180,24311028,13,13401,0,2,0,0,Servicio de Salud Metropolitano Sur,"Hospital El Pino (Santiago, San Bernardo)",San Bernardo,113180,13401,13
116,Total de recién nacidos/as egresados/as,13,113190,24200134,13,13401,73,12,1,1,Servicio de Salud Metropolitano Sur,Hospital Parroquial de San Bernardo (D),San Bernardo,113190,13401,13
117,RN egresados con LME durante hospitalización y al alta,13,113190,24300103,13,13401,57,0,1,1,Servicio de Salud Metropolitano Sur,Hospital Parroquial de San Bernardo (D),San Bernardo,113190,13401,13
118,RN egresados que recuperaron LME al alta,13,113190,24311025,13,13401,10,4,0,0,Servicio de Salud Metropolitano Sur,Hospital Parroquial de San Bernardo (D),San Bernardo,113190,13401,13
119,RN egresados con lactancia mixta al alta,13,113190,24311026,13,13401,12,8,0,0,Servicio de Salud Metropolitano Sur,Hospital Parroquial de San Bernardo (D),San Bernardo,113190,13401,13
120,Total de recién nacidos/as egresados/as,13,113190,24200134,13,13401,78,,0,2,Servicio de Salud Metropolitano Sur,Hospital Parroquial de San Bernardo (D),San Bernardo,113190,13401,13
121,RN egresados con LME durante hospitalización y al alta,13,113190,24300103,13,13401,58,,0,2,Servicio de Salud Metropolitano Sur,Hospital Parroquial de San Bernardo (D),San Bernardo,113190,13401,13
122,RN egresados que recuperaron LME al alta,13,113190,24311025,13,13401,30,,0,2,Servicio de Salud Metropolitano Sur,Hospital Parroquial de San Bernardo (D),San Bernardo,113190,13401,13
123,RN egresados con lactancia mixta al alta,13,113190,24311026,13,13401,4,,0,0,Servicio de Salud Metropolitano Sur,Hospital Parroquial de San Bernardo (D),San Bernardo,113190,13401,13
124,Total de recién nacidos/as egresados/as,13,113190,24200134,13,13401,67,6,0,0,Servicio de Salud Metropolitano Sur,Hospital Parroquial de San Bernardo (D),San Bernardo,113190,13401,13
125,RN egresados con LME durante hospitalización y al alta,13,113190,24300103,13,13401,51,0,0,0,Servicio de Salud Metropolitano Sur,Hospital Parroquial de San Bernardo (D),San Bernardo,113190,13401,13
126,RN egresados que recuperaron LME al alta,13,113190,24311025,13,13401,0,51,0,0,Servicio de Salud Metropolitano Sur,Hospital Parroquial de San Bernardo (D),San Bernardo,113190,13401,13
127,RN egresados con lactancia mixta al alta,13,113190,24311026,13,13401,5,0,0,0,Servicio de Salud Metropolitano Sur,Hospital Parroquial de San Bernardo (D),San Bernardo,113190,13401,13
128,Total de recién nacidos/as egresados/as,13,113190,24200134,13,13401,85,11,0,0,Servicio de Salud Metropolitano Sur,Hospital Parroquial de San Bernardo (D),San Bernardo,113190,13401,13
129,RN egresados con LME durante hospitalización y al alta,13,113190,24300103,13,13401,59,0,0,0,Servicio de Salud Metropolitano Sur,Hospital Parroquial de San Bernardo (D),San Bernardo,113190,13401,13
130,RN egresados que recuperaron LME al alta,13,113190,24311025,13,13401,0,1,0,0,Servicio de Salud Metropolitano Sur,Hospital Parroquial de San Bernardo (D),San Bernardo,113190,13401,13
131,RN egresados con lactancia mixta al alta,13,113190,24311026,13,13401,7,8,0,0,Servicio de Salud Metropolitano Sur,Hospital Parroquial de San Bernardo (D),San Bernardo,113190,13401,13
132,Total de recién nacidos/as egresados/as,13,113190,24200134,13,13401,92,,0,4,Servicio de Salud Metropolitano Sur,Hospital Parroquial de San Bernardo (D),San Bernardo,113190,13401,13
133,RN egresados con LME durante hospitalización y al alta,13,113190,24300103,13,13401,73,,0,2,Servicio de Salud Metropolitano Sur,Hospital Parroquial de San Bernardo (D),San Bernardo,113190,13401,13
134,RN egresados que recuperaron LME al alta,13,113190,24311025,13,13401,5,,0,0,Servicio de Salud Metropolitano Sur,Hospital Parroquial de San Bernardo (D),San Bernardo,113190,13401,13
135,RN egresados con lactancia mixta al alta,13,113190,24311026,13,13401,14,,0,2,Servicio de Salud Metropolitano Sur,Hospital Parroquial de San Bernardo (D),San Bernardo,113190,13401,13
136,Total de recién nacidos/as egresados/as,13,113190,24200134,13,13401,89,11,0,3,Servicio de Salud Metropolitano Sur,Hospital Parroquial de San Bernardo (D),San Bernardo,113190,13401,13
137,RN egresados con LME durante hospitalización y al alta,13,113190,24300103,13,13401,78,0,0,2,Servicio de Salud Metropolitano Sur,Hospital Parroquial de San Bernardo (D),San Bernardo,113190,13401,13
138,RN egresados que recuperaron LME al alta,13,113190,24311025,13,13401,0,7,0,0,Servicio de Salud Metropolitano Sur,Hospital Parroquial de San Bernardo (D),San Bernardo,113190,13401,13
139,RN egresados con lactancia mixta al alta,13,113190,24311026,13,13401,11,3,0,1,Servicio de Salud Metropolitano Sur,Hospital Parroquial de San Bernardo (D),San Bernardo,113190,13401,13
140,RN egresados solo fórmula láctea (excepto VIH/HTLV-1/Ley 21.155/protección),13,113190,24311027,13,13401,0,1,0,0,Servicio de Salud Metropolitano Sur,Hospital Parroquial de San Bernardo (D),San Bernardo,113190,13401,13
141,Total de recién nacidos/as egresados/as,13,113190,24200134,13,13401,95,4,7,5,Servicio de Salud Metropolitano Sur,Hospital Parroquial de San Bernardo (D),San Bernardo,113190,13401,13
142,RN egresados con LME durante hospitalización y al alta,13,113190,24300103,13,13401,85,0,6,4,Servicio de Salud Metropolitano Sur,Hospital Parroquial de San Bernardo (D),San Bernardo,113190,13401,13
143,RN egresados con lactancia mixta al alta,13,113190,24311026,13,13401,10,0,1,1,Servicio de Salud Metropolitano Sur,Hospital Parroquial de San Bernardo (D),San Bernardo,113190,13401,13
144,Total de recién nacidos/as egresados/as,13,113190,24200134,13,13401,81,11,0,2,Servicio de Salud Metropolitano Sur,Hospital Parroquial de San Bernardo (D),San Bernardo,113190,13401,13
145,RN egresados con LME durante hospitalización y al alta,13,113190,24300103,13,13401,53,0,0,2,Servicio de Salud Metropolitano Sur,Hospital Parroquial de San Bernardo (D),San Bernardo,113190,13401,13
146,RN egresados que recuperaron LME al alta,13,113190,24311025,13,13401,0,1,0,0,Servicio de Salud Metropolitano Sur,Hospital Parroquial de San Bernardo (D),San Bernardo,113190,13401,13
147,RN egresados con lactancia mixta al alta,13,113190,24311026,13,13401,16,8,0,0,Servicio de Salud Metropolitano Sur,Hospital Parroquial de San Bernardo (D),San Bernardo,113190,13401,13
148,Total de recién nacidos/as egresados/as,13,113150,24200134,13,13402,51,5,5,19,Servicio de Salud Metropolitano Sur,Hospital San Luis (Buin),Buin,113150,13402,13
149,RN egresados con LME durante hospitalización y al alta,13,113150,24300103,13,13402,43,0,3,18,Servicio de Salud Metropolitano Sur,Hospital San Luis (Buin),Buin,113150,13402,13
150,RN egresados que recuperaron LME al alta,13,113150,24311025,13,13402,4,0,0,0,Servicio de Salud Metropolitano Sur,Hospital San Luis (Buin),Buin,113150,13402,13
151,RN egresados con lactancia mixta al alta,13,113150,24311026,13,13402,3,5,2,1,Servicio de Salud Metropolitano Sur,Hospital San Luis (Buin),Buin,113150,13402,13
152,RN egresados solo fórmula láctea (excepto VIH/HTLV-1/Ley 21.155/protección),13,113150,24311027,13,13402,1,0,0,0,Servicio de Salud Metropolitano Sur,Hospital San Luis (Buin),Buin,113150,13402,13
153,Total de recién nacidos/as egresados/as,13,113150,24200134,13,13402,42,12,0,12,Servicio de Salud Metropolitano Sur,Hospital San Luis (Buin),Buin,113150,13402,13
154,RN egresados con LME durante hospitalización y al alta,13,113150,24300103,13,13402,35,3,0,11,Servicio de Salud Metropolitano Sur,Hospital San Luis (Buin),Buin,113150,13402,13
155,RN egresados que recuperaron LME al alta,13,113150,24311025,13,13402,1,0,0,0,Servicio de Salud Metropolitano Sur,Hospital San Luis (Buin),Buin,113150,13402,13
156,RN egresados con lactancia mixta al alta,13,113150,24311026,13,13402,6,7,0,1,Servicio de Salud Metropolitano Sur,Hospital San Luis (Buin),Buin,113150,13402,13
157,RN egresados solo fórmula láctea (excepto VIH/HTLV-1/Ley 21.155/protección),13,113150,24311027,13,13402,1,0,0,0,Servicio de Salud Metropolitano Sur,Hospital San Luis (Buin),Buin,113150,13402,13
158,Total de recién nacidos/as egresados/as,13,113150,24200134,13,13402,63,19,2,15,Servicio de Salud Metropolitano Sur,Hospital San Luis (Buin),Buin,113150,13402,13
159,RN egresados con LME durante hospitalización y al alta,13,113150,24300103,13,13402,56,1,2,12,Servicio de Salud Metropolitano Sur,Hospital San Luis (Buin),Buin,113150,13402,13
160,RN egresados que recuperaron LME al alta,13,113150,24311025,13,13402,4,8,1,4,Servicio de Salud Metropolitano Sur,Hospital San Luis (Buin),Buin,113150,13402,13
161,RN egresados con lactancia mixta al alta,13,113150,24311026,13,13402,3,7,0,4,Servicio de Salud Metropolitano Sur,Hospital San Luis (Buin),Buin,113150,13402,13
162,RN egresados solo fórmula por protección o madre grave,13,113150,24311028,13,13402,0,1,0,0,Servicio de Salud Metropolitano Sur,Hospital San Luis (Buin),Buin,113150,13402,13
163,Total de recién nacidos/as egresados/as,13,113150,24200134,13,13402,58,6,0,18,Servicio de Salud Metropolitano Sur,Hospital San Luis (Buin),Buin,113150,13402,13
164,RN egresados con LME durante hospitalización y al alta,13,113150,24300103,13,13402,50,0,0,15,Servicio de Salud Metropolitano Sur,Hospital San Luis (Buin),Buin,113150,13402,13
165,RN egresados que recuperaron LME al alta,13,113150,24311025,13,13402,3,2,0,1,Servicio de Salud Metropolitano Sur,Hospital San Luis (Buin),Buin,113150,13402,13
166,RN egresados con lactancia mixta al alta,13,113150,24311026,13,13402,4,4,0,2,Servicio de Salud Metropolitano Sur,Hospital San Luis (Buin),Buin,113150,13402,13
167,Total de recién nacidos/as egresados/as,13,113150,24200134,13,13402,61,8,5,22,Servicio de Salud Metropolitano Sur,Hospital San Luis (Buin),Buin,113150,13402,13
168,RN egresados con LME durante hospitalización y al alta,13,113150,24300103,13,13402,55,0,4,21,Servicio de Salud Metropolitano Sur,Hospital San Luis (Buin),Buin,113150,13402,13
169,RN egresados que recuperaron LME al alta,13,113150,24311025,13,13402,4,4,1,1,Servicio de Salud Metropolitano Sur,Hospital San Luis (Buin),Buin,113150,13402,13
170,RN egresados con lactancia mixta al alta,13,113150,24311026,13,13402,0,3,0,0,Servicio de Salud Metropolitano Sur,Hospital San Luis (Buin),Buin,113150,13402,13
171,RN egresados solo fórmula por protección o madre grave,13,113150,24311028,13,13402,2,,0,0,Servicio de Salud Metropolitano Sur,Hospital San Luis (Buin),Buin,113150,13402,13
172,RN egresados que recuperaron LME al alta,13,113150,24311025,13,13402,2,5,0,2,Servicio de Salud Metropolitano Sur,Hospital San Luis (Buin),Buin,113150,13402,13
173,RN egresados con lactancia mixta al alta,13,113150,24311026,13,13402,3,5,0,3,Servicio de Salud Metropolitano Sur,Hospital San Luis (Buin),Buin,113150,13402,13
174,RN egresados solo fórmula láctea (excepto VIH/HTLV-1/Ley 21.155/protección),13,113150,24311027,13,13402,1,0,0,1,Servicio de Salud Metropolitano Sur,Hospital San Luis (Buin),Buin,113150,13402,13
175,Total de recién nacidos/as egresados/as,13,113150,24200134,13,13402,53,11,0,14,Servicio de Salud Metropolitano Sur,Hospital San Luis (Buin),Buin,113150,13402,13
176,RN egresados con LME durante hospitalización y al alta,13,113150,24300103,13,13402,49,0,0,11,Servicio de Salud Metropolitano Sur,Hospital San Luis (Buin),Buin,113150,13402,13
177,Total de recién nacidos/as egresados/as,13,113150,24200134,13,13402,54,11,2,24,Servicio de Salud Metropolitano Sur,Hospital San Luis (Buin),Buin,113150,13402,13
178,RN egresados con LME durante hospitalización y al alta,13,113150,24300103,13,13402,47,0,1,20,Servicio de Salud Metropolitano Sur,Hospital San Luis (Buin),Buin,113150,13402,13
179,RN egresados que recuperaron LME al alta,13,113150,24311025,13,13402,1,6,0,2,Servicio de Salud Metropolitano Sur,Hospital San Luis (Buin),Buin,113150,13402,13
180,RN egresados con lactancia mixta al alta,13,113150,24311026,13,13402,6,5,1,2,Servicio de Salud Metropolitano Sur,Hospital San Luis (Buin),Buin,113150,13402,13
181,Total de recién nacidos/as egresados/as,13,113150,24200134,13,13402,49,16,2,16,Servicio de Salud Metropolitano Sur,Hospital San Luis (Buin),Buin,113150,13402,13
182,RN egresados con LME durante hospitalización y al alta,13,113150,24300103,13,13402,46,5,2,10,Servicio de Salud Metropolitano Sur,Hospital San Luis (Buin),Buin,113150,13402,13
183,RN egresados que recuperaron LME al alta,13,113150,24311025,13,13402,4,3,1,1,Servicio de Salud Metropolitano Sur,Hospital San Luis (Buin),Buin,113150,13402,13
184,RN egresados con lactancia mixta al alta,13,113150,24311026,13,13402,3,10,0,6,Servicio de Salud Metropolitano Sur,Hospital San Luis (Buin),Buin,113150,13402,13
185,RN egresados solo fórmula láctea (excepto VIH/HTLV-1/Ley 21.155/protección),13,113150,24311027,13,13402,0,1,0,0,Servicio de Salud Metropolitano Sur,Hospital San Luis (Buin),Buin,113150,13402,13
186,RN egresados solo fórmula por protección o madre grave,13,113150,24311028,13,13402,0,1,0,0,Servicio de Salud Metropolitano Sur,Hospital San Luis (Buin),Buin,113150,13402,13
187,Total de recién nacidos/as egresados/as,14,114103,24200134,13,13131,,54,10,4,Servicio de Salud Metropolitano Sur - Oriente,Hospital Padre Alberto Hurtado (San Ramón),San Ramón,114103,13131,14
188,RN egresados con LME durante hospitalización y al alta,14,114103,24300103,13,13131,,1,0,0,Servicio de Salud Metropolitano Sur - Oriente,Hospital Padre Alberto Hurtado (San Ramón),San Ramón,114103,13131,14
189,RN egresados que recuperaron LME al alta,14,114103,24311025,13,13131,,31,6,2,Servicio de Salud Metropolitano Sur - Oriente,Hospital Padre Alberto Hurtado (San Ramón),San Ramón,114103,13131,14
190,Total de recién nacidos/as egresados/as,14,114103,24200134,13,13131,,51,12,4,Servicio de Salud Metropolitano Sur - Oriente,Hospital Padre Alberto Hurtado (San Ramón),San Ramón,114103,13131,14
191,RN egresados que recuperaron LME al alta,14,114103,24311025,13,13131,,19,3,0,Servicio de Salud Metropolitano Sur - Oriente,Hospital Padre Alberto Hurtado (San Ramón),San Ramón,114103,13131,14
192,RN egresados con lactancia mixta al alta,14,114103,24311026,13,13131,,16,4,1,Servicio de Salud Metropolitano Sur - Oriente,Hospital Padre Alberto Hurtado (San Ramón),San Ramón,114103,13131,14
193,RN egresados solo fórmula láctea (excepto VIH/HTLV-1/Ley 21.155/protección),14,114103,24311027,13,13131,,2,2,0,Servicio de Salud Metropolitano Sur - Oriente,Hospital Padre Alberto Hurtado (San Ramón),San Ramón,114103,13131,14
194,RN egresados con madres acogidas a Ley 21.155,14,114103,29101772,13,13131,,2,2,0,Servicio de Salud Metropolitano Sur - Oriente,Hospital Padre Alberto Hurtado (San Ramón),San Ramón,114103,13131,14
195,RN egresados solo fórmula por protección o madre grave,14,114103,24311028,13,13131,,13,0,0,Servicio de Salud Metropolitano Sur - Oriente,Hospital Padre Alberto Hurtado (San Ramón),San Ramón,114103,13131,14
196,Total de recién nacidos/as egresados/as,14,114103,24200134,13,13131,,45,4,7,Servicio de Salud Metropolitano Sur - Oriente,Hospital Padre Alberto Hurtado (San Ramón),San Ramón,114103,13131,14
197,RN egresados que recuperaron LME al alta,14,114103,24311025,13,13131,,30,4,6,Servicio de Salud Metropolitano Sur - Oriente,Hospital Padre Alberto Hurtado (San Ramón),San Ramón,114103,13131,14
198,RN egresados con lactancia mixta al alta,14,114103,24311026,13,13131,,10,0,1,Servicio de Salud Metropolitano Sur - Oriente,Hospital Padre Alberto Hurtado (San Ramón),San Ramón,114103,13131,14
199,Total de recién nacidos/as egresados/as,14,114103,24200134,13,13131,,50,6,5,Servicio de Salud Metropolitano Sur - Oriente,Hospital Padre Alberto Hurtado (San Ramón),San Ramón,114103,13131,14
200,RN egresados que recuperaron LME al alta,14,114103,24311025,13,13131,,26,4,4,Servicio de Salud Metropolitano Sur - Oriente,Hospital Padre Alberto Hurtado (San Ramón),San Ramón,114103,13131,14
201,RN egresados con lactancia mixta al alta,14,114103,24311026,13,13131,,14,2,1,Servicio de Salud Metropolitano Sur - Oriente,Hospital Padre Alberto Hurtado (San Ramón),San Ramón,114103,13131,14
202,RN egresados con madres acogidas a Ley 21.155,14,114103,29101772,13,13131,,1,0,0,Servicio de Salud Metropolitano Sur - Oriente,Hospital Padre Alberto Hurtado (San Ramón),San Ramón,114103,13131,14
203,RN egresados solo fórmula por protección o madre grave,14,114103,24311028,13,13131,,10,0,0,Servicio de Salud Metropolitano Sur - Oriente,Hospital Padre Alberto Hurtado (San Ramón),San Ramón,114103,13131,14
204,RN egresados con madres acogidas a Ley 21.155,14,114103,29101772,13,13131,,2,0,0,Servicio de Salud Metropolitano Sur - Oriente,Hospital Padre Alberto Hurtado (San Ramón),San Ramón,114103,13131,14
205,RN egresados solo fórmula por protección o madre grave,14,114103,24311028,13,13131,,1,0,0,Servicio de Salud Metropolitano Sur - Oriente,Hospital Padre Alberto Hurtado (San Ramón),San Ramón,114103,13131,14
206,Total de recién nacidos/as egresados/as,14,114103,24200134,13,13131,124,59,16,29,Servicio de Salud Metropolitano Sur - Oriente,Hospital Padre Alberto Hurtado (San Ramón),San Ramón,114103,13131,14
207,RN egresados con LME durante hospitalización y al alta,14,114103,24300103,13,13131,52,0,5,10,Servicio de Salud Metropolitano Sur - Oriente,Hospital Padre Alberto Hurtado (San Ramón),San Ramón,114103,13131,14
208,RN egresados que recuperaron LME al alta,14,114103,24311025,13,13131,44,35,5,13,Servicio de Salud Metropolitano Sur - Oriente,Hospital Padre Alberto Hurtado (San Ramón),San Ramón,114103,13131,14
209,RN egresados con lactancia mixta al alta,14,114103,24311026,13,13131,28,18,6,6,Servicio de Salud Metropolitano Sur - Oriente,Hospital Padre Alberto Hurtado (San Ramón),San Ramón,114103,13131,14
210,RN egresados solo fórmula por protección o madre grave,14,114103,24311028,13,13131,0,5,0,0,Servicio de Salud Metropolitano Sur - Oriente,Hospital Padre Alberto Hurtado (San Ramón),San Ramón,114103,13131,14
211,RN egresados que recuperaron LME al alta,14,114103,24311025,13,13131,,23,5,2,Servicio de Salud Metropolitano Sur - Oriente,Hospital Padre Alberto Hurtado (San Ramón),San Ramón,114103,13131,14
212,RN egresados con lactancia mixta al alta,14,114103,24311026,13,13131,,12,2,1,Servicio de Salud Metropolitano Sur - Oriente,Hospital Padre Alberto Hurtado (San Ramón),San Ramón,114103,13131,14
213,RN egresados solo fórmula por protección o madre grave,14,114103,24311028,13,13131,,5,0,0,Servicio de Salud Metropolitano Sur - Oriente,Hospital Padre Alberto Hurtado (San Ramón),San Ramón,114103,13131,14
214,Total de recién nacidos/as egresados/as,14,114103,24200134,13,13131,,41,7,3,Servicio de Salud Metropolitano Sur - Oriente,Hospital Padre Alberto Hurtado (San Ramón),San Ramón,114103,13131,14
215,Total de recién nacidos/as egresados/as,14,114103,24200134,13,13131,,42,4,3,Servicio de Salud Metropolitano Sur - Oriente,Hospital Padre Alberto Hurtado (San Ramón),San Ramón,114103,13131,14
216,RN egresados que recuperaron LME al alta,14,114103,24311025,13,13131,,26,0,3,Servicio de Salud Metropolitano Sur - Oriente,Hospital Padre Alberto Hurtado (San Ramón),San Ramón,114103,13131,14
217,RN egresados con lactancia mixta al alta,14,114103,24311026,13,13131,,7,2,0,Servicio de Salud Metropolitano Sur - Oriente,Hospital Padre Alberto Hurtado (San Ramón),San Ramón,114103,13131,14
218,RN egresados solo fórmula láctea (excepto VIH/HTLV-1/Ley 21.155/protección),14,114103,24311027,13,13131,,1,0,0,Servicio de Salud Metropolitano Sur - Oriente,Hospital Padre Alberto Hurtado (San Ramón),San Ramón,114103,13131,14
219,RN egresados con madres serología positiva (VIH),14,114103,29101770,13,13131,,1,1,0,Servicio de Salud Metropolitano Sur - Oriente,Hospital Padre Alberto Hurtado (San Ramón),San Ramón,114103,13131,14
220,RN egresados solo fórmula por protección o madre grave,14,114103,24311028,13,13131,,5,1,0,Servicio de Salud Metropolitano Sur - Oriente,Hospital Padre Alberto Hurtado (San Ramón),San Ramón,114103,13131,14
221,Total de recién nacidos/as egresados/as,14,114103,24200134,13,13131,168,43,6,4,Servicio de Salud Metropolitano Sur - Oriente,Hospital Padre Alberto Hurtado (San Ramón),San Ramón,114103,13131,14
222,RN egresados con LME durante hospitalización y al alta,14,114103,24300103,13,13131,63,1,4,10,Servicio de Salud Metropolitano Sur - Oriente,Hospital Padre Alberto Hurtado (San Ramón),San Ramón,114103,13131,14
223,RN egresados que recuperaron LME al alta,14,114103,24311025,13,13131,62,25,11,17,Servicio de Salud Metropolitano Sur - Oriente,Hospital Padre Alberto Hurtado (San Ramón),San Ramón,114103,13131,14
224,RN egresados con lactancia mixta al alta,14,114103,24311026,13,13131,24,9,3,3,Servicio de Salud Metropolitano Sur - Oriente,Hospital Padre Alberto Hurtado (San Ramón),San Ramón,114103,13131,14
225,RN egresados solo fórmula láctea (excepto VIH/HTLV-1/Ley 21.155/protección),14,114103,24311027,13,13131,0,1,0,1,Servicio de Salud Metropolitano Sur - Oriente,Hospital Padre Alberto Hurtado (San Ramón),San Ramón,114103,13131,14
226,RN egresados con madres acogidas a Ley 21.155,14,114103,29101772,13,13131,0,2,1,0,Servicio de Salud Metropolitano Sur - Oriente,Hospital Padre Alberto Hurtado (San Ramón),San Ramón,114103,13131,14
227,RN egresados solo fórmula por protección o madre grave,14,114103,24311028,13,13131,0,6,0,0,Servicio de Salud Metropolitano Sur - Oriente,Hospital Padre Alberto Hurtado (San Ramón),San Ramón,114103,13131,14
228,RN egresados con lactancia mixta al alta,14,114103,24311026,13,13131,,16,4,2,Servicio de Salud Metropolitano Sur - Oriente,Hospital Padre Alberto Hurtado (San Ramón),San Ramón,114103,13131,14
229,RN egresados solo fórmula por protección o madre grave,14,114103,24311028,13,13131,,6,0,0,Servicio de Salud Metropolitano Sur - Oriente,Hospital Padre Alberto Hurtado (San Ramón),San Ramón,114103,13131,14
230,Total de recién nacidos/as egresados/as,14,114101,24200134,13,13201,191,88,10,35,Servicio de Salud Metropolitano Sur - Oriente,"Complejo Hospitalario Dr. Sótero del Río (Santiago, Puente Alto)",Puente Alto,114101,13201,14
231,RN egresados con LME durante hospitalización y al alta,14,114101,24300103,13,13201,136,0,4,20,Servicio de Salud Metropolitano Sur - Oriente,"Complejo Hospitalario Dr. Sótero del Río (Santiago, Puente Alto)",Puente Alto,114101,13201,14
232,RN egresados que recuperaron LME al alta,14,114101,24311025,13,13201,7,41,1,6,Servicio de Salud Metropolitano Sur - Oriente,"Complejo Hospitalario Dr. Sótero del Río (Santiago, Puente Alto)",Puente Alto,114101,13201,14
233,RN egresados con lactancia mixta al alta,14,114101,24311026,13,13201,44,36,7,11,Servicio de Salud Metropolitano Sur - Oriente,"Complejo Hospitalario Dr. Sótero del Río (Santiago, Puente Alto)",Puente Alto,114101,13201,14
234,RN egresados solo fórmula láctea (excepto VIH/HTLV-1/Ley 21.155/protección),14,114101,24311027,13,13201,3,0,0,0,Servicio de Salud Metropolitano Sur - Oriente,"Complejo Hospitalario Dr. Sótero del Río (Santiago, Puente Alto)",Puente Alto,114101,13201,14
235,RN egresados con madres acogidas a Ley 21.155,14,114101,29101772,13,13201,1,0,0,0,Servicio de Salud Metropolitano Sur - Oriente,"Complejo Hospitalario Dr. Sótero del Río (Santiago, Puente Alto)",Puente Alto,114101,13201,14
236,Total de recién nacidos/as egresados/as,14,114101,24200134,13,13201,203,95,6,32,Servicio de Salud Metropolitano Sur - Oriente,"Complejo Hospitalario Dr. Sótero del Río (Santiago, Puente Alto)",Puente Alto,114101,13201,14
237,RN egresados con LME durante hospitalización y al alta,14,114101,24300103,13,13201,154,0,1,17,Servicio de Salud Metropolitano Sur - Oriente,"Complejo Hospitalario Dr. Sótero del Río (Santiago, Puente Alto)",Puente Alto,114101,13201,14
238,RN egresados que recuperaron LME al alta,14,114101,24311025,13,13201,7,49,0,6,Servicio de Salud Metropolitano Sur - Oriente,"Complejo Hospitalario Dr. Sótero del Río (Santiago, Puente Alto)",Puente Alto,114101,13201,14
239,RN egresados con lactancia mixta al alta,14,114101,24311026,13,13201,39,32,3,7,Servicio de Salud Metropolitano Sur - Oriente,"Complejo Hospitalario Dr. Sótero del Río (Santiago, Puente Alto)",Puente Alto,114101,13201,14
240,RN egresados con madres serología positiva (VIH),14,114101,29101770,13,13201,2,0,1,0,Servicio de Salud Metropolitano Sur - Oriente,"Complejo Hospitalario Dr. Sótero del Río (Santiago, Puente Alto)",Puente Alto,114101,13201,14
241,RN egresados con madres acogidas a Ley 21.155,14,114101,29101772,13,13201,1,0,0,0,Servicio de Salud Metropolitano Sur - Oriente,"Complejo Hospitalario Dr. Sótero del Río (Santiago, Puente Alto)",Puente Alto,114101,13201,14
242,Total de recién nacidos/as egresados/as,14,114101,24200134,13,13201,169,85,3,31,Servicio de Salud Metropolitano Sur - Oriente,"Complejo Hospitalario Dr. Sótero del Río (Santiago, Puente Alto)",Puente Alto,114101,13201,14
243,RN egresados con LME durante hospitalización y al alta,14,114101,24300103,13,13201,107,0,0,11,Servicio de Salud Metropolitano Sur - Oriente,"Complejo Hospitalario Dr. Sótero del Río (Santiago, Puente Alto)",Puente Alto,114101,13201,14
244,RN egresados que recuperaron LME al alta,14,114101,24311025,13,13201,16,43,0,9,Servicio de Salud Metropolitano Sur - Oriente,"Complejo Hospitalario Dr. Sótero del Río (Santiago, Puente Alto)",Puente Alto,114101,13201,14
245,RN egresados con lactancia mixta al alta,14,114101,24311026,13,13201,38,28,0,8,Servicio de Salud Metropolitano Sur - Oriente,"Complejo Hospitalario Dr. Sótero del Río (Santiago, Puente Alto)",Puente Alto,114101,13201,14
246,RN egresados solo fórmula láctea (excepto VIH/HTLV-1/Ley 21.155/protección),14,114101,24311027,13,13201,7,0,0,1,Servicio de Salud Metropolitano Sur - Oriente,"Complejo Hospitalario Dr. Sótero del Río (Santiago, Puente Alto)",Puente Alto,114101,13201,14
247,RN egresados con madres acogidas a Ley 21.155,14,114101,29101772,13,13201,1,0,0,0,Servicio de Salud Metropolitano Sur - Oriente,"Complejo Hospitalario Dr. Sótero del Río (Santiago, Puente Alto)",Puente Alto,114101,13201,14
248,Total de recién nacidos/as egresados/as,14,114101,24200134,13,13201,159,104,3,26,Servicio de Salud Metropolitano Sur - Oriente,"Complejo Hospitalario Dr. Sótero del Río (Santiago, Puente Alto)",Puente Alto,114101,13201,14
249,RN egresados con LME durante hospitalización y al alta,14,114101,24300103,13,13201,124,0,5,18,Servicio de Salud Metropolitano Sur - Oriente,"Complejo Hospitalario Dr. Sótero del Río (Santiago, Puente Alto)",Puente Alto,114101,13201,14
250,RN egresados que recuperaron LME al alta,14,114101,24311025,13,13201,15,59,0,2,Servicio de Salud Metropolitano Sur - Oriente,"Complejo Hospitalario Dr. Sótero del Río (Santiago, Puente Alto)",Puente Alto,114101,13201,14
251,RN egresados con lactancia mixta al alta,14,114101,24311026,13,13201,22,28,1,5,Servicio de Salud Metropolitano Sur - Oriente,"Complejo Hospitalario Dr. Sótero del Río (Santiago, Puente Alto)",Puente Alto,114101,13201,14
252,RN egresados con madres serología positiva (VIH),14,114101,29101770,13,13201,2,1,0,0,Servicio de Salud Metropolitano Sur - Oriente,"Complejo Hospitalario Dr. Sótero del Río (Santiago, Puente Alto)",Puente Alto,114101,13201,14
253,RN egresados con madres acogidas a Ley 21.155,14,114101,29101772,13,13201,2,0,0,0,Servicio de Salud Metropolitano Sur - Oriente,"Complejo Hospitalario Dr. Sótero del Río (Santiago, Puente Alto)",Puente Alto,114101,13201,14
254,Total de recién nacidos/as egresados/as,14,114101,24200134,13,13201,188,79,0,28,Servicio de Salud Metropolitano Sur - Oriente,"Complejo Hospitalario Dr. Sótero del Río (Santiago, Puente Alto)",Puente Alto,114101,13201,14
255,RN egresados con LME durante hospitalización y al alta,14,114101,24300103,13,13201,128,0,0,17,Servicio de Salud Metropolitano Sur - Oriente,"Complejo Hospitalario Dr. Sótero del Río (Santiago, Puente Alto)",Puente Alto,114101,13201,14
256,RN egresados que recuperaron LME al alta,14,114101,24311025,13,13201,20,33,0,4,Servicio de Salud Metropolitano Sur - Oriente,"Complejo Hospitalario Dr. Sótero del Río (Santiago, Puente Alto)",Puente Alto,114101,13201,14
257,RN egresados con lactancia mixta al alta,14,114101,24311026,13,13201,38,32,0,7,Servicio de Salud Metropolitano Sur - Oriente,"Complejo Hospitalario Dr. Sótero del Río (Santiago, Puente Alto)",Puente Alto,114101,13201,14
258,Total de recién nacidos/as egresados/as,14,114101,24200134,13,13201,165,77,8,24,Servicio de Salud Metropolitano Sur - Oriente,"Complejo Hospitalario Dr. Sótero del Río (Santiago, Puente Alto)",Puente Alto,114101,13201,14
259,RN egresados con LME durante hospitalización y al alta,14,114101,24300103,13,13201,109,0,6,14,Servicio de Salud Metropolitano Sur - Oriente,"Complejo Hospitalario Dr. Sótero del Río (Santiago, Puente Alto)",Puente Alto,114101,13201,14
260,RN egresados que recuperaron LME al alta,14,114101,24311025,13,13201,8,8,0,0,Servicio de Salud Metropolitano Sur - Oriente,"Complejo Hospitalario Dr. Sótero del Río (Santiago, Puente Alto)",Puente Alto,114101,13201,14
261,RN egresados con lactancia mixta al alta,14,114101,24311026,13,13201,45,58,1,7,Servicio de Salud Metropolitano Sur - Oriente,"Complejo Hospitalario Dr. Sótero del Río (Santiago, Puente Alto)",Puente Alto,114101,13201,14
262,RN egresados solo fórmula láctea (excepto VIH/HTLV-1/Ley 21.155/protección),14,114101,24311027,13,13201,0,7,0,1,Servicio de Salud Metropolitano Sur - Oriente,"Complejo Hospitalario Dr. Sótero del Río (Santiago, Puente Alto)",Puente Alto,114101,13201,14
263,RN egresados solo fórmula por protección o madre grave,14,114101,24311028,13,13201,0,7,0,1,Servicio de Salud Metropolitano Sur - Oriente,"Complejo Hospitalario Dr. Sótero del Río (Santiago, Puente Alto)",Puente Alto,114101,13201,14
264,Total de recién nacidos/as egresados/as,14,114101,24200134,13,13201,190,95,5,27,Servicio de Salud Metropolitano Sur - Oriente,"Complejo Hospitalario Dr. Sótero del Río (Santiago, Puente Alto)",Puente Alto,114101,13201,14
265,RN egresados con LME durante hospitalización y al alta,14,114101,24300103,13,13201,98,0,4,13,Servicio de Salud Metropolitano Sur - Oriente,"Complejo Hospitalario Dr. Sótero del Río (Santiago, Puente Alto)",Puente Alto,114101,13201,14
266,RN egresados que recuperaron LME al alta,14,114101,24311025,13,13201,27,53,0,4,Servicio de Salud Metropolitano Sur - Oriente,"Complejo Hospitalario Dr. Sótero del Río (Santiago, Puente Alto)",Puente Alto,114101,13201,14
267,RN egresados con lactancia mixta al alta,14,114101,24311026,13,13201,58,26,1,8,Servicio de Salud Metropolitano Sur - Oriente,"Complejo Hospitalario Dr. Sótero del Río (Santiago, Puente Alto)",Puente Alto,114101,13201,14
268,RN egresados solo fórmula láctea (excepto VIH/HTLV-1/Ley 21.155/protección),14,114101,24311027,13,13201,3,0,0,0,Servicio de Salud Metropolitano Sur - Oriente,"Complejo Hospitalario Dr. Sótero del Río (Santiago, Puente Alto)",Puente Alto,114101,13201,14
269,RN egresados con madres acogidas a Ley 21.155,14,114101,29101772,13,13201,2,0,0,0,Servicio de Salud Metropolitano Sur - Oriente,"Complejo Hospitalario Dr. Sótero del Río (Santiago, Puente Alto)",Puente Alto,114101,13201,14
270,Total de recién nacidos/as egresados/as,14,114101,24200134,13,13201,204,85,0,30,Servicio de Salud Metropolitano Sur - Oriente,"Complejo Hospitalario Dr. Sótero del Río (Santiago, Puente Alto)",Puente Alto,114101,13201,14
271,RN egresados con LME durante hospitalización y al alta,14,114101,24300103,13,13201,147,0,5,16,Servicio de Salud Metropolitano Sur - Oriente,"Complejo Hospitalario Dr. Sótero del Río (Santiago, Puente Alto)",Puente Alto,114101,13201,14
272,RN egresados que recuperaron LME al alta,14,114101,24311025,13,13201,13,20,0,1,Servicio de Salud Metropolitano Sur - Oriente,"Complejo Hospitalario Dr. Sótero del Río (Santiago, Puente Alto)",Puente Alto,114101,13201,14
273,RN egresados con lactancia mixta al alta,14,114101,24311026,13,13201,39,52,0,14,Servicio de Salud Metropolitano Sur - Oriente,"Complejo Hospitalario Dr. Sótero del Río (Santiago, Puente Alto)",Puente Alto,114101,13201,14
274,RN egresados con madres acogidas a Ley 21.155,14,114101,29101772,13,13201,5,0,0,0,Servicio de Salud Metropolitano Sur - Oriente,"Complejo Hospitalario Dr. Sótero del Río (Santiago, Puente Alto)",Puente Alto,114101,13201,14
275,RN egresados con lactancia mixta al alta,11,111100,24311026,13,13101,10,24,0,21,Servicio de Salud Metropolitano Central,Hospital Clínico San Borja Arriarán,Santiago,111100,13101,11
276,RN egresados solo fórmula láctea (excepto VIH/HTLV-1/Ley 21.155/protección),11,111100,24311027,13,13101,0,1,0,1,Servicio de Salud Metropolitano Central,Hospital Clínico San Borja Arriarán,Santiago,111100,13101,11
277,RN egresados con madres serología positiva (VIH),11,111100,29101770,13,13101,0,1,0,1,Servicio de Salud Metropolitano Central,Hospital Clínico San Borja Arriarán,Santiago,111100,13101,11
278,RN egresados con madres acogidas a Ley 21.155,11,111100,29101772,13,13101,2,0,0,2,Servicio de Salud Metropolitano Central,Hospital Clínico San Borja Arriarán,Santiago,111100,13101,11
279,RN egresados solo fórmula por protección o madre grave,11,111100,24311028,13,13101,0,6,0,5,Servicio de Salud Metropolitano Central,Hospital Clínico San Borja Arriarán,Santiago,111100,13101,11
280,Total de recién nacidos/as egresados/as,11,111100,24200134,13,13101,207,51,0,200,Servicio de Salud Metropolitano Central,Hospital Clínico San Borja Arriarán,Santiago,111100,13101,11
281,RN egresados con LME durante hospitalización y al alta,11,111100,24300103,13,13101,114,0,0,89,Servicio de Salud Metropolitano Central,Hospital Clínico San Borja Arriarán,Santiago,111100,13101,11
282,RN egresados que recuperaron LME al alta,11,111100,24311025,13,13101,81,17,0,80,Servicio de Salud Metropolitano Central,Hospital Clínico San Borja Arriarán,Santiago,111100,13101,11
283,Total de recién nacidos/as egresados/as,11,111100,24200134,13,13101,215,59,1,230,Servicio de Salud Metropolitano Central,Hospital Clínico San Borja Arriarán,Santiago,111100,13101,11
284,RN egresados con LME durante hospitalización y al alta,11,111100,24300103,13,13101,139,0,0,117,Servicio de Salud Metropolitano Central,Hospital Clínico San Borja Arriarán,Santiago,111100,13101,11
285,RN egresados que recuperaron LME al alta,11,111100,24311025,13,13101,66,12,1,70,Servicio de Salud Metropolitano Central,Hospital Clínico San Borja Arriarán,Santiago,111100,13101,11
286,RN egresados con lactancia mixta al alta,11,111100,24311026,13,13101,10,40,0,38,Servicio de Salud Metropolitano Central,Hospital Clínico San Borja Arriarán,Santiago,111100,13101,11
287,RN egresados solo fórmula láctea (excepto VIH/HTLV-1/Ley 21.155/protección),11,111100,24311027,13,13101,0,2,0,1,Servicio de Salud Metropolitano Central,Hospital Clínico San Borja Arriarán,Santiago,111100,13101,11
288,RN egresados con madres serología positiva (VIH),11,111100,29101770,13,13101,0,2,0,2,Servicio de Salud Metropolitano Central,Hospital Clínico San Borja Arriarán,Santiago,111100,13101,11
289,RN egresados solo fórmula por protección o madre grave,11,111100,24311028,13,13101,0,1,0,1,Servicio de Salud Metropolitano Central,Hospital Clínico San Borja Arriarán,Santiago,111100,13101,11
290,Total de recién nacidos/as egresados/as,11,111100,24200134,13,13101,204,48,1,190,Servicio de Salud Metropolitano Central,Hospital Clínico San Borja Arriarán,Santiago,111100,13101,11
291,RN egresados con LME durante hospitalización y al alta,11,111100,24300103,13,13101,131,0,0,105,Servicio de Salud Metropolitano Central,Hospital Clínico San Borja Arriarán,Santiago,111100,13101,11
292,RN egresados que recuperaron LME al alta,11,111100,24311025,13,13101,67,17,1,59,Servicio de Salud Metropolitano Central,Hospital Clínico San Borja Arriarán,Santiago,111100,13101,11
293,RN egresados con lactancia mixta al alta,11,111100,24311026,13,13101,4,25,0,21,Servicio de Salud Metropolitano Central,Hospital Clínico San Borja Arriarán,Santiago,111100,13101,11
294,RN egresados solo fórmula láctea (excepto VIH/HTLV-1/Ley 21.155/protección),11,111100,24311027,13,13101,0,2,0,2,Servicio de Salud Metropolitano Central,Hospital Clínico San Borja Arriarán,Santiago,111100,13101,11
295,RN egresados con madres serología positiva (VIH),11,111100,29101770,13,13101,0,1,0,1,Servicio de Salud Metropolitano Central,Hospital Clínico San Borja Arriarán,Santiago,111100,13101,11
296,RN egresados con madres acogidas a Ley 21.155,11,111100,29101772,13,13101,1,0,0,1,Servicio de Salud Metropolitano Central,Hospital Clínico San Borja Arriarán,Santiago,111100,13101,11
297,RN egresados solo fórmula por protección o madre grave,11,111100,24311028,13,13101,1,1,0,1,Servicio de Salud Metropolitano Central,Hospital Clínico San Borja Arriarán,Santiago,111100,13101,11
298,Total de recién nacidos/as egresados/as,11,111100,24200134,13,13101,200,39,1,187,Servicio de Salud Metropolitano Central,Hospital Clínico San Borja Arriarán,Santiago,111100,13101,11
299,RN egresados con LME durante hospitalización y al alta,11,111100,24300103,13,13101,118,0,1,90,Servicio de Salud Metropolitano Central,Hospital Clínico San Borja Arriarán,Santiago,111100,13101,11
300,RN egresados que recuperaron LME al alta,11,111100,24311025,13,13101,75,15,0,68,Servicio de Salud Metropolitano Central,Hospital Clínico San Borja Arriarán,Santiago,111100,13101,11
301,RN egresados con lactancia mixta al alta,11,111100,24311026,13,13101,6,20,0,18,Servicio de Salud Metropolitano Central,Hospital Clínico San Borja Arriarán,Santiago,111100,13101,11
302,RN egresados solo fórmula láctea (excepto VIH/HTLV-1/Ley 21.155/protección),11,111100,24311027,13,13101,1,1,0,2,Servicio de Salud Metropolitano Central,Hospital Clínico San Borja Arriarán,Santiago,111100,13101,11
303,RN egresados con madres serología positiva (VIH),11,111100,29101770,13,13101,0,2,0,1,Servicio de Salud Metropolitano Central,Hospital Clínico San Borja Arriarán,Santiago,111100,13101,11
304,RN egresados solo fórmula por protección o madre grave,11,111100,24311028,13,13101,0,1,0,0,Servicio de Salud Metropolitano Central,Hospital Clínico San Borja Arriarán,Santiago,111100,13101,11
305,Total de recién nacidos/as egresados/as,11,111100,24200134,13,13101,183,60,1,189,Servicio de Salud Metropolitano Central,Hospital Clínico San Borja Arriarán,Santiago,111100,13101,11
306,RN egresados con LME durante hospitalización y al alta,11,111100,24300103,13,13101,112,0,0,92,Servicio de Salud Metropolitano Central,Hospital Clínico San Borja Arriarán,Santiago,111100,13101,11
307,RN egresados que recuperaron LME al alta,11,111100,24311025,13,13101,65,17,1,63,Servicio de Salud Metropolitano Central,Hospital Clínico San Borja Arriarán,Santiago,111100,13101,11
308,RN egresados con lactancia mixta al alta,11,111100,24311026,13,13101,6,34,0,31,Servicio de Salud Metropolitano Central,Hospital Clínico San Borja Arriarán,Santiago,111100,13101,11
309,RN egresados solo fórmula láctea (excepto VIH/HTLV-1/Ley 21.155/protección),11,111100,24311027,13,13101,0,1,0,0,Servicio de Salud Metropolitano Central,Hospital Clínico San Borja Arriarán,Santiago,111100,13101,11
310,RN egresados con madres serología positiva (VIH),11,111100,29101770,13,13101,0,1,0,0,Servicio de Salud Metropolitano Central,Hospital Clínico San Borja Arriarán,Santiago,111100,13101,11
311,RN egresados solo fórmula por protección o madre grave,11,111100,24311028,13,13101,0,6,0,2,Servicio de Salud Metropolitano Central,Hospital Clínico San Borja Arriarán,Santiago,111100,13101,11
312,Total de recién nacidos/as egresados/as,11,111100,24200134,13,13101,190,54,2,172,Servicio de Salud Metropolitano Central,Hospital Clínico San Borja Arriarán,Santiago,111100,13101,11
313,RN egresados con LME durante hospitalización y al alta,11,111100,24300103,13,13101,115,0,1,89,Servicio de Salud Metropolitano Central,Hospital Clínico San Borja Arriarán,Santiago,111100,13101,11
314,RN egresados que recuperaron LME al alta,11,111100,24311025,13,13101,64,13,1,54,Servicio de Salud Metropolitano Central,Hospital Clínico San Borja Arriarán,Santiago,111100,13101,11
315,RN egresados con lactancia mixta al alta,11,111100,24311026,13,13101,10,32,0,27,Servicio de Salud Metropolitano Central,Hospital Clínico San Borja Arriarán,Santiago,111100,13101,11
316,RN egresados solo fórmula por protección o madre grave,11,111100,24311028,13,13101,1,7,0,1,Servicio de Salud Metropolitano Central,Hospital Clínico San Borja Arriarán,Santiago,111100,13101,11
317,Total de recién nacidos/as egresados/as,11,111100,24200134,13,13101,198,44,1,181,Servicio de Salud Metropolitano Central,Hospital Clínico San Borja Arriarán,Santiago,111100,13101,11
318,RN egresados con LME durante hospitalización y al alta,11,111100,24300103,13,13101,117,0,1,92,Servicio de Salud Metropolitano Central,Hospital Clínico San Borja Arriarán,Santiago,111100,13101,11
319,RN egresados que recuperaron LME al alta,11,111100,24311025,13,13101,72,12,0,64,Servicio de Salud Metropolitano Central,Hospital Clínico San Borja Arriarán,Santiago,111100,13101,11
320,RN egresados con lactancia mixta al alta,11,111100,24311026,13,13101,8,27,0,24,Servicio de Salud Metropolitano Central,Hospital Clínico San Borja Arriarán,Santiago,111100,13101,11
321,RN egresados solo fórmula láctea (excepto VIH/HTLV-1/Ley 21.155/protección),11,111100,24311027,13,13101,0,3,0,1,Servicio de Salud Metropolitano Central,Hospital Clínico San Borja Arriarán,Santiago,111100,13101,11
322,RN egresados con madres acogidas a Ley 21.155,11,111100,29101772,13,13101,1,0,0,0,Servicio de Salud Metropolitano Central,Hospital Clínico San Borja Arriarán,Santiago,111100,13101,11
323,RN egresados solo fórmula por protección o madre grave,11,111100,24311028,13,13101,0,1,0,0,Servicio de Salud Metropolitano Central,Hospital Clínico San Borja Arriarán,Santiago,111100,13101,11
324,Total de recién nacidos/as egresados/as,11,111100,24200134,13,13101,229,50,0,205,Servicio de Salud Metropolitano Central,Hospital Clínico San Borja Arriarán,Santiago,111100,13101,11
325,RN egresados con LME durante hospitalización y al alta,11,111100,24300103,13,13101,119,0,0,92,Servicio de Salud Metropolitano Central,Hospital Clínico San Borja Arriarán,Santiago,111100,13101,11
326,RN egresados que recuperaron LME al alta,11,111100,24311025,13,13101,96,11,0,78,Servicio de Salud Metropolitano Central,Hospital Clínico San Borja Arriarán,Santiago,111100,13101,11
327,RN egresados con lactancia mixta al alta,11,111100,24311026,13,13101,13,31,0,30,Servicio de Salud Metropolitano Central,Hospital Clínico San Borja Arriarán,Santiago,111100,13101,11
328,RN egresados solo fórmula láctea (excepto VIH/HTLV-1/Ley 21.155/protección),11,111100,24311027,13,13101,0,1,0,1,Servicio de Salud Metropolitano Central,Hospital Clínico San Borja Arriarán,Santiago,111100,13101,11
329,RN egresados con madres serología positiva (VIH),11,111100,29101770,13,13101,0,1,0,1,Servicio de Salud Metropolitano Central,Hospital Clínico San Borja Arriarán,Santiago,111100,13101,11
330,RN egresados con madres acogidas a Ley 21.155,11,111100,29101772,13,13101,1,0,0,0,Servicio de Salud Metropolitano Central,Hospital Clínico San Borja Arriarán,Santiago,111100,13101,11
331,RN egresados solo fórmula por protección o madre grave,11,111100,24311028,13,13101,0,2,0,2,Servicio de Salud Metropolitano Central,Hospital Clínico San Borja Arriarán,Santiago,111100,13101,11
332,Total de recién nacidos/as egresados/as,11,111101,24200134,13,13119,127,38,5,29,Servicio de Salud Metropolitano Central,Hospital Clínico Metropolitano El Carmen Doctor Luis Valentín Ferrada,Maipú,111101,13119,11
333,RN egresados con LME durante hospitalización y al alta,11,111101,24300103,13,13119,104,,5,22,Servicio de Salud Metropolitano Central,Hospital Clínico Metropolitano El Carmen Doctor Luis Valentín Ferrada,Maipú,111101,13119,11
334,RN egresados que recuperaron LME al alta,11,111101,24311025,13,13119,14,8,0,5,Servicio de Salud Metropolitano Central,Hospital Clínico Metropolitano El Carmen Doctor Luis Valentín Ferrada,Maipú,111101,13119,11
335,RN egresados con lactancia mixta al alta,11,111101,24311026,13,13119,7,29,0,2,Servicio de Salud Metropolitano Central,Hospital Clínico Metropolitano El Carmen Doctor Luis Valentín Ferrada,Maipú,111101,13119,11
336,RN egresados solo fórmula láctea (excepto VIH/HTLV-1/Ley 21.155/protección),11,111101,24311027,13,13119,2,0,0,0,Servicio de Salud Metropolitano Central,Hospital Clínico Metropolitano El Carmen Doctor Luis Valentín Ferrada,Maipú,111101,13119,11
337,RN egresados solo fórmula por protección o madre grave,11,111101,24311028,13,13119,,1,0,0,Servicio de Salud Metropolitano Central,Hospital Clínico Metropolitano El Carmen Doctor Luis Valentín Ferrada,Maipú,111101,13119,11
338,Total de recién nacidos/as egresados/as,11,111101,24200134,13,13119,172,47,16,36,Servicio de Salud Metropolitano Central,Hospital Clínico Metropolitano El Carmen Doctor Luis Valentín Ferrada,Maipú,111101,13119,11
339,RN egresados con LME durante hospitalización y al alta,11,111101,24300103,13,13119,122,,13,34,Servicio de Salud Metropolitano Central,Hospital Clínico Metropolitano El Carmen Doctor Luis Valentín Ferrada,Maipú,111101,13119,11
340,RN egresados que recuperaron LME al alta,11,111101,24311025,13,13119,22,11,2,2,Servicio de Salud Metropolitano Central,Hospital Clínico Metropolitano El Carmen Doctor Luis Valentín Ferrada,Maipú,111101,13119,11
341,RN egresados con lactancia mixta al alta,11,111101,24311026,13,13119,24,30,1,0,Servicio de Salud Metropolitano Central,Hospital Clínico Metropolitano El Carmen Doctor Luis Valentín Ferrada,Maipú,111101,13119,11
342,RN egresados solo fórmula láctea (excepto VIH/HTLV-1/Ley 21.155/protección),11,111101,24311027,13,13119,1,5,0,0,Servicio de Salud Metropolitano Central,Hospital Clínico Metropolitano El Carmen Doctor Luis Valentín Ferrada,Maipú,111101,13119,11
343,RN egresados con madres acogidas a Ley 21.155,11,111101,29101772,13,13119,3,,0,0,Servicio de Salud Metropolitano Central,Hospital Clínico Metropolitano El Carmen Doctor Luis Valentín Ferrada,Maipú,111101,13119,11
344,RN egresados solo fórmula por protección o madre grave,11,111101,24311028,13,13119,,1,0,0,Servicio de Salud Metropolitano Central,Hospital Clínico Metropolitano El Carmen Doctor Luis Valentín Ferrada,Maipú,111101,13119,11
345,Total de recién nacidos/as egresados/as,11,111101,24200134,13,13119,167,30,14,36,Servicio de Salud Metropolitano Central,Hospital Clínico Metropolitano El Carmen Doctor Luis Valentín Ferrada,Maipú,111101,13119,11
346,RN egresados con LME durante hospitalización y al alta,11,111101,24300103,13,13119,125,0,10,25,Servicio de Salud Metropolitano Central,Hospital Clínico Metropolitano El Carmen Doctor Luis Valentín Ferrada,Maipú,111101,13119,11
347,RN egresados que recuperaron LME al alta,11,111101,24311025,13,13119,12,3,2,3,Servicio de Salud Metropolitano Central,Hospital Clínico Metropolitano El Carmen Doctor Luis Valentín Ferrada,Maipú,111101,13119,11
348,RN egresados con lactancia mixta al alta,11,111101,24311026,13,13119,29,27,1,8,Servicio de Salud Metropolitano Central,Hospital Clínico Metropolitano El Carmen Doctor Luis Valentín Ferrada,Maipú,111101,13119,11
349,RN egresados solo fórmula láctea (excepto VIH/HTLV-1/Ley 21.155/protección),11,111101,24311027,13,13119,1,0,1,0,Servicio de Salud Metropolitano Central,Hospital Clínico Metropolitano El Carmen Doctor Luis Valentín Ferrada,Maipú,111101,13119,11
350,Total de recién nacidos/as egresados/as,11,111101,24200134,13,13119,139,47,5,37,Servicio de Salud Metropolitano Central,Hospital Clínico Metropolitano El Carmen Doctor Luis Valentín Ferrada,Maipú,111101,13119,11
351,RN egresados con LME durante hospitalización y al alta,11,111101,24300103,13,13119,103,,4,27,Servicio de Salud Metropolitano Central,Hospital Clínico Metropolitano El Carmen Doctor Luis Valentín Ferrada,Maipú,111101,13119,11
352,RN egresados que recuperaron LME al alta,11,111101,24311025,13,13119,12,11,0,5,Servicio de Salud Metropolitano Central,Hospital Clínico Metropolitano El Carmen Doctor Luis Valentín Ferrada,Maipú,111101,13119,11
353,RN egresados con lactancia mixta al alta,11,111101,24311026,13,13119,20,31,1,5,Servicio de Salud Metropolitano Central,Hospital Clínico Metropolitano El Carmen Doctor Luis Valentín Ferrada,Maipú,111101,13119,11
354,RN egresados solo fórmula láctea (excepto VIH/HTLV-1/Ley 21.155/protección),11,111101,24311027,13,13119,3,1,0,0,Servicio de Salud Metropolitano Central,Hospital Clínico Metropolitano El Carmen Doctor Luis Valentín Ferrada,Maipú,111101,13119,11
355,RN egresados con madres acogidas a Ley 21.155,11,111101,29101772,13,13119,1,0,0,0,Servicio de Salud Metropolitano Central,Hospital Clínico Metropolitano El Carmen Doctor Luis Valentín Ferrada,Maipú,111101,13119,11
356,RN egresados solo fórmula por protección o madre grave,11,111101,24311028,13,13119,,4,0,0,Servicio de Salud Metropolitano Central,Hospital Clínico Metropolitano El Carmen Doctor Luis Valentín Ferrada,Maipú,111101,13119,11
357,Total de recién nacidos/as egresados/as,11,111101,24200134,13,13119,148,36,10,37,Servicio de Salud Metropolitano Central,Hospital Clínico Metropolitano El Carmen Doctor Luis Valentín Ferrada,Maipú,111101,13119,11
358,RN egresados con LME durante hospitalización y al alta,11,111101,24300103,13,13119,119,,6,32,Servicio de Salud Metropolitano Central,Hospital Clínico Metropolitano El Carmen Doctor Luis Valentín Ferrada,Maipú,111101,13119,11
359,RN egresados que recuperaron LME al alta,11,111101,24311025,13,13119,6,4,0,2,Servicio de Salud Metropolitano Central,Hospital Clínico Metropolitano El Carmen Doctor Luis Valentín Ferrada,Maipú,111101,13119,11
360,RN egresados con lactancia mixta al alta,11,111101,24311026,13,13119,22,30,3,3,Servicio de Salud Metropolitano Central,Hospital Clínico Metropolitano El Carmen Doctor Luis Valentín Ferrada,Maipú,111101,13119,11
361,RN egresados solo fórmula láctea (excepto VIH/HTLV-1/Ley 21.155/protección),11,111101,24311027,13,13119,1,2,1,0,Servicio de Salud Metropolitano Central,Hospital Clínico Metropolitano El Carmen Doctor Luis Valentín Ferrada,Maipú,111101,13119,11
362,RN egresados con LME durante hospitalización y al alta,11,111101,24300103,13,13119,115,0,7,35,Servicio de Salud Metropolitano Central,Hospital Clínico Metropolitano El Carmen Doctor Luis Valentín Ferrada,Maipú,111101,13119,11
363,RN egresados que recuperaron LME al alta,11,111101,24311025,13,13119,14,2,1,3,Servicio de Salud Metropolitano Central,Hospital Clínico Metropolitano El Carmen Doctor Luis Valentín Ferrada,Maipú,111101,13119,11
364,RN egresados con lactancia mixta al alta,11,111101,24311026,13,13119,21,34,1,8,Servicio de Salud Metropolitano Central,Hospital Clínico Metropolitano El Carmen Doctor Luis Valentín Ferrada,Maipú,111101,13119,11
365,RN egresados solo fórmula láctea (excepto VIH/HTLV-1/Ley 21.155/protección),11,111101,24311027,13,13119,4,0,0,2,Servicio de Salud Metropolitano Central,Hospital Clínico Metropolitano El Carmen Doctor Luis Valentín Ferrada,Maipú,111101,13119,11
366,RN egresados solo fórmula por protección o madre grave,11,111101,24311028,13,13119,0,8,0,0,Servicio de Salud Metropolitano Central,Hospital Clínico Metropolitano El Carmen Doctor Luis Valentín Ferrada,Maipú,111101,13119,11
367,Total de recién nacidos/as egresados/as,11,111101,24200134,13,13119,154,44,9,48,Servicio de Salud Metropolitano Central,Hospital Clínico Metropolitano El Carmen Doctor Luis Valentín Ferrada,Maipú,111101,13119,11
368,Total de recién nacidos/as egresados/as,11,111101,24200134,13,13119,139,58,10,59,Servicio de Salud Metropolitano Central,Hospital Clínico Metropolitano El Carmen Doctor Luis Valentín Ferrada,Maipú,111101,13119,11
369,RN egresados con LME durante hospitalización y al alta,11,111101,24300103,13,13119,100,0,9,31,Servicio de Salud Metropolitano Central,Hospital Clínico Metropolitano El Carmen Doctor Luis Valentín Ferrada,Maipú,111101,13119,11
370,RN egresados que recuperaron LME al alta,11,111101,24311025,13,13119,10,4,0,6,Servicio de Salud Metropolitano Central,Hospital Clínico Metropolitano El Carmen Doctor Luis Valentín Ferrada,Maipú,111101,13119,11
371,RN egresados con lactancia mixta al alta,11,111101,24311026,13,13119,27,50,1,22,Servicio de Salud Metropolitano Central,Hospital Clínico Metropolitano El Carmen Doctor Luis Valentín Ferrada,Maipú,111101,13119,11
372,RN egresados solo fórmula láctea (excepto VIH/HTLV-1/Ley 21.155/protección),11,111101,24311027,13,13119,2,3,0,0,Servicio de Salud Metropolitano Central,Hospital Clínico Metropolitano El Carmen Doctor Luis Valentín Ferrada,Maipú,111101,13119,11
373,RN egresados solo fórmula por protección o madre grave,11,111101,24311028,13,13119,0,1,0,0,Servicio de Salud Metropolitano Central,Hospital Clínico Metropolitano El Carmen Doctor Luis Valentín Ferrada,Maipú,111101,13119,11
374,Total de recién nacidos/as egresados/as,11,111101,24200134,13,13119,148,44,5,38,Servicio de Salud Metropolitano Central,Hospital Clínico Metropolitano El Carmen Doctor Luis Valentín Ferrada,Maipú,111101,13119,11
375,RN egresados con LME durante hospitalización y al alta,11,111101,24300103,13,13119,114,0,2,33,Servicio de Salud Metropolitano Central,Hospital Clínico Metropolitano El Carmen Doctor Luis Valentín Ferrada,Maipú,111101,13119,11
376,RN egresados que recuperaron LME al alta,11,111101,24311025,13,13119,13,1,1,0,Servicio de Salud Metropolitano Central,Hospital Clínico Metropolitano El Carmen Doctor Luis Valentín Ferrada,Maipú,111101,13119,11
377,RN egresados con lactancia mixta al alta,11,111101,24311026,13,13119,16,41,1,5,Servicio de Salud Metropolitano Central,Hospital Clínico Metropolitano El Carmen Doctor Luis Valentín Ferrada,Maipú,111101,13119,11
378,RN egresados solo fórmula láctea (excepto VIH/HTLV-1/Ley 21.155/protección),11,111101,24311027,13,13119,3,0,1,0,Servicio de Salud Metropolitano Central,Hospital Clínico Metropolitano El Carmen Doctor Luis Valentín Ferrada,Maipú,111101,13119,11
379,RN egresados con madres acogidas a Ley 21.155,11,111101,29101772,13,13119,2,0,0,0,Servicio de Salud Metropolitano Central,Hospital Clínico Metropolitano El Carmen Doctor Luis Valentín Ferrada,Maipú,111101,13119,11
380,RN egresados solo fórmula por protección o madre grave,11,111101,24311028,13,13119,0,2,0,0,Servicio de Salud Metropolitano Central,Hospital Clínico Metropolitano El Carmen Doctor Luis Valentín Ferrada,Maipú,111101,13119,11
381,RN egresados solo fórmula por protección o madre grave,14,114105,24311028,13,13110,0,2,0,0,Servicio de Salud Metropolitano Sur - Oriente,Hospital Clínico Metropolitano La Florida Dra. Eloísa Díaz Insunza,La Florida,114105,13110,14
382,Total de recién nacidos/as egresados/as,14,114105,24200134,13,13110,143,34,2,34,Servicio de Salud Metropolitano Sur - Oriente,Hospital Clínico Metropolitano La Florida Dra. Eloísa Díaz Insunza,La Florida,114105,13110,14
383,RN egresados con LME durante hospitalización y al alta,14,114105,24300103,13,13110,107,15,1,20,Servicio de Salud Metropolitano Sur - Oriente,Hospital Clínico Metropolitano La Florida Dra. Eloísa Díaz Insunza,La Florida,114105,13110,14
384,RN egresados que recuperaron LME al alta,14,114105,24311025,13,13110,0,15,0,2,Servicio de Salud Metropolitano Sur - Oriente,Hospital Clínico Metropolitano La Florida Dra. Eloísa Díaz Insunza,La Florida,114105,13110,14
385,RN egresados con lactancia mixta al alta,14,114105,24311026,13,13110,33,19,1,13,Servicio de Salud Metropolitano Sur - Oriente,Hospital Clínico Metropolitano La Florida Dra. Eloísa Díaz Insunza,La Florida,114105,13110,14
386,RN egresados solo fórmula láctea (excepto VIH/HTLV-1/Ley 21.155/protección),14,114105,24311027,13,13110,0,3,0,0,Servicio de Salud Metropolitano Sur - Oriente,Hospital Clínico Metropolitano La Florida Dra. Eloísa Díaz Insunza,La Florida,114105,13110,14
387,RN egresados con madres serología positiva (VIH),14,114105,29101770,13,13110,2,0,0,0,Servicio de Salud Metropolitano Sur - Oriente,Hospital Clínico Metropolitano La Florida Dra. Eloísa Díaz Insunza,La Florida,114105,13110,14
388,RN egresados con madres acogidas a Ley 21.155,14,114105,29101772,13,13110,1,0,0,0,Servicio de Salud Metropolitano Sur - Oriente,Hospital Clínico Metropolitano La Florida Dra. Eloísa Díaz Insunza,La Florida,114105,13110,14
389,RN egresados solo fórmula por protección o madre grave,14,114105,24311028,13,13110,0,3,0,0,Servicio de Salud Metropolitano Sur - Oriente,Hospital Clínico Metropolitano La Florida Dra. Eloísa Díaz Insunza,La Florida,114105,13110,14
390,RN egresados con madres serología positiva (VIH),14,114105,29101770,13,13110,1,0,0,0,Servicio de Salud Metropolitano Sur - Oriente,Hospital Clínico Metropolitano La Florida Dra. Eloísa Díaz Insunza,La Florida,114105,13110,14
391,RN egresados con madres acogidas a Ley 21.155,14,114105,29101772,13,13110,1,2,0,0,Servicio de Salud Metropolitano Sur - Oriente,Hospital Clínico Metropolitano La Florida Dra. Eloísa Díaz Insunza,La Florida,114105,13110,14
392,RN egresados solo fórmula por protección o madre grave,14,114105,24311028,13,13110,0,3,0,0,Servicio de Salud Metropolitano Sur - Oriente,Hospital Clínico Metropolitano La Florida Dra. Eloísa Díaz Insunza,La Florida,114105,13110,14
393,Total de recién nacidos/as egresados/as,14,114105,24200134,13,13110,150,36,4,54,Servicio de Salud Metropolitano Sur - Oriente,Hospital Clínico Metropolitano La Florida Dra. Eloísa Díaz Insunza,La Florida,114105,13110,14
394,RN egresados con LME durante hospitalización y al alta,14,114105,24300103,13,13110,124,0,4,29,Servicio de Salud Metropolitano Sur - Oriente,Hospital Clínico Metropolitano La Florida Dra. Eloísa Díaz Insunza,La Florida,114105,13110,14
395,RN egresados que recuperaron LME al alta,14,114105,24311025,13,13110,124,15,4,36,Servicio de Salud Metropolitano Sur - Oriente,Hospital Clínico Metropolitano La Florida Dra. Eloísa Díaz Insunza,La Florida,114105,13110,14
396,RN egresados con lactancia mixta al alta,14,114105,24311026,13,13110,25,16,0,8,Servicio de Salud Metropolitano Sur - Oriente,Hospital Clínico Metropolitano La Florida Dra. Eloísa Díaz Insunza,La Florida,114105,13110,14
397,RN egresados solo fórmula láctea (excepto VIH/HTLV-1/Ley 21.155/protección),14,114105,24311027,13,13110,1,0,0,0,Servicio de Salud Metropolitano Sur - Oriente,Hospital Clínico Metropolitano La Florida Dra. Eloísa Díaz Insunza,La Florida,114105,13110,14
398,RN egresados solo fórmula por protección o madre grave,14,114105,24311028,13,13110,0,5,0,0,Servicio de Salud Metropolitano Sur - Oriente,Hospital Clínico Metropolitano La Florida Dra. Eloísa Díaz Insunza,La Florida,114105,13110,14
399,Total de recién nacidos/as egresados/as,14,114105,24200134,13,13110,149,33,4,41,Servicio de Salud Metropolitano Sur - Oriente,Hospital Clínico Metropolitano La Florida Dra. Eloísa Díaz Insunza,La Florida,114105,13110,14
400,RN egresados con LME durante hospitalización y al alta,14,114105,24300103,13,13110,116,13,2,25,Servicio de Salud Metropolitano Sur - Oriente,Hospital Clínico Metropolitano La Florida Dra. Eloísa Díaz Insunza,La Florida,114105,13110,14
401,RN egresados que recuperaron LME al alta,14,114105,24311025,13,13110,0,13,0,3,Servicio de Salud Metropolitano Sur - Oriente,Hospital Clínico Metropolitano La Florida Dra. Eloísa Díaz Insunza,La Florida,114105,13110,14
402,RN egresados con lactancia mixta al alta,14,114105,24311026,13,13110,33,20,2,16,Servicio de Salud Metropolitano Sur - Oriente,Hospital Clínico Metropolitano La Florida Dra. Eloísa Díaz Insunza,La Florida,114105,13110,14
403,RN egresados solo fórmula láctea (excepto VIH/HTLV-1/Ley 21.155/protección),14,114105,24311027,13,13110,0,1,0,1,Servicio de Salud Metropolitano Sur - Oriente,Hospital Clínico Metropolitano La Florida Dra. Eloísa Díaz Insunza,La Florida,114105,13110,14
404,RN egresados con madres serología positiva (VIH),14,114105,29101770,13,13110,0,1,0,1,Servicio de Salud Metropolitano Sur - Oriente,Hospital Clínico Metropolitano La Florida Dra. Eloísa Díaz Insunza,La Florida,114105,13110,14
405,RN egresados con madres acogidas a Ley 21.155,14,114105,29101772,13,13110,0,1,0,0,Servicio de Salud Metropolitano Sur - Oriente,Hospital Clínico Metropolitano La Florida Dra. Eloísa Díaz Insunza,La Florida,114105,13110,14
406,Total de recién nacidos/as egresados/as,14,114105,24200134,13,13110,152,33,5,44,Servicio de Salud Metropolitano Sur - Oriente,Hospital Clínico Metropolitano La Florida Dra. Eloísa Díaz Insunza,La Florida,114105,13110,14
407,RN egresados con LME durante hospitalización y al alta,14,114105,24300103,13,13110,114,13,5,31,Servicio de Salud Metropolitano Sur - Oriente,Hospital Clínico Metropolitano La Florida Dra. Eloísa Díaz Insunza,La Florida,114105,13110,14
408,RN egresados que recuperaron LME al alta,14,114105,24311025,13,13110,0,13,0,3,Servicio de Salud Metropolitano Sur - Oriente,Hospital Clínico Metropolitano La Florida Dra. Eloísa Díaz Insunza,La Florida,114105,13110,14
409,RN egresados con lactancia mixta al alta,14,114105,24311026,13,13110,38,20,0,13,Servicio de Salud Metropolitano Sur - Oriente,Hospital Clínico Metropolitano La Florida Dra. Eloísa Díaz Insunza,La Florida,114105,13110,14
410,RN egresados solo fórmula láctea (excepto VIH/HTLV-1/Ley 21.155/protección),14,114105,24311027,13,13110,0,1,0,1,Servicio de Salud Metropolitano Sur - Oriente,Hospital Clínico Metropolitano La Florida Dra. Eloísa Díaz Insunza,La Florida,114105,13110,14
411,RN egresados con madres serología positiva (VIH),14,114105,29101770,13,13110,0,1,0,1,Servicio de Salud Metropolitano Sur - Oriente,Hospital Clínico Metropolitano La Florida Dra. Eloísa Díaz Insunza,La Florida,114105,13110,14
412,RN egresados con madres acogidas a Ley 21.155,14,114105,29101772,13,13110,0,1,0,0,Servicio de Salud Metropolitano Sur - Oriente,Hospital Clínico Metropolitano La Florida Dra. Eloísa Díaz Insunza,La Florida,114105,13110,14
413,RN egresados solo fórmula por protección o madre grave,14,114105,24311028,13,13110,0,2,0,0,Servicio de Salud Metropolitano Sur - Oriente,Hospital Clínico Metropolitano La Florida Dra. Eloísa Díaz Insunza,La Florida,114105,13110,14
414,Total de recién nacidos/as egresados/as,14,114105,24200134,13,13110,158,29,2,40,Servicio de Salud Metropolitano Sur - Oriente,Hospital Clínico Metropolitano La Florida Dra. Eloísa Díaz Insunza,La Florida,114105,13110,14
415,RN egresados con LME durante hospitalización y al alta,14,114105,24300103,13,13110,130,0,2,27,Servicio de Salud Metropolitano Sur - Oriente,Hospital Clínico Metropolitano La Florida Dra. Eloísa Díaz Insunza,La Florida,114105,13110,14
416,RN egresados que recuperaron LME al alta,14,114105,24311025,13,13110,0,10,0,4,Servicio de Salud Metropolitano Sur - Oriente,Hospital Clínico Metropolitano La Florida Dra. Eloísa Díaz Insunza,La Florida,114105,13110,14
417,RN egresados con lactancia mixta al alta,14,114105,24311026,13,13110,27,11,0,9,Servicio de Salud Metropolitano Sur - Oriente,Hospital Clínico Metropolitano La Florida Dra. Eloísa Díaz Insunza,La Florida,114105,13110,14
418,RN egresados solo fórmula láctea (excepto VIH/HTLV-1/Ley 21.155/protección),14,114105,24311027,13,13110,0,1,0,0,Servicio de Salud Metropolitano Sur - Oriente,Hospital Clínico Metropolitano La Florida Dra. Eloísa Díaz Insunza,La Florida,114105,13110,14
419,RN egresados solo fórmula por protección o madre grave,14,114105,24311028,13,13110,1,2,0,0,Servicio de Salud Metropolitano Sur - Oriente,Hospital Clínico Metropolitano La Florida Dra. Eloísa Díaz Insunza,La Florida,114105,13110,14
420,Total de recién nacidos/as egresados/as,14,114105,24200134,13,13110,147,19,7,38,Servicio de Salud Metropolitano Sur - Oriente,Hospital Clínico Metropolitano La Florida Dra. Eloísa Díaz Insunza,La Florida,114105,13110,14
421,RN egresados con LME durante hospitalización y al alta,14,114105,24300103,13,13110,105,5,4,25,Servicio de Salud Metropolitano Sur - Oriente,Hospital Clínico Metropolitano La Florida Dra. Eloísa Díaz Insunza,La Florida,114105,13110,14
422,RN egresados que recuperaron LME al alta,14,114105,24311025,13,13110,0,5,0,1,Servicio de Salud Metropolitano Sur - Oriente,Hospital Clínico Metropolitano La Florida Dra. Eloísa Díaz Insunza,La Florida,114105,13110,14
423,RN egresados con lactancia mixta al alta,14,114105,24311026,13,13110,41,11,3,9,Servicio de Salud Metropolitano Sur - Oriente,Hospital Clínico Metropolitano La Florida Dra. Eloísa Díaz Insunza,La Florida,114105,13110,14
424,RN egresados con madres serología positiva (VIH),14,114105,29101770,13,13110,1,0,0,0,Servicio de Salud Metropolitano Sur - Oriente,Hospital Clínico Metropolitano La Florida Dra. Eloísa Díaz Insunza,La Florida,114105,13110,14
425,RN egresados solo fórmula por protección o madre grave,14,114105,24311028,13,13110,0,3,0,0,Servicio de Salud Metropolitano Sur - Oriente,Hospital Clínico Metropolitano La Florida Dra. Eloísa Díaz Insunza,La Florida,114105,13110,14
426,Total de recién nacidos/as egresados/as,14,114105,24200134,13,13110,160,26,5,29,Servicio de Salud Metropolitano Sur - Oriente,Hospital Clínico Metropolitano La Florida Dra. Eloísa Díaz Insunza,La Florida,114105,13110,14
427,RN egresados con LME durante hospitalización y al alta,14,114105,24300103,13,13110,97,7,1,16,Servicio de Salud Metropolitano Sur - Oriente,Hospital Clínico Metropolitano La Florida Dra. Eloísa Díaz Insunza,La Florida,114105,13110,14
428,RN egresados que recuperaron LME al alta,14,114105,24311025,13,13110,0,7,0,1,Servicio de Salud Metropolitano Sur - Oriente,Hospital Clínico Metropolitano La Florida Dra. Eloísa Díaz Insunza,La Florida,114105,13110,14
429,RN egresados con lactancia mixta al alta,14,114105,24311026,13,13110,63,18,4,12,Servicio de Salud Metropolitano Sur - Oriente,Hospital Clínico Metropolitano La Florida Dra. Eloísa Díaz Insunza,La Florida,114105,13110,14
430,RN egresados solo fórmula láctea (excepto VIH/HTLV-1/Ley 21.155/protección),14,114105,24311027,13,13110,0,2,0,1,Servicio de Salud Metropolitano Sur - Oriente,Hospital Clínico Metropolitano La Florida Dra. Eloísa Díaz Insunza,La Florida,114105,13110,14
431,RN egresados solo fórmula por protección o madre grave,14,114105,24311028,13,13110,0,2,0,0,Servicio de Salud Metropolitano Sur - Oriente,Hospital Clínico Metropolitano La Florida Dra. Eloísa Díaz Insunza,La Florida,114105,13110,14
432,Total de recién nacidos/as egresados/as,14,114105,24200134,13,13110,164,34,4,43,Servicio de Salud Metropolitano Sur - Oriente,Hospital Clínico Metropolitano La Florida Dra. Eloísa Díaz Insunza,La Florida,114105,13110,14
433,RN egresados con LME durante hospitalización y al alta,14,114105,24300103,13,13110,127,0,2,29,Servicio de Salud Metropolitano Sur - Oriente,Hospital Clínico Metropolitano La Florida Dra. Eloísa Díaz Insunza,La Florida,114105,13110,14
434,RN egresados que recuperaron LME al alta,14,114105,24311025,13,13110,0,18,0,1,Servicio de Salud Metropolitano Sur - Oriente,Hospital Clínico Metropolitano La Florida Dra. Eloísa Díaz Insunza,La Florida,114105,13110,14
435,RN egresados con lactancia mixta al alta,14,114105,24311026,13,13110,35,10,0,11,Servicio de Salud Metropolitano Sur - Oriente,Hospital Clínico Metropolitano La Florida Dra. Eloísa Díaz Insunza,La Florida,114105,13110,14
436,Total de recién nacidos/as egresados/as,12,112101,24200134,13,13122,218,74,10,0,Servicio de Salud Metropolitano Oriente,"Hospital Dr. Luis Tisné B. (Santiago, Peñalolén)",Peñalolén,112101,13122,12
437,RN egresados con LME durante hospitalización y al alta,12,112101,24300103,13,13122,165,4,7,0,Servicio de Salud Metropolitano Oriente,"Hospital Dr. Luis Tisné B. (Santiago, Peñalolén)",Peñalolén,112101,13122,12
438,RN egresados que recuperaron LME al alta,12,112101,24311025,13,13122,0,21,0,0,Servicio de Salud Metropolitano Oriente,"Hospital Dr. Luis Tisné B. (Santiago, Peñalolén)",Peñalolén,112101,13122,12
439,RN egresados con lactancia mixta al alta,12,112101,24311026,13,13122,18,45,0,0,Servicio de Salud Metropolitano Oriente,"Hospital Dr. Luis Tisné B. (Santiago, Peñalolén)",Peñalolén,112101,13122,12
440,RN egresados con madres serología positiva (VIH),12,112101,29101770,13,13122,1,0,0,0,Servicio de Salud Metropolitano Oriente,"Hospital Dr. Luis Tisné B. (Santiago, Peñalolén)",Peñalolén,112101,13122,12
441,RN egresados con madres acogidas a Ley 21.155,12,112101,29101772,13,13122,34,0,1,0,Servicio de Salud Metropolitano Oriente,"Hospital Dr. Luis Tisné B. (Santiago, Peñalolén)",Peñalolén,112101,13122,12
442,RN egresados solo fórmula por protección o madre grave,12,112101,24311028,13,13122,0,4,0,0,Servicio de Salud Metropolitano Oriente,"Hospital Dr. Luis Tisné B. (Santiago, Peñalolén)",Peñalolén,112101,13122,12
443,Total de recién nacidos/as egresados/as,12,112101,24200134,13,13122,167,73,10,0,Servicio de Salud Metropolitano Oriente,"Hospital Dr. Luis Tisné B. (Santiago, Peñalolén)",Peñalolén,112101,13122,12
444,RN egresados con LME durante hospitalización y al alta,12,112101,24300103,13,13122,127,3,10,0,Servicio de Salud Metropolitano Oriente,"Hospital Dr. Luis Tisné B. (Santiago, Peñalolén)",Peñalolén,112101,13122,12
445,RN egresados que recuperaron LME al alta,12,112101,24311025,13,13122,9,13,0,0,Servicio de Salud Metropolitano Oriente,"Hospital Dr. Luis Tisné B. (Santiago, Peñalolén)",Peñalolén,112101,13122,12
446,RN egresados con lactancia mixta al alta,12,112101,24311026,13,13122,21,54,0,0,Servicio de Salud Metropolitano Oriente,"Hospital Dr. Luis Tisné B. (Santiago, Peñalolén)",Peñalolén,112101,13122,12
447,RN egresados con madres acogidas a Ley 21.155,12,112101,29101772,13,13122,10,0,0,0,Servicio de Salud Metropolitano Oriente,"Hospital Dr. Luis Tisné B. (Santiago, Peñalolén)",Peñalolén,112101,13122,12
448,RN egresados solo fórmula por protección o madre grave,12,112101,24311028,13,13122,0,3,0,0,Servicio de Salud Metropolitano Oriente,"Hospital Dr. Luis Tisné B. (Santiago, Peñalolén)",Peñalolén,112101,13122,12
449,RN egresados que recuperaron LME al alta,12,112101,24311025,13,13122,5,10,0,0,Servicio de Salud Metropolitano Oriente,"Hospital Dr. Luis Tisné B. (Santiago, Peñalolén)",Peñalolén,112101,13122,12
450,RN egresados con lactancia mixta al alta,12,112101,24311026,13,13122,17,54,0,0,Servicio de Salud Metropolitano Oriente,"Hospital Dr. Luis Tisné B. (Santiago, Peñalolén)",Peñalolén,112101,13122,12
451,RN egresados con madres acogidas a Ley 21.155,12,112101,29101772,13,13122,26,0,2,0,Servicio de Salud Metropolitano Oriente,"Hospital Dr. Luis Tisné B. (Santiago, Peñalolén)",Peñalolén,112101,13122,12
452,RN egresados solo fórmula por protección o madre grave,12,112101,24311028,13,13122,0,3,0,0,Servicio de Salud Metropolitano Oriente,"Hospital Dr. Luis Tisné B. (Santiago, Peñalolén)",Peñalolén,112101,13122,12
453,Total de recién nacidos/as egresados/as,12,112101,24200134,13,13122,214,73,17,0,Servicio de Salud Metropolitano Oriente,"Hospital Dr. Luis Tisné B. (Santiago, Peñalolén)",Peñalolén,112101,13122,12
454,RN egresados con LME durante hospitalización y al alta,12,112101,24300103,13,13122,166,6,12,0,Servicio de Salud Metropolitano Oriente,"Hospital Dr. Luis Tisné B. (Santiago, Peñalolén)",Peñalolén,112101,13122,12
455,Total de recién nacidos/as egresados/as,12,112101,24200134,13,13122,168,77,13,0,Servicio de Salud Metropolitano Oriente,"Hospital Dr. Luis Tisné B. (Santiago, Peñalolén)",Peñalolén,112101,13122,12
456,RN egresados con LME durante hospitalización y al alta,12,112101,24300103,13,13122,116,3,11,0,Servicio de Salud Metropolitano Oriente,"Hospital Dr. Luis Tisné B. (Santiago, Peñalolén)",Peñalolén,112101,13122,12
457,RN egresados que recuperaron LME al alta,12,112101,24311025,13,13122,12,9,0,0,Servicio de Salud Metropolitano Oriente,"Hospital Dr. Luis Tisné B. (Santiago, Peñalolén)",Peñalolén,112101,13122,12
458,RN egresados con lactancia mixta al alta,12,112101,24311026,13,13122,16,62,0,0,Servicio de Salud Metropolitano Oriente,"Hospital Dr. Luis Tisné B. (Santiago, Peñalolén)",Peñalolén,112101,13122,12
459,RN egresados con madres acogidas a Ley 21.155,12,112101,29101772,13,13122,24,0,1,0,Servicio de Salud Metropolitano Oriente,"Hospital Dr. Luis Tisné B. (Santiago, Peñalolén)",Peñalolén,112101,13122,12
460,RN egresados solo fórmula por protección o madre grave,12,112101,24311028,13,13122,0,3,0,0,Servicio de Salud Metropolitano Oriente,"Hospital Dr. Luis Tisné B. (Santiago, Peñalolén)",Peñalolén,112101,13122,12
461,Total de recién nacidos/as egresados/as,12,112101,24200134,13,13122,191,75,12,0,Servicio de Salud Metropolitano Oriente,"Hospital Dr. Luis Tisné B. (Santiago, Peñalolén)",Peñalolén,112101,13122,12
462,RN egresados con LME durante hospitalización y al alta,12,112101,24300103,13,13122,128,3,6,0,Servicio de Salud Metropolitano Oriente,"Hospital Dr. Luis Tisné B. (Santiago, Peñalolén)",Peñalolén,112101,13122,12
463,RN egresados que recuperaron LME al alta,12,112101,24311025,13,13122,13,14,0,0,Servicio de Salud Metropolitano Oriente,"Hospital Dr. Luis Tisné B. (Santiago, Peñalolén)",Peñalolén,112101,13122,12
464,RN egresados con lactancia mixta al alta,12,112101,24311026,13,13122,13,56,0,0,Servicio de Salud Metropolitano Oriente,"Hospital Dr. Luis Tisné B. (Santiago, Peñalolén)",Peñalolén,112101,13122,12
465,RN egresados con madres serología positiva (VIH),12,112101,29101770,13,13122,2,0,0,2,Servicio de Salud Metropolitano Oriente,"Hospital Dr. Luis Tisné B. (Santiago, Peñalolén)",Peñalolén,112101,13122,12
466,RN egresados con madres acogidas a Ley 21.155,12,112101,29101772,13,13122,35,0,4,0,Servicio de Salud Metropolitano Oriente,"Hospital Dr. Luis Tisné B. (Santiago, Peñalolén)",Peñalolén,112101,13122,12
467,Total de recién nacidos/as egresados/as,12,112101,24200134,13,13122,187,76,6,0,Servicio de Salud Metropolitano Oriente,"Hospital Dr. Luis Tisné B. (Santiago, Peñalolén)",Peñalolén,112101,13122,12
468,RN egresados con LME durante hospitalización y al alta,12,112101,24300103,13,13122,132,2,5,0,Servicio de Salud Metropolitano Oriente,"Hospital Dr. Luis Tisné B. (Santiago, Peñalolén)",Peñalolén,112101,13122,12
469,RN egresados que recuperaron LME al alta,12,112101,24311025,13,13122,2,11,0,0,Servicio de Salud Metropolitano Oriente,"Hospital Dr. Luis Tisné B. (Santiago, Peñalolén)",Peñalolén,112101,13122,12
470,RN egresados con lactancia mixta al alta,12,112101,24311026,13,13122,28,58,0,0,Servicio de Salud Metropolitano Oriente,"Hospital Dr. Luis Tisné B. (Santiago, Peñalolén)",Peñalolén,112101,13122,12
471,RN egresados solo fórmula láctea (excepto VIH/HTLV-1/Ley 21.155/protección),12,112101,24311027,13,13122,1,0,0,0,Servicio de Salud Metropolitano Oriente,"Hospital Dr. Luis Tisné B. (Santiago, Peñalolén)",Peñalolén,112101,13122,12
472,RN egresados con madres acogidas a Ley 21.155,12,112101,29101772,13,13122,24,0,0,0,Servicio de Salud Metropolitano Oriente,"Hospital Dr. Luis Tisné B. (Santiago, Peñalolén)",Peñalolén,112101,13122,12
473,RN egresados solo fórmula por protección o madre grave,12,112101,24311028,13,13122,0,5,0,0,Servicio de Salud Metropolitano Oriente,"Hospital Dr. Luis Tisné B. (Santiago, Peñalolén)",Peñalolén,112101,13122,12
474,RN egresados solo fórmula por protección o madre grave,12,112101,24311028,13,13122,0,2,0,0,Servicio de Salud Metropolitano Oriente,"Hospital Dr. Luis Tisné B. (Santiago, Peñalolén)",Peñalolén,112101,13122,12
475,Total de recién nacidos/as egresados/as,12,112101,24200134,13,13122,194,84,6,0,Servicio de Salud Metropolitano Oriente,"Hospital Dr. Luis Tisné B. (Santiago, Peñalolén)",Peñalolén,112101,13122,12
476,RN egresados con LME durante hospitalización y al alta,12,112101,24300103,13,13122,119,2,4,0,Servicio de Salud Metropolitano Oriente,"Hospital Dr. Luis Tisné B. (Santiago, Peñalolén)",Peñalolén,112101,13122,12
477,RN egresados que recuperaron LME al alta,12,112101,24311025,13,13122,23,24,0,0,Servicio de Salud Metropolitano Oriente,"Hospital Dr. Luis Tisné B. (Santiago, Peñalolén)",Peñalolén,112101,13122,12
478,RN egresados con lactancia mixta al alta,12,112101,24311026,13,13122,15,56,0,0,Servicio de Salud Metropolitano Oriente,"Hospital Dr. Luis Tisné B. (Santiago, Peñalolén)",Peñalolén,112101,13122,12
479,RN egresados con madres acogidas a Ley 21.155,12,112101,29101772,13,13122,37,0,1,0,Servicio de Salud Metropolitano Oriente,"Hospital Dr. Luis Tisné B. (Santiago, Peñalolén)",Peñalolén,112101,13122,12
480,RN egresados solo fórmula por protección o madre grave,12,112101,24311028,13,13122,0,2,0,0,Servicio de Salud Metropolitano Oriente,"Hospital Dr. Luis Tisné B. (Santiago, Peñalolén)",Peñalolén,112101,13122,12
481,Total de recién nacidos/as egresados/as,12,112101,24200134,13,13122,227,84,13,0,Servicio de Salud Metropolitano Oriente,"Hospital Dr. Luis Tisné B. (Santiago, Peñalolén)",Peñalolén,112101,13122,12
482,RN egresados con LME durante hospitalización y al alta,12,112101,24300103,13,13122,155,0,8,0,Servicio de Salud Metropolitano Oriente,"Hospital Dr. Luis Tisné B. (Santiago, Peñalolén)",Peñalolén,112101,13122,12
483,RN egresados que recuperaron LME al alta,12,112101,24311025,13,13122,14,26,0,0,Servicio de Salud Metropolitano Oriente,"Hospital Dr. Luis Tisné B. (Santiago, Peñalolén)",Peñalolén,112101,13122,12
484,RN egresados con lactancia mixta al alta,12,112101,24311026,13,13122,26,56,0,0,Servicio de Salud Metropolitano Oriente,"Hospital Dr. Luis Tisné B. (Santiago, Peñalolén)",Peñalolén,112101,13122,12
485,RN egresados con madres acogidas a Ley 21.155,12,112101,29101772,13,13122,32,0,4,0,Servicio de Salud Metropolitano Oriente,"Hospital Dr. Luis Tisné B. (Santiago, Peñalolén)",Peñalolén,112101,13122,12
486,RN egresados solo fórmula por protección o madre grave,12,112101,24311028,13,13122,0,2,0,0,Servicio de Salud Metropolitano Oriente,"Hospital Dr. Luis Tisné B. (Santiago, Peñalolén)",Peñalolén,112101,13122,12
487,Total de recién nacidos/as egresados/as,9,109100,24200134,13,13108,354,75,0,166,Servicio de Salud Metropolitano Norte,"Complejo Hospitalario San José (Santiago, Independencia)",Independencia,109100,13108,09
488,RN egresados con LME durante hospitalización y al alta,9,109100,24300103,13,13108,217,0,0,87,Servicio de Salud Metropolitano Norte,"Complejo Hospitalario San José (Santiago, Independencia)",Independencia,109100,13108,09
489,RN egresados que recuperaron LME al alta,9,109100,24311025,13,13108,48,25,0,26,Servicio de Salud Metropolitano Norte,"Complejo Hospitalario San José (Santiago, Independencia)",Independencia,109100,13108,09
490,RN egresados con lactancia mixta al alta,9,109100,24311026,13,13108,72,46,0,46,Servicio de Salud Metropolitano Norte,"Complejo Hospitalario San José (Santiago, Independencia)",Independencia,109100,13108,09
491,RN egresados con madres serología positiva (VIH),9,109100,29101770,13,13108,2,0,0,0,Servicio de Salud Metropolitano Norte,"Complejo Hospitalario San José (Santiago, Independencia)",Independencia,109100,13108,09
492,RN egresados solo fórmula por protección o madre grave,9,109100,24311028,13,13108,0,4,0,0,Servicio de Salud Metropolitano Norte,"Complejo Hospitalario San José (Santiago, Independencia)",Independencia,109100,13108,09
493,Total de recién nacidos/as egresados/as,9,109100,24200134,13,13108,310,105,0,173,Servicio de Salud Metropolitano Norte,"Complejo Hospitalario San José (Santiago, Independencia)",Independencia,109100,13108,09
494,RN egresados con LME durante hospitalización y al alta,9,109100,24300103,13,13108,209,0,0,89,Servicio de Salud Metropolitano Norte,"Complejo Hospitalario San José (Santiago, Independencia)",Independencia,109100,13108,09
495,RN egresados que recuperaron LME al alta,9,109100,24311025,13,13108,36,44,0,40,Servicio de Salud Metropolitano Norte,"Complejo Hospitalario San José (Santiago, Independencia)",Independencia,109100,13108,09
496,RN egresados con lactancia mixta al alta,9,109100,24311026,13,13108,64,53,0,41,Servicio de Salud Metropolitano Norte,"Complejo Hospitalario San José (Santiago, Independencia)",Independencia,109100,13108,09
497,RN egresados solo fórmula láctea (excepto VIH/HTLV-1/Ley 21.155/protección),9,109100,24311027,13,13108,0,2,0,0,Servicio de Salud Metropolitano Norte,"Complejo Hospitalario San José (Santiago, Independencia)",Independencia,109100,13108,09
498,RN egresados con madres acogidas a Ley 21.155,9,109100,29101772,13,13108,1,0,0,1,Servicio de Salud Metropolitano Norte,"Complejo Hospitalario San José (Santiago, Independencia)",Independencia,109100,13108,09
499,RN egresados solo fórmula por protección o madre grave,9,109100,24311028,13,13108,0,6,0,2,Servicio de Salud Metropolitano Norte,"Complejo Hospitalario San José (Santiago, Independencia)",Independencia,109100,13108,09
500,Total de recién nacidos/as egresados/as,9,109100,24200134,13,13108,381,92,0,191,Servicio de Salud Metropolitano Norte,"Complejo Hospitalario San José (Santiago, Independencia)",Independencia,109100,13108,09
501,RN egresados con LME durante hospitalización y al alta,9,109100,24300103,13,13108,174,0,0,74,Servicio de Salud Metropolitano Norte,"Complejo Hospitalario San José (Santiago, Independencia)",Independencia,109100,13108,09
502,RN egresados que recuperaron LME al alta,9,109100,24311025,13,13108,163,35,0,78,Servicio de Salud Metropolitano Norte,"Complejo Hospitalario San José (Santiago, Independencia)",Independencia,109100,13108,09
503,RN egresados con lactancia mixta al alta,9,109100,24311026,13,13108,81,49,0,50,Servicio de Salud Metropolitano Norte,"Complejo Hospitalario San José (Santiago, Independencia)",Independencia,109100,13108,09
504,RN egresados solo fórmula láctea (excepto VIH/HTLV-1/Ley 21.155/protección),9,109100,24311027,13,13108,1,3,0,2,Servicio de Salud Metropolitano Norte,"Complejo Hospitalario San José (Santiago, Independencia)",Independencia,109100,13108,09
505,RN egresados con madres serología positiva (VIH),9,109100,29101770,13,13108,1,0,0,0,Servicio de Salud Metropolitano Norte,"Complejo Hospitalario San José (Santiago, Independencia)",Independencia,109100,13108,09
506,RN egresados solo fórmula por protección o madre grave,9,109100,24311028,13,13108,0,4,0,0,Servicio de Salud Metropolitano Norte,"Complejo Hospitalario San José (Santiago, Independencia)",Independencia,109100,13108,09
507,Total de recién nacidos/as egresados/as,9,109100,24200134,13,13108,298,79,0,148,Servicio de Salud Metropolitano Norte,"Complejo Hospitalario San José (Santiago, Independencia)",Independencia,109100,13108,09
508,RN egresados con LME durante hospitalización y al alta,9,109100,24300103,13,13108,175,0,0,77,Servicio de Salud Metropolitano Norte,"Complejo Hospitalario San José (Santiago, Independencia)",Independencia,109100,13108,09
509,RN egresados que recuperaron LME al alta,9,109100,24311025,13,13108,49,21,0,21,Servicio de Salud Metropolitano Norte,"Complejo Hospitalario San José (Santiago, Independencia)",Independencia,109100,13108,09
510,RN egresados con lactancia mixta al alta,9,109100,24311026,13,13108,73,52,0,48,Servicio de Salud Metropolitano Norte,"Complejo Hospitalario San José (Santiago, Independencia)",Independencia,109100,13108,09
511,RN egresados con madres serología positiva (VIH),9,109100,29101770,13,13108,1,1,0,1,Servicio de Salud Metropolitano Norte,"Complejo Hospitalario San José (Santiago, Independencia)",Independencia,109100,13108,09
512,RN egresados solo fórmula por protección o madre grave,9,109100,24311028,13,13108,0,5,0,0,Servicio de Salud Metropolitano Norte,"Complejo Hospitalario San José (Santiago, Independencia)",Independencia,109100,13108,09
513,Total de recién nacidos/as egresados/as,9,109100,24200134,13,13108,281,74,0,147,Servicio de Salud Metropolitano Norte,"Complejo Hospitalario San José (Santiago, Independencia)",Independencia,109100,13108,09
514,RN egresados con LME durante hospitalización y al alta,9,109100,24300103,13,13108,173,1,0,74,Servicio de Salud Metropolitano Norte,"Complejo Hospitalario San José (Santiago, Independencia)",Independencia,109100,13108,09
515,RN egresados que recuperaron LME al alta,9,109100,24311025,13,13108,0,22,0,8,Servicio de Salud Metropolitano Norte,"Complejo Hospitalario San José (Santiago, Independencia)",Independencia,109100,13108,09
516,RN egresados con lactancia mixta al alta,9,109100,24311026,13,13108,53,39,0,35,Servicio de Salud Metropolitano Norte,"Complejo Hospitalario San José (Santiago, Independencia)",Independencia,109100,13108,09
517,RN egresados solo fórmula láctea (excepto VIH/HTLV-1/Ley 21.155/protección),9,109100,24311027,13,13108,0,5,0,3,Servicio de Salud Metropolitano Norte,"Complejo Hospitalario San José (Santiago, Independencia)",Independencia,109100,13108,09
518,RN egresados con madres serología positiva (VIH),9,109100,29101770,13,13108,1,0,0,1,Servicio de Salud Metropolitano Norte,"Complejo Hospitalario San José (Santiago, Independencia)",Independencia,109100,13108,09
519,RN egresados solo fórmula por protección o madre grave,9,109100,24311028,13,13108,0,6,0,0,Servicio de Salud Metropolitano Norte,"Complejo Hospitalario San José (Santiago, Independencia)",Independencia,109100,13108,09
520,Total de recién nacidos/as egresados/as,9,109100,24200134,13,13108,327,83,0,192,Servicio de Salud Metropolitano Norte,"Complejo Hospitalario San José (Santiago, Independencia)",Independencia,109100,13108,09
521,RN egresados con LME durante hospitalización y al alta,9,109100,24300103,13,13108,191,0,0,84,Servicio de Salud Metropolitano Norte,"Complejo Hospitalario San José (Santiago, Independencia)",Independencia,109100,13108,09
522,RN egresados que recuperaron LME al alta,9,109100,24311025,13,13108,55,26,0,36,Servicio de Salud Metropolitano Norte,"Complejo Hospitalario San José (Santiago, Independencia)",Independencia,109100,13108,09
523,RN egresados con lactancia mixta al alta,9,109100,24311026,13,13108,79,52,0,35,Servicio de Salud Metropolitano Norte,"Complejo Hospitalario San José (Santiago, Independencia)",Independencia,109100,13108,09
524,RN egresados solo fórmula láctea (excepto VIH/HTLV-1/Ley 21.155/protección),9,109100,24311027,13,13108,0,4,0,0,Servicio de Salud Metropolitano Norte,"Complejo Hospitalario San José (Santiago, Independencia)",Independencia,109100,13108,09
525,RN egresados con madres serología positiva (VIH),9,109100,29101770,13,13108,1,0,0,1,Servicio de Salud Metropolitano Norte,"Complejo Hospitalario San José (Santiago, Independencia)",Independencia,109100,13108,09
526,RN egresados solo fórmula por protección o madre grave,9,109100,24311028,13,13108,0,3,0,0,Servicio de Salud Metropolitano Norte,"Complejo Hospitalario San José (Santiago, Independencia)",Independencia,109100,13108,09
527,Total de recién nacidos/as egresados/as,9,109100,24200134,13,13108,320,70,0,175,Servicio de Salud Metropolitano Norte,"Complejo Hospitalario San José (Santiago, Independencia)",Independencia,109100,13108,09
528,RN egresados con LME durante hospitalización y al alta,9,109100,24300103,13,13108,188,0,0,79,Servicio de Salud Metropolitano Norte,"Complejo Hospitalario San José (Santiago, Independencia)",Independencia,109100,13108,09
529,RN egresados que recuperaron LME al alta,9,109100,24311025,13,13108,51,25,0,32,Servicio de Salud Metropolitano Norte,"Complejo Hospitalario San José (Santiago, Independencia)",Independencia,109100,13108,09
530,RN egresados con lactancia mixta al alta,9,109100,24311026,13,13108,69,40,0,46,Servicio de Salud Metropolitano Norte,"Complejo Hospitalario San José (Santiago, Independencia)",Independencia,109100,13108,09
531,RN egresados solo fórmula láctea (excepto VIH/HTLV-1/Ley 21.155/protección),9,109100,24311027,13,13108,0,2,0,1,Servicio de Salud Metropolitano Norte,"Complejo Hospitalario San José (Santiago, Independencia)",Independencia,109100,13108,09
532,RN egresados con madres acogidas a Ley 21.155,9,109100,29101772,13,13108,0,1,0,1,Servicio de Salud Metropolitano Norte,"Complejo Hospitalario San José (Santiago, Independencia)",Independencia,109100,13108,09
533,RN egresados solo fórmula por protección o madre grave,9,109100,24311028,13,13108,0,3,0,1,Servicio de Salud Metropolitano Norte,"Complejo Hospitalario San José (Santiago, Independencia)",Independencia,109100,13108,09
534,Total de recién nacidos/as egresados/as,9,109100,24200134,13,13108,354,99,0,177,Servicio de Salud Metropolitano Norte,"Complejo Hospitalario San José (Santiago, Independencia)",Independencia,109100,13108,09
535,RN egresados con LME durante hospitalización y al alta,9,109100,24300103,13,13108,217,1,0,87,Servicio de Salud Metropolitano Norte,"Complejo Hospitalario San José (Santiago, Independencia)",Independencia,109100,13108,09
536,RN egresados que recuperaron LME al alta,9,109100,24311025,13,13108,48,32,0,29,Servicio de Salud Metropolitano Norte,"Complejo Hospitalario San José (Santiago, Independencia)",Independencia,109100,13108,09
537,RN egresados con lactancia mixta al alta,9,109100,24311026,13,13108,72,56,0,39,Servicio de Salud Metropolitano Norte,"Complejo Hospitalario San José (Santiago, Independencia)",Independencia,109100,13108,09
538,RN egresados solo fórmula láctea (excepto VIH/HTLV-1/Ley 21.155/protección),9,109100,24311027,13,13108,0,5,0,2,Servicio de Salud Metropolitano Norte,"Complejo Hospitalario San José (Santiago, Independencia)",Independencia,109100,13108,09
539,RN egresados con madres serología positiva (VIH),9,109100,29101770,13,13108,2,0,0,0,Servicio de Salud Metropolitano Norte,"Complejo Hospitalario San José (Santiago, Independencia)",Independencia,109100,13108,09
540,RN egresados solo fórmula por protección o madre grave,9,109100,24311028,13,13108,0,6,0,0,Servicio de Salud Metropolitano Norte,"Complejo Hospitalario San José (Santiago, Independencia)",Independencia,109100,13108,09
541,Total de recién nacidos/as egresados/as,10,110100,24200134,13,13101,147,30,5,68,Servicio de Salud Metropolitano Occidente,Hospital San Juan de Dios (Santiago),Santiago,110100,13101,10
542,RN egresados con LME durante hospitalización y al alta,10,110100,24300103,13,13101,69,0,2,27,Servicio de Salud Metropolitano Occidente,Hospital San Juan de Dios (Santiago),Santiago,110100,13101,10
543,RN egresados que recuperaron LME al alta,10,110100,24311025,13,13101,22,6,0,12,Servicio de Salud Metropolitano Occidente,Hospital San Juan de Dios (Santiago),Santiago,110100,13101,10
544,RN egresados con lactancia mixta al alta,10,110100,24311026,13,13101,42,23,3,30,Servicio de Salud Metropolitano Occidente,Hospital San Juan de Dios (Santiago),Santiago,110100,13101,10
545,RN egresados solo fórmula láctea (excepto VIH/HTLV-1/Ley 21.155/protección),10,110100,24311027,13,13101,1,0,0,0,Servicio de Salud Metropolitano Occidente,Hospital San Juan de Dios (Santiago),Santiago,110100,13101,10
546,RN egresados con madres serología positiva (VIH),10,110100,29101770,13,13101,2,0,0,1,Servicio de Salud Metropolitano Occidente,Hospital San Juan de Dios (Santiago),Santiago,110100,13101,10
547,RN egresados con madres acogidas a Ley 21.155,10,110100,29101772,13,13101,20,0,1,6,Servicio de Salud Metropolitano Occidente,Hospital San Juan de Dios (Santiago),Santiago,110100,13101,10
548,RN egresados solo fórmula por protección o madre grave,10,110100,24311028,13,13101,1,1,0,0,Servicio de Salud Metropolitano Occidente,Hospital San Juan de Dios (Santiago),Santiago,110100,13101,10
549,Total de recién nacidos/as egresados/as,10,110100,24200134,13,13101,146,35,7,62,Servicio de Salud Metropolitano Occidente,Hospital San Juan de Dios (Santiago),Santiago,110100,13101,10
550,RN egresados con LME durante hospitalización y al alta,10,110100,24300103,13,13101,82,0,2,28,Servicio de Salud Metropolitano Occidente,Hospital San Juan de Dios (Santiago),Santiago,110100,13101,10
551,RN egresados que recuperaron LME al alta,10,110100,24311025,13,13101,26,2,0,15,Servicio de Salud Metropolitano Occidente,Hospital San Juan de Dios (Santiago),Santiago,110100,13101,10
552,RN egresados con lactancia mixta al alta,10,110100,24311026,13,13101,30,33,5,19,Servicio de Salud Metropolitano Occidente,Hospital San Juan de Dios (Santiago),Santiago,110100,13101,10
553,RN egresados con madres serología positiva (VIH),10,110100,29101770,13,13101,1,0,0,0,Servicio de Salud Metropolitano Occidente,Hospital San Juan de Dios (Santiago),Santiago,110100,13101,10
554,RN egresados con madres acogidas a Ley 21.155,10,110100,29101772,13,13101,7,0,0,1,Servicio de Salud Metropolitano Occidente,Hospital San Juan de Dios (Santiago),Santiago,110100,13101,10
555,Total de recién nacidos/as egresados/as,10,110100,24200134,13,13101,121,36,9,62,Servicio de Salud Metropolitano Occidente,Hospital San Juan de Dios (Santiago),Santiago,110100,13101,10
556,RN egresados con LME durante hospitalización y al alta,10,110100,24300103,13,13101,63,0,3,28,Servicio de Salud Metropolitano Occidente,Hospital San Juan de Dios (Santiago),Santiago,110100,13101,10
557,RN egresados que recuperaron LME al alta,10,110100,24311025,13,13101,24,8,1,11,Servicio de Salud Metropolitano Occidente,Hospital San Juan de Dios (Santiago),Santiago,110100,13101,10
558,RN egresados con lactancia mixta al alta,10,110100,24311026,13,13101,26,24,5,21,Servicio de Salud Metropolitano Occidente,Hospital San Juan de Dios (Santiago),Santiago,110100,13101,10
559,RN egresados solo fórmula láctea (excepto VIH/HTLV-1/Ley 21.155/protección),10,110100,24311027,13,13101,26,24,5,21,Servicio de Salud Metropolitano Occidente,Hospital San Juan de Dios (Santiago),Santiago,110100,13101,10
560,RN egresados con madres serología positiva (VIH),10,110100,29101770,13,13101,0,1,0,0,Servicio de Salud Metropolitano Occidente,Hospital San Juan de Dios (Santiago),Santiago,110100,13101,10
561,RN egresados con madres acogidas a Ley 21.155,10,110100,29101772,13,13101,8,0,0,2,Servicio de Salud Metropolitano Occidente,Hospital San Juan de Dios (Santiago),Santiago,110100,13101,10
562,RN egresados solo fórmula por protección o madre grave,10,110100,24311028,13,13101,0,3,0,0,Servicio de Salud Metropolitano Occidente,Hospital San Juan de Dios (Santiago),Santiago,110100,13101,10
563,RN egresados con madres acogidas a Ley 21.155,10,110100,29101772,13,13101,18,0,0,6,Servicio de Salud Metropolitano Occidente,Hospital San Juan de Dios (Santiago),Santiago,110100,13101,10
564,Total de recién nacidos/as egresados/as,10,110100,24200134,13,13101,157,36,20,81,Servicio de Salud Metropolitano Occidente,Hospital San Juan de Dios (Santiago),Santiago,110100,13101,10
565,RN egresados con LME durante hospitalización y al alta,10,110100,24300103,13,13101,72,0,9,27,Servicio de Salud Metropolitano Occidente,Hospital San Juan de Dios (Santiago),Santiago,110100,13101,10
566,RN egresados solo fórmula por protección o madre grave,10,110100,24311028,13,13101,0,3,0,0,Servicio de Salud Metropolitano Occidente,Hospital San Juan de Dios (Santiago),Santiago,110100,13101,10
567,RN egresados que recuperaron LME al alta,10,110100,24311025,13,13101,39,8,2,26,Servicio de Salud Metropolitano Occidente,Hospital San Juan de Dios (Santiago),Santiago,110100,13101,10
568,RN egresados con lactancia mixta al alta,10,110100,24311026,13,13101,22,24,8,20,Servicio de Salud Metropolitano Occidente,Hospital San Juan de Dios (Santiago),Santiago,110100,13101,10
569,RN egresados solo fórmula láctea (excepto VIH/HTLV-1/Ley 21.155/protección),10,110100,24311027,13,13101,0,1,0,0,Servicio de Salud Metropolitano Occidente,Hospital San Juan de Dios (Santiago),Santiago,110100,13101,10
570,RN egresados con madres serología positiva (VIH),10,110100,29101770,13,13101,3,0,0,1,Servicio de Salud Metropolitano Occidente,Hospital San Juan de Dios (Santiago),Santiago,110100,13101,10
571,Total de recién nacidos/as egresados/as,10,110100,24200134,13,13101,120,39,12,59,Servicio de Salud Metropolitano Occidente,Hospital San Juan de Dios (Santiago),Santiago,110100,13101,10
572,RN egresados con LME durante hospitalización y al alta,10,110100,24300103,13,13101,71,0,4,28,Servicio de Salud Metropolitano Occidente,Hospital San Juan de Dios (Santiago),Santiago,110100,13101,10
573,RN egresados que recuperaron LME al alta,10,110100,24311025,13,13101,24,3,5,13,Servicio de Salud Metropolitano Occidente,Hospital San Juan de Dios (Santiago),Santiago,110100,13101,10
574,RN egresados con lactancia mixta al alta,10,110100,24311026,13,13101,13,27,31,9,Servicio de Salud Metropolitano Occidente,Hospital San Juan de Dios (Santiago),Santiago,110100,13101,10
575,RN egresados solo fórmula láctea (excepto VIH/HTLV-1/Ley 21.155/protección),10,110100,24311027,13,13101,0,3,3,1,Servicio de Salud Metropolitano Occidente,Hospital San Juan de Dios (Santiago),Santiago,110100,13101,10
576,RN egresados con madres serología positiva (VIH),10,110100,29101770,13,13101,3,0,0,2,Servicio de Salud Metropolitano Occidente,Hospital San Juan de Dios (Santiago),Santiago,110100,13101,10
577,RN egresados con madres acogidas a Ley 21.155,10,110100,29101772,13,13101,9,0,0,6,Servicio de Salud Metropolitano Occidente,Hospital San Juan de Dios (Santiago),Santiago,110100,13101,10
578,RN egresados solo fórmula por protección o madre grave,10,110100,24311028,13,13101,0,2,2,0,Servicio de Salud Metropolitano Occidente,Hospital San Juan de Dios (Santiago),Santiago,110100,13101,10
579,Total de recién nacidos/as egresados/as,10,110120,24200134,13,13126,192,,0,55,Servicio de Salud Metropolitano Occidente,Hospital  Félix Bulnes Cerda,Cerro Navia,110120,13126,10
580,RN egresados con LME durante hospitalización y al alta,10,110120,24300103,13,13126,152,,0,41,Servicio de Salud Metropolitano Occidente,Hospital  Félix Bulnes Cerda,Cerro Navia,110120,13126,10
581,RN egresados con lactancia mixta al alta,10,110120,24311026,13,13126,40,,0,14,Servicio de Salud Metropolitano Occidente,Hospital  Félix Bulnes Cerda,Cerro Navia,110120,13126,10
582,Total de recién nacidos/as egresados/as,10,110120,24200134,13,13126,156,,0,45,Servicio de Salud Metropolitano Occidente,Hospital  Félix Bulnes Cerda,Cerro Navia,110120,13126,10
583,RN egresados con LME durante hospitalización y al alta,10,110120,24300103,13,13126,152,,0,44,Servicio de Salud Metropolitano Occidente,Hospital  Félix Bulnes Cerda,Cerro Navia,110120,13126,10
584,RN egresados con lactancia mixta al alta,10,110120,24311026,13,13126,4,,0,1,Servicio de Salud Metropolitano Occidente,Hospital  Félix Bulnes Cerda,Cerro Navia,110120,13126,10
585,Total de recién nacidos/as egresados/as,10,110120,24200134,13,13126,180,,0,55,Servicio de Salud Metropolitano Occidente,Hospital  Félix Bulnes Cerda,Cerro Navia,110120,13126,10
586,RN egresados con LME durante hospitalización y al alta,10,110120,24300103,13,13126,164,,0,53,Servicio de Salud Metropolitano Occidente,Hospital  Félix Bulnes Cerda,Cerro Navia,110120,13126,10
587,RN egresados con lactancia mixta al alta,10,110120,24311026,13,13126,14,,0,2,Servicio de Salud Metropolitano Occidente,Hospital  Félix Bulnes Cerda,Cerro Navia,110120,13126,10
588,RN egresados solo fórmula láctea (excepto VIH/HTLV-1/Ley 21.155/protección),10,110120,24311027,13,13126,2,,0,0,Servicio de Salud Metropolitano Occidente,Hospital  Félix Bulnes Cerda,Cerro Navia,110120,13126,10
589,Total de recién nacidos/as egresados/as,10,110120,24200134,13,13126,179,,0,43,Servicio de Salud Metropolitano Occidente,Hospital  Félix Bulnes Cerda,Cerro Navia,110120,13126,10
590,RN egresados con LME durante hospitalización y al alta,10,110120,24300103,13,13126,155,,0,34,Servicio de Salud Metropolitano Occidente,Hospital  Félix Bulnes Cerda,Cerro Navia,110120,13126,10
591,RN egresados con lactancia mixta al alta,10,110120,24311026,13,13126,23,,0,8,Servicio de Salud Metropolitano Occidente,Hospital  Félix Bulnes Cerda,Cerro Navia,110120,13126,10
592,RN egresados solo fórmula láctea (excepto VIH/HTLV-1/Ley 21.155/protección),10,110120,24311027,13,13126,1,,0,1,Servicio de Salud Metropolitano Occidente,Hospital  Félix Bulnes Cerda,Cerro Navia,110120,13126,10
593,Total de recién nacidos/as egresados/as,10,110120,24200134,13,13126,195,,0,51,Servicio de Salud Metropolitano Occidente,Hospital  Félix Bulnes Cerda,Cerro Navia,110120,13126,10
594,RN egresados con LME durante hospitalización y al alta,10,110120,24300103,13,13126,168,,0,47,Servicio de Salud Metropolitano Occidente,Hospital  Félix Bulnes Cerda,Cerro Navia,110120,13126,10
595,RN egresados con lactancia mixta al alta,10,110120,24311026,13,13126,26,,0,3,Servicio de Salud Metropolitano Occidente,Hospital  Félix Bulnes Cerda,Cerro Navia,110120,13126,10
596,RN egresados solo fórmula láctea (excepto VIH/HTLV-1/Ley 21.155/protección),10,110120,24311027,13,13126,1,,0,0,Servicio de Salud Metropolitano Occidente,Hospital  Félix Bulnes Cerda,Cerro Navia,110120,13126,10
597,Total de recién nacidos/as egresados/as,10,110120,24200134,13,13126,191,,0,48,Servicio de Salud Metropolitano Occidente,Hospital  Félix Bulnes Cerda,Cerro Navia,110120,13126,10
598,RN egresados con LME durante hospitalización y al alta,10,110120,24300103,13,13126,165,,0,37,Servicio de Salud Metropolitano Occidente,Hospital  Félix Bulnes Cerda,Cerro Navia,110120,13126,10
599,RN egresados con lactancia mixta al alta,10,110120,24311026,13,13126,24,,0,10,Servicio de Salud Metropolitano Occidente,Hospital  Félix Bulnes Cerda,Cerro Navia,110120,13126,10
600,RN egresados solo fórmula láctea (excepto VIH/HTLV-1/Ley 21.155/protección),10,110120,24311027,13,13126,2,,0,1,Servicio de Salud Metropolitano Occidente,Hospital  Félix Bulnes Cerda,Cerro Navia,110120,13126,10
601,Total de recién nacidos/as egresados/as,10,110120,24200134,13,13126,167,,0,48,Servicio de Salud Metropolitano Occidente,Hospital  Félix Bulnes Cerda,Cerro Navia,110120,13126,10
602,RN egresados con LME durante hospitalización y al alta,10,110120,24300103,13,13126,148,,0,43,Servicio de Salud Metropolitano Occidente,Hospital  Félix Bulnes Cerda,Cerro Navia,110120,13126,10
603,RN egresados con lactancia mixta al alta,10,110120,24311026,13,13126,18,,0,5,Servicio de Salud Metropolitano Occidente,Hospital  Félix Bulnes Cerda,Cerro Navia,110120,13126,10
604,RN egresados solo fórmula láctea (excepto VIH/HTLV-1/Ley 21.155/protección),10,110120,24311027,13,13126,1,,0,0,Servicio de Salud Metropolitano Occidente,Hospital  Félix Bulnes Cerda,Cerro Navia,110120,13126,10
605,Total de recién nacidos/as egresados/as,10,110120,24200134,13,13126,163,,0,46,Servicio de Salud Metropolitano Occidente,Hospital  Félix Bulnes Cerda,Cerro Navia,110120,13126,10
606,RN egresados con LME durante hospitalización y al alta,10,110120,24300103,13,13126,131,,0,36,Servicio de Salud Metropolitano Occidente,Hospital  Félix Bulnes Cerda,Cerro Navia,110120,13126,10
607,RN egresados con lactancia mixta al alta,10,110120,24311026,13,13126,30,,0,9,Servicio de Salud Metropolitano Occidente,Hospital  Félix Bulnes Cerda,Cerro Navia,110120,13126,10
608,RN egresados solo fórmula láctea (excepto VIH/HTLV-1/Ley 21.155/protección),10,110120,24311027,13,13126,2,,0,1,Servicio de Salud Metropolitano Occidente,Hospital  Félix Bulnes Cerda,Cerro Navia,110120,13126,10
609,Total de recién nacidos/as egresados/as,10,110150,24200134,13,13501,62,18,0,0,Servicio de Salud Metropolitano Occidente,Hospital San José (Melipilla),Melipilla,110150,13501,10
610,RN egresados con LME durante hospitalización y al alta,10,110150,24300103,13,13501,58,16,0,0,Servicio de Salud Metropolitano Occidente,Hospital San José (Melipilla),Melipilla,110150,13501,10
611,RN egresados que recuperaron LME al alta,10,110150,24311025,13,13501,0,1,0,0,Servicio de Salud Metropolitano Occidente,Hospital San José (Melipilla),Melipilla,110150,13501,10
612,RN egresados con lactancia mixta al alta,10,110150,24311026,13,13501,4,1,0,0,Servicio de Salud Metropolitano Occidente,Hospital San José (Melipilla),Melipilla,110150,13501,10
613,RN egresados solo fórmula láctea (excepto VIH/HTLV-1/Ley 21.155/protección),10,110150,24311027,13,13501,1,1,0,0,Servicio de Salud Metropolitano Occidente,Hospital San José (Melipilla),Melipilla,110150,13501,10
614,RN egresados solo fórmula por protección o madre grave,10,110150,24311028,13,13501,1,1,0,0,Servicio de Salud Metropolitano Occidente,Hospital San José (Melipilla),Melipilla,110150,13501,10
615,Total de recién nacidos/as egresados/as,10,110150,24200134,13,13501,76,16,0,0,Servicio de Salud Metropolitano Occidente,Hospital San José (Melipilla),Melipilla,110150,13501,10
616,RN egresados con LME durante hospitalización y al alta,10,110150,24300103,13,13501,60,13,0,0,Servicio de Salud Metropolitano Occidente,Hospital San José (Melipilla),Melipilla,110150,13501,10
617,RN egresados que recuperaron LME al alta,10,110150,24311025,13,13501,8,0,0,0,Servicio de Salud Metropolitano Occidente,Hospital San José (Melipilla),Melipilla,110150,13501,10
618,RN egresados con lactancia mixta al alta,10,110150,24311026,13,13501,16,1,0,0,Servicio de Salud Metropolitano Occidente,Hospital San José (Melipilla),Melipilla,110150,13501,10
619,RN egresados solo fórmula láctea (excepto VIH/HTLV-1/Ley 21.155/protección),10,110150,24311027,13,13501,0,2,0,0,Servicio de Salud Metropolitano Occidente,Hospital San José (Melipilla),Melipilla,110150,13501,10
620,Total de recién nacidos/as egresados/as,10,110150,24200134,13,13501,83,14,0,0,Servicio de Salud Metropolitano Occidente,Hospital San José (Melipilla),Melipilla,110150,13501,10
621,RN egresados con LME durante hospitalización y al alta,10,110150,24300103,13,13501,81,2,0,0,Servicio de Salud Metropolitano Occidente,Hospital San José (Melipilla),Melipilla,110150,13501,10
622,RN egresados que recuperaron LME al alta,10,110150,24311025,13,13501,0,8,0,0,Servicio de Salud Metropolitano Occidente,Hospital San José (Melipilla),Melipilla,110150,13501,10
623,RN egresados con lactancia mixta al alta,10,110150,24311026,13,13501,2,2,0,0,Servicio de Salud Metropolitano Occidente,Hospital San José (Melipilla),Melipilla,110150,13501,10
624,RN egresados solo fórmula láctea (excepto VIH/HTLV-1/Ley 21.155/protección),10,110150,24311027,13,13501,0,1,0,0,Servicio de Salud Metropolitano Occidente,Hospital San José (Melipilla),Melipilla,110150,13501,10
625,RN egresados solo fórmula por protección o madre grave,10,110150,24311028,13,13501,0,1,0,0,Servicio de Salud Metropolitano Occidente,Hospital San José (Melipilla),Melipilla,110150,13501,10
626,Total de recién nacidos/as egresados/as,10,110150,24200134,13,13501,60,12,0,0,Servicio de Salud Metropolitano Occidente,Hospital San José (Melipilla),Melipilla,110150,13501,10
627,RN egresados con LME durante hospitalización y al alta,10,110150,24300103,13,13501,54,12,0,0,Servicio de Salud Metropolitano Occidente,Hospital San José (Melipilla),Melipilla,110150,13501,10
628,RN egresados que recuperaron LME al alta,10,110150,24311025,13,13501,2,0,0,0,Servicio de Salud Metropolitano Occidente,Hospital San José (Melipilla),Melipilla,110150,13501,10
629,RN egresados con lactancia mixta al alta,10,110150,24311026,13,13501,8,0,0,0,Servicio de Salud Metropolitano Occidente,Hospital San José (Melipilla),Melipilla,110150,13501,10
630,Total de recién nacidos/as egresados/as,10,110150,24200134,13,13501,55,25,0,0,Servicio de Salud Metropolitano Occidente,Hospital San José (Melipilla),Melipilla,110150,13501,10
631,RN egresados con LME durante hospitalización y al alta,10,110150,24300103,13,13501,50,1,0,0,Servicio de Salud Metropolitano Occidente,Hospital San José (Melipilla),Melipilla,110150,13501,10
632,RN egresados que recuperaron LME al alta,10,110150,24311025,13,13501,1,15,0,0,Servicio de Salud Metropolitano Occidente,Hospital San José (Melipilla),Melipilla,110150,13501,10
633,RN egresados con lactancia mixta al alta,10,110150,24311026,13,13501,4,0,0,0,Servicio de Salud Metropolitano Occidente,Hospital San José (Melipilla),Melipilla,110150,13501,10
634,RN egresados con lactancia mixta al alta,10,110150,24311026,13,13501,2,1,0,0,Servicio de Salud Metropolitano Occidente,Hospital San José (Melipilla),Melipilla,110150,13501,10
635,RN egresados solo fórmula por protección o madre grave,10,110150,24311028,13,13501,0,3,0,0,Servicio de Salud Metropolitano Occidente,Hospital San José (Melipilla),Melipilla,110150,13501,10
636,Total de recién nacidos/as egresados/as,10,110150,24200134,13,13501,70,29,0,0,Servicio de Salud Metropolitano Occidente,Hospital San José (Melipilla),Melipilla,110150,13501,10
637,RN egresados con LME durante hospitalización y al alta,10,110150,24300103,13,13501,68,1,0,0,Servicio de Salud Metropolitano Occidente,Hospital San José (Melipilla),Melipilla,110150,13501,10
638,RN egresados que recuperaron LME al alta,10,110150,24311025,13,13501,0,18,0,0,Servicio de Salud Metropolitano Occidente,Hospital San José (Melipilla),Melipilla,110150,13501,10
639,RN egresados con LME durante hospitalización y al alta,10,110150,24300103,13,13501,69,0,0,0,Servicio de Salud Metropolitano Occidente,Hospital San José (Melipilla),Melipilla,110150,13501,10
640,RN egresados que recuperaron LME al alta,10,110150,24311025,13,13501,0,14,0,0,Servicio de Salud Metropolitano Occidente,Hospital San José (Melipilla),Melipilla,110150,13501,10
641,RN egresados con lactancia mixta al alta,10,110150,24311026,13,13501,1,0,0,0,Servicio de Salud Metropolitano Occidente,Hospital San José (Melipilla),Melipilla,110150,13501,10
642,Total de recién nacidos/as egresados/as,10,110150,24200134,13,13501,70,14,0,0,Servicio de Salud Metropolitano Occidente,Hospital San José (Melipilla),Melipilla,110150,13501,10
643,RN egresados con lactancia mixta al alta,10,110150,24311026,13,13501,1,0,0,0,Servicio de Salud Metropolitano Occidente,Hospital San José (Melipilla),Melipilla,110150,13501,10
644,RN egresados que recuperaron LME al alta,10,110150,24311025,13,13501,0,14,0,0,Servicio de Salud Metropolitano Occidente,Hospital San José (Melipilla),Melipilla,110150,13501,10
645,Total de recién nacidos/as egresados/as,10,110150,24200134,13,13501,72,17,0,0,Servicio de Salud Metropolitano Occidente,Hospital San José (Melipilla),Melipilla,110150,13501,10
646,RN egresados con LME durante hospitalización y al alta,10,110150,24300103,13,13501,69,14,0,0,Servicio de Salud Metropolitano Occidente,Hospital San José (Melipilla),Melipilla,110150,13501,10
647,RN egresados con lactancia mixta al alta,10,110130,24311026,13,13601,6,3,0,0,Servicio de Salud Metropolitano Occidente,Hospital Adalberto Steeger (Talagante),Talagante,110130,13601,10
648,RN egresados solo fórmula por protección o madre grave,10,110130,24311028,13,13601,1,1,0,0,Servicio de Salud Metropolitano Occidente,Hospital Adalberto Steeger (Talagante),Talagante,110130,13601,10
649,Total de recién nacidos/as egresados/as,10,110130,24200134,13,13601,48,4,0,6,Servicio de Salud Metropolitano Occidente,Hospital Adalberto Steeger (Talagante),Talagante,110130,13601,10
650,RN egresados con LME durante hospitalización y al alta,10,110130,24300103,13,13601,41,0,0,5,Servicio de Salud Metropolitano Occidente,Hospital Adalberto Steeger (Talagante),Talagante,110130,13601,10
651,RN egresados que recuperaron LME al alta,10,110130,24311025,13,13601,0,1,0,0,Servicio de Salud Metropolitano Occidente,Hospital Adalberto Steeger (Talagante),Talagante,110130,13601,10
652,RN egresados con lactancia mixta al alta,10,110130,24311026,13,13601,4,3,0,1,Servicio de Salud Metropolitano Occidente,Hospital Adalberto Steeger (Talagante),Talagante,110130,13601,10
653,RN egresados solo fórmula por protección o madre grave,10,110130,24311028,13,13601,3,0,0,0,Servicio de Salud Metropolitano Occidente,Hospital Adalberto Steeger (Talagante),Talagante,110130,13601,10
654,RN egresados con LME durante hospitalización y al alta,10,110130,24300103,13,13601,63,0,0,12,Servicio de Salud Metropolitano Occidente,Hospital Adalberto Steeger (Talagante),Talagante,110130,13601,10
655,RN egresados que recuperaron LME al alta,10,110130,24311025,13,13601,0,4,0,1,Servicio de Salud Metropolitano Occidente,Hospital Adalberto Steeger (Talagante),Talagante,110130,13601,10
656,RN egresados con lactancia mixta al alta,10,110130,24311026,13,13601,7,7,0,1,Servicio de Salud Metropolitano Occidente,Hospital Adalberto Steeger (Talagante),Talagante,110130,13601,10
657,RN egresados con madres acogidas a Ley 21.155,10,110130,29101772,13,13601,1,0,0,0,Servicio de Salud Metropolitano Occidente,Hospital Adalberto Steeger (Talagante),Talagante,110130,13601,10
658,RN egresados solo fórmula por protección o madre grave,10,110130,24311028,13,13601,1,0,0,0,Servicio de Salud Metropolitano Occidente,Hospital Adalberto Steeger (Talagante),Talagante,110130,13601,10
659,Total de recién nacidos/as egresados/as,10,110130,24200134,13,13601,72,11,0,14,Servicio de Salud Metropolitano Occidente,Hospital Adalberto Steeger (Talagante),Talagante,110130,13601,10
660,Total de recién nacidos/as egresados/as,10,110130,24200134,13,13601,64,7,0,9,Servicio de Salud Metropolitano Occidente,Hospital Adalberto Steeger (Talagante),Talagante,110130,13601,10
661,RN egresados con LME durante hospitalización y al alta,10,110130,24300103,13,13601,48,0,0,8,Servicio de Salud Metropolitano Occidente,Hospital Adalberto Steeger (Talagante),Talagante,110130,13601,10
662,RN egresados que recuperaron LME al alta,10,110130,24311025,13,13601,0,1,0,0,Servicio de Salud Metropolitano Occidente,Hospital Adalberto Steeger (Talagante),Talagante,110130,13601,10
663,RN egresados con lactancia mixta al alta,10,110130,24311026,13,13601,14,6,0,1,Servicio de Salud Metropolitano Occidente,Hospital Adalberto Steeger (Talagante),Talagante,110130,13601,10
664,RN egresados con madres acogidas a Ley 21.155,10,110130,29101772,13,13601,1,0,0,0,Servicio de Salud Metropolitano Occidente,Hospital Adalberto Steeger (Talagante),Talagante,110130,13601,10
665,RN egresados solo fórmula por protección o madre grave,10,110130,24311028,13,13601,1,0,0,0,Servicio de Salud Metropolitano Occidente,Hospital Adalberto Steeger (Talagante),Talagante,110130,13601,10
666,Total de recién nacidos/as egresados/as,10,110130,24200134,13,13601,64,7,0,6,Servicio de Salud Metropolitano Occidente,Hospital Adalberto Steeger (Talagante),Talagante,110130,13601,10
667,RN egresados con LME durante hospitalización y al alta,10,110130,24300103,13,13601,54,0,0,6,Servicio de Salud Metropolitano Occidente,Hospital Adalberto Steeger (Talagante),Talagante,110130,13601,10
668,RN egresados que recuperaron LME al alta,10,110130,24311025,13,13601,0,2,0,0,Servicio de Salud Metropolitano Occidente,Hospital Adalberto Steeger (Talagante),Talagante,110130,13601,10
669,RN egresados con lactancia mixta al alta,10,110130,24311026,13,13601,9,5,0,0,Servicio de Salud Metropolitano Occidente,Hospital Adalberto Steeger (Talagante),Talagante,110130,13601,10
670,RN egresados con madres acogidas a Ley 21.155,10,110130,29101772,13,13601,1,0,0,0,Servicio de Salud Metropolitano Occidente,Hospital Adalberto Steeger (Talagante),Talagante,110130,13601,10
671,Total de recién nacidos/as egresados/as,10,110130,24200134,13,13601,79,11,0,13,Servicio de Salud Metropolitano Occidente,Hospital Adalberto Steeger (Talagante),Talagante,110130,13601,10
672,RN egresados con LME durante hospitalización y al alta,10,110130,24300103,13,13601,66,0,0,9,Servicio de Salud Metropolitano Occidente,Hospital Adalberto Steeger (Talagante),Talagante,110130,13601,10
673,RN egresados con lactancia mixta al alta,10,110130,24311026,13,13601,12,9,0,3,Servicio de Salud Metropolitano Occidente,Hospital Adalberto Steeger (Talagante),Talagante,110130,13601,10
674,RN egresados con madres acogidas a Ley 21.155,10,110130,29101772,13,13601,1,0,0,0,Servicio de Salud Metropolitano Occidente,Hospital Adalberto Steeger (Talagante),Talagante,110130,13601,10
675,RN egresados solo fórmula por protección o madre grave,10,110130,24311028,13,13601,0,2,0,0,Servicio de Salud Metropolitano Occidente,Hospital Adalberto Steeger (Talagante),Talagante,110130,13601,10
676,Total de recién nacidos/as egresados/as,10,110130,24200134,13,13601,81,7,0,13,Servicio de Salud Metropolitano Occidente,Hospital Adalberto Steeger (Talagante),Talagante,110130,13601,10
677,RN egresados con LME durante hospitalización y al alta,10,110130,24300103,13,13601,68,0,0,12,Servicio de Salud Metropolitano Occidente,Hospital Adalberto Steeger (Talagante),Talagante,110130,13601,10
678,RN egresados que recuperaron LME al alta,10,110130,24311025,13,13601,1,0,0,0,Servicio de Salud Metropolitano Occidente,Hospital Adalberto Steeger (Talagante),Talagante,110130,13601,10
679,RN egresados con lactancia mixta al alta,10,110130,24311026,13,13601,9,6,0,1,Servicio de Salud Metropolitano Occidente,Hospital Adalberto Steeger (Talagante),Talagante,110130,13601,10
680,RN egresados con madres acogidas a Ley 21.155,10,110130,29101772,13,13601,2,0,0,0,Servicio de Salud Metropolitano Occidente,Hospital Adalberto Steeger (Talagante),Talagante,110130,13601,10
681,RN egresados solo fórmula por protección o madre grave,10,110130,24311028,13,13601,1,0,0,0,Servicio de Salud Metropolitano Occidente,Hospital Adalberto Steeger (Talagante),Talagante,110130,13601,10
682,RN egresados que recuperaron LME al alta,10,110130,24311025,13,13601,0,1,0,0,Servicio de Salud Metropolitano Occidente,Hospital Adalberto Steeger (Talagante),Talagante,110130,13601,10
683,RN egresados con lactancia mixta al alta,10,110130,24311026,13,13601,5,5,0,1,Servicio de Salud Metropolitano Occidente,Hospital Adalberto Steeger (Talagante),Talagante,110130,13601,10
684,RN egresados con madres acogidas a Ley 21.155,10,110130,29101772,13,13601,1,0,0,0,Servicio de Salud Metropolitano Occidente,Hospital Adalberto Steeger (Talagante),Talagante,110130,13601,10
685,Total de recién nacidos/as egresados/as,10,110130,24200134,13,13601,61,6,0,7,Servicio de Salud Metropolitano Occidente,Hospital Adalberto Steeger (Talagante),Talagante,110130,13601,10
686,RN egresados con LME durante hospitalización y al alta,10,110130,24300103,13,13601,55,0,0,6,Servicio de Salud Metropolitano Occidente,Hospital Adalberto Steeger (Talagante),Talagante,110130,13601,10
687,RN egresados con LME durante hospitalización y al alta,10,110130,24300103,13,13601,62,0,0,10,Servicio de Salud Metropolitano Occidente,Hospital Adalberto Steeger (Talagante),Talagante,110130,13601,10
688,Total de recién nacidos/as egresados/as,10,110130,24200134,13,13601,69,4,0,10,Servicio de Salud Metropolitano Occidente,Hospital Adalberto Steeger (Talagante),Talagante,110130,13601,10
689,Total de recién nacidos/as egresados/as,10,110140,24200134,13,13605,6,,0,0,Servicio de Salud Metropolitano Occidente,Hospital de Peñaflor,Peñaflor,110140,13605,10
690,RN egresados con LME durante hospitalización y al alta,10,110140,24300103,13,13605,6,,0,0,Servicio de Salud Metropolitano Occidente,Hospital de Peñaflor,Peñaflor,110140,13605,10
691,Total de recién nacidos/as egresados/as,10,110140,24200134,13,13605,8,,0,2,Servicio de Salud Metropolitano Occidente,Hospital de Peñaflor,Peñaflor,110140,13605,10
692,RN egresados con LME durante hospitalización y al alta,10,110140,24300103,13,13605,7,,0,2,Servicio de Salud Metropolitano Occidente,Hospital de Peñaflor,Peñaflor,110140,13605,10
693,RN egresados que recuperaron LME al alta,10,110140,24311025,13,13605,1,,0,0,Servicio de Salud Metropolitano Occidente,Hospital de Peñaflor,Peñaflor,110140,13605,10
694,Total de recién nacidos/as egresados/as,10,110140,24200134,13,13605,8,,0,1,Servicio de Salud Metropolitano Occidente,Hospital de Peñaflor,Peñaflor,110140,13605,10
695,RN egresados con LME durante hospitalización y al alta,10,110140,24300103,13,13605,7,,0,1,Servicio de Salud Metropolitano Occidente,Hospital de Peñaflor,Peñaflor,110140,13605,10
696,RN egresados que recuperaron LME al alta,10,110140,24311025,13,13605,1,,0,0,Servicio de Salud Metropolitano Occidente,Hospital de Peñaflor,Peñaflor,110140,13605,10
697,Total de recién nacidos/as egresados/as,10,110140,24200134,13,13605,9,,0,1,Servicio de Salud Metropolitano Occidente,Hospital de Peñaflor,Peñaflor,110140,13605,10
698,RN egresados con LME durante hospitalización y al alta,10,110140,24300103,13,13605,7,,0,1,Servicio de Salud Metropolitano Occidente,Hospital de Peñaflor,Peñaflor,110140,13605,10
699,RN egresados con lactancia mixta al alta,10,110140,24311026,13,13605,2,,0,0,Servicio de Salud Metropolitano Occidente,Hospital de Peñaflor,Peñaflor,110140,13605,10
700,Total de recién nacidos/as egresados/as,10,110140,24200134,13,13605,6,,0,0,Servicio de Salud Metropolitano Occidente,Hospital de Peñaflor,Peñaflor,110140,13605,10
701,RN egresados con LME durante hospitalización y al alta,10,110140,24300103,13,13605,6,,0,0,Servicio de Salud Metropolitano Occidente,Hospital de Peñaflor,Peñaflor,110140,13605,10
702,Total de recién nacidos/as egresados/as,10,110140,24200134,13,13605,5,,0,1,Servicio de Salud Metropolitano Occidente,Hospital de Peñaflor,Peñaflor,110140,13605,10
703,RN egresados con LME durante hospitalización y al alta,10,110140,24300103,13,13605,5,,0,1,Servicio de Salud Metropolitano Occidente,Hospital de Peñaflor,Peñaflor,110140,13605,10
704,Total de recién nacidos/as egresados/as,10,110140,24200134,13,13605,2,,0,0,Servicio de Salud Metropolitano Occidente,Hospital de Peñaflor,Peñaflor,110140,13605,10
705,RN egresados con LME durante hospitalización y al alta,10,110140,24300103,13,13605,2,,0,0,Servicio de Salud Metropolitano Occidente,Hospital de Peñaflor,Peñaflor,110140,13605,10
706,Total de recién nacidos/as egresados/as,10,110140,24200134,13,13605,2,,0,1,Servicio de Salud Metropolitano Occidente,Hospital de Peñaflor,Peñaflor,110140,13605,10
707,RN egresados con LME durante hospitalización y al alta,10,110140,24300103,13,13605,2,,0,1,Servicio de Salud Metropolitano Occidente,Hospital de Peñaflor,Peñaflor,110140,13605,10
