,Mes,IdServicio,IdEstablecimiento,CodigoPrestacion,IdRegion,IdComuna,1° mes,3° mes,6° mes,nombre_ss,nombre_establecimiento,nombre_comuna,Prestación,codigo_deis_establecimiento,codigo_deis_comuna,codigo_deis_servicio
0,8,13,113324,A0200002,13,13105,9,7,7,Servicio de Salud Metropolitano Sur,Centro de Salud Familiar Dra. Haydeé López Casoou,El Bosque,LACTANCIA MATERNA EXCLUSIVA,113324,13105,13
1,8,13,113324,A0200001,13,13105,13,12,,Servicio de Salud Metropolitano Sur,Centro de Salud Familiar Dra. Haydeé López Casoou,El Bosque,MENORES CONTROLADOS,113324,13105,13
2,8,12,112317,A0200002,13,13113,2,1,5,Servicio de Salud Metropolitano Oriente,Centro de Salud Familiar Ossandon,La Reina,LACTANCIA MATERNA EXCLUSIVA,112317,13113,12
3,8,12,112317,A0200001,13,13113,6,7,7,Servicio de Salud Metropolitano Oriente,Centro de Salud Familiar Ossandon,La Reina,MENORES CONTROLADOS,112317,13113,12
4,5,13,200962,A0200002,13,13105,2,2,0,Servicio de Salud Metropolitano Sur,Centro Comunitario de Salud Familiar Los Sauces,El Bosque,LACTANCIA MATERNA EXCLUSIVA,200962,13105,13
5,5,13,200962,A0200001,13,13105,2,2,1,Servicio de Salud Metropolitano Sur,Centro Comunitario de Salud Familiar Los Sauces,El Bosque,MENORES CONTROLADOS,200962,13105,13
6,5,13,113717,A0200002,13,13105,2,2,1,Servicio de Salud Metropolitano Sur,Centro Comunitario de Salud Familiar Santa Laura,El Bosque,LACTANCIA MATERNA EXCLUSIVA,113717,13105,13
7,5,13,113717,A0200001,13,13105,3,2,3,Servicio de Salud Metropolitano Sur,Centro Comunitario de Salud Familiar Santa Laura,El Bosque,MENORES CONTROLADOS,113717,13105,13
8,6,9,109302,A0200002,13,13104,5,9,9,Servicio de Salud Metropolitano Norte,Centro de Salud Familiar Lucas Sierra,Conchalí,LACTANCIA MATERNA EXCLUSIVA,109302,13104,09
9,6,9,109302,A0200001,13,13104,11,13,15,Servicio de Salud Metropolitano Norte,Centro de Salud Familiar Lucas Sierra,Conchalí,MENORES CONTROLADOS,109302,13104,09
10,3,11,111376,A0200002,13,13101,18,14,26,Servicio de Salud Metropolitano Central,Centro de Salud Familiar Matta Sur,Santiago,LACTANCIA MATERNA EXCLUSIVA,111376,13101,11
11,3,11,111376,A0200001,13,13101,24,21,38,Servicio de Salud Metropolitano Central,Centro de Salud Familiar Matta Sur,Santiago,MENORES CONTROLADOS,111376,13101,11
12,7,9,200347,A0200001,13,13104,5,2,3,Servicio de Salud Metropolitano Norte,Centro Comunitario de Salud Familiar Alberto Bachelet,Conchalí,MENORES CONTROLADOS,200347,13104,09
13,5,9,200347,A0200002,13,13104,3,2,3,Servicio de Salud Metropolitano Norte,Centro Comunitario de Salud Familiar Alberto Bachelet,Conchalí,LACTANCIA MATERNA EXCLUSIVA,200347,13104,09
14,5,9,200347,A0200001,13,13104,4,2,5,Servicio de Salud Metropolitano Norte,Centro Comunitario de Salud Familiar Alberto Bachelet,Conchalí,MENORES CONTROLADOS,200347,13104,09
15,6,9,200347,A0200002,13,13104,1,2,2,Servicio de Salud Metropolitano Norte,Centro Comunitario de Salud Familiar Alberto Bachelet,Conchalí,LACTANCIA MATERNA EXCLUSIVA,200347,13104,09
16,6,9,200347,A0200001,13,13104,2,2,3,Servicio de Salud Metropolitano Norte,Centro Comunitario de Salud Familiar Alberto Bachelet,Conchalí,MENORES CONTROLADOS,200347,13104,09
17,3,9,200347,A0200002,13,13104,3,,1,Servicio de Salud Metropolitano Norte,Centro Comunitario de Salud Familiar Alberto Bachelet,Conchalí,LACTANCIA MATERNA EXCLUSIVA,200347,13104,09
18,3,9,200347,A0200001,13,13104,3,0,2,Servicio de Salud Metropolitano Norte,Centro Comunitario de Salud Familiar Alberto Bachelet,Conchalí,MENORES CONTROLADOS,200347,13104,09
19,1,9,200347,A0200002,13,13104,2,1,1,Servicio de Salud Metropolitano Norte,Centro Comunitario de Salud Familiar Alberto Bachelet,Conchalí,LACTANCIA MATERNA EXCLUSIVA,200347,13104,09
20,1,9,200347,A0200001,13,13104,3,2,2,Servicio de Salud Metropolitano Norte,Centro Comunitario de Salud Familiar Alberto Bachelet,Conchalí,MENORES CONTROLADOS,200347,13104,09
21,8,9,200347,A0200002,13,13104,1,3,4,Servicio de Salud Metropolitano Norte,Centro Comunitario de Salud Familiar Alberto Bachelet,Conchalí,LACTANCIA MATERNA EXCLUSIVA,200347,13104,09
22,8,9,200347,A0200001,13,13104,1,4,4,Servicio de Salud Metropolitano Norte,Centro Comunitario de Salud Familiar Alberto Bachelet,Conchalí,MENORES CONTROLADOS,200347,13104,09
23,1,9,200609,A0200002,13,13104,7,3,2,Servicio de Salud Metropolitano Norte,Centro Comunitario de Salud Familiar Dr. Lucas Sierra,Conchalí,LACTANCIA MATERNA EXCLUSIVA,200609,13104,09
24,1,9,200609,A0200001,13,13104,10,5,3,Servicio de Salud Metropolitano Norte,Centro Comunitario de Salud Familiar Dr. Lucas Sierra,Conchalí,MENORES CONTROLADOS,200609,13104,09
25,7,9,200609,A0200002,13,13104,1,1,1,Servicio de Salud Metropolitano Norte,Centro Comunitario de Salud Familiar Dr. Lucas Sierra,Conchalí,LACTANCIA MATERNA EXCLUSIVA,200609,13104,09
26,7,9,200609,A0200001,13,13104,2,2,4,Servicio de Salud Metropolitano Norte,Centro Comunitario de Salud Familiar Dr. Lucas Sierra,Conchalí,MENORES CONTROLADOS,200609,13104,09
27,3,9,200609,A0200002,13,13104,,5,3,Servicio de Salud Metropolitano Norte,Centro Comunitario de Salud Familiar Dr. Lucas Sierra,Conchalí,LACTANCIA MATERNA EXCLUSIVA,200609,13104,09
28,3,9,200609,A0200001,13,13104,1,8,5,Servicio de Salud Metropolitano Norte,Centro Comunitario de Salud Familiar Dr. Lucas Sierra,Conchalí,MENORES CONTROLADOS,200609,13104,09
29,8,9,200609,A0200002,13,13104,3,2,,Servicio de Salud Metropolitano Norte,Centro Comunitario de Salud Familiar Dr. Lucas Sierra,Conchalí,LACTANCIA MATERNA EXCLUSIVA,200609,13104,09
30,8,9,200609,A0200001,13,13104,4,4,1,Servicio de Salud Metropolitano Norte,Centro Comunitario de Salud Familiar Dr. Lucas Sierra,Conchalí,MENORES CONTROLADOS,200609,13104,09
31,8,11,111370,A0200002,13,13101,22,10,22,Servicio de Salud Metropolitano Central,Centro de Salud Familiar Padre Orellana,Santiago,LACTANCIA MATERNA EXCLUSIVA,111370,13101,11
32,1,14,114316,A0200001,13,13110,20,12,13,Servicio de Salud Metropolitano Sur - Oriente,Centro de Salud Familiar Dr. Fernando Maffioletti,La Florida,MENORES CONTROLADOS,114316,13110,14
33,5,13,113324,A0200001,13,13105,10,22,7,Servicio de Salud Metropolitano Sur,Centro de Salud Familiar Dra. Haydeé López Casoou,El Bosque,MENORES CONTROLADOS,113324,13105,13
34,8,11,111370,A0200001,13,13101,32,21,40,Servicio de Salud Metropolitano Central,Centro de Salud Familiar Padre Orellana,Santiago,MENORES CONTROLADOS,111370,13101,11
35,4,13,113324,A0200002,13,13105,7,2,6,Servicio de Salud Metropolitano Sur,Centro de Salud Familiar Dra. Haydeé López Casoou,El Bosque,LACTANCIA MATERNA EXCLUSIVA,113324,13105,13
36,4,13,113324,A0200001,13,13105,12,5,8,Servicio de Salud Metropolitano Sur,Centro de Salud Familiar Dra. Haydeé López Casoou,El Bosque,MENORES CONTROLADOS,113324,13105,13
37,6,13,113324,A0200002,13,13105,9,5,2,Servicio de Salud Metropolitano Sur,Centro de Salud Familiar Dra. Haydeé López Casoou,El Bosque,LACTANCIA MATERNA EXCLUSIVA,113324,13105,13
38,6,13,113324,A0200001,13,13105,12,10,5,Servicio de Salud Metropolitano Sur,Centro de Salud Familiar Dra. Haydeé López Casoou,El Bosque,MENORES CONTROLADOS,113324,13105,13
39,7,13,113324,A0200002,13,13105,13,12,4,Servicio de Salud Metropolitano Sur,Centro de Salud Familiar Dra. Haydeé López Casoou,El Bosque,LACTANCIA MATERNA EXCLUSIVA,113324,13105,13
40,1,14,114331,A0200001,13,13110,34,29,17,Servicio de Salud Metropolitano Sur - Oriente,Centro de Salud Familiar La Florida,La Florida,MENORES CONTROLADOS,114331,13110,14
41,1,13,113324,A0200002,13,13105,6,5,5,Servicio de Salud Metropolitano Sur,Centro de Salud Familiar Dra. Haydeé López Casoou,El Bosque,LACTANCIA MATERNA EXCLUSIVA,113324,13105,13
42,1,13,113324,A0200001,13,13105,11,7,8,Servicio de Salud Metropolitano Sur,Centro de Salud Familiar Dra. Haydeé López Casoou,El Bosque,MENORES CONTROLADOS,113324,13105,13
43,4,9,200609,A0200002,13,13104,5,2,1,Servicio de Salud Metropolitano Norte,Centro Comunitario de Salud Familiar Dr. Lucas Sierra,Conchalí,LACTANCIA MATERNA EXCLUSIVA,200609,13104,09
44,4,9,200609,A0200001,13,13104,7,3,1,Servicio de Salud Metropolitano Norte,Centro Comunitario de Salud Familiar Dr. Lucas Sierra,Conchalí,MENORES CONTROLADOS,200609,13104,09
45,2,9,200347,A0200001,13,13104,2,7,4,Servicio de Salud Metropolitano Norte,Centro Comunitario de Salud Familiar Alberto Bachelet,Conchalí,MENORES CONTROLADOS,200347,13104,09
46,2,9,200347,A0200002,13,13104,2,3,2,Servicio de Salud Metropolitano Norte,Centro Comunitario de Salud Familiar Alberto Bachelet,Conchalí,LACTANCIA MATERNA EXCLUSIVA,200347,13104,09
47,1,11,111376,A0200002,13,13101,19,18,14,Servicio de Salud Metropolitano Central,Centro de Salud Familiar Matta Sur,Santiago,LACTANCIA MATERNA EXCLUSIVA,111376,13101,11
48,1,11,111376,A0200001,13,13101,30,38,25,Servicio de Salud Metropolitano Central,Centro de Salud Familiar Matta Sur,Santiago,MENORES CONTROLADOS,111376,13101,11
49,2,12,112317,A0200001,13,13113,8,2,4,Servicio de Salud Metropolitano Oriente,Centro de Salud Familiar Ossandon,La Reina,MENORES CONTROLADOS,112317,13113,12
50,6,14,114316,A0200001,13,13110,24,12,17,Servicio de Salud Metropolitano Sur - Oriente,Centro de Salud Familiar Dr. Fernando Maffioletti,La Florida,MENORES CONTROLADOS,114316,13110,14
51,6,9,200609,A0200002,13,13104,1,5,3,Servicio de Salud Metropolitano Norte,Centro Comunitario de Salud Familiar Dr. Lucas Sierra,Conchalí,LACTANCIA MATERNA EXCLUSIVA,200609,13104,09
52,6,9,200609,A0200001,13,13104,3,7,6,Servicio de Salud Metropolitano Norte,Centro Comunitario de Salud Familiar Dr. Lucas Sierra,Conchalí,MENORES CONTROLADOS,200609,13104,09
53,2,9,109302,A0200002,13,13104,9,6,8,Servicio de Salud Metropolitano Norte,Centro de Salud Familiar Lucas Sierra,Conchalí,LACTANCIA MATERNA EXCLUSIVA,109302,13104,09
54,3,14,114316,A0200002,13,13110,11,8,11,Servicio de Salud Metropolitano Sur - Oriente,Centro de Salud Familiar Dr. Fernando Maffioletti,La Florida,LACTANCIA MATERNA EXCLUSIVA,114316,13110,14
55,4,9,109302,A0200001,13,13104,17,16,14,Servicio de Salud Metropolitano Norte,Centro de Salud Familiar Lucas Sierra,Conchalí,MENORES CONTROLADOS,109302,13104,09
56,2,9,109302,A0200001,13,13104,16,10,12,Servicio de Salud Metropolitano Norte,Centro de Salud Familiar Lucas Sierra,Conchalí,MENORES CONTROLADOS,109302,13104,09
57,3,12,112320,A0200002,13,13113,7,4,2,Servicio de Salud Metropolitano Oriente,Centro de Salud Familiar Juan Pablo II ( La Reina),La Reina,LACTANCIA MATERNA EXCLUSIVA,112320,13113,12
58,3,13,113324,A0200002,13,13105,6,3,2,Servicio de Salud Metropolitano Sur,Centro de Salud Familiar Dra. Haydeé López Casoou,El Bosque,LACTANCIA MATERNA EXCLUSIVA,113324,13105,13
59,3,14,114331,A0200001,13,13110,32,21,24,Servicio de Salud Metropolitano Sur - Oriente,Centro de Salud Familiar La Florida,La Florida,MENORES CONTROLADOS,114331,13110,14
60,5,13,113324,A0200002,13,13105,7,8,3,Servicio de Salud Metropolitano Sur,Centro de Salud Familiar Dra. Haydeé López Casoou,El Bosque,LACTANCIA MATERNA EXCLUSIVA,113324,13105,13
61,7,13,113324,A0200001,13,13105,25,16,10,Servicio de Salud Metropolitano Sur,Centro de Salud Familiar Dra. Haydeé López Casoou,El Bosque,MENORES CONTROLADOS,113324,13105,13
62,5,12,112317,A0200002,13,13113,2,2,1,Servicio de Salud Metropolitano Oriente,Centro de Salud Familiar Ossandon,La Reina,LACTANCIA MATERNA EXCLUSIVA,112317,13113,12
63,5,12,112317,A0200001,13,13113,3,5,3,Servicio de Salud Metropolitano Oriente,Centro de Salud Familiar Ossandon,La Reina,MENORES CONTROLADOS,112317,13113,12
64,7,11,111370,A0200002,13,13101,22,19,20,Servicio de Salud Metropolitano Central,Centro de Salud Familiar Padre Orellana,Santiago,LACTANCIA MATERNA EXCLUSIVA,111370,13101,11
65,7,11,111370,A0200001,13,13101,42,30,33,Servicio de Salud Metropolitano Central,Centro de Salud Familiar Padre Orellana,Santiago,MENORES CONTROLADOS,111370,13101,11
66,7,9,200347,A0200002,13,13104,5,0,2,Servicio de Salud Metropolitano Norte,Centro Comunitario de Salud Familiar Alberto Bachelet,Conchalí,LACTANCIA MATERNA EXCLUSIVA,200347,13104,09
67,4,9,200347,A0200002,13,13104,2,3,1,Servicio de Salud Metropolitano Norte,Centro Comunitario de Salud Familiar Alberto Bachelet,Conchalí,LACTANCIA MATERNA EXCLUSIVA,200347,13104,09
68,4,9,200347,A0200001,13,13104,2,3,2,Servicio de Salud Metropolitano Norte,Centro Comunitario de Salud Familiar Alberto Bachelet,Conchalí,MENORES CONTROLADOS,200347,13104,09
69,3,13,113324,A0200001,13,13105,16,7,8,Servicio de Salud Metropolitano Sur,Centro de Salud Familiar Dra. Haydeé López Casoou,El Bosque,MENORES CONTROLADOS,113324,13105,13
70,5,14,114331,A0200002,13,13110,22,12,13,Servicio de Salud Metropolitano Sur - Oriente,Centro de Salud Familiar La Florida,La Florida,LACTANCIA MATERNA EXCLUSIVA,114331,13110,14
71,5,14,114331,A0200001,13,13110,28,21,21,Servicio de Salud Metropolitano Sur - Oriente,Centro de Salud Familiar La Florida,La Florida,MENORES CONTROLADOS,114331,13110,14
72,2,9,200609,A0200002,13,13104,1,1,,Servicio de Salud Metropolitano Norte,Centro Comunitario de Salud Familiar Dr. Lucas Sierra,Conchalí,LACTANCIA MATERNA EXCLUSIVA,200609,13104,09
73,2,9,200609,A0200001,13,13104,3,1,,Servicio de Salud Metropolitano Norte,Centro Comunitario de Salud Familiar Dr. Lucas Sierra,Conchalí,MENORES CONTROLADOS,200609,13104,09
74,1,12,112317,A0200002,13,13113,2,2,1,Servicio de Salud Metropolitano Oriente,Centro de Salud Familiar Ossandon,La Reina,LACTANCIA MATERNA EXCLUSIVA,112317,13113,12
75,1,12,112317,A0200001,13,13113,7,2,1,Servicio de Salud Metropolitano Oriente,Centro de Salud Familiar Ossandon,La Reina,MENORES CONTROLADOS,112317,13113,12
76,3,11,111370,A0200002,13,13101,19,20,22,Servicio de Salud Metropolitano Central,Centro de Salud Familiar Padre Orellana,Santiago,LACTANCIA MATERNA EXCLUSIVA,111370,13101,11
77,2,11,111376,A0200001,13,13101,36,20,26,Servicio de Salud Metropolitano Central,Centro de Salud Familiar Matta Sur,Santiago,MENORES CONTROLADOS,111376,13101,11
78,3,11,111370,A0200001,13,13101,34,35,32,Servicio de Salud Metropolitano Central,Centro de Salud Familiar Padre Orellana,Santiago,MENORES CONTROLADOS,111370,13101,11
79,1,9,109302,A0200002,13,13104,4,10,10,Servicio de Salud Metropolitano Norte,Centro de Salud Familiar Lucas Sierra,Conchalí,LACTANCIA MATERNA EXCLUSIVA,109302,13104,09
80,1,9,109302,A0200001,13,13104,9,13,13,Servicio de Salud Metropolitano Norte,Centro de Salud Familiar Lucas Sierra,Conchalí,MENORES CONTROLADOS,109302,13104,09
81,8,13,200962,A0200002,13,13105,0,1,2,Servicio de Salud Metropolitano Sur,Centro Comunitario de Salud Familiar Los Sauces,El Bosque,LACTANCIA MATERNA EXCLUSIVA,200962,13105,13
82,8,13,200962,A0200001,13,13105,0,2,2,Servicio de Salud Metropolitano Sur,Centro Comunitario de Salud Familiar Los Sauces,El Bosque,MENORES CONTROLADOS,200962,13105,13
83,7,9,109709,A0200002,13,13104,6,4,3,Servicio de Salud Metropolitano Norte,CECOSF Haydeé Sepúlveda,Conchalí,LACTANCIA MATERNA EXCLUSIVA,109709,13104,09
84,5,9,109308,A0200002,13,13104,3,8,4,Servicio de Salud Metropolitano Norte,Centro de Salud Familiar Alberto Bachelet Martínez,Conchalí,LACTANCIA MATERNA EXCLUSIVA,109308,13104,09
85,3,9,109308,A0200002,13,13104,6,1,5,Servicio de Salud Metropolitano Norte,Centro de Salud Familiar Alberto Bachelet Martínez,Conchalí,LACTANCIA MATERNA EXCLUSIVA,109308,13104,09
86,5,9,109308,A0200001,13,13104,6,11,9,Servicio de Salud Metropolitano Norte,Centro de Salud Familiar Alberto Bachelet Martínez,Conchalí,MENORES CONTROLADOS,109308,13104,09
87,6,9,109308,A0200001,13,13104,20,7,5,Servicio de Salud Metropolitano Norte,Centro de Salud Familiar Alberto Bachelet Martínez,Conchalí,MENORES CONTROLADOS,109308,13104,09
88,3,14,114331,A0200002,13,13110,20,15,13,Servicio de Salud Metropolitano Sur - Oriente,Centro de Salud Familiar La Florida,La Florida,LACTANCIA MATERNA EXCLUSIVA,114331,13110,14
89,7,14,114331,A0200002,13,13110,21,17,10,Servicio de Salud Metropolitano Sur - Oriente,Centro de Salud Familiar La Florida,La Florida,LACTANCIA MATERNA EXCLUSIVA,114331,13110,14
90,7,14,114331,A0200001,13,13110,28,31,28,Servicio de Salud Metropolitano Sur - Oriente,Centro de Salud Familiar La Florida,La Florida,MENORES CONTROLADOS,114331,13110,14
91,2,12,112317,A0200002,13,13113,2,1,1,Servicio de Salud Metropolitano Oriente,Centro de Salud Familiar Ossandon,La Reina,LACTANCIA MATERNA EXCLUSIVA,112317,13113,12
92,5,14,114316,A0200002,13,13110,8,8,9,Servicio de Salud Metropolitano Sur - Oriente,Centro de Salud Familiar Dr. Fernando Maffioletti,La Florida,LACTANCIA MATERNA EXCLUSIVA,114316,13110,14
93,1,14,114316,A0200002,13,13110,9,5,7,Servicio de Salud Metropolitano Sur - Oriente,Centro de Salud Familiar Dr. Fernando Maffioletti,La Florida,LACTANCIA MATERNA EXCLUSIVA,114316,13110,14
94,6,9,109308,A0200002,13,13104,12,2,4,Servicio de Salud Metropolitano Norte,Centro de Salud Familiar Alberto Bachelet Martínez,Conchalí,LACTANCIA MATERNA EXCLUSIVA,109308,13104,09
95,2,14,114316,A0200002,13,13110,6,11,4,Servicio de Salud Metropolitano Sur - Oriente,Centro de Salud Familiar Dr. Fernando Maffioletti,La Florida,LACTANCIA MATERNA EXCLUSIVA,114316,13110,14
96,6,11,111370,A0200002,13,13101,23,15,13,Servicio de Salud Metropolitano Central,Centro de Salud Familiar Padre Orellana,Santiago,LACTANCIA MATERNA EXCLUSIVA,111370,13101,11
97,6,11,111370,A0200001,13,13101,29,23,24,Servicio de Salud Metropolitano Central,Centro de Salud Familiar Padre Orellana,Santiago,MENORES CONTROLADOS,111370,13101,11
98,5,14,114316,A0200001,13,13110,21,17,13,Servicio de Salud Metropolitano Sur - Oriente,Centro de Salud Familiar Dr. Fernando Maffioletti,La Florida,MENORES CONTROLADOS,114316,13110,14
99,2,14,114331,A0200001,13,13110,22,18,18,Servicio de Salud Metropolitano Sur - Oriente,Centro de Salud Familiar La Florida,La Florida,MENORES CONTROLADOS,114331,13110,14
100,3,9,109308,A0200001,13,13104,12,8,11,Servicio de Salud Metropolitano Norte,Centro de Salud Familiar Alberto Bachelet Martínez,Conchalí,MENORES CONTROLADOS,109308,13104,09
101,2,9,109709,A0200001,13,13104,8,4,7,Servicio de Salud Metropolitano Norte,CECOSF Haydeé Sepúlveda,Conchalí,MENORES CONTROLADOS,109709,13104,09
102,1,9,109709,A0200002,13,13104,4,1,0,Servicio de Salud Metropolitano Norte,CECOSF Haydeé Sepúlveda,Conchalí,LACTANCIA MATERNA EXCLUSIVA,109709,13104,09
103,5,9,109709,A0200002,13,13104,3,1,1,Servicio de Salud Metropolitano Norte,CECOSF Haydeé Sepúlveda,Conchalí,LACTANCIA MATERNA EXCLUSIVA,109709,13104,09
104,5,9,109709,A0200001,13,13104,8,5,5,Servicio de Salud Metropolitano Norte,CECOSF Haydeé Sepúlveda,Conchalí,MENORES CONTROLADOS,109709,13104,09
105,6,14,114316,A0200002,13,13110,11,8,10,Servicio de Salud Metropolitano Sur - Oriente,Centro de Salud Familiar Dr. Fernando Maffioletti,La Florida,LACTANCIA MATERNA EXCLUSIVA,114316,13110,14
106,2,13,113324,A0200001,13,13105,9,9,8,Servicio de Salud Metropolitano Sur,Centro de Salud Familiar Dra. Haydeé López Casoou,El Bosque,MENORES CONTROLADOS,113324,13105,13
107,8,9,109709,A0200002,13,13104,1,2,2,Servicio de Salud Metropolitano Norte,CECOSF Haydeé Sepúlveda,Conchalí,LACTANCIA MATERNA EXCLUSIVA,109709,13104,09
108,8,9,109709,A0200001,13,13104,1,4,8,Servicio de Salud Metropolitano Norte,CECOSF Haydeé Sepúlveda,Conchalí,MENORES CONTROLADOS,109709,13104,09
109,2,14,114316,A0200001,13,13110,17,19,8,Servicio de Salud Metropolitano Sur - Oriente,Centro de Salud Familiar Dr. Fernando Maffioletti,La Florida,MENORES CONTROLADOS,114316,13110,14
110,1,14,114331,A0200002,13,13110,24,20,11,Servicio de Salud Metropolitano Sur - Oriente,Centro de Salud Familiar La Florida,La Florida,LACTANCIA MATERNA EXCLUSIVA,114331,13110,14
111,1,12,112320,A0200002,13,13113,6,4,2,Servicio de Salud Metropolitano Oriente,Centro de Salud Familiar Juan Pablo II ( La Reina),La Reina,LACTANCIA MATERNA EXCLUSIVA,112320,13113,12
112,1,12,112320,A0200001,13,13113,9,10,6,Servicio de Salud Metropolitano Oriente,Centro de Salud Familiar Juan Pablo II ( La Reina),La Reina,MENORES CONTROLADOS,112320,13113,12
113,4,14,114316,A0200001,13,13110,11,13,15,Servicio de Salud Metropolitano Sur - Oriente,Centro de Salud Familiar Dr. Fernando Maffioletti,La Florida,MENORES CONTROLADOS,114316,13110,14
114,5,10,110331,A0200002,13,13103,12,5,7,Servicio de Salud Metropolitano Occidente,Centro de Salud Familiar Lo Amor,Cerro Navia,LACTANCIA MATERNA EXCLUSIVA,110331,13103,10
115,5,10,110331,A0200001,13,13103,18,9,17,Servicio de Salud Metropolitano Occidente,Centro de Salud Familiar Lo Amor,Cerro Navia,MENORES CONTROLADOS,110331,13103,10
116,7,13,200962,A0200002,13,13105,0,3,1,Servicio de Salud Metropolitano Sur,Centro Comunitario de Salud Familiar Los Sauces,El Bosque,LACTANCIA MATERNA EXCLUSIVA,200962,13105,13
117,7,13,200962,A0200001,13,13105,2,3,3,Servicio de Salud Metropolitano Sur,Centro Comunitario de Salud Familiar Los Sauces,El Bosque,MENORES CONTROLADOS,200962,13105,13
118,4,12,112320,A0200002,13,13113,7,9,2,Servicio de Salud Metropolitano Oriente,Centro de Salud Familiar Juan Pablo II ( La Reina),La Reina,LACTANCIA MATERNA EXCLUSIVA,112320,13113,12
119,4,12,112320,A0200001,13,13113,8,17,4,Servicio de Salud Metropolitano Oriente,Centro de Salud Familiar Juan Pablo II ( La Reina),La Reina,MENORES CONTROLADOS,112320,13113,12
120,6,12,112320,A0200002,13,13113,6,6,5,Servicio de Salud Metropolitano Oriente,Centro de Salud Familiar Juan Pablo II ( La Reina),La Reina,LACTANCIA MATERNA EXCLUSIVA,112320,13113,12
121,6,12,112320,A0200001,13,13113,9,9,14,Servicio de Salud Metropolitano Oriente,Centro de Salud Familiar Juan Pablo II ( La Reina),La Reina,MENORES CONTROLADOS,112320,13113,12
122,4,14,114316,A0200002,13,13110,8,9,7,Servicio de Salud Metropolitano Sur - Oriente,Centro de Salud Familiar Dr. Fernando Maffioletti,La Florida,LACTANCIA MATERNA EXCLUSIVA,114316,13110,14
123,5,12,112320,A0200002,13,13113,6,6,5,Servicio de Salud Metropolitano Oriente,Centro de Salud Familiar Juan Pablo II ( La Reina),La Reina,LACTANCIA MATERNA EXCLUSIVA,112320,13113,12
124,5,12,112320,A0200001,13,13113,6,11,7,Servicio de Salud Metropolitano Oriente,Centro de Salud Familiar Juan Pablo II ( La Reina),La Reina,MENORES CONTROLADOS,112320,13113,12
125,3,12,112317,A0200002,13,13113,3,,,Servicio de Salud Metropolitano Oriente,Centro de Salud Familiar Ossandon,La Reina,LACTANCIA MATERNA EXCLUSIVA,112317,13113,12
126,3,12,112317,A0200001,13,13113,8,5,1,Servicio de Salud Metropolitano Oriente,Centro de Salud Familiar Ossandon,La Reina,MENORES CONTROLADOS,112317,13113,12
127,2,14,114331,A0200002,13,13110,16,10,11,Servicio de Salud Metropolitano Sur - Oriente,Centro de Salud Familiar La Florida,La Florida,LACTANCIA MATERNA EXCLUSIVA,114331,13110,14
128,7,12,112320,A0200002,13,13113,3,2,7,Servicio de Salud Metropolitano Oriente,Centro de Salud Familiar Juan Pablo II ( La Reina),La Reina,LACTANCIA MATERNA EXCLUSIVA,112320,13113,12
129,4,9,109709,A0200002,13,13104,2,5,0,Servicio de Salud Metropolitano Norte,CECOSF Haydeé Sepúlveda,Conchalí,LACTANCIA MATERNA EXCLUSIVA,109709,13104,09
130,4,9,109709,A0200001,13,13104,3,6,4,Servicio de Salud Metropolitano Norte,CECOSF Haydeé Sepúlveda,Conchalí,MENORES CONTROLADOS,109709,13104,09
131,2,10,110331,A0200001,13,13103,5,13,6,Servicio de Salud Metropolitano Occidente,Centro de Salud Familiar Lo Amor,Cerro Navia,MENORES CONTROLADOS,110331,13103,10
132,4,9,109308,A0200002,13,13104,3,4,10,Servicio de Salud Metropolitano Norte,Centro de Salud Familiar Alberto Bachelet Martínez,Conchalí,LACTANCIA MATERNA EXCLUSIVA,109308,13104,09
133,4,9,109308,A0200001,13,13104,11,10,18,Servicio de Salud Metropolitano Norte,Centro de Salud Familiar Alberto Bachelet Martínez,Conchalí,MENORES CONTROLADOS,109308,13104,09
134,8,10,110330,A0200002,13,13103,15,12,16,Servicio de Salud Metropolitano Occidente,Centro de Salud Familiar Dr. Adalberto Steeger,Cerro Navia,LACTANCIA MATERNA EXCLUSIVA,110330,13103,10
135,8,10,110330,A0200001,13,13103,27,28,25,Servicio de Salud Metropolitano Occidente,Centro de Salud Familiar Dr. Adalberto Steeger,Cerro Navia,MENORES CONTROLADOS,110330,13103,10
136,6,10,110331,A0200002,13,13103,8,9,3,Servicio de Salud Metropolitano Occidente,Centro de Salud Familiar Lo Amor,Cerro Navia,LACTANCIA MATERNA EXCLUSIVA,110331,13103,10
137,6,10,110331,A0200001,13,13103,13,12,10,Servicio de Salud Metropolitano Occidente,Centro de Salud Familiar Lo Amor,Cerro Navia,MENORES CONTROLADOS,110331,13103,10
138,7,12,112320,A0200001,13,13113,6,6,11,Servicio de Salud Metropolitano Oriente,Centro de Salud Familiar Juan Pablo II ( La Reina),La Reina,MENORES CONTROLADOS,112320,13113,12
139,7,9,109709,A0200001,13,13104,8,8,8,Servicio de Salud Metropolitano Norte,CECOSF Haydeé Sepúlveda,Conchalí,MENORES CONTROLADOS,109709,13104,09
140,7,9,109308,A0200002,13,13104,2,3,5,Servicio de Salud Metropolitano Norte,Centro de Salud Familiar Alberto Bachelet Martínez,Conchalí,LACTANCIA MATERNA EXCLUSIVA,109308,13104,09
141,7,9,109308,A0200001,13,13104,8,5,9,Servicio de Salud Metropolitano Norte,Centro de Salud Familiar Alberto Bachelet Martínez,Conchalí,MENORES CONTROLADOS,109308,13104,09
142,8,11,111376,A0200002,13,13101,22,18,15,Servicio de Salud Metropolitano Central,Centro de Salud Familiar Matta Sur,Santiago,LACTANCIA MATERNA EXCLUSIVA,111376,13101,11
143,8,11,111376,A0200001,13,13101,27,24,30,Servicio de Salud Metropolitano Central,Centro de Salud Familiar Matta Sur,Santiago,MENORES CONTROLADOS,111376,13101,11
144,1,9,109308,A0200002,13,13104,4,6,6,Servicio de Salud Metropolitano Norte,Centro de Salud Familiar Alberto Bachelet Martínez,Conchalí,LACTANCIA MATERNA EXCLUSIVA,109308,13104,09
145,1,9,109308,A0200001,13,13104,8,15,13,Servicio de Salud Metropolitano Norte,Centro de Salud Familiar Alberto Bachelet Martínez,Conchalí,MENORES CONTROLADOS,109308,13104,09
146,2,9,109308,A0200002,13,13104,4,4,3,Servicio de Salud Metropolitano Norte,Centro de Salud Familiar Alberto Bachelet Martínez,Conchalí,LACTANCIA MATERNA EXCLUSIVA,109308,13104,09
147,2,9,109308,A0200001,13,13104,6,10,9,Servicio de Salud Metropolitano Norte,Centro de Salud Familiar Alberto Bachelet Martínez,Conchalí,MENORES CONTROLADOS,109308,13104,09
148,1,13,200962,A0200001,13,13105,0,4,2,Servicio de Salud Metropolitano Sur,Centro Comunitario de Salud Familiar Los Sauces,El Bosque,MENORES CONTROLADOS,200962,13105,13
149,2,13,200962,A0200002,13,13105,0,0,0,Servicio de Salud Metropolitano Sur,Centro Comunitario de Salud Familiar Los Sauces,El Bosque,LACTANCIA MATERNA EXCLUSIVA,200962,13105,13
150,2,13,200962,A0200001,13,13105,0,0,0,Servicio de Salud Metropolitano Sur,Centro Comunitario de Salud Familiar Los Sauces,El Bosque,MENORES CONTROLADOS,200962,13105,13
151,1,13,200962,A0200002,13,13105,0,1,1,Servicio de Salud Metropolitano Sur,Centro Comunitario de Salud Familiar Los Sauces,El Bosque,LACTANCIA MATERNA EXCLUSIVA,200962,13105,13
152,1,13,113717,A0200002,13,13105,1,,1,Servicio de Salud Metropolitano Sur,Centro Comunitario de Salud Familiar Santa Laura,El Bosque,LACTANCIA MATERNA EXCLUSIVA,113717,13105,13
153,1,13,113717,A0200001,13,13105,2,2,2,Servicio de Salud Metropolitano Sur,Centro Comunitario de Salud Familiar Santa Laura,El Bosque,MENORES CONTROLADOS,113717,13105,13
154,3,13,113717,A0200001,13,13105,3,2,1,Servicio de Salud Metropolitano Sur,Centro Comunitario de Salud Familiar Santa Laura,El Bosque,MENORES CONTROLADOS,113717,13105,13
155,4,13,200962,A0200002,13,13105,1,1,2,Servicio de Salud Metropolitano Sur,Centro Comunitario de Salud Familiar Los Sauces,El Bosque,LACTANCIA MATERNA EXCLUSIVA,200962,13105,13
156,4,13,200962,A0200001,13,13105,1,2,3,Servicio de Salud Metropolitano Sur,Centro Comunitario de Salud Familiar Los Sauces,El Bosque,MENORES CONTROLADOS,200962,13105,13
157,4,13,113717,A0200002,13,13105,0,0,1,Servicio de Salud Metropolitano Sur,Centro Comunitario de Salud Familiar Santa Laura,El Bosque,LACTANCIA MATERNA EXCLUSIVA,113717,13105,13
158,4,13,113717,A0200001,13,13105,1,1,2,Servicio de Salud Metropolitano Sur,Centro Comunitario de Salud Familiar Santa Laura,El Bosque,MENORES CONTROLADOS,113717,13105,13
159,2,13,113717,A0200002,13,13105,1,,,Servicio de Salud Metropolitano Sur,Centro Comunitario de Salud Familiar Santa Laura,El Bosque,LACTANCIA MATERNA EXCLUSIVA,113717,13105,13
160,2,13,113717,A0200001,13,13105,1,2,0,Servicio de Salud Metropolitano Sur,Centro Comunitario de Salud Familiar Santa Laura,El Bosque,MENORES CONTROLADOS,113717,13105,13
161,3,13,200962,A0200002,13,13105,3,0,1,Servicio de Salud Metropolitano Sur,Centro Comunitario de Salud Familiar Los Sauces,El Bosque,LACTANCIA MATERNA EXCLUSIVA,200962,13105,13
162,3,13,200962,A0200001,13,13105,3,0,1,Servicio de Salud Metropolitano Sur,Centro Comunitario de Salud Familiar Los Sauces,El Bosque,MENORES CONTROLADOS,200962,13105,13
163,3,13,113717,A0200002,13,13105,2,1,1,Servicio de Salud Metropolitano Sur,Centro Comunitario de Salud Familiar Santa Laura,El Bosque,LACTANCIA MATERNA EXCLUSIVA,113717,13105,13
164,6,13,200962,A0200002,13,13105,1,1,1,Servicio de Salud Metropolitano Sur,Centro Comunitario de Salud Familiar Los Sauces,El Bosque,LACTANCIA MATERNA EXCLUSIVA,200962,13105,13
165,6,13,200962,A0200001,13,13105,1,1,2,Servicio de Salud Metropolitano Sur,Centro Comunitario de Salud Familiar Los Sauces,El Bosque,MENORES CONTROLADOS,200962,13105,13
166,6,13,113717,A0200002,13,13105,1,2,1,Servicio de Salud Metropolitano Sur,Centro Comunitario de Salud Familiar Santa Laura,El Bosque,LACTANCIA MATERNA EXCLUSIVA,113717,13105,13
167,6,13,113717,A0200001,13,13105,2,2,1,Servicio de Salud Metropolitano Sur,Centro Comunitario de Salud Familiar Santa Laura,El Bosque,MENORES CONTROLADOS,113717,13105,13
168,8,13,113717,A0200002,13,13105,,1,1,Servicio de Salud Metropolitano Sur,Centro Comunitario de Salud Familiar Santa Laura,El Bosque,LACTANCIA MATERNA EXCLUSIVA,113717,13105,13
169,8,13,113717,A0200001,13,13105,2,1,3,Servicio de Salud Metropolitano Sur,Centro Comunitario de Salud Familiar Santa Laura,El Bosque,MENORES CONTROLADOS,113717,13105,13
170,7,13,113717,A0200002,13,13105,1,,1,Servicio de Salud Metropolitano Sur,Centro Comunitario de Salud Familiar Santa Laura,El Bosque,LACTANCIA MATERNA EXCLUSIVA,113717,13105,13
171,7,13,113717,A0200001,13,13105,1,1,1,Servicio de Salud Metropolitano Sur,Centro Comunitario de Salud Familiar Santa Laura,El Bosque,MENORES CONTROLADOS,113717,13105,13
172,4,13,113329,A0200001,13,13105,11,9,10,Servicio de Salud Metropolitano Sur,Centro de Salud Familiar Canciller Orlando Letelier,El Bosque,MENORES CONTROLADOS,113329,13105,13
173,4,13,113329,A0200002,13,13105,4,3,5,Servicio de Salud Metropolitano Sur,Centro de Salud Familiar Canciller Orlando Letelier,El Bosque,LACTANCIA MATERNA EXCLUSIVA,113329,13105,13
174,2,13,113329,A0200002,13,13105,4,7,5,Servicio de Salud Metropolitano Sur,Centro de Salud Familiar Canciller Orlando Letelier,El Bosque,LACTANCIA MATERNA EXCLUSIVA,113329,13105,13
175,2,13,113329,A0200001,13,13105,9,9,8,Servicio de Salud Metropolitano Sur,Centro de Salud Familiar Canciller Orlando Letelier,El Bosque,MENORES CONTROLADOS,113329,13105,13
176,8,13,113329,A0200002,13,13105,10,6,11,Servicio de Salud Metropolitano Sur,Centro de Salud Familiar Canciller Orlando Letelier,El Bosque,LACTANCIA MATERNA EXCLUSIVA,113329,13105,13
177,8,13,113329,A0200001,13,13105,14,16,14,Servicio de Salud Metropolitano Sur,Centro de Salud Familiar Canciller Orlando Letelier,El Bosque,MENORES CONTROLADOS,113329,13105,13
178,1,13,113329,A0200001,13,13105,11,11,9,Servicio de Salud Metropolitano Sur,Centro de Salud Familiar Canciller Orlando Letelier,El Bosque,MENORES CONTROLADOS,113329,13105,13
179,3,13,113329,A0200002,13,13105,13,3,2,Servicio de Salud Metropolitano Sur,Centro de Salud Familiar Canciller Orlando Letelier,El Bosque,LACTANCIA MATERNA EXCLUSIVA,113329,13105,13
180,3,13,113329,A0200001,13,13105,17,6,4,Servicio de Salud Metropolitano Sur,Centro de Salud Familiar Canciller Orlando Letelier,El Bosque,MENORES CONTROLADOS,113329,13105,13
181,1,13,113329,A0200002,13,13105,5,5,7,Servicio de Salud Metropolitano Sur,Centro de Salud Familiar Canciller Orlando Letelier,El Bosque,LACTANCIA MATERNA EXCLUSIVA,113329,13105,13
182,6,13,113329,A0200001,13,13105,12,10,8,Servicio de Salud Metropolitano Sur,Centro de Salud Familiar Canciller Orlando Letelier,El Bosque,MENORES CONTROLADOS,113329,13105,13
183,7,13,113329,A0200002,13,13105,6,5,2,Servicio de Salud Metropolitano Sur,Centro de Salud Familiar Canciller Orlando Letelier,El Bosque,LACTANCIA MATERNA EXCLUSIVA,113329,13105,13
184,7,13,113329,A0200001,13,13105,9,12,3,Servicio de Salud Metropolitano Sur,Centro de Salud Familiar Canciller Orlando Letelier,El Bosque,MENORES CONTROLADOS,113329,13105,13
185,5,13,113329,A0200002,13,13105,7,9,4,Servicio de Salud Metropolitano Sur,Centro de Salud Familiar Canciller Orlando Letelier,El Bosque,LACTANCIA MATERNA EXCLUSIVA,113329,13105,13
186,5,13,113329,A0200001,13,13105,16,16,7,Servicio de Salud Metropolitano Sur,Centro de Salud Familiar Canciller Orlando Letelier,El Bosque,MENORES CONTROLADOS,113329,13105,13
187,2,13,113312,A0200002,13,13105,13,3,2,Servicio de Salud Metropolitano Sur,Centro de Salud Familiar Dr. Carlos Lorca Tobar,El Bosque,LACTANCIA MATERNA EXCLUSIVA,113312,13105,13
188,2,13,113312,A0200001,13,13105,22,9,10,Servicio de Salud Metropolitano Sur,Centro de Salud Familiar Dr. Carlos Lorca Tobar,El Bosque,MENORES CONTROLADOS,113312,13105,13
189,6,13,113312,A0200002,13,13105,5,4,5,Servicio de Salud Metropolitano Sur,Centro de Salud Familiar Dr. Carlos Lorca Tobar,El Bosque,LACTANCIA MATERNA EXCLUSIVA,113312,13105,13
190,6,13,113312,A0200001,13,13105,8,11,12,Servicio de Salud Metropolitano Sur,Centro de Salud Familiar Dr. Carlos Lorca Tobar,El Bosque,MENORES CONTROLADOS,113312,13105,13
191,7,13,113312,A0200002,13,13105,7,8,6,Servicio de Salud Metropolitano Sur,Centro de Salud Familiar Dr. Carlos Lorca Tobar,El Bosque,LACTANCIA MATERNA EXCLUSIVA,113312,13105,13
192,7,13,113312,A0200001,13,13105,15,14,17,Servicio de Salud Metropolitano Sur,Centro de Salud Familiar Dr. Carlos Lorca Tobar,El Bosque,MENORES CONTROLADOS,113312,13105,13
193,4,13,113312,A0200001,13,13105,6,13,11,Servicio de Salud Metropolitano Sur,Centro de Salud Familiar Dr. Carlos Lorca Tobar,El Bosque,MENORES CONTROLADOS,113312,13105,13
194,1,13,113323,A0200002,13,13105,8,5,9,Servicio de Salud Metropolitano Sur,Centro de Salud Familiar Dr. Mario Salcedo,El Bosque,LACTANCIA MATERNA EXCLUSIVA,113323,13105,13
195,1,13,113323,A0200001,13,13105,15,18,19,Servicio de Salud Metropolitano Sur,Centro de Salud Familiar Dr. Mario Salcedo,El Bosque,MENORES CONTROLADOS,113323,13105,13
196,1,13,113312,A0200002,13,13105,7,9,4,Servicio de Salud Metropolitano Sur,Centro de Salud Familiar Dr. Carlos Lorca Tobar,El Bosque,LACTANCIA MATERNA EXCLUSIVA,113312,13105,13
197,1,13,113312,A0200001,13,13105,13,12,9,Servicio de Salud Metropolitano Sur,Centro de Salud Familiar Dr. Carlos Lorca Tobar,El Bosque,MENORES CONTROLADOS,113312,13105,13
198,2,13,113323,A0200002,13,13105,8,8,2,Servicio de Salud Metropolitano Sur,Centro de Salud Familiar Dr. Mario Salcedo,El Bosque,LACTANCIA MATERNA EXCLUSIVA,113323,13105,13
199,3,13,113323,A0200002,13,13105,2,3,7,Servicio de Salud Metropolitano Sur,Centro de Salud Familiar Dr. Mario Salcedo,El Bosque,LACTANCIA MATERNA EXCLUSIVA,113323,13105,13
200,3,13,113323,A0200001,13,13105,4,8,14,Servicio de Salud Metropolitano Sur,Centro de Salud Familiar Dr. Mario Salcedo,El Bosque,MENORES CONTROLADOS,113323,13105,13
201,4,13,113323,A0200002,13,13105,9,6,2,Servicio de Salud Metropolitano Sur,Centro de Salud Familiar Dr. Mario Salcedo,El Bosque,LACTANCIA MATERNA EXCLUSIVA,113323,13105,13
202,4,13,113323,A0200001,13,13105,11,14,10,Servicio de Salud Metropolitano Sur,Centro de Salud Familiar Dr. Mario Salcedo,El Bosque,MENORES CONTROLADOS,113323,13105,13
203,4,13,113312,A0200002,13,13105,4,8,7,Servicio de Salud Metropolitano Sur,Centro de Salud Familiar Dr. Carlos Lorca Tobar,El Bosque,LACTANCIA MATERNA EXCLUSIVA,113312,13105,13
204,8,13,113312,A0200002,13,13105,7,11,10,Servicio de Salud Metropolitano Sur,Centro de Salud Familiar Dr. Carlos Lorca Tobar,El Bosque,LACTANCIA MATERNA EXCLUSIVA,113312,13105,13
205,8,13,113312,A0200001,13,13105,12,21,19,Servicio de Salud Metropolitano Sur,Centro de Salud Familiar Dr. Carlos Lorca Tobar,El Bosque,MENORES CONTROLADOS,113312,13105,13
206,7,13,113323,A0200002,13,13105,10,13,6,Servicio de Salud Metropolitano Sur,Centro de Salud Familiar Dr. Mario Salcedo,El Bosque,LACTANCIA MATERNA EXCLUSIVA,113323,13105,13
207,7,13,113323,A0200001,13,13105,19,24,17,Servicio de Salud Metropolitano Sur,Centro de Salud Familiar Dr. Mario Salcedo,El Bosque,MENORES CONTROLADOS,113323,13105,13
208,5,13,113323,A0200002,13,13105,11,5,8,Servicio de Salud Metropolitano Sur,Centro de Salud Familiar Dr. Mario Salcedo,El Bosque,LACTANCIA MATERNA EXCLUSIVA,113323,13105,13
209,5,13,113323,A0200001,13,13105,16,10,19,Servicio de Salud Metropolitano Sur,Centro de Salud Familiar Dr. Mario Salcedo,El Bosque,MENORES CONTROLADOS,113323,13105,13
210,5,13,113312,A0200002,13,13105,9,7,5,Servicio de Salud Metropolitano Sur,Centro de Salud Familiar Dr. Carlos Lorca Tobar,El Bosque,LACTANCIA MATERNA EXCLUSIVA,113312,13105,13
211,5,13,113312,A0200001,13,13105,13,11,11,Servicio de Salud Metropolitano Sur,Centro de Salud Familiar Dr. Carlos Lorca Tobar,El Bosque,MENORES CONTROLADOS,113312,13105,13
212,6,13,113323,A0200002,13,13105,6,7,6,Servicio de Salud Metropolitano Sur,Centro de Salud Familiar Dr. Mario Salcedo,El Bosque,LACTANCIA MATERNA EXCLUSIVA,113323,13105,13
213,6,13,113323,A0200001,13,13105,11,12,14,Servicio de Salud Metropolitano Sur,Centro de Salud Familiar Dr. Mario Salcedo,El Bosque,MENORES CONTROLADOS,113323,13105,13
214,8,13,113323,A0200002,13,13105,5,5,8,Servicio de Salud Metropolitano Sur,Centro de Salud Familiar Dr. Mario Salcedo,El Bosque,LACTANCIA MATERNA EXCLUSIVA,113323,13105,13
215,8,13,113323,A0200001,13,13105,9,13,12,Servicio de Salud Metropolitano Sur,Centro de Salud Familiar Dr. Mario Salcedo,El Bosque,MENORES CONTROLADOS,113323,13105,13
216,2,13,113314,A0200002,13,13105,6,5,4,Servicio de Salud Metropolitano Sur,Centro de Salud Familiar Cóndores de Chile,El Bosque,LACTANCIA MATERNA EXCLUSIVA,113314,13105,13
217,2,13,113314,A0200001,13,13105,11,12,10,Servicio de Salud Metropolitano Sur,Centro de Salud Familiar Cóndores de Chile,El Bosque,MENORES CONTROLADOS,113314,13105,13
218,1,13,113314,A0200002,13,13105,7,4,5,Servicio de Salud Metropolitano Sur,Centro de Salud Familiar Cóndores de Chile,El Bosque,LACTANCIA MATERNA EXCLUSIVA,113314,13105,13
219,4,13,113317,A0200002,13,13105,6,8,1,Servicio de Salud Metropolitano Sur,Centro de Salud Familiar Santa Laura,El Bosque,LACTANCIA MATERNA EXCLUSIVA,113317,13105,13
220,4,13,113317,A0200001,13,13105,12,12,3,Servicio de Salud Metropolitano Sur,Centro de Salud Familiar Santa Laura,El Bosque,MENORES CONTROLADOS,113317,13105,13
221,4,13,113314,A0200002,13,13105,6,7,5,Servicio de Salud Metropolitano Sur,Centro de Salud Familiar Cóndores de Chile,El Bosque,LACTANCIA MATERNA EXCLUSIVA,113314,13105,13
222,4,13,113314,A0200001,13,13105,13,12,10,Servicio de Salud Metropolitano Sur,Centro de Salud Familiar Cóndores de Chile,El Bosque,MENORES CONTROLADOS,113314,13105,13
223,1,13,113314,A0200001,13,13105,14,9,10,Servicio de Salud Metropolitano Sur,Centro de Salud Familiar Cóndores de Chile,El Bosque,MENORES CONTROLADOS,113314,13105,13
224,7,13,113314,A0200002,13,13105,2,5,7,Servicio de Salud Metropolitano Sur,Centro de Salud Familiar Cóndores de Chile,El Bosque,LACTANCIA MATERNA EXCLUSIVA,113314,13105,13
225,7,13,113314,A0200001,13,13105,8,13,13,Servicio de Salud Metropolitano Sur,Centro de Salud Familiar Cóndores de Chile,El Bosque,MENORES CONTROLADOS,113314,13105,13
226,5,13,113314,A0200002,13,13105,7,5,2,Servicio de Salud Metropolitano Sur,Centro de Salud Familiar Cóndores de Chile,El Bosque,LACTANCIA MATERNA EXCLUSIVA,113314,13105,13
227,5,13,113314,A0200001,13,13105,11,11,7,Servicio de Salud Metropolitano Sur,Centro de Salud Familiar Cóndores de Chile,El Bosque,MENORES CONTROLADOS,113314,13105,13
228,5,13,113317,A0200002,13,13105,7,7,4,Servicio de Salud Metropolitano Sur,Centro de Salud Familiar Santa Laura,El Bosque,LACTANCIA MATERNA EXCLUSIVA,113317,13105,13
229,5,13,113317,A0200001,13,13105,12,12,6,Servicio de Salud Metropolitano Sur,Centro de Salud Familiar Santa Laura,El Bosque,MENORES CONTROLADOS,113317,13105,13
230,6,13,113317,A0200002,13,13105,4,3,4,Servicio de Salud Metropolitano Sur,Centro de Salud Familiar Santa Laura,El Bosque,LACTANCIA MATERNA EXCLUSIVA,113317,13105,13
231,6,13,113317,A0200001,13,13105,6,9,8,Servicio de Salud Metropolitano Sur,Centro de Salud Familiar Santa Laura,El Bosque,MENORES CONTROLADOS,113317,13105,13
232,6,13,113314,A0200002,13,13105,4,4,2,Servicio de Salud Metropolitano Sur,Centro de Salud Familiar Cóndores de Chile,El Bosque,LACTANCIA MATERNA EXCLUSIVA,113314,13105,13
233,6,13,113314,A0200001,13,13105,10,10,4,Servicio de Salud Metropolitano Sur,Centro de Salud Familiar Cóndores de Chile,El Bosque,MENORES CONTROLADOS,113314,13105,13
234,3,13,113314,A0200002,13,13105,5,8,6,Servicio de Salud Metropolitano Sur,Centro de Salud Familiar Cóndores de Chile,El Bosque,LACTANCIA MATERNA EXCLUSIVA,113314,13105,13
235,3,13,113314,A0200001,13,13105,7,14,11,Servicio de Salud Metropolitano Sur,Centro de Salud Familiar Cóndores de Chile,El Bosque,MENORES CONTROLADOS,113314,13105,13
236,1,13,113317,A0200001,13,13105,15,8,5,Servicio de Salud Metropolitano Sur,Centro de Salud Familiar Santa Laura,El Bosque,MENORES CONTROLADOS,113317,13105,13
237,1,13,113317,A0200002,13,13105,8,0,3,Servicio de Salud Metropolitano Sur,Centro de Salud Familiar Santa Laura,El Bosque,LACTANCIA MATERNA EXCLUSIVA,113317,13105,13
238,3,13,113317,A0200002,13,13105,5,5,6,Servicio de Salud Metropolitano Sur,Centro de Salud Familiar Santa Laura,El Bosque,LACTANCIA MATERNA EXCLUSIVA,113317,13105,13
239,3,13,113317,A0200001,13,13105,10,8,9,Servicio de Salud Metropolitano Sur,Centro de Salud Familiar Santa Laura,El Bosque,MENORES CONTROLADOS,113317,13105,13
240,2,13,113317,A0200002,13,13105,6,3,2,Servicio de Salud Metropolitano Sur,Centro de Salud Familiar Santa Laura,El Bosque,LACTANCIA MATERNA EXCLUSIVA,113317,13105,13
241,2,13,113317,A0200001,13,13105,9,9,8,Servicio de Salud Metropolitano Sur,Centro de Salud Familiar Santa Laura,El Bosque,MENORES CONTROLADOS,113317,13105,13
242,7,13,113317,A0200002,13,13105,7,9,5,Servicio de Salud Metropolitano Sur,Centro de Salud Familiar Santa Laura,El Bosque,LACTANCIA MATERNA EXCLUSIVA,113317,13105,13
243,7,13,113317,A0200001,13,13105,12,15,9,Servicio de Salud Metropolitano Sur,Centro de Salud Familiar Santa Laura,El Bosque,MENORES CONTROLADOS,113317,13105,13
244,8,13,113314,A0200002,13,13105,2,4,5,Servicio de Salud Metropolitano Sur,Centro de Salud Familiar Cóndores de Chile,El Bosque,LACTANCIA MATERNA EXCLUSIVA,113314,13105,13
245,8,13,113314,A0200001,13,13105,0,0,9,Servicio de Salud Metropolitano Sur,Centro de Salud Familiar Cóndores de Chile,El Bosque,MENORES CONTROLADOS,113314,13105,13
246,8,13,113317,A0200002,13,13105,5,8,6,Servicio de Salud Metropolitano Sur,Centro de Salud Familiar Santa Laura,El Bosque,LACTANCIA MATERNA EXCLUSIVA,113317,13105,13
247,8,13,113317,A0200001,13,13105,10,14,14,Servicio de Salud Metropolitano Sur,Centro de Salud Familiar Santa Laura,El Bosque,MENORES CONTROLADOS,113317,13105,13
248,5,13,113326,A0200002,13,13109,13,12,8,Servicio de Salud Metropolitano Sur,Centro de Salud Familiar Eduardo Frei Montalva,La Cisterna,LACTANCIA MATERNA EXCLUSIVA,113326,13109,13
249,5,13,113326,A0200001,13,13109,20,24,18,Servicio de Salud Metropolitano Sur,Centro de Salud Familiar Eduardo Frei Montalva,La Cisterna,MENORES CONTROLADOS,113326,13109,13
250,3,13,113326,A0200002,13,13109,17,14,10,Servicio de Salud Metropolitano Sur,Centro de Salud Familiar Eduardo Frei Montalva,La Cisterna,LACTANCIA MATERNA EXCLUSIVA,113326,13109,13
251,3,13,113326,A0200001,13,13109,33,22,20,Servicio de Salud Metropolitano Sur,Centro de Salud Familiar Eduardo Frei Montalva,La Cisterna,MENORES CONTROLADOS,113326,13109,13
252,1,13,113326,A0200002,13,13109,18,9,8,Servicio de Salud Metropolitano Sur,Centro de Salud Familiar Eduardo Frei Montalva,La Cisterna,LACTANCIA MATERNA EXCLUSIVA,113326,13109,13
253,1,13,113326,A0200001,13,13109,27,24,20,Servicio de Salud Metropolitano Sur,Centro de Salud Familiar Eduardo Frei Montalva,La Cisterna,MENORES CONTROLADOS,113326,13109,13
254,2,13,113326,A0200002,13,13109,12,10,7,Servicio de Salud Metropolitano Sur,Centro de Salud Familiar Eduardo Frei Montalva,La Cisterna,LACTANCIA MATERNA EXCLUSIVA,113326,13109,13
255,2,13,113326,A0200001,13,13109,17,17,17,Servicio de Salud Metropolitano Sur,Centro de Salud Familiar Eduardo Frei Montalva,La Cisterna,MENORES CONTROLADOS,113326,13109,13
256,5,13,200360,A0200002,13,13109,,1,,Servicio de Salud Metropolitano Sur,Centro Comunitario de Salud Familiar Eduardo Frei Montalva,La Cisterna,LACTANCIA MATERNA EXCLUSIVA,200360,13109,13
257,5,13,200360,A0200001,13,13109,,1,0,Servicio de Salud Metropolitano Sur,Centro Comunitario de Salud Familiar Eduardo Frei Montalva,La Cisterna,MENORES CONTROLADOS,200360,13109,13
258,3,13,200360,A0200002,13,13109,0,0,2,Servicio de Salud Metropolitano Sur,Centro Comunitario de Salud Familiar Eduardo Frei Montalva,La Cisterna,LACTANCIA MATERNA EXCLUSIVA,200360,13109,13
259,3,13,200360,A0200001,13,13109,0,0,2,Servicio de Salud Metropolitano Sur,Centro Comunitario de Salud Familiar Eduardo Frei Montalva,La Cisterna,MENORES CONTROLADOS,200360,13109,13
260,1,13,200360,A0200002,13,13109,2,1,0,Servicio de Salud Metropolitano Sur,Centro Comunitario de Salud Familiar Eduardo Frei Montalva,La Cisterna,LACTANCIA MATERNA EXCLUSIVA,200360,13109,13
261,1,13,200360,A0200001,13,13109,2,1,0,Servicio de Salud Metropolitano Sur,Centro Comunitario de Salud Familiar Eduardo Frei Montalva,La Cisterna,MENORES CONTROLADOS,200360,13109,13
262,4,13,200360,A0200002,13,13109,0,0,0,Servicio de Salud Metropolitano Sur,Centro Comunitario de Salud Familiar Eduardo Frei Montalva,La Cisterna,LACTANCIA MATERNA EXCLUSIVA,200360,13109,13
263,4,13,200360,A0200001,13,13109,0,0,0,Servicio de Salud Metropolitano Sur,Centro Comunitario de Salud Familiar Eduardo Frei Montalva,La Cisterna,MENORES CONTROLADOS,200360,13109,13
264,6,13,200360,A0200002,13,13109,1,1,0,Servicio de Salud Metropolitano Sur,Centro Comunitario de Salud Familiar Eduardo Frei Montalva,La Cisterna,LACTANCIA MATERNA EXCLUSIVA,200360,13109,13
265,6,13,200360,A0200001,13,13109,1,1,0,Servicio de Salud Metropolitano Sur,Centro Comunitario de Salud Familiar Eduardo Frei Montalva,La Cisterna,MENORES CONTROLADOS,200360,13109,13
266,7,13,200360,A0200002,13,13109,0,1,0,Servicio de Salud Metropolitano Sur,Centro Comunitario de Salud Familiar Eduardo Frei Montalva,La Cisterna,LACTANCIA MATERNA EXCLUSIVA,200360,13109,13
267,7,13,200360,A0200001,13,13109,0,0,0,Servicio de Salud Metropolitano Sur,Centro Comunitario de Salud Familiar Eduardo Frei Montalva,La Cisterna,MENORES CONTROLADOS,200360,13109,13
268,2,13,200360,A0200002,13,13109,,1,,Servicio de Salud Metropolitano Sur,Centro Comunitario de Salud Familiar Eduardo Frei Montalva,La Cisterna,LACTANCIA MATERNA EXCLUSIVA,200360,13109,13
269,2,13,200360,A0200001,13,13109,,1,,Servicio de Salud Metropolitano Sur,Centro Comunitario de Salud Familiar Eduardo Frei Montalva,La Cisterna,MENORES CONTROLADOS,200360,13109,13
270,8,13,113326,A0200002,13,13109,10,4,3,Servicio de Salud Metropolitano Sur,Centro de Salud Familiar Eduardo Frei Montalva,La Cisterna,LACTANCIA MATERNA EXCLUSIVA,113326,13109,13
271,8,13,113326,A0200001,13,13109,14,19,14,Servicio de Salud Metropolitano Sur,Centro de Salud Familiar Eduardo Frei Montalva,La Cisterna,MENORES CONTROLADOS,113326,13109,13
272,8,13,200360,A0200002,13,13109,2,1,,Servicio de Salud Metropolitano Sur,Centro Comunitario de Salud Familiar Eduardo Frei Montalva,La Cisterna,LACTANCIA MATERNA EXCLUSIVA,200360,13109,13
273,8,13,200360,A0200001,13,13109,2,1,,Servicio de Salud Metropolitano Sur,Centro Comunitario de Salud Familiar Eduardo Frei Montalva,La Cisterna,MENORES CONTROLADOS,200360,13109,13
274,4,13,113326,A0200002,13,13109,16,11,7,Servicio de Salud Metropolitano Sur,Centro de Salud Familiar Eduardo Frei Montalva,La Cisterna,LACTANCIA MATERNA EXCLUSIVA,113326,13109,13
275,4,13,113326,A0200001,13,13109,22,18,18,Servicio de Salud Metropolitano Sur,Centro de Salud Familiar Eduardo Frei Montalva,La Cisterna,MENORES CONTROLADOS,113326,13109,13
276,7,13,113326,A0200002,13,13109,12,9,17,Servicio de Salud Metropolitano Sur,Centro de Salud Familiar Eduardo Frei Montalva,La Cisterna,LACTANCIA MATERNA EXCLUSIVA,113326,13109,13
277,7,13,113326,A0200001,13,13109,24,20,31,Servicio de Salud Metropolitano Sur,Centro de Salud Familiar Eduardo Frei Montalva,La Cisterna,MENORES CONTROLADOS,113326,13109,13
278,6,13,113326,A0200002,13,13109,6,8,6,Servicio de Salud Metropolitano Sur,Centro de Salud Familiar Eduardo Frei Montalva,La Cisterna,LACTANCIA MATERNA EXCLUSIVA,113326,13109,13
279,6,13,113326,A0200001,13,13109,17,11,17,Servicio de Salud Metropolitano Sur,Centro de Salud Familiar Eduardo Frei Montalva,La Cisterna,MENORES CONTROLADOS,113326,13109,13
280,8,13,113311,A0200002,13,13109,8,7,16,Servicio de Salud Metropolitano Sur,Centro de Salud Familiar Santa Anselma,La Cisterna,LACTANCIA MATERNA EXCLUSIVA,113311,13109,13
281,8,13,113311,A0200001,13,13109,10,16,24,Servicio de Salud Metropolitano Sur,Centro de Salud Familiar Santa Anselma,La Cisterna,MENORES CONTROLADOS,113311,13109,13
282,7,13,113311,A0200002,13,13109,10,17,3,Servicio de Salud Metropolitano Sur,Centro de Salud Familiar Santa Anselma,La Cisterna,LACTANCIA MATERNA EXCLUSIVA,113311,13109,13
283,7,13,113311,A0200001,13,13109,23,33,13,Servicio de Salud Metropolitano Sur,Centro de Salud Familiar Santa Anselma,La Cisterna,MENORES CONTROLADOS,113311,13109,13
284,6,13,113311,A0200002,13,13109,6,11,5,Servicio de Salud Metropolitano Sur,Centro de Salud Familiar Santa Anselma,La Cisterna,LACTANCIA MATERNA EXCLUSIVA,113311,13109,13
285,6,13,113311,A0200001,13,13109,17,17,12,Servicio de Salud Metropolitano Sur,Centro de Salud Familiar Santa Anselma,La Cisterna,MENORES CONTROLADOS,113311,13109,13
286,4,13,113311,A0200002,13,13109,13,9,12,Servicio de Salud Metropolitano Sur,Centro de Salud Familiar Santa Anselma,La Cisterna,LACTANCIA MATERNA EXCLUSIVA,113311,13109,13
287,4,13,113311,A0200001,13,13109,18,16,18,Servicio de Salud Metropolitano Sur,Centro de Salud Familiar Santa Anselma,La Cisterna,MENORES CONTROLADOS,113311,13109,13
288,5,13,113311,A0200002,13,13109,12,10,5,Servicio de Salud Metropolitano Sur,Centro de Salud Familiar Santa Anselma,La Cisterna,LACTANCIA MATERNA EXCLUSIVA,113311,13109,13
289,5,13,113311,A0200001,13,13109,27,25,13,Servicio de Salud Metropolitano Sur,Centro de Salud Familiar Santa Anselma,La Cisterna,MENORES CONTROLADOS,113311,13109,13
290,1,13,113311,A0200002,13,13109,8,14,11,Servicio de Salud Metropolitano Sur,Centro de Salud Familiar Santa Anselma,La Cisterna,LACTANCIA MATERNA EXCLUSIVA,113311,13109,13
291,1,13,113311,A0200001,13,13109,16,24,18,Servicio de Salud Metropolitano Sur,Centro de Salud Familiar Santa Anselma,La Cisterna,MENORES CONTROLADOS,113311,13109,13
292,3,13,113311,A0200002,13,13109,15,8,13,Servicio de Salud Metropolitano Sur,Centro de Salud Familiar Santa Anselma,La Cisterna,LACTANCIA MATERNA EXCLUSIVA,113311,13109,13
293,3,13,113311,A0200001,13,13109,30,18,23,Servicio de Salud Metropolitano Sur,Centro de Salud Familiar Santa Anselma,La Cisterna,MENORES CONTROLADOS,113311,13109,13
294,2,13,113311,A0200002,13,13109,9,13,8,Servicio de Salud Metropolitano Sur,Centro de Salud Familiar Santa Anselma,La Cisterna,LACTANCIA MATERNA EXCLUSIVA,113311,13109,13
295,2,13,113311,A0200001,13,13109,14,18,18,Servicio de Salud Metropolitano Sur,Centro de Salud Familiar Santa Anselma,La Cisterna,MENORES CONTROLADOS,113311,13109,13
296,8,13,113308,A0200002,13,13116,8,3,5,Servicio de Salud Metropolitano Sur,Centro de Salud Familiar Clara Estrella,Lo Espejo,LACTANCIA MATERNA EXCLUSIVA,113308,13116,13
297,8,13,113308,A0200001,13,13116,13,7,6,Servicio de Salud Metropolitano Sur,Centro de Salud Familiar Clara Estrella,Lo Espejo,MENORES CONTROLADOS,113308,13116,13
298,5,13,113308,A0200002,13,13116,8,3,2,Servicio de Salud Metropolitano Sur,Centro de Salud Familiar Clara Estrella,Lo Espejo,LACTANCIA MATERNA EXCLUSIVA,113308,13116,13
299,5,13,113308,A0200001,13,13116,9,6,6,Servicio de Salud Metropolitano Sur,Centro de Salud Familiar Clara Estrella,Lo Espejo,MENORES CONTROLADOS,113308,13116,13
300,4,13,113308,A0200001,13,13116,10,8,11,Servicio de Salud Metropolitano Sur,Centro de Salud Familiar Clara Estrella,Lo Espejo,MENORES CONTROLADOS,113308,13116,13
301,6,13,113308,A0200002,13,13116,7,3,4,Servicio de Salud Metropolitano Sur,Centro de Salud Familiar Clara Estrella,Lo Espejo,LACTANCIA MATERNA EXCLUSIVA,113308,13116,13
302,6,13,113308,A0200001,13,13116,8,4,11,Servicio de Salud Metropolitano Sur,Centro de Salud Familiar Clara Estrella,Lo Espejo,MENORES CONTROLADOS,113308,13116,13
303,4,13,113308,A0200002,13,13116,7,6,8,Servicio de Salud Metropolitano Sur,Centro de Salud Familiar Clara Estrella,Lo Espejo,LACTANCIA MATERNA EXCLUSIVA,113308,13116,13
304,3,13,113308,A0200002,13,13116,6,6,7,Servicio de Salud Metropolitano Sur,Centro de Salud Familiar Clara Estrella,Lo Espejo,LACTANCIA MATERNA EXCLUSIVA,113308,13116,13
305,3,13,113308,A0200001,13,13116,10,8,8,Servicio de Salud Metropolitano Sur,Centro de Salud Familiar Clara Estrella,Lo Espejo,MENORES CONTROLADOS,113308,13116,13
306,7,13,113308,A0200002,13,13116,7,4,6,Servicio de Salud Metropolitano Sur,Centro de Salud Familiar Clara Estrella,Lo Espejo,LACTANCIA MATERNA EXCLUSIVA,113308,13116,13
307,7,13,113308,A0200001,13,13116,8,8,9,Servicio de Salud Metropolitano Sur,Centro de Salud Familiar Clara Estrella,Lo Espejo,MENORES CONTROLADOS,113308,13116,13
308,2,13,113308,A0200002,13,13116,8,5,6,Servicio de Salud Metropolitano Sur,Centro de Salud Familiar Clara Estrella,Lo Espejo,LACTANCIA MATERNA EXCLUSIVA,113308,13116,13
309,2,13,113308,A0200001,13,13116,11,9,10,Servicio de Salud Metropolitano Sur,Centro de Salud Familiar Clara Estrella,Lo Espejo,MENORES CONTROLADOS,113308,13116,13
310,1,13,113308,A0200002,13,13116,12,4,2,Servicio de Salud Metropolitano Sur,Centro de Salud Familiar Clara Estrella,Lo Espejo,LACTANCIA MATERNA EXCLUSIVA,113308,13116,13
311,1,13,113308,A0200001,13,13116,16,8,4,Servicio de Salud Metropolitano Sur,Centro de Salud Familiar Clara Estrella,Lo Espejo,MENORES CONTROLADOS,113308,13116,13
312,3,13,113808,A0200002,13,13116,6,6,7,Servicio de Salud Metropolitano Sur,SAPU Clara Estrella,Lo Espejo,LACTANCIA MATERNA EXCLUSIVA,113808,13116,13
313,3,13,113808,A0200001,13,13116,10,8,8,Servicio de Salud Metropolitano Sur,SAPU Clara Estrella,Lo Espejo,MENORES CONTROLADOS,113808,13116,13
314,5,13,113310,A0200002,13,13116,8,6,6,Servicio de Salud Metropolitano Sur,Centro de Salud Familiar Dra. Mariela Salgado Zepeda,Lo Espejo,LACTANCIA MATERNA EXCLUSIVA,113310,13116,13
315,5,13,113310,A0200001,13,13116,12,12,13,Servicio de Salud Metropolitano Sur,Centro de Salud Familiar Dra. Mariela Salgado Zepeda,Lo Espejo,MENORES CONTROLADOS,113310,13116,13
316,6,13,113310,A0200002,13,13116,8,8,7,Servicio de Salud Metropolitano Sur,Centro de Salud Familiar Dra. Mariela Salgado Zepeda,Lo Espejo,LACTANCIA MATERNA EXCLUSIVA,113310,13116,13
317,6,13,113310,A0200001,13,13116,15,13,10,Servicio de Salud Metropolitano Sur,Centro de Salud Familiar Dra. Mariela Salgado Zepeda,Lo Espejo,MENORES CONTROLADOS,113310,13116,13
318,7,13,113310,A0200002,13,13116,5,10,6,Servicio de Salud Metropolitano Sur,Centro de Salud Familiar Dra. Mariela Salgado Zepeda,Lo Espejo,LACTANCIA MATERNA EXCLUSIVA,113310,13116,13
319,7,13,113310,A0200001,13,13116,13,15,12,Servicio de Salud Metropolitano Sur,Centro de Salud Familiar Dra. Mariela Salgado Zepeda,Lo Espejo,MENORES CONTROLADOS,113310,13116,13
320,4,13,113310,A0200002,13,13116,10,4,7,Servicio de Salud Metropolitano Sur,Centro de Salud Familiar Dra. Mariela Salgado Zepeda,Lo Espejo,LACTANCIA MATERNA EXCLUSIVA,113310,13116,13
321,4,13,113310,A0200001,13,13116,15,10,14,Servicio de Salud Metropolitano Sur,Centro de Salud Familiar Dra. Mariela Salgado Zepeda,Lo Espejo,MENORES CONTROLADOS,113310,13116,13
322,1,13,113310,A0200002,13,13116,9,7,7,Servicio de Salud Metropolitano Sur,Centro de Salud Familiar Dra. Mariela Salgado Zepeda,Lo Espejo,LACTANCIA MATERNA EXCLUSIVA,113310,13116,13
323,1,13,113310,A0200001,13,13116,18,9,9,Servicio de Salud Metropolitano Sur,Centro de Salud Familiar Dra. Mariela Salgado Zepeda,Lo Espejo,MENORES CONTROLADOS,113310,13116,13
324,3,13,113310,A0200001,13,13116,11,7,9,Servicio de Salud Metropolitano Sur,Centro de Salud Familiar Dra. Mariela Salgado Zepeda,Lo Espejo,MENORES CONTROLADOS,113310,13116,13
325,2,13,113310,A0200002,13,13116,7,2,3,Servicio de Salud Metropolitano Sur,Centro de Salud Familiar Dra. Mariela Salgado Zepeda,Lo Espejo,LACTANCIA MATERNA EXCLUSIVA,113310,13116,13
326,2,13,113310,A0200001,13,13116,12,8,9,Servicio de Salud Metropolitano Sur,Centro de Salud Familiar Dra. Mariela Salgado Zepeda,Lo Espejo,MENORES CONTROLADOS,113310,13116,13
327,3,13,113310,A0200002,13,13116,7,4,6,Servicio de Salud Metropolitano Sur,Centro de Salud Familiar Dra. Mariela Salgado Zepeda,Lo Espejo,LACTANCIA MATERNA EXCLUSIVA,113310,13116,13
328,8,13,113310,A0200002,13,13116,6,7,9,Servicio de Salud Metropolitano Sur,Centro de Salud Familiar Dra. Mariela Salgado Zepeda,Lo Espejo,LACTANCIA MATERNA EXCLUSIVA,113310,13116,13
329,8,13,113310,A0200001,13,13116,6,10,15,Servicio de Salud Metropolitano Sur,Centro de Salud Familiar Dra. Mariela Salgado Zepeda,Lo Espejo,MENORES CONTROLADOS,113310,13116,13
330,6,13,113396,A0200002,13,13116,7,3,6,Servicio de Salud Metropolitano Sur,Centro de Salud Familiar Pueblo Lo Espejo,Lo Espejo,LACTANCIA MATERNA EXCLUSIVA,113396,13116,13
331,6,13,113396,A0200001,13,13116,11,7,9,Servicio de Salud Metropolitano Sur,Centro de Salud Familiar Pueblo Lo Espejo,Lo Espejo,MENORES CONTROLADOS,113396,13116,13
332,8,13,113396,A0200002,13,13116,4,2,8,Servicio de Salud Metropolitano Sur,Centro de Salud Familiar Pueblo Lo Espejo,Lo Espejo,LACTANCIA MATERNA EXCLUSIVA,113396,13116,13
333,8,13,113396,A0200001,13,13116,7,6,12,Servicio de Salud Metropolitano Sur,Centro de Salud Familiar Pueblo Lo Espejo,Lo Espejo,MENORES CONTROLADOS,113396,13116,13
334,7,13,113396,A0200002,13,13116,7,6,7,Servicio de Salud Metropolitano Sur,Centro de Salud Familiar Pueblo Lo Espejo,Lo Espejo,LACTANCIA MATERNA EXCLUSIVA,113396,13116,13
335,7,13,113396,A0200001,13,13116,8,9,9,Servicio de Salud Metropolitano Sur,Centro de Salud Familiar Pueblo Lo Espejo,Lo Espejo,MENORES CONTROLADOS,113396,13116,13
336,1,13,113396,A0200002,13,13116,6,6,8,Servicio de Salud Metropolitano Sur,Centro de Salud Familiar Pueblo Lo Espejo,Lo Espejo,LACTANCIA MATERNA EXCLUSIVA,113396,13116,13
337,1,13,113396,A0200001,13,13116,13,9,10,Servicio de Salud Metropolitano Sur,Centro de Salud Familiar Pueblo Lo Espejo,Lo Espejo,MENORES CONTROLADOS,113396,13116,13
338,4,13,113396,A0200002,13,13116,6,5,3,Servicio de Salud Metropolitano Sur,Centro de Salud Familiar Pueblo Lo Espejo,Lo Espejo,LACTANCIA MATERNA EXCLUSIVA,113396,13116,13
339,4,13,113396,A0200001,13,13116,10,9,7,Servicio de Salud Metropolitano Sur,Centro de Salud Familiar Pueblo Lo Espejo,Lo Espejo,MENORES CONTROLADOS,113396,13116,13
340,5,13,113396,A0200002,13,13116,7,3,3,Servicio de Salud Metropolitano Sur,Centro de Salud Familiar Pueblo Lo Espejo,Lo Espejo,LACTANCIA MATERNA EXCLUSIVA,113396,13116,13
341,5,13,113396,A0200001,13,13116,10,5,5,Servicio de Salud Metropolitano Sur,Centro de Salud Familiar Pueblo Lo Espejo,Lo Espejo,MENORES CONTROLADOS,113396,13116,13
342,3,13,113396,A0200002,13,13116,7,5,8,Servicio de Salud Metropolitano Sur,Centro de Salud Familiar Pueblo Lo Espejo,Lo Espejo,LACTANCIA MATERNA EXCLUSIVA,113396,13116,13
343,3,13,113396,A0200001,13,13116,13,8,18,Servicio de Salud Metropolitano Sur,Centro de Salud Familiar Pueblo Lo Espejo,Lo Espejo,MENORES CONTROLADOS,113396,13116,13
344,2,13,113396,A0200002,13,13116,5,3,5,Servicio de Salud Metropolitano Sur,Centro de Salud Familiar Pueblo Lo Espejo,Lo Espejo,LACTANCIA MATERNA EXCLUSIVA,113396,13116,13
345,2,13,113396,A0200001,13,13116,11,6,11,Servicio de Salud Metropolitano Sur,Centro de Salud Familiar Pueblo Lo Espejo,Lo Espejo,MENORES CONTROLADOS,113396,13116,13
346,6,13,113309,A0200002,13,13116,8,7,9,Servicio de Salud Metropolitano Sur,Centro de Salud Familiar Julio Acuña Pinzón,Lo Espejo,LACTANCIA MATERNA EXCLUSIVA,113309,13116,13
347,6,13,113309,A0200001,13,13116,14,12,15,Servicio de Salud Metropolitano Sur,Centro de Salud Familiar Julio Acuña Pinzón,Lo Espejo,MENORES CONTROLADOS,113309,13116,13
348,4,13,113309,A0200002,13,13116,6,4,9,Servicio de Salud Metropolitano Sur,Centro de Salud Familiar Julio Acuña Pinzón,Lo Espejo,LACTANCIA MATERNA EXCLUSIVA,113309,13116,13
349,4,13,113309,A0200001,13,13116,8,8,13,Servicio de Salud Metropolitano Sur,Centro de Salud Familiar Julio Acuña Pinzón,Lo Espejo,MENORES CONTROLADOS,113309,13116,13
350,5,13,113309,A0200002,13,13116,4,10,4,Servicio de Salud Metropolitano Sur,Centro de Salud Familiar Julio Acuña Pinzón,Lo Espejo,LACTANCIA MATERNA EXCLUSIVA,113309,13116,13
351,5,13,113309,A0200001,13,13116,11,11,7,Servicio de Salud Metropolitano Sur,Centro de Salud Familiar Julio Acuña Pinzón,Lo Espejo,MENORES CONTROLADOS,113309,13116,13
352,7,13,113309,A0200002,13,13116,9,4,5,Servicio de Salud Metropolitano Sur,Centro de Salud Familiar Julio Acuña Pinzón,Lo Espejo,LACTANCIA MATERNA EXCLUSIVA,113309,13116,13
353,7,13,113309,A0200001,13,13116,14,7,11,Servicio de Salud Metropolitano Sur,Centro de Salud Familiar Julio Acuña Pinzón,Lo Espejo,MENORES CONTROLADOS,113309,13116,13
354,3,13,113309,A0200002,13,13116,5,6,4,Servicio de Salud Metropolitano Sur,Centro de Salud Familiar Julio Acuña Pinzón,Lo Espejo,LACTANCIA MATERNA EXCLUSIVA,113309,13116,13
355,3,13,113309,A0200001,13,13116,10,9,9,Servicio de Salud Metropolitano Sur,Centro de Salud Familiar Julio Acuña Pinzón,Lo Espejo,MENORES CONTROLADOS,113309,13116,13
356,1,13,113309,A0200002,13,13116,9,8,10,Servicio de Salud Metropolitano Sur,Centro de Salud Familiar Julio Acuña Pinzón,Lo Espejo,LACTANCIA MATERNA EXCLUSIVA,113309,13116,13
357,1,13,113309,A0200001,13,13116,14,11,15,Servicio de Salud Metropolitano Sur,Centro de Salud Familiar Julio Acuña Pinzón,Lo Espejo,MENORES CONTROLADOS,113309,13116,13
358,2,13,113309,A0200001,13,13116,10,5,9,Servicio de Salud Metropolitano Sur,Centro de Salud Familiar Julio Acuña Pinzón,Lo Espejo,MENORES CONTROLADOS,113309,13116,13
359,2,13,113309,A0200002,13,13116,6,2,5,Servicio de Salud Metropolitano Sur,Centro de Salud Familiar Julio Acuña Pinzón,Lo Espejo,LACTANCIA MATERNA EXCLUSIVA,113309,13116,13
360,8,13,113309,A0200002,13,13116,6,0,4,Servicio de Salud Metropolitano Sur,Centro de Salud Familiar Julio Acuña Pinzón,Lo Espejo,LACTANCIA MATERNA EXCLUSIVA,113309,13116,13
361,8,13,113309,A0200001,13,13116,8,0,8,Servicio de Salud Metropolitano Sur,Centro de Salud Familiar Julio Acuña Pinzón,Lo Espejo,MENORES CONTROLADOS,113309,13116,13
362,2,13,113303,A0200001,13,13121,7,10,15,Servicio de Salud Metropolitano Sur,Centro de Salud Familiar Amador Neghme,Pedro Aguirre Cerda,MENORES CONTROLADOS,113303,13121,13
363,1,13,113303,A0200002,13,13121,9,6,7,Servicio de Salud Metropolitano Sur,Centro de Salud Familiar Amador Neghme,Pedro Aguirre Cerda,LACTANCIA MATERNA EXCLUSIVA,113303,13121,13
364,1,13,113303,A0200001,13,13121,14,11,13,Servicio de Salud Metropolitano Sur,Centro de Salud Familiar Amador Neghme,Pedro Aguirre Cerda,MENORES CONTROLADOS,113303,13121,13
365,3,13,113303,A0200002,13,13121,11,11,8,Servicio de Salud Metropolitano Sur,Centro de Salud Familiar Amador Neghme,Pedro Aguirre Cerda,LACTANCIA MATERNA EXCLUSIVA,113303,13121,13
366,3,13,113303,A0200001,13,13121,19,17,12,Servicio de Salud Metropolitano Sur,Centro de Salud Familiar Amador Neghme,Pedro Aguirre Cerda,MENORES CONTROLADOS,113303,13121,13
367,6,13,113303,A0200002,13,13121,6,3,9,Servicio de Salud Metropolitano Sur,Centro de Salud Familiar Amador Neghme,Pedro Aguirre Cerda,LACTANCIA MATERNA EXCLUSIVA,113303,13121,13
368,6,13,113303,A0200001,13,13121,12,12,14,Servicio de Salud Metropolitano Sur,Centro de Salud Familiar Amador Neghme,Pedro Aguirre Cerda,MENORES CONTROLADOS,113303,13121,13
369,4,13,113303,A0200002,13,13121,8,5,3,Servicio de Salud Metropolitano Sur,Centro de Salud Familiar Amador Neghme,Pedro Aguirre Cerda,LACTANCIA MATERNA EXCLUSIVA,113303,13121,13
370,4,13,113303,A0200001,13,13121,9,12,8,Servicio de Salud Metropolitano Sur,Centro de Salud Familiar Amador Neghme,Pedro Aguirre Cerda,MENORES CONTROLADOS,113303,13121,13
371,5,13,113303,A0200002,13,13121,6,6,7,Servicio de Salud Metropolitano Sur,Centro de Salud Familiar Amador Neghme,Pedro Aguirre Cerda,LACTANCIA MATERNA EXCLUSIVA,113303,13121,13
372,5,13,113303,A0200001,13,13121,13,12,15,Servicio de Salud Metropolitano Sur,Centro de Salud Familiar Amador Neghme,Pedro Aguirre Cerda,MENORES CONTROLADOS,113303,13121,13
373,2,13,113303,A0200002,13,13121,2,4,10,Servicio de Salud Metropolitano Sur,Centro de Salud Familiar Amador Neghme,Pedro Aguirre Cerda,LACTANCIA MATERNA EXCLUSIVA,113303,13121,13
374,7,13,113303,A0200002,13,13121,5,11,4,Servicio de Salud Metropolitano Sur,Centro de Salud Familiar Amador Neghme,Pedro Aguirre Cerda,LACTANCIA MATERNA EXCLUSIVA,113303,13121,13
375,7,13,113303,A0200001,13,13121,10,19,12,Servicio de Salud Metropolitano Sur,Centro de Salud Familiar Amador Neghme,Pedro Aguirre Cerda,MENORES CONTROLADOS,113303,13121,13
376,8,13,113303,A0200002,13,13121,2,7,8,Servicio de Salud Metropolitano Sur,Centro de Salud Familiar Amador Neghme,Pedro Aguirre Cerda,LACTANCIA MATERNA EXCLUSIVA,113303,13121,13
377,8,13,113303,A0200001,13,13121,9,9,15,Servicio de Salud Metropolitano Sur,Centro de Salud Familiar Amador Neghme,Pedro Aguirre Cerda,MENORES CONTROLADOS,113303,13121,13
378,5,13,113703,A0200002,13,13121,4,2,0,Servicio de Salud Metropolitano Sur,Centro Comunitario de Salud Familiar Dr. Miguel Enríquez Espinosa,Pedro Aguirre Cerda,LACTANCIA MATERNA EXCLUSIVA,113703,13121,13
379,5,13,113703,A0200001,13,13121,5,3,3,Servicio de Salud Metropolitano Sur,Centro Comunitario de Salud Familiar Dr. Miguel Enríquez Espinosa,Pedro Aguirre Cerda,MENORES CONTROLADOS,113703,13121,13
380,8,13,111303,A0200002,13,13121,7,5,4,Servicio de Salud Metropolitano Sur,Centro de Salud Familiar Lo Valledor Norte,Pedro Aguirre Cerda,LACTANCIA MATERNA EXCLUSIVA,111303,13121,13
381,8,13,111303,A0200001,13,13121,12,8,8,Servicio de Salud Metropolitano Sur,Centro de Salud Familiar Lo Valledor Norte,Pedro Aguirre Cerda,MENORES CONTROLADOS,111303,13121,13
382,3,13,113703,A0200002,13,13121,2,0,1,Servicio de Salud Metropolitano Sur,Centro Comunitario de Salud Familiar Dr. Miguel Enríquez Espinosa,Pedro Aguirre Cerda,LACTANCIA MATERNA EXCLUSIVA,113703,13121,13
383,3,13,113703,A0200001,13,13121,0,0,2,Servicio de Salud Metropolitano Sur,Centro Comunitario de Salud Familiar Dr. Miguel Enríquez Espinosa,Pedro Aguirre Cerda,MENORES CONTROLADOS,113703,13121,13
384,5,13,111303,A0200001,13,13121,9,9,11,Servicio de Salud Metropolitano Sur,Centro de Salud Familiar Lo Valledor Norte,Pedro Aguirre Cerda,MENORES CONTROLADOS,111303,13121,13
385,5,13,111303,A0200002,13,13121,5,6,5,Servicio de Salud Metropolitano Sur,Centro de Salud Familiar Lo Valledor Norte,Pedro Aguirre Cerda,LACTANCIA MATERNA EXCLUSIVA,111303,13121,13
386,3,13,111303,A0200002,13,13121,7,8,6,Servicio de Salud Metropolitano Sur,Centro de Salud Familiar Lo Valledor Norte,Pedro Aguirre Cerda,LACTANCIA MATERNA EXCLUSIVA,111303,13121,13
387,6,13,111303,A0200001,13,13121,9,2,6,Servicio de Salud Metropolitano Sur,Centro de Salud Familiar Lo Valledor Norte,Pedro Aguirre Cerda,MENORES CONTROLADOS,111303,13121,13
388,3,13,111303,A0200001,13,13121,9,,10,Servicio de Salud Metropolitano Sur,Centro de Salud Familiar Lo Valledor Norte,Pedro Aguirre Cerda,MENORES CONTROLADOS,111303,13121,13
389,6,13,111303,A0200002,13,13121,9,2,6,Servicio de Salud Metropolitano Sur,Centro de Salud Familiar Lo Valledor Norte,Pedro Aguirre Cerda,LACTANCIA MATERNA EXCLUSIVA,111303,13121,13
390,4,13,111303,A0200002,13,13121,5,7,2,Servicio de Salud Metropolitano Sur,Centro de Salud Familiar Lo Valledor Norte,Pedro Aguirre Cerda,LACTANCIA MATERNA EXCLUSIVA,111303,13121,13
391,4,13,111303,A0200001,13,13121,7,13,3,Servicio de Salud Metropolitano Sur,Centro de Salud Familiar Lo Valledor Norte,Pedro Aguirre Cerda,MENORES CONTROLADOS,111303,13121,13
392,1,13,113703,A0200002,13,13121,0,1,1,Servicio de Salud Metropolitano Sur,Centro Comunitario de Salud Familiar Dr. Miguel Enríquez Espinosa,Pedro Aguirre Cerda,LACTANCIA MATERNA EXCLUSIVA,113703,13121,13
393,2,13,113703,A0200002,13,13121,2,1,0,Servicio de Salud Metropolitano Sur,Centro Comunitario de Salud Familiar Dr. Miguel Enríquez Espinosa,Pedro Aguirre Cerda,LACTANCIA MATERNA EXCLUSIVA,113703,13121,13
394,2,13,113703,A0200001,13,13121,2,1,1,Servicio de Salud Metropolitano Sur,Centro Comunitario de Salud Familiar Dr. Miguel Enríquez Espinosa,Pedro Aguirre Cerda,MENORES CONTROLADOS,113703,13121,13
395,1,13,113703,A0200001,13,13121,0,0,3,Servicio de Salud Metropolitano Sur,Centro Comunitario de Salud Familiar Dr. Miguel Enríquez Espinosa,Pedro Aguirre Cerda,MENORES CONTROLADOS,113703,13121,13
396,7,13,111303,A0200002,13,13121,2,1,4,Servicio de Salud Metropolitano Sur,Centro de Salud Familiar Lo Valledor Norte,Pedro Aguirre Cerda,LACTANCIA MATERNA EXCLUSIVA,111303,13121,13
397,7,13,111303,A0200001,13,13121,,,12,Servicio de Salud Metropolitano Sur,Centro de Salud Familiar Lo Valledor Norte,Pedro Aguirre Cerda,MENORES CONTROLADOS,111303,13121,13
398,2,13,111303,A0200002,13,13121,0,2,4,Servicio de Salud Metropolitano Sur,Centro de Salud Familiar Lo Valledor Norte,Pedro Aguirre Cerda,LACTANCIA MATERNA EXCLUSIVA,111303,13121,13
399,2,13,111303,A0200001,13,13121,1,7,9,Servicio de Salud Metropolitano Sur,Centro de Salud Familiar Lo Valledor Norte,Pedro Aguirre Cerda,MENORES CONTROLADOS,111303,13121,13
400,4,13,113703,A0200002,13,13121,4,1,0,Servicio de Salud Metropolitano Sur,Centro Comunitario de Salud Familiar Dr. Miguel Enríquez Espinosa,Pedro Aguirre Cerda,LACTANCIA MATERNA EXCLUSIVA,113703,13121,13
401,4,13,113703,A0200001,13,13121,5,1,0,Servicio de Salud Metropolitano Sur,Centro Comunitario de Salud Familiar Dr. Miguel Enríquez Espinosa,Pedro Aguirre Cerda,MENORES CONTROLADOS,113703,13121,13
402,1,13,111303,A0200002,13,13121,12,5,7,Servicio de Salud Metropolitano Sur,Centro de Salud Familiar Lo Valledor Norte,Pedro Aguirre Cerda,LACTANCIA MATERNA EXCLUSIVA,111303,13121,13
403,1,13,111303,A0200001,13,13121,14,0,11,Servicio de Salud Metropolitano Sur,Centro de Salud Familiar Lo Valledor Norte,Pedro Aguirre Cerda,MENORES CONTROLADOS,111303,13121,13
404,6,13,113703,A0200002,13,13121,1,3,1,Servicio de Salud Metropolitano Sur,Centro Comunitario de Salud Familiar Dr. Miguel Enríquez Espinosa,Pedro Aguirre Cerda,LACTANCIA MATERNA EXCLUSIVA,113703,13121,13
405,6,13,113703,A0200001,13,13121,1,3,1,Servicio de Salud Metropolitano Sur,Centro Comunitario de Salud Familiar Dr. Miguel Enríquez Espinosa,Pedro Aguirre Cerda,MENORES CONTROLADOS,113703,13121,13
406,8,13,113703,A0200002,13,13121,1,0,3,Servicio de Salud Metropolitano Sur,Centro Comunitario de Salud Familiar Dr. Miguel Enríquez Espinosa,Pedro Aguirre Cerda,LACTANCIA MATERNA EXCLUSIVA,113703,13121,13
407,8,13,113703,A0200001,13,13121,3,3,3,Servicio de Salud Metropolitano Sur,Centro Comunitario de Salud Familiar Dr. Miguel Enríquez Espinosa,Pedro Aguirre Cerda,MENORES CONTROLADOS,113703,13121,13
408,7,13,113703,A0200002,13,13121,1,6,0,Servicio de Salud Metropolitano Sur,Centro Comunitario de Salud Familiar Dr. Miguel Enríquez Espinosa,Pedro Aguirre Cerda,LACTANCIA MATERNA EXCLUSIVA,113703,13121,13
409,7,13,113703,A0200001,13,13121,2,7,2,Servicio de Salud Metropolitano Sur,Centro Comunitario de Salud Familiar Dr. Miguel Enríquez Espinosa,Pedro Aguirre Cerda,MENORES CONTROLADOS,113703,13121,13
410,3,13,113306,A0200002,13,13121,6,5,8,Servicio de Salud Metropolitano Sur,Centro de Salud Familiar Padre Pierre Dubois (Ex La Feria),Pedro Aguirre Cerda,LACTANCIA MATERNA EXCLUSIVA,113306,13121,13
411,3,13,113306,A0200001,13,13121,8,16,12,Servicio de Salud Metropolitano Sur,Centro de Salud Familiar Padre Pierre Dubois (Ex La Feria),Pedro Aguirre Cerda,MENORES CONTROLADOS,113306,13121,13
412,4,13,113306,A0200002,13,13121,8,6,5,Servicio de Salud Metropolitano Sur,Centro de Salud Familiar Padre Pierre Dubois (Ex La Feria),Pedro Aguirre Cerda,LACTANCIA MATERNA EXCLUSIVA,113306,13121,13
413,4,13,113306,A0200001,13,13121,13,13,7,Servicio de Salud Metropolitano Sur,Centro de Salud Familiar Padre Pierre Dubois (Ex La Feria),Pedro Aguirre Cerda,MENORES CONTROLADOS,113306,13121,13
414,7,13,113306,A0200002,13,13121,11,6,7,Servicio de Salud Metropolitano Sur,Centro de Salud Familiar Padre Pierre Dubois (Ex La Feria),Pedro Aguirre Cerda,LACTANCIA MATERNA EXCLUSIVA,113306,13121,13
415,7,13,113306,A0200001,13,13121,14,13,9,Servicio de Salud Metropolitano Sur,Centro de Salud Familiar Padre Pierre Dubois (Ex La Feria),Pedro Aguirre Cerda,MENORES CONTROLADOS,113306,13121,13
416,1,13,113306,A0200002,13,13121,7,5,3,Servicio de Salud Metropolitano Sur,Centro de Salud Familiar Padre Pierre Dubois (Ex La Feria),Pedro Aguirre Cerda,LACTANCIA MATERNA EXCLUSIVA,113306,13121,13
417,1,13,113306,A0200001,13,13121,11,9,11,Servicio de Salud Metropolitano Sur,Centro de Salud Familiar Padre Pierre Dubois (Ex La Feria),Pedro Aguirre Cerda,MENORES CONTROLADOS,113306,13121,13
418,5,13,113306,A0200002,13,13121,4,10,3,Servicio de Salud Metropolitano Sur,Centro de Salud Familiar Padre Pierre Dubois (Ex La Feria),Pedro Aguirre Cerda,LACTANCIA MATERNA EXCLUSIVA,113306,13121,13
419,5,13,113306,A0200001,13,13121,10,15,8,Servicio de Salud Metropolitano Sur,Centro de Salud Familiar Padre Pierre Dubois (Ex La Feria),Pedro Aguirre Cerda,MENORES CONTROLADOS,113306,13121,13
420,2,13,113306,A0200001,13,13121,11,7,14,Servicio de Salud Metropolitano Sur,Centro de Salud Familiar Padre Pierre Dubois (Ex La Feria),Pedro Aguirre Cerda,MENORES CONTROLADOS,113306,13121,13
421,2,13,113306,A0200002,13,13121,8,2,6,Servicio de Salud Metropolitano Sur,Centro de Salud Familiar Padre Pierre Dubois (Ex La Feria),Pedro Aguirre Cerda,LACTANCIA MATERNA EXCLUSIVA,113306,13121,13
422,8,13,113306,A0200002,13,13121,3,9,6,Servicio de Salud Metropolitano Sur,Centro de Salud Familiar Padre Pierre Dubois (Ex La Feria),Pedro Aguirre Cerda,LACTANCIA MATERNA EXCLUSIVA,113306,13121,13
423,8,13,113306,A0200001,13,13121,7,15,12,Servicio de Salud Metropolitano Sur,Centro de Salud Familiar Padre Pierre Dubois (Ex La Feria),Pedro Aguirre Cerda,MENORES CONTROLADOS,113306,13121,13
424,6,13,113306,A0200002,13,13121,8,7,6,Servicio de Salud Metropolitano Sur,Centro de Salud Familiar Padre Pierre Dubois (Ex La Feria),Pedro Aguirre Cerda,LACTANCIA MATERNA EXCLUSIVA,113306,13121,13
425,6,13,113306,A0200001,13,13121,10,16,9,Servicio de Salud Metropolitano Sur,Centro de Salud Familiar Padre Pierre Dubois (Ex La Feria),Pedro Aguirre Cerda,MENORES CONTROLADOS,113306,13121,13
426,7,13,113331,A0200002,13,13121,5,3,3,Servicio de Salud Metropolitano Sur,Centro de Salud Familiar Edgardo Enríquez Fröedden,Pedro Aguirre Cerda,LACTANCIA MATERNA EXCLUSIVA,113331,13121,13
427,7,13,113331,A0200001,13,13121,14,12,6,Servicio de Salud Metropolitano Sur,Centro de Salud Familiar Edgardo Enríquez Fröedden,Pedro Aguirre Cerda,MENORES CONTROLADOS,113331,13121,13
428,8,13,113331,A0200002,13,13121,8,3,3,Servicio de Salud Metropolitano Sur,Centro de Salud Familiar Edgardo Enríquez Fröedden,Pedro Aguirre Cerda,LACTANCIA MATERNA EXCLUSIVA,113331,13121,13
429,8,13,113331,A0200001,13,13121,14,7,6,Servicio de Salud Metropolitano Sur,Centro de Salud Familiar Edgardo Enríquez Fröedden,Pedro Aguirre Cerda,MENORES CONTROLADOS,113331,13121,13
430,3,13,113331,A0200002,13,13121,5,6,1,Servicio de Salud Metropolitano Sur,Centro de Salud Familiar Edgardo Enríquez Fröedden,Pedro Aguirre Cerda,LACTANCIA MATERNA EXCLUSIVA,113331,13121,13
431,3,13,113331,A0200001,13,13121,6,11,5,Servicio de Salud Metropolitano Sur,Centro de Salud Familiar Edgardo Enríquez Fröedden,Pedro Aguirre Cerda,MENORES CONTROLADOS,113331,13121,13
432,1,13,113331,A0200002,13,13121,4,9,8,Servicio de Salud Metropolitano Sur,Centro de Salud Familiar Edgardo Enríquez Fröedden,Pedro Aguirre Cerda,LACTANCIA MATERNA EXCLUSIVA,113331,13121,13
433,1,13,113331,A0200001,13,13121,9,11,15,Servicio de Salud Metropolitano Sur,Centro de Salud Familiar Edgardo Enríquez Fröedden,Pedro Aguirre Cerda,MENORES CONTROLADOS,113331,13121,13
434,2,13,113331,A0200002,13,13121,4,2,3,Servicio de Salud Metropolitano Sur,Centro de Salud Familiar Edgardo Enríquez Fröedden,Pedro Aguirre Cerda,LACTANCIA MATERNA EXCLUSIVA,113331,13121,13
435,2,13,113331,A0200001,13,13121,10,5,4,Servicio de Salud Metropolitano Sur,Centro de Salud Familiar Edgardo Enríquez Fröedden,Pedro Aguirre Cerda,MENORES CONTROLADOS,113331,13121,13
436,5,13,113331,A0200002,13,13121,5,5,2,Servicio de Salud Metropolitano Sur,Centro de Salud Familiar Edgardo Enríquez Fröedden,Pedro Aguirre Cerda,LACTANCIA MATERNA EXCLUSIVA,113331,13121,13
437,5,13,113331,A0200001,13,13121,9,6,5,Servicio de Salud Metropolitano Sur,Centro de Salud Familiar Edgardo Enríquez Fröedden,Pedro Aguirre Cerda,MENORES CONTROLADOS,113331,13121,13
438,4,13,113331,A0200002,13,13121,8,5,10,Servicio de Salud Metropolitano Sur,Centro de Salud Familiar Edgardo Enríquez Fröedden,Pedro Aguirre Cerda,LACTANCIA MATERNA EXCLUSIVA,113331,13121,13
439,4,13,113331,A0200001,13,13121,15,8,13,Servicio de Salud Metropolitano Sur,Centro de Salud Familiar Edgardo Enríquez Fröedden,Pedro Aguirre Cerda,MENORES CONTROLADOS,113331,13121,13
440,6,13,113331,A0200002,13,13121,5,8,5,Servicio de Salud Metropolitano Sur,Centro de Salud Familiar Edgardo Enríquez Fröedden,Pedro Aguirre Cerda,LACTANCIA MATERNA EXCLUSIVA,113331,13121,13
441,6,13,113331,A0200001,13,13121,7,13,10,Servicio de Salud Metropolitano Sur,Centro de Salud Familiar Edgardo Enríquez Fröedden,Pedro Aguirre Cerda,MENORES CONTROLADOS,113331,13121,13
442,1,13,200337,A0200001,13,13129,0,0,2,Servicio de Salud Metropolitano Sur,Centro Comunitario de Salud Familiar Martín Henríquez,San Joaquín,MENORES CONTROLADOS,200337,13129,13
443,3,13,113322,A0200001,13,13129,5,4,9,Servicio de Salud Metropolitano Sur,Centro de Salud Familiar Santa Teresa de Los Andes,San Joaquín,MENORES CONTROLADOS,113322,13129,13
444,4,13,113322,A0200002,13,13129,3,0,8,Servicio de Salud Metropolitano Sur,Centro de Salud Familiar Santa Teresa de Los Andes,San Joaquín,LACTANCIA MATERNA EXCLUSIVA,113322,13129,13
445,4,13,113322,A0200001,13,13129,9,2,15,Servicio de Salud Metropolitano Sur,Centro de Salud Familiar Santa Teresa de Los Andes,San Joaquín,MENORES CONTROLADOS,113322,13129,13
446,4,13,113702,A0200001,13,13129,2,2,0,Servicio de Salud Metropolitano Sur,Centro Comunitario de Salud Familiar Sierra Bella,San Joaquín,MENORES CONTROLADOS,113702,13129,13
447,4,13,113702,A0200002,13,13129,1,1,0,Servicio de Salud Metropolitano Sur,Centro Comunitario de Salud Familiar Sierra Bella,San Joaquín,LACTANCIA MATERNA EXCLUSIVA,113702,13129,13
448,2,13,200337,A0200002,13,13129,4,2,1,Servicio de Salud Metropolitano Sur,Centro Comunitario de Salud Familiar Martín Henríquez,San Joaquín,LACTANCIA MATERNA EXCLUSIVA,200337,13129,13
449,2,13,200337,A0200001,13,13129,5,7,4,Servicio de Salud Metropolitano Sur,Centro Comunitario de Salud Familiar Martín Henríquez,San Joaquín,MENORES CONTROLADOS,200337,13129,13
450,3,13,113322,A0200002,13,13129,2,2,6,Servicio de Salud Metropolitano Sur,Centro de Salud Familiar Santa Teresa de Los Andes,San Joaquín,LACTANCIA MATERNA EXCLUSIVA,113322,13129,13
451,1,13,200337,A0200002,13,13129,0,1,1,Servicio de Salud Metropolitano Sur,Centro Comunitario de Salud Familiar Martín Henríquez,San Joaquín,LACTANCIA MATERNA EXCLUSIVA,200337,13129,13
452,4,13,200337,A0200002,13,13129,0,2,0,Servicio de Salud Metropolitano Sur,Centro Comunitario de Salud Familiar Martín Henríquez,San Joaquín,LACTANCIA MATERNA EXCLUSIVA,200337,13129,13
453,4,13,200337,A0200001,13,13129,0,4,0,Servicio de Salud Metropolitano Sur,Centro Comunitario de Salud Familiar Martín Henríquez,San Joaquín,MENORES CONTROLADOS,200337,13129,13
454,7,13,200337,A0200002,13,13129,0,1,1,Servicio de Salud Metropolitano Sur,Centro Comunitario de Salud Familiar Martín Henríquez,San Joaquín,LACTANCIA MATERNA EXCLUSIVA,200337,13129,13
455,7,13,200337,A0200001,13,13129,0,4,2,Servicio de Salud Metropolitano Sur,Centro Comunitario de Salud Familiar Martín Henríquez,San Joaquín,MENORES CONTROLADOS,200337,13129,13
456,7,13,113702,A0200002,13,13129,0,1,0,Servicio de Salud Metropolitano Sur,Centro Comunitario de Salud Familiar Sierra Bella,San Joaquín,LACTANCIA MATERNA EXCLUSIVA,113702,13129,13
457,7,13,113702,A0200001,13,13129,1,2,2,Servicio de Salud Metropolitano Sur,Centro Comunitario de Salud Familiar Sierra Bella,San Joaquín,MENORES CONTROLADOS,113702,13129,13
458,5,13,113702,A0200002,13,13129,0,3,0,Servicio de Salud Metropolitano Sur,Centro Comunitario de Salud Familiar Sierra Bella,San Joaquín,LACTANCIA MATERNA EXCLUSIVA,113702,13129,13
459,5,13,113702,A0200001,13,13129,0,4,1,Servicio de Salud Metropolitano Sur,Centro Comunitario de Salud Familiar Sierra Bella,San Joaquín,MENORES CONTROLADOS,113702,13129,13
460,5,13,113322,A0200002,13,13129,3,1,,Servicio de Salud Metropolitano Sur,Centro de Salud Familiar Santa Teresa de Los Andes,San Joaquín,LACTANCIA MATERNA EXCLUSIVA,113322,13129,13
461,5,13,113322,A0200001,13,13129,5,5,2,Servicio de Salud Metropolitano Sur,Centro de Salud Familiar Santa Teresa de Los Andes,San Joaquín,MENORES CONTROLADOS,113322,13129,13
462,3,13,200337,A0200002,13,13129,1,1,1,Servicio de Salud Metropolitano Sur,Centro Comunitario de Salud Familiar Martín Henríquez,San Joaquín,LACTANCIA MATERNA EXCLUSIVA,200337,13129,13
463,3,13,200337,A0200001,13,13129,3,1,4,Servicio de Salud Metropolitano Sur,Centro Comunitario de Salud Familiar Martín Henríquez,San Joaquín,MENORES CONTROLADOS,200337,13129,13
464,5,13,200337,A0200002,13,13129,1,2,1,Servicio de Salud Metropolitano Sur,Centro Comunitario de Salud Familiar Martín Henríquez,San Joaquín,LACTANCIA MATERNA EXCLUSIVA,200337,13129,13
465,5,13,200337,A0200001,13,13129,3,5,6,Servicio de Salud Metropolitano Sur,Centro Comunitario de Salud Familiar Martín Henríquez,San Joaquín,MENORES CONTROLADOS,200337,13129,13
466,6,13,113322,A0200002,13,13129,3,1,8,Servicio de Salud Metropolitano Sur,Centro de Salud Familiar Santa Teresa de Los Andes,San Joaquín,LACTANCIA MATERNA EXCLUSIVA,113322,13129,13
467,6,13,113322,A0200001,13,13129,3,4,14,Servicio de Salud Metropolitano Sur,Centro de Salud Familiar Santa Teresa de Los Andes,San Joaquín,MENORES CONTROLADOS,113322,13129,13
468,1,13,113322,A0200001,13,13129,8,12,6,Servicio de Salud Metropolitano Sur,Centro de Salud Familiar Santa Teresa de Los Andes,San Joaquín,MENORES CONTROLADOS,113322,13129,13
469,2,13,113322,A0200002,13,13129,5,8,1,Servicio de Salud Metropolitano Sur,Centro de Salud Familiar Santa Teresa de Los Andes,San Joaquín,LACTANCIA MATERNA EXCLUSIVA,113322,13129,13
470,2,13,113322,A0200001,13,13129,11,12,5,Servicio de Salud Metropolitano Sur,Centro de Salud Familiar Santa Teresa de Los Andes,San Joaquín,MENORES CONTROLADOS,113322,13129,13
471,2,13,113702,A0200002,13,13129,0,0,0,Servicio de Salud Metropolitano Sur,Centro Comunitario de Salud Familiar Sierra Bella,San Joaquín,LACTANCIA MATERNA EXCLUSIVA,113702,13129,13
472,2,13,113702,A0200001,13,13129,1,1,2,Servicio de Salud Metropolitano Sur,Centro Comunitario de Salud Familiar Sierra Bella,San Joaquín,MENORES CONTROLADOS,113702,13129,13
473,1,13,113702,A0200002,13,13129,1,0,0,Servicio de Salud Metropolitano Sur,Centro Comunitario de Salud Familiar Sierra Bella,San Joaquín,LACTANCIA MATERNA EXCLUSIVA,113702,13129,13
474,1,13,113702,A0200001,13,13129,1,1,1,Servicio de Salud Metropolitano Sur,Centro Comunitario de Salud Familiar Sierra Bella,San Joaquín,MENORES CONTROLADOS,113702,13129,13
475,1,13,113322,A0200002,13,13129,5,9,3,Servicio de Salud Metropolitano Sur,Centro de Salud Familiar Santa Teresa de Los Andes,San Joaquín,LACTANCIA MATERNA EXCLUSIVA,113322,13129,13
476,3,13,113702,A0200002,13,13129,2,0,0,Servicio de Salud Metropolitano Sur,Centro Comunitario de Salud Familiar Sierra Bella,San Joaquín,LACTANCIA MATERNA EXCLUSIVA,113702,13129,13
477,3,13,113702,A0200001,13,13129,3,2,1,Servicio de Salud Metropolitano Sur,Centro Comunitario de Salud Familiar Sierra Bella,San Joaquín,MENORES CONTROLADOS,113702,13129,13
478,8,13,113322,A0200002,13,13129,2,2,3,Servicio de Salud Metropolitano Sur,Centro de Salud Familiar Santa Teresa de Los Andes,San Joaquín,LACTANCIA MATERNA EXCLUSIVA,113322,13129,13
479,8,13,113322,A0200001,13,13129,6,3,8,Servicio de Salud Metropolitano Sur,Centro de Salud Familiar Santa Teresa de Los Andes,San Joaquín,MENORES CONTROLADOS,113322,13129,13
480,8,13,113702,A0200002,13,13129,1,0,0,Servicio de Salud Metropolitano Sur,Centro Comunitario de Salud Familiar Sierra Bella,San Joaquín,LACTANCIA MATERNA EXCLUSIVA,113702,13129,13
481,8,13,113702,A0200001,13,13129,1,1,0,Servicio de Salud Metropolitano Sur,Centro Comunitario de Salud Familiar Sierra Bella,San Joaquín,MENORES CONTROLADOS,113702,13129,13
482,8,13,200337,A0200002,13,13129,2,1,1,Servicio de Salud Metropolitano Sur,Centro Comunitario de Salud Familiar Martín Henríquez,San Joaquín,LACTANCIA MATERNA EXCLUSIVA,200337,13129,13
483,8,13,200337,A0200001,13,13129,3,1,3,Servicio de Salud Metropolitano Sur,Centro Comunitario de Salud Familiar Martín Henríquez,San Joaquín,MENORES CONTROLADOS,200337,13129,13
484,7,13,113322,A0200001,13,13129,5,3,7,Servicio de Salud Metropolitano Sur,Centro de Salud Familiar Santa Teresa de Los Andes,San Joaquín,MENORES CONTROLADOS,113322,13129,13
485,7,13,113322,A0200002,13,13129,2,2,3,Servicio de Salud Metropolitano Sur,Centro de Salud Familiar Santa Teresa de Los Andes,San Joaquín,LACTANCIA MATERNA EXCLUSIVA,113322,13129,13
486,6,13,113702,A0200002,13,13129,1,0,0,Servicio de Salud Metropolitano Sur,Centro Comunitario de Salud Familiar Sierra Bella,San Joaquín,LACTANCIA MATERNA EXCLUSIVA,113702,13129,13
487,6,13,113702,A0200001,13,13129,1,0,0,Servicio de Salud Metropolitano Sur,Centro Comunitario de Salud Familiar Sierra Bella,San Joaquín,MENORES CONTROLADOS,113702,13129,13
488,6,13,200337,A0200002,13,13129,2,0,1,Servicio de Salud Metropolitano Sur,Centro Comunitario de Salud Familiar Martín Henríquez,San Joaquín,LACTANCIA MATERNA EXCLUSIVA,200337,13129,13
489,6,13,200337,A0200001,13,13129,3,1,1,Servicio de Salud Metropolitano Sur,Centro Comunitario de Salud Familiar Martín Henríquez,San Joaquín,MENORES CONTROLADOS,200337,13129,13
490,2,13,200210,A0200002,13,13129,1,0,1,Servicio de Salud Metropolitano Sur,Centro Comunitario de Salud Familiar Coñimo,San Joaquín,LACTANCIA MATERNA EXCLUSIVA,200210,13129,13
491,2,13,200210,A0200001,13,13129,1,0,3,Servicio de Salud Metropolitano Sur,Centro Comunitario de Salud Familiar Coñimo,San Joaquín,MENORES CONTROLADOS,200210,13129,13
492,2,13,113753,A0200002,13,13129,0,1,0,Servicio de Salud Metropolitano Sur,Centro Comunitario de Salud Familiar Reverendo Javier Peró,San Joaquín,LACTANCIA MATERNA EXCLUSIVA,113753,13129,13
493,2,13,113753,A0200001,13,13129,0,3,0,Servicio de Salud Metropolitano Sur,Centro Comunitario de Salud Familiar Reverendo Javier Peró,San Joaquín,MENORES CONTROLADOS,113753,13129,13
494,1,13,113753,A0200001,13,13129,0,1,0,Servicio de Salud Metropolitano Sur,Centro Comunitario de Salud Familiar Reverendo Javier Peró,San Joaquín,MENORES CONTROLADOS,113753,13129,13
495,1,13,200210,A0200002,13,13129,2,1,1,Servicio de Salud Metropolitano Sur,Centro Comunitario de Salud Familiar Coñimo,San Joaquín,LACTANCIA MATERNA EXCLUSIVA,200210,13129,13
496,1,13,200210,A0200001,13,13129,2,3,3,Servicio de Salud Metropolitano Sur,Centro Comunitario de Salud Familiar Coñimo,San Joaquín,MENORES CONTROLADOS,200210,13129,13
497,3,13,113753,A0200002,13,13129,1,0,0,Servicio de Salud Metropolitano Sur,Centro Comunitario de Salud Familiar Reverendo Javier Peró,San Joaquín,LACTANCIA MATERNA EXCLUSIVA,113753,13129,13
498,3,13,113753,A0200001,13,13129,1,0,0,Servicio de Salud Metropolitano Sur,Centro Comunitario de Salud Familiar Reverendo Javier Peró,San Joaquín,MENORES CONTROLADOS,113753,13129,13
499,3,13,200210,A0200002,13,13129,1,1,4,Servicio de Salud Metropolitano Sur,Centro Comunitario de Salud Familiar Coñimo,San Joaquín,LACTANCIA MATERNA EXCLUSIVA,200210,13129,13
500,3,13,200210,A0200001,13,13129,1,3,4,Servicio de Salud Metropolitano Sur,Centro Comunitario de Salud Familiar Coñimo,San Joaquín,MENORES CONTROLADOS,200210,13129,13
501,4,13,113753,A0200002,13,13129,0,0,1,Servicio de Salud Metropolitano Sur,Centro Comunitario de Salud Familiar Reverendo Javier Peró,San Joaquín,LACTANCIA MATERNA EXCLUSIVA,113753,13129,13
502,4,13,113753,A0200001,13,13129,0,0,2,Servicio de Salud Metropolitano Sur,Centro Comunitario de Salud Familiar Reverendo Javier Peró,San Joaquín,MENORES CONTROLADOS,113753,13129,13
503,4,13,200210,A0200002,13,13129,4,0,2,Servicio de Salud Metropolitano Sur,Centro Comunitario de Salud Familiar Coñimo,San Joaquín,LACTANCIA MATERNA EXCLUSIVA,200210,13129,13
504,4,13,200210,A0200001,13,13129,5,0,2,Servicio de Salud Metropolitano Sur,Centro Comunitario de Salud Familiar Coñimo,San Joaquín,MENORES CONTROLADOS,200210,13129,13
505,6,13,200210,A0200002,13,13129,3,0,0,Servicio de Salud Metropolitano Sur,Centro Comunitario de Salud Familiar Coñimo,San Joaquín,LACTANCIA MATERNA EXCLUSIVA,200210,13129,13
506,6,13,200210,A0200001,13,13129,3,1,3,Servicio de Salud Metropolitano Sur,Centro Comunitario de Salud Familiar Coñimo,San Joaquín,MENORES CONTROLADOS,200210,13129,13
507,6,13,113753,A0200002,13,13129,1,0,1,Servicio de Salud Metropolitano Sur,Centro Comunitario de Salud Familiar Reverendo Javier Peró,San Joaquín,LACTANCIA MATERNA EXCLUSIVA,113753,13129,13
508,6,13,113753,A0200001,13,13129,4,0,1,Servicio de Salud Metropolitano Sur,Centro Comunitario de Salud Familiar Reverendo Javier Peró,San Joaquín,MENORES CONTROLADOS,113753,13129,13
509,8,13,113753,A0200002,13,13129,1,1,1,Servicio de Salud Metropolitano Sur,Centro Comunitario de Salud Familiar Reverendo Javier Peró,San Joaquín,LACTANCIA MATERNA EXCLUSIVA,113753,13129,13
510,8,13,113753,A0200001,13,13129,1,4,1,Servicio de Salud Metropolitano Sur,Centro Comunitario de Salud Familiar Reverendo Javier Peró,San Joaquín,MENORES CONTROLADOS,113753,13129,13
511,8,13,200210,A0200002,13,13129,0,3,5,Servicio de Salud Metropolitano Sur,Centro Comunitario de Salud Familiar Coñimo,San Joaquín,LACTANCIA MATERNA EXCLUSIVA,200210,13129,13
512,8,13,200210,A0200001,13,13129,1,3,5,Servicio de Salud Metropolitano Sur,Centro Comunitario de Salud Familiar Coñimo,San Joaquín,MENORES CONTROLADOS,200210,13129,13
513,5,13,200210,A0200002,13,13129,0,3,0,Servicio de Salud Metropolitano Sur,Centro Comunitario de Salud Familiar Coñimo,San Joaquín,LACTANCIA MATERNA EXCLUSIVA,200210,13129,13
514,5,13,200210,A0200001,13,13129,3,3,1,Servicio de Salud Metropolitano Sur,Centro Comunitario de Salud Familiar Coñimo,San Joaquín,MENORES CONTROLADOS,200210,13129,13
515,5,13,113753,A0200002,13,13129,0,1,1,Servicio de Salud Metropolitano Sur,Centro Comunitario de Salud Familiar Reverendo Javier Peró,San Joaquín,LACTANCIA MATERNA EXCLUSIVA,113753,13129,13
516,5,13,113753,A0200001,13,13129,1,1,1,Servicio de Salud Metropolitano Sur,Centro Comunitario de Salud Familiar Reverendo Javier Peró,San Joaquín,MENORES CONTROLADOS,113753,13129,13
517,7,13,113753,A0200002,13,13129,1,0,0,Servicio de Salud Metropolitano Sur,Centro Comunitario de Salud Familiar Reverendo Javier Peró,San Joaquín,LACTANCIA MATERNA EXCLUSIVA,113753,13129,13
518,7,13,113753,A0200001,13,13129,1,2,0,Servicio de Salud Metropolitano Sur,Centro Comunitario de Salud Familiar Reverendo Javier Peró,San Joaquín,MENORES CONTROLADOS,113753,13129,13
519,7,13,200210,A0200002,13,13129,3,4,0,Servicio de Salud Metropolitano Sur,Centro Comunitario de Salud Familiar Coñimo,San Joaquín,LACTANCIA MATERNA EXCLUSIVA,200210,13129,13
520,7,13,200210,A0200001,13,13129,5,7,0,Servicio de Salud Metropolitano Sur,Centro Comunitario de Salud Familiar Coñimo,San Joaquín,MENORES CONTROLADOS,200210,13129,13
521,5,13,113722,A0200002,13,13129,1,2,0,Servicio de Salud Metropolitano Sur,Centro Comunitario de Salud Familiar Dr. Salvador Allende,San Joaquín,LACTANCIA MATERNA EXCLUSIVA,113722,13129,13
522,5,13,113722,A0200001,13,13129,1,2,1,Servicio de Salud Metropolitano Sur,Centro Comunitario de Salud Familiar Dr. Salvador Allende,San Joaquín,MENORES CONTROLADOS,113722,13129,13
523,2,13,113722,A0200002,13,13129,1,0,0,Servicio de Salud Metropolitano Sur,Centro Comunitario de Salud Familiar Dr. Salvador Allende,San Joaquín,LACTANCIA MATERNA EXCLUSIVA,113722,13129,13
524,2,13,113722,A0200001,13,13129,1,0,0,Servicio de Salud Metropolitano Sur,Centro Comunitario de Salud Familiar Dr. Salvador Allende,San Joaquín,MENORES CONTROLADOS,113722,13129,13
525,1,13,113722,A0200002,13,13129,3,2,2,Servicio de Salud Metropolitano Sur,Centro Comunitario de Salud Familiar Dr. Salvador Allende,San Joaquín,LACTANCIA MATERNA EXCLUSIVA,113722,13129,13
526,1,13,113722,A0200001,13,13129,3,2,3,Servicio de Salud Metropolitano Sur,Centro Comunitario de Salud Familiar Dr. Salvador Allende,San Joaquín,MENORES CONTROLADOS,113722,13129,13
527,3,13,113722,A0200002,13,13129,1,1,2,Servicio de Salud Metropolitano Sur,Centro Comunitario de Salud Familiar Dr. Salvador Allende,San Joaquín,LACTANCIA MATERNA EXCLUSIVA,113722,13129,13
528,3,13,113722,A0200001,13,13129,1,2,6,Servicio de Salud Metropolitano Sur,Centro Comunitario de Salud Familiar Dr. Salvador Allende,San Joaquín,MENORES CONTROLADOS,113722,13129,13
529,4,13,113722,A0200002,13,13129,4,0,0,Servicio de Salud Metropolitano Sur,Centro Comunitario de Salud Familiar Dr. Salvador Allende,San Joaquín,LACTANCIA MATERNA EXCLUSIVA,113722,13129,13
530,4,13,113722,A0200001,13,13129,4,0,0,Servicio de Salud Metropolitano Sur,Centro Comunitario de Salud Familiar Dr. Salvador Allende,San Joaquín,MENORES CONTROLADOS,113722,13129,13
531,6,13,113722,A0200002,13,13129,1,1,1,Servicio de Salud Metropolitano Sur,Centro Comunitario de Salud Familiar Dr. Salvador Allende,San Joaquín,LACTANCIA MATERNA EXCLUSIVA,113722,13129,13
532,6,13,113722,A0200001,13,13129,1,2,3,Servicio de Salud Metropolitano Sur,Centro Comunitario de Salud Familiar Dr. Salvador Allende,San Joaquín,MENORES CONTROLADOS,113722,13129,13
533,8,13,113722,A0200002,13,13129,0,3,2,Servicio de Salud Metropolitano Sur,Centro Comunitario de Salud Familiar Dr. Salvador Allende,San Joaquín,LACTANCIA MATERNA EXCLUSIVA,113722,13129,13
534,8,13,113722,A0200001,13,13129,1,3,3,Servicio de Salud Metropolitano Sur,Centro Comunitario de Salud Familiar Dr. Salvador Allende,San Joaquín,MENORES CONTROLADOS,113722,13129,13
535,7,13,113722,A0200002,13,13129,0,1,0,Servicio de Salud Metropolitano Sur,Centro Comunitario de Salud Familiar Dr. Salvador Allende,San Joaquín,LACTANCIA MATERNA EXCLUSIVA,113722,13129,13
536,7,13,113722,A0200001,13,13129,0,1,0,Servicio de Salud Metropolitano Sur,Centro Comunitario de Salud Familiar Dr. Salvador Allende,San Joaquín,MENORES CONTROLADOS,113722,13129,13
537,8,13,113301,A0200002,13,13129,1,6,4,Servicio de Salud Metropolitano Sur,Centro de Salud Familiar San Joaquín,San Joaquín,LACTANCIA MATERNA EXCLUSIVA,113301,13129,13
538,8,13,113301,A0200001,13,13129,4,7,10,Servicio de Salud Metropolitano Sur,Centro de Salud Familiar San Joaquín,San Joaquín,MENORES CONTROLADOS,113301,13129,13
539,8,13,113305,A0200002,13,13129,4,4,3,Servicio de Salud Metropolitano Sur,Centro de Salud Familiar Arturo Baeza Goñi,San Joaquín,LACTANCIA MATERNA EXCLUSIVA,113305,13129,13
540,8,13,113305,A0200001,13,13129,6,7,9,Servicio de Salud Metropolitano Sur,Centro de Salud Familiar Arturo Baeza Goñi,San Joaquín,MENORES CONTROLADOS,113305,13129,13
541,1,13,113305,A0200001,13,13129,4,5,5,Servicio de Salud Metropolitano Sur,Centro de Salud Familiar Arturo Baeza Goñi,San Joaquín,MENORES CONTROLADOS,113305,13129,13
542,2,13,113701,A0200002,13,13129,2,1,2,Servicio de Salud Metropolitano Sur,Centro Comunitario de Salud Familiar Yalta,San Joaquín,LACTANCIA MATERNA EXCLUSIVA,113701,13129,13
543,2,13,113701,A0200001,13,13129,2,1,4,Servicio de Salud Metropolitano Sur,Centro Comunitario de Salud Familiar Yalta,San Joaquín,MENORES CONTROLADOS,113701,13129,13
544,1,13,113305,A0200002,13,13129,,3,2,Servicio de Salud Metropolitano Sur,Centro de Salud Familiar Arturo Baeza Goñi,San Joaquín,LACTANCIA MATERNA EXCLUSIVA,113305,13129,13
545,1,13,113301,A0200001,13,13129,6,5,12,Servicio de Salud Metropolitano Sur,Centro de Salud Familiar San Joaquín,San Joaquín,MENORES CONTROLADOS,113301,13129,13
546,2,13,113305,A0200001,13,13129,6,7,4,Servicio de Salud Metropolitano Sur,Centro de Salud Familiar Arturo Baeza Goñi,San Joaquín,MENORES CONTROLADOS,113305,13129,13
547,3,13,113301,A0200001,13,13129,7,7,10,Servicio de Salud Metropolitano Sur,Centro de Salud Familiar San Joaquín,San Joaquín,MENORES CONTROLADOS,113301,13129,13
548,2,13,113305,A0200002,13,13129,4,3,2,Servicio de Salud Metropolitano Sur,Centro de Salud Familiar Arturo Baeza Goñi,San Joaquín,LACTANCIA MATERNA EXCLUSIVA,113305,13129,13
549,1,13,113301,A0200002,13,13129,6,5,5,Servicio de Salud Metropolitano Sur,Centro de Salud Familiar San Joaquín,San Joaquín,LACTANCIA MATERNA EXCLUSIVA,113301,13129,13
550,2,13,113301,A0200001,13,13129,8,9,13,Servicio de Salud Metropolitano Sur,Centro de Salud Familiar San Joaquín,San Joaquín,MENORES CONTROLADOS,113301,13129,13
551,3,13,113701,A0200002,13,13129,0,1,0,Servicio de Salud Metropolitano Sur,Centro Comunitario de Salud Familiar Yalta,San Joaquín,LACTANCIA MATERNA EXCLUSIVA,113701,13129,13
552,3,13,113701,A0200001,13,13129,3,1,4,Servicio de Salud Metropolitano Sur,Centro Comunitario de Salud Familiar Yalta,San Joaquín,MENORES CONTROLADOS,113701,13129,13
553,6,13,113301,A0200002,13,13129,3,2,7,Servicio de Salud Metropolitano Sur,Centro de Salud Familiar San Joaquín,San Joaquín,LACTANCIA MATERNA EXCLUSIVA,113301,13129,13
554,6,13,113301,A0200001,13,13129,7,4,8,Servicio de Salud Metropolitano Sur,Centro de Salud Familiar San Joaquín,San Joaquín,MENORES CONTROLADOS,113301,13129,13
555,5,13,113701,A0200002,13,13129,1,0,0,Servicio de Salud Metropolitano Sur,Centro Comunitario de Salud Familiar Yalta,San Joaquín,LACTANCIA MATERNA EXCLUSIVA,113701,13129,13
556,5,13,113701,A0200001,13,13129,1,,0,Servicio de Salud Metropolitano Sur,Centro Comunitario de Salud Familiar Yalta,San Joaquín,MENORES CONTROLADOS,113701,13129,13
557,6,13,113305,A0200002,13,13129,4,5,2,Servicio de Salud Metropolitano Sur,Centro de Salud Familiar Arturo Baeza Goñi,San Joaquín,LACTANCIA MATERNA EXCLUSIVA,113305,13129,13
558,6,13,113305,A0200001,13,13129,7,7,6,Servicio de Salud Metropolitano Sur,Centro de Salud Familiar Arturo Baeza Goñi,San Joaquín,MENORES CONTROLADOS,113305,13129,13
559,5,13,113301,A0200002,13,13129,3,8,4,Servicio de Salud Metropolitano Sur,Centro de Salud Familiar San Joaquín,San Joaquín,LACTANCIA MATERNA EXCLUSIVA,113301,13129,13
560,5,13,113301,A0200001,13,13129,8,14,10,Servicio de Salud Metropolitano Sur,Centro de Salud Familiar San Joaquín,San Joaquín,MENORES CONTROLADOS,113301,13129,13
561,5,13,113305,A0200002,13,13129,3,3,3,Servicio de Salud Metropolitano Sur,Centro de Salud Familiar Arturo Baeza Goñi,San Joaquín,LACTANCIA MATERNA EXCLUSIVA,113305,13129,13
562,5,13,113305,A0200001,13,13129,4,10,8,Servicio de Salud Metropolitano Sur,Centro de Salud Familiar Arturo Baeza Goñi,San Joaquín,MENORES CONTROLADOS,113305,13129,13
563,6,13,113701,A0200002,13,13129,1,2,3,Servicio de Salud Metropolitano Sur,Centro Comunitario de Salud Familiar Yalta,San Joaquín,LACTANCIA MATERNA EXCLUSIVA,113701,13129,13
564,6,13,113701,A0200001,13,13129,1,3,4,Servicio de Salud Metropolitano Sur,Centro Comunitario de Salud Familiar Yalta,San Joaquín,MENORES CONTROLADOS,113701,13129,13
565,7,13,113305,A0200002,13,13129,6,2,6,Servicio de Salud Metropolitano Sur,Centro de Salud Familiar Arturo Baeza Goñi,San Joaquín,LACTANCIA MATERNA EXCLUSIVA,113305,13129,13
566,7,13,113305,A0200001,13,13129,12,5,8,Servicio de Salud Metropolitano Sur,Centro de Salud Familiar Arturo Baeza Goñi,San Joaquín,MENORES CONTROLADOS,113305,13129,13
567,7,13,113301,A0200002,13,13129,6,1,6,Servicio de Salud Metropolitano Sur,Centro de Salud Familiar San Joaquín,San Joaquín,LACTANCIA MATERNA EXCLUSIVA,113301,13129,13
568,7,13,113301,A0200001,13,13129,8,3,12,Servicio de Salud Metropolitano Sur,Centro de Salud Familiar San Joaquín,San Joaquín,MENORES CONTROLADOS,113301,13129,13
569,3,13,113301,A0200002,13,13129,4,5,8,Servicio de Salud Metropolitano Sur,Centro de Salud Familiar San Joaquín,San Joaquín,LACTANCIA MATERNA EXCLUSIVA,113301,13129,13
570,1,13,113701,A0200002,13,13129,0,0,0,Servicio de Salud Metropolitano Sur,Centro Comunitario de Salud Familiar Yalta,San Joaquín,LACTANCIA MATERNA EXCLUSIVA,113701,13129,13
571,4,13,113305,A0200002,13,13129,9,9,2,Servicio de Salud Metropolitano Sur,Centro de Salud Familiar Arturo Baeza Goñi,San Joaquín,LACTANCIA MATERNA EXCLUSIVA,113305,13129,13
572,4,13,113305,A0200001,13,13129,13,11,6,Servicio de Salud Metropolitano Sur,Centro de Salud Familiar Arturo Baeza Goñi,San Joaquín,MENORES CONTROLADOS,113305,13129,13
573,1,13,113701,A0200001,13,13129,1,2,2,Servicio de Salud Metropolitano Sur,Centro Comunitario de Salud Familiar Yalta,San Joaquín,MENORES CONTROLADOS,113701,13129,13
574,2,13,113301,A0200002,13,13129,6,4,7,Servicio de Salud Metropolitano Sur,Centro de Salud Familiar San Joaquín,San Joaquín,LACTANCIA MATERNA EXCLUSIVA,113301,13129,13
575,4,13,113301,A0200001,13,13129,8,9,9,Servicio de Salud Metropolitano Sur,Centro de Salud Familiar San Joaquín,San Joaquín,MENORES CONTROLADOS,113301,13129,13
576,4,13,113701,A0200001,13,13129,2,4,1,Servicio de Salud Metropolitano Sur,Centro Comunitario de Salud Familiar Yalta,San Joaquín,MENORES CONTROLADOS,113701,13129,13
577,4,13,113301,A0200002,13,13129,4,7,2,Servicio de Salud Metropolitano Sur,Centro de Salud Familiar San Joaquín,San Joaquín,LACTANCIA MATERNA EXCLUSIVA,113301,13129,13
578,4,13,113701,A0200002,13,13129,1,2,0,Servicio de Salud Metropolitano Sur,Centro Comunitario de Salud Familiar Yalta,San Joaquín,LACTANCIA MATERNA EXCLUSIVA,113701,13129,13
579,8,13,113701,A0200002,13,13129,1,2,0,Servicio de Salud Metropolitano Sur,Centro Comunitario de Salud Familiar Yalta,San Joaquín,LACTANCIA MATERNA EXCLUSIVA,113701,13129,13
580,8,13,113701,A0200001,13,13129,3,4,1,Servicio de Salud Metropolitano Sur,Centro Comunitario de Salud Familiar Yalta,San Joaquín,MENORES CONTROLADOS,113701,13129,13
581,3,13,113305,A0200002,13,13129,6,4,2,Servicio de Salud Metropolitano Sur,Centro de Salud Familiar Arturo Baeza Goñi,San Joaquín,LACTANCIA MATERNA EXCLUSIVA,113305,13129,13
582,3,13,113305,A0200001,13,13129,12,5,8,Servicio de Salud Metropolitano Sur,Centro de Salud Familiar Arturo Baeza Goñi,San Joaquín,MENORES CONTROLADOS,113305,13129,13
583,7,13,113701,A0200002,13,13129,1,2,3,Servicio de Salud Metropolitano Sur,Centro Comunitario de Salud Familiar Yalta,San Joaquín,LACTANCIA MATERNA EXCLUSIVA,113701,13129,13
584,7,13,113701,A0200001,13,13129,1,2,7,Servicio de Salud Metropolitano Sur,Centro Comunitario de Salud Familiar Yalta,San Joaquín,MENORES CONTROLADOS,113701,13129,13
585,8,13,113300,A0200002,13,13130,15,13,14,Servicio de Salud Metropolitano Sur,Centro de Salud Familiar Barros Luco,San Miguel,LACTANCIA MATERNA EXCLUSIVA,113300,13130,13
586,8,13,113300,A0200001,13,13130,35,20,29,Servicio de Salud Metropolitano Sur,Centro de Salud Familiar Barros Luco,San Miguel,MENORES CONTROLADOS,113300,13130,13
587,3,13,113300,A0200002,13,13130,22,16,13,Servicio de Salud Metropolitano Sur,Centro de Salud Familiar Barros Luco,San Miguel,LACTANCIA MATERNA EXCLUSIVA,113300,13130,13
588,1,13,113300,A0200002,13,13130,20,12,20,Servicio de Salud Metropolitano Sur,Centro de Salud Familiar Barros Luco,San Miguel,LACTANCIA MATERNA EXCLUSIVA,113300,13130,13
589,7,13,113300,A0200002,13,13130,22,18,12,Servicio de Salud Metropolitano Sur,Centro de Salud Familiar Barros Luco,San Miguel,LACTANCIA MATERNA EXCLUSIVA,113300,13130,13
590,7,13,113300,A0200001,13,13130,33,29,29,Servicio de Salud Metropolitano Sur,Centro de Salud Familiar Barros Luco,San Miguel,MENORES CONTROLADOS,113300,13130,13
591,2,13,113300,A0200002,13,13130,19,22,12,Servicio de Salud Metropolitano Sur,Centro de Salud Familiar Barros Luco,San Miguel,LACTANCIA MATERNA EXCLUSIVA,113300,13130,13
592,2,13,113300,A0200001,13,13130,24,39,24,Servicio de Salud Metropolitano Sur,Centro de Salud Familiar Barros Luco,San Miguel,MENORES CONTROLADOS,113300,13130,13
593,3,13,113300,A0200001,13,13130,31,31,26,Servicio de Salud Metropolitano Sur,Centro de Salud Familiar Barros Luco,San Miguel,MENORES CONTROLADOS,113300,13130,13
594,1,13,113300,A0200001,13,13130,34,25,36,Servicio de Salud Metropolitano Sur,Centro de Salud Familiar Barros Luco,San Miguel,MENORES CONTROLADOS,113300,13130,13
595,6,13,113300,A0200002,13,13130,18,17,25,Servicio de Salud Metropolitano Sur,Centro de Salud Familiar Barros Luco,San Miguel,LACTANCIA MATERNA EXCLUSIVA,113300,13130,13
596,6,13,113300,A0200001,13,13130,31,31,42,Servicio de Salud Metropolitano Sur,Centro de Salud Familiar Barros Luco,San Miguel,MENORES CONTROLADOS,113300,13130,13
597,4,13,113300,A0200002,13,13130,18,17,13,Servicio de Salud Metropolitano Sur,Centro de Salud Familiar Barros Luco,San Miguel,LACTANCIA MATERNA EXCLUSIVA,113300,13130,13
598,4,13,113300,A0200001,13,13130,28,29,24,Servicio de Salud Metropolitano Sur,Centro de Salud Familiar Barros Luco,San Miguel,MENORES CONTROLADOS,113300,13130,13
599,5,13,113300,A0200002,13,13130,12,23,16,Servicio de Salud Metropolitano Sur,Centro de Salud Familiar Barros Luco,San Miguel,LACTANCIA MATERNA EXCLUSIVA,113300,13130,13
600,5,13,113300,A0200001,13,13130,22,39,25,Servicio de Salud Metropolitano Sur,Centro de Salud Familiar Barros Luco,San Miguel,MENORES CONTROLADOS,113300,13130,13
601,5,13,113302,A0200002,13,13130,4,8,18,Servicio de Salud Metropolitano Sur,Centro de Salud Familiar Recreo,San Miguel,LACTANCIA MATERNA EXCLUSIVA,113302,13130,13
602,5,13,113302,A0200001,13,13130,6,14,26,Servicio de Salud Metropolitano Sur,Centro de Salud Familiar Recreo,San Miguel,MENORES CONTROLADOS,113302,13130,13
603,4,13,113302,A0200002,13,13130,3,13,10,Servicio de Salud Metropolitano Sur,Centro de Salud Familiar Recreo,San Miguel,LACTANCIA MATERNA EXCLUSIVA,113302,13130,13
604,4,13,113302,A0200001,13,13130,12,20,16,Servicio de Salud Metropolitano Sur,Centro de Salud Familiar Recreo,San Miguel,MENORES CONTROLADOS,113302,13130,13
605,3,13,113302,A0200002,13,13130,10,3,15,Servicio de Salud Metropolitano Sur,Centro de Salud Familiar Recreo,San Miguel,LACTANCIA MATERNA EXCLUSIVA,113302,13130,13
606,3,13,113302,A0200001,13,13130,16,7,22,Servicio de Salud Metropolitano Sur,Centro de Salud Familiar Recreo,San Miguel,MENORES CONTROLADOS,113302,13130,13
607,2,13,113302,A0200002,13,13130,10,18,12,Servicio de Salud Metropolitano Sur,Centro de Salud Familiar Recreo,San Miguel,LACTANCIA MATERNA EXCLUSIVA,113302,13130,13
608,2,13,113302,A0200001,13,13130,12,25,20,Servicio de Salud Metropolitano Sur,Centro de Salud Familiar Recreo,San Miguel,MENORES CONTROLADOS,113302,13130,13
609,1,13,113302,A0200002,13,13130,9,10,12,Servicio de Salud Metropolitano Sur,Centro de Salud Familiar Recreo,San Miguel,LACTANCIA MATERNA EXCLUSIVA,113302,13130,13
610,1,13,113302,A0200001,13,13130,15,13,21,Servicio de Salud Metropolitano Sur,Centro de Salud Familiar Recreo,San Miguel,MENORES CONTROLADOS,113302,13130,13
611,6,13,113302,A0200002,13,13130,7,5,12,Servicio de Salud Metropolitano Sur,Centro de Salud Familiar Recreo,San Miguel,LACTANCIA MATERNA EXCLUSIVA,113302,13130,13
612,6,13,113302,A0200001,13,13130,18,10,20,Servicio de Salud Metropolitano Sur,Centro de Salud Familiar Recreo,San Miguel,MENORES CONTROLADOS,113302,13130,13
613,7,13,113302,A0200002,13,13130,13,7,17,Servicio de Salud Metropolitano Sur,Centro de Salud Familiar Recreo,San Miguel,LACTANCIA MATERNA EXCLUSIVA,113302,13130,13
614,7,13,113302,A0200001,13,13130,16,14,24,Servicio de Salud Metropolitano Sur,Centro de Salud Familiar Recreo,San Miguel,MENORES CONTROLADOS,113302,13130,13
615,8,13,113302,A0200002,13,13130,15,9,8,Servicio de Salud Metropolitano Sur,Centro de Salud Familiar Recreo,San Miguel,LACTANCIA MATERNA EXCLUSIVA,113302,13130,13
616,8,13,113302,A0200001,13,13130,22,26,14,Servicio de Salud Metropolitano Sur,Centro de Salud Familiar Recreo,San Miguel,MENORES CONTROLADOS,113302,13130,13
617,2,13,200361,A0200002,13,13130,2,2,4,Servicio de Salud Metropolitano Sur,Centro Comunitario de Salud Familiar Atacama,San Miguel,LACTANCIA MATERNA EXCLUSIVA,200361,13130,13
618,2,13,200361,A0200001,13,13130,5,4,6,Servicio de Salud Metropolitano Sur,Centro Comunitario de Salud Familiar Atacama,San Miguel,MENORES CONTROLADOS,200361,13130,13
619,3,13,200361,A0200002,13,13130,3,3,4,Servicio de Salud Metropolitano Sur,Centro Comunitario de Salud Familiar Atacama,San Miguel,LACTANCIA MATERNA EXCLUSIVA,200361,13130,13
620,3,13,200361,A0200001,13,13130,9,5,7,Servicio de Salud Metropolitano Sur,Centro Comunitario de Salud Familiar Atacama,San Miguel,MENORES CONTROLADOS,200361,13130,13
621,8,13,200361,A0200002,13,13130,3,2,2,Servicio de Salud Metropolitano Sur,Centro Comunitario de Salud Familiar Atacama,San Miguel,LACTANCIA MATERNA EXCLUSIVA,200361,13130,13
622,8,13,200361,A0200001,13,13130,6,4,4,Servicio de Salud Metropolitano Sur,Centro Comunitario de Salud Familiar Atacama,San Miguel,MENORES CONTROLADOS,200361,13130,13
623,4,13,200361,A0200002,13,13130,1,3,3,Servicio de Salud Metropolitano Sur,Centro Comunitario de Salud Familiar Atacama,San Miguel,LACTANCIA MATERNA EXCLUSIVA,200361,13130,13
624,4,13,200361,A0200001,13,13130,5,7,6,Servicio de Salud Metropolitano Sur,Centro Comunitario de Salud Familiar Atacama,San Miguel,MENORES CONTROLADOS,200361,13130,13
625,5,13,200361,A0200002,13,13130,5,2,1,Servicio de Salud Metropolitano Sur,Centro Comunitario de Salud Familiar Atacama,San Miguel,LACTANCIA MATERNA EXCLUSIVA,200361,13130,13
626,5,13,200361,A0200001,13,13130,7,6,2,Servicio de Salud Metropolitano Sur,Centro Comunitario de Salud Familiar Atacama,San Miguel,MENORES CONTROLADOS,200361,13130,13
627,6,13,200361,A0200002,13,13130,1,1,3,Servicio de Salud Metropolitano Sur,Centro Comunitario de Salud Familiar Atacama,San Miguel,LACTANCIA MATERNA EXCLUSIVA,200361,13130,13
628,6,13,200361,A0200001,13,13130,1,3,6,Servicio de Salud Metropolitano Sur,Centro Comunitario de Salud Familiar Atacama,San Miguel,MENORES CONTROLADOS,200361,13130,13
629,7,13,200361,A0200002,13,13130,4,2,6,Servicio de Salud Metropolitano Sur,Centro Comunitario de Salud Familiar Atacama,San Miguel,LACTANCIA MATERNA EXCLUSIVA,200361,13130,13
630,7,13,200361,A0200001,13,13130,8,5,10,Servicio de Salud Metropolitano Sur,Centro Comunitario de Salud Familiar Atacama,San Miguel,MENORES CONTROLADOS,200361,13130,13
631,1,13,200361,A0200002,13,13130,3,1,6,Servicio de Salud Metropolitano Sur,Centro Comunitario de Salud Familiar Atacama,San Miguel,LACTANCIA MATERNA EXCLUSIVA,200361,13130,13
632,1,13,200361,A0200001,13,13130,5,4,7,Servicio de Salud Metropolitano Sur,Centro Comunitario de Salud Familiar Atacama,San Miguel,MENORES CONTROLADOS,200361,13130,13
633,3,13,113316,A0200002,13,13401,6,7,11,Servicio de Salud Metropolitano Sur,Centro de Salud Familiar Carol Urzúa,San Bernardo,LACTANCIA MATERNA EXCLUSIVA,113316,13401,13
634,3,13,113316,A0200001,13,13401,8,11,18,Servicio de Salud Metropolitano Sur,Centro de Salud Familiar Carol Urzúa,San Bernardo,MENORES CONTROLADOS,113316,13401,13
635,4,13,113316,A0200002,13,13401,5,6,6,Servicio de Salud Metropolitano Sur,Centro de Salud Familiar Carol Urzúa,San Bernardo,LACTANCIA MATERNA EXCLUSIVA,113316,13401,13
636,4,13,113316,A0200001,13,13401,10,11,12,Servicio de Salud Metropolitano Sur,Centro de Salud Familiar Carol Urzúa,San Bernardo,MENORES CONTROLADOS,113316,13401,13
637,5,13,113316,A0200002,13,13401,12,5,6,Servicio de Salud Metropolitano Sur,Centro de Salud Familiar Carol Urzúa,San Bernardo,LACTANCIA MATERNA EXCLUSIVA,113316,13401,13
638,5,13,113316,A0200001,13,13401,14,7,12,Servicio de Salud Metropolitano Sur,Centro de Salud Familiar Carol Urzúa,San Bernardo,MENORES CONTROLADOS,113316,13401,13
639,2,13,113316,A0200002,13,13401,9,6,7,Servicio de Salud Metropolitano Sur,Centro de Salud Familiar Carol Urzúa,San Bernardo,LACTANCIA MATERNA EXCLUSIVA,113316,13401,13
640,2,13,113316,A0200001,13,13401,17,13,14,Servicio de Salud Metropolitano Sur,Centro de Salud Familiar Carol Urzúa,San Bernardo,MENORES CONTROLADOS,113316,13401,13
641,7,13,113316,A0200002,13,13401,10,12,10,Servicio de Salud Metropolitano Sur,Centro de Salud Familiar Carol Urzúa,San Bernardo,LACTANCIA MATERNA EXCLUSIVA,113316,13401,13
642,7,13,113316,A0200001,13,13401,11,28,14,Servicio de Salud Metropolitano Sur,Centro de Salud Familiar Carol Urzúa,San Bernardo,MENORES CONTROLADOS,113316,13401,13
643,8,13,113316,A0200002,13,13401,6,6,5,Servicio de Salud Metropolitano Sur,Centro de Salud Familiar Carol Urzúa,San Bernardo,LACTANCIA MATERNA EXCLUSIVA,113316,13401,13
644,8,13,113316,A0200001,13,13401,12,12,9,Servicio de Salud Metropolitano Sur,Centro de Salud Familiar Carol Urzúa,San Bernardo,MENORES CONTROLADOS,113316,13401,13
645,6,13,113316,A0200002,13,13401,6,7,11,Servicio de Salud Metropolitano Sur,Centro de Salud Familiar Carol Urzúa,San Bernardo,LACTANCIA MATERNA EXCLUSIVA,113316,13401,13
646,6,13,113316,A0200001,13,13401,12,10,18,Servicio de Salud Metropolitano Sur,Centro de Salud Familiar Carol Urzúa,San Bernardo,MENORES CONTROLADOS,113316,13401,13
647,1,13,113316,A0200002,13,13401,4,5,14,Servicio de Salud Metropolitano Sur,Centro de Salud Familiar Carol Urzúa,San Bernardo,LACTANCIA MATERNA EXCLUSIVA,113316,13401,13
648,1,13,113316,A0200001,13,13401,7,13,23,Servicio de Salud Metropolitano Sur,Centro de Salud Familiar Carol Urzúa,San Bernardo,MENORES CONTROLADOS,113316,13401,13
649,1,13,113332,A0200002,13,13401,11,7,7,Servicio de Salud Metropolitano Sur,Centro de Salud Familiar Juan Pablo II ( San Bernardo),San Bernardo,LACTANCIA MATERNA EXCLUSIVA,113332,13401,13
650,1,13,113332,A0200001,13,13401,15,14,11,Servicio de Salud Metropolitano Sur,Centro de Salud Familiar Juan Pablo II ( San Bernardo),San Bernardo,MENORES CONTROLADOS,113332,13401,13
651,2,13,113332,A0200002,13,13401,4,10,8,Servicio de Salud Metropolitano Sur,Centro de Salud Familiar Juan Pablo II ( San Bernardo),San Bernardo,LACTANCIA MATERNA EXCLUSIVA,113332,13401,13
652,2,13,113332,A0200001,13,13401,7,15,11,Servicio de Salud Metropolitano Sur,Centro de Salud Familiar Juan Pablo II ( San Bernardo),San Bernardo,MENORES CONTROLADOS,113332,13401,13
653,3,13,113332,A0200002,13,13401,10,12,13,Servicio de Salud Metropolitano Sur,Centro de Salud Familiar Juan Pablo II ( San Bernardo),San Bernardo,LACTANCIA MATERNA EXCLUSIVA,113332,13401,13
654,3,13,113332,A0200001,13,13401,16,18,22,Servicio de Salud Metropolitano Sur,Centro de Salud Familiar Juan Pablo II ( San Bernardo),San Bernardo,MENORES CONTROLADOS,113332,13401,13
655,8,13,113328,A0200002,13,13401,8,3,20,Servicio de Salud Metropolitano Sur,Centro de Salud Familiar Padre Joan Alsina,San Bernardo,LACTANCIA MATERNA EXCLUSIVA,113328,13401,13
656,8,13,113328,A0200001,13,13401,13,8,34,Servicio de Salud Metropolitano Sur,Centro de Salud Familiar Padre Joan Alsina,San Bernardo,MENORES CONTROLADOS,113328,13401,13
657,8,13,113332,A0200002,13,13401,7,3,10,Servicio de Salud Metropolitano Sur,Centro de Salud Familiar Juan Pablo II ( San Bernardo),San Bernardo,LACTANCIA MATERNA EXCLUSIVA,113332,13401,13
658,8,13,113332,A0200001,13,13401,12,9,13,Servicio de Salud Metropolitano Sur,Centro de Salud Familiar Juan Pablo II ( San Bernardo),San Bernardo,MENORES CONTROLADOS,113332,13401,13
659,7,13,113332,A0200002,13,13401,2,12,5,Servicio de Salud Metropolitano Sur,Centro de Salud Familiar Juan Pablo II ( San Bernardo),San Bernardo,LACTANCIA MATERNA EXCLUSIVA,113332,13401,13
660,7,13,113332,A0200001,13,13401,9,26,10,Servicio de Salud Metropolitano Sur,Centro de Salud Familiar Juan Pablo II ( San Bernardo),San Bernardo,MENORES CONTROLADOS,113332,13401,13
661,6,13,113328,A0200002,13,13401,2,5,12,Servicio de Salud Metropolitano Sur,Centro de Salud Familiar Padre Joan Alsina,San Bernardo,LACTANCIA MATERNA EXCLUSIVA,113328,13401,13
662,6,13,113328,A0200001,13,13401,8,6,14,Servicio de Salud Metropolitano Sur,Centro de Salud Familiar Padre Joan Alsina,San Bernardo,MENORES CONTROLADOS,113328,13401,13
663,7,13,113328,A0200002,13,13401,10,6,30,Servicio de Salud Metropolitano Sur,Centro de Salud Familiar Padre Joan Alsina,San Bernardo,LACTANCIA MATERNA EXCLUSIVA,113328,13401,13
664,5,13,113332,A0200002,13,13401,10,15,7,Servicio de Salud Metropolitano Sur,Centro de Salud Familiar Juan Pablo II ( San Bernardo),San Bernardo,LACTANCIA MATERNA EXCLUSIVA,113332,13401,13
665,5,13,113332,A0200001,13,13401,23,20,12,Servicio de Salud Metropolitano Sur,Centro de Salud Familiar Juan Pablo II ( San Bernardo),San Bernardo,MENORES CONTROLADOS,113332,13401,13
666,7,13,113328,A0200001,13,13401,19,24,38,Servicio de Salud Metropolitano Sur,Centro de Salud Familiar Padre Joan Alsina,San Bernardo,MENORES CONTROLADOS,113328,13401,13
667,2,13,113328,A0200002,13,13401,5,5,5,Servicio de Salud Metropolitano Sur,Centro de Salud Familiar Padre Joan Alsina,San Bernardo,LACTANCIA MATERNA EXCLUSIVA,113328,13401,13
668,2,13,113328,A0200001,13,13401,8,6,24,Servicio de Salud Metropolitano Sur,Centro de Salud Familiar Padre Joan Alsina,San Bernardo,MENORES CONTROLADOS,113328,13401,13
669,1,13,113328,A0200002,13,13401,15,10,16,Servicio de Salud Metropolitano Sur,Centro de Salud Familiar Padre Joan Alsina,San Bernardo,LACTANCIA MATERNA EXCLUSIVA,113328,13401,13
670,1,13,113328,A0200001,13,13401,20,11,26,Servicio de Salud Metropolitano Sur,Centro de Salud Familiar Padre Joan Alsina,San Bernardo,MENORES CONTROLADOS,113328,13401,13
671,4,13,113328,A0200002,13,13401,9,11,9,Servicio de Salud Metropolitano Sur,Centro de Salud Familiar Padre Joan Alsina,San Bernardo,LACTANCIA MATERNA EXCLUSIVA,113328,13401,13
672,4,13,113328,A0200001,13,13401,14,15,17,Servicio de Salud Metropolitano Sur,Centro de Salud Familiar Padre Joan Alsina,San Bernardo,MENORES CONTROLADOS,113328,13401,13
673,5,13,113328,A0200002,13,13401,9,11,26,Servicio de Salud Metropolitano Sur,Centro de Salud Familiar Padre Joan Alsina,San Bernardo,LACTANCIA MATERNA EXCLUSIVA,113328,13401,13
674,5,13,113328,A0200001,13,13401,11,15,32,Servicio de Salud Metropolitano Sur,Centro de Salud Familiar Padre Joan Alsina,San Bernardo,MENORES CONTROLADOS,113328,13401,13
675,3,13,113328,A0200002,13,13401,12,9,7,Servicio de Salud Metropolitano Sur,Centro de Salud Familiar Padre Joan Alsina,San Bernardo,LACTANCIA MATERNA EXCLUSIVA,113328,13401,13
676,3,13,113328,A0200001,13,13401,24,9,16,Servicio de Salud Metropolitano Sur,Centro de Salud Familiar Padre Joan Alsina,San Bernardo,MENORES CONTROLADOS,113328,13401,13
677,6,13,113332,A0200002,13,13401,6,9,10,Servicio de Salud Metropolitano Sur,Centro de Salud Familiar Juan Pablo II ( San Bernardo),San Bernardo,LACTANCIA MATERNA EXCLUSIVA,113332,13401,13
678,6,13,113332,A0200001,13,13401,15,15,17,Servicio de Salud Metropolitano Sur,Centro de Salud Familiar Juan Pablo II ( San Bernardo),San Bernardo,MENORES CONTROLADOS,113332,13401,13
679,4,13,113332,A0200002,13,13401,11,5,7,Servicio de Salud Metropolitano Sur,Centro de Salud Familiar Juan Pablo II ( San Bernardo),San Bernardo,LACTANCIA MATERNA EXCLUSIVA,113332,13401,13
680,4,13,113332,A0200001,13,13401,14,8,12,Servicio de Salud Metropolitano Sur,Centro de Salud Familiar Juan Pablo II ( San Bernardo),San Bernardo,MENORES CONTROLADOS,113332,13401,13
681,3,13,113716,A0200002,13,13401,1,1,3,Servicio de Salud Metropolitano Sur,Centro Comunitario de Salud Familiar Rapa Nui,San Bernardo,LACTANCIA MATERNA EXCLUSIVA,113716,13401,13
682,3,13,113716,A0200001,13,13401,4,3,4,Servicio de Salud Metropolitano Sur,Centro Comunitario de Salud Familiar Rapa Nui,San Bernardo,MENORES CONTROLADOS,113716,13401,13
683,6,13,113716,A0200002,13,13401,3,,2,Servicio de Salud Metropolitano Sur,Centro Comunitario de Salud Familiar Rapa Nui,San Bernardo,LACTANCIA MATERNA EXCLUSIVA,113716,13401,13
684,6,13,113716,A0200001,13,13401,4,0,3,Servicio de Salud Metropolitano Sur,Centro Comunitario de Salud Familiar Rapa Nui,San Bernardo,MENORES CONTROLADOS,113716,13401,13
685,1,13,113716,A0200002,13,13401,2,0,1,Servicio de Salud Metropolitano Sur,Centro Comunitario de Salud Familiar Rapa Nui,San Bernardo,LACTANCIA MATERNA EXCLUSIVA,113716,13401,13
686,1,13,113716,A0200001,13,13401,2,1,1,Servicio de Salud Metropolitano Sur,Centro Comunitario de Salud Familiar Rapa Nui,San Bernardo,MENORES CONTROLADOS,113716,13401,13
687,5,13,113716,A0200002,13,13401,1,2,1,Servicio de Salud Metropolitano Sur,Centro Comunitario de Salud Familiar Rapa Nui,San Bernardo,LACTANCIA MATERNA EXCLUSIVA,113716,13401,13
688,5,13,113716,A0200001,13,13401,2,5,2,Servicio de Salud Metropolitano Sur,Centro Comunitario de Salud Familiar Rapa Nui,San Bernardo,MENORES CONTROLADOS,113716,13401,13
689,4,13,113716,A0200002,13,13401,1,3,2,Servicio de Salud Metropolitano Sur,Centro Comunitario de Salud Familiar Rapa Nui,San Bernardo,LACTANCIA MATERNA EXCLUSIVA,113716,13401,13
690,4,13,113716,A0200001,13,13401,2,5,5,Servicio de Salud Metropolitano Sur,Centro Comunitario de Salud Familiar Rapa Nui,San Bernardo,MENORES CONTROLADOS,113716,13401,13
691,5,13,113394,A0200002,13,13401,9,10,10,Servicio de Salud Metropolitano Sur,Centro de Salud Familiar El Manzano,San Bernardo,LACTANCIA MATERNA EXCLUSIVA,113394,13401,13
692,5,13,113394,A0200001,13,13401,16,19,21,Servicio de Salud Metropolitano Sur,Centro de Salud Familiar El Manzano,San Bernardo,MENORES CONTROLADOS,113394,13401,13
693,2,13,113716,A0200002,13,13401,2,,1,Servicio de Salud Metropolitano Sur,Centro Comunitario de Salud Familiar Rapa Nui,San Bernardo,LACTANCIA MATERNA EXCLUSIVA,113716,13401,13
694,2,13,113716,A0200001,13,13401,4,2,3,Servicio de Salud Metropolitano Sur,Centro Comunitario de Salud Familiar Rapa Nui,San Bernardo,MENORES CONTROLADOS,113716,13401,13
695,8,13,113394,A0200002,13,13401,6,7,13,Servicio de Salud Metropolitano Sur,Centro de Salud Familiar El Manzano,San Bernardo,LACTANCIA MATERNA EXCLUSIVA,113394,13401,13
696,8,13,113394,A0200001,13,13401,12,10,23,Servicio de Salud Metropolitano Sur,Centro de Salud Familiar El Manzano,San Bernardo,MENORES CONTROLADOS,113394,13401,13
697,7,13,113394,A0200002,13,13401,9,12,16,Servicio de Salud Metropolitano Sur,Centro de Salud Familiar El Manzano,San Bernardo,LACTANCIA MATERNA EXCLUSIVA,113394,13401,13
698,7,13,113394,A0200001,13,13401,11,17,27,Servicio de Salud Metropolitano Sur,Centro de Salud Familiar El Manzano,San Bernardo,MENORES CONTROLADOS,113394,13401,13
699,7,13,113716,A0200002,13,13401,,1,3,Servicio de Salud Metropolitano Sur,Centro Comunitario de Salud Familiar Rapa Nui,San Bernardo,LACTANCIA MATERNA EXCLUSIVA,113716,13401,13
700,7,13,113716,A0200001,13,13401,5,5,5,Servicio de Salud Metropolitano Sur,Centro Comunitario de Salud Familiar Rapa Nui,San Bernardo,MENORES CONTROLADOS,113716,13401,13
701,6,13,113394,A0200002,13,13401,9,2,17,Servicio de Salud Metropolitano Sur,Centro de Salud Familiar El Manzano,San Bernardo,LACTANCIA MATERNA EXCLUSIVA,113394,13401,13
702,6,13,113394,A0200001,13,13401,15,5,30,Servicio de Salud Metropolitano Sur,Centro de Salud Familiar El Manzano,San Bernardo,MENORES CONTROLADOS,113394,13401,13
703,1,13,113394,A0200002,13,13401,10,4,10,Servicio de Salud Metropolitano Sur,Centro de Salud Familiar El Manzano,San Bernardo,LACTANCIA MATERNA EXCLUSIVA,113394,13401,13
704,1,13,113394,A0200001,13,13401,17,12,23,Servicio de Salud Metropolitano Sur,Centro de Salud Familiar El Manzano,San Bernardo,MENORES CONTROLADOS,113394,13401,13
705,3,13,113394,A0200002,13,13401,11,11,18,Servicio de Salud Metropolitano Sur,Centro de Salud Familiar El Manzano,San Bernardo,LACTANCIA MATERNA EXCLUSIVA,113394,13401,13
706,3,13,113394,A0200001,13,13401,17,21,37,Servicio de Salud Metropolitano Sur,Centro de Salud Familiar El Manzano,San Bernardo,MENORES CONTROLADOS,113394,13401,13
707,4,13,113394,A0200002,13,13401,4,4,19,Servicio de Salud Metropolitano Sur,Centro de Salud Familiar El Manzano,San Bernardo,LACTANCIA MATERNA EXCLUSIVA,113394,13401,13
708,4,13,113394,A0200001,13,13401,6,7,34,Servicio de Salud Metropolitano Sur,Centro de Salud Familiar El Manzano,San Bernardo,MENORES CONTROLADOS,113394,13401,13
709,2,13,113394,A0200001,13,13401,17,8,34,Servicio de Salud Metropolitano Sur,Centro de Salud Familiar El Manzano,San Bernardo,MENORES CONTROLADOS,113394,13401,13
710,2,13,113394,A0200002,13,13401,13,3,16,Servicio de Salud Metropolitano Sur,Centro de Salud Familiar El Manzano,San Bernardo,LACTANCIA MATERNA EXCLUSIVA,113394,13401,13
711,8,13,113716,A0200002,13,13401,,1,2,Servicio de Salud Metropolitano Sur,Centro Comunitario de Salud Familiar Rapa Nui,San Bernardo,LACTANCIA MATERNA EXCLUSIVA,113716,13401,13
712,8,13,113716,A0200001,13,13401,2,2,4,Servicio de Salud Metropolitano Sur,Centro Comunitario de Salud Familiar Rapa Nui,San Bernardo,MENORES CONTROLADOS,113716,13401,13
713,2,13,113713,A0200002,13,13401,,2,1,Servicio de Salud Metropolitano Sur,Centro Comunitario de Salud Familiar Ribera del Maipo,San Bernardo,LACTANCIA MATERNA EXCLUSIVA,113713,13401,13
714,2,13,113713,A0200001,13,13401,,5,4,Servicio de Salud Metropolitano Sur,Centro Comunitario de Salud Familiar Ribera del Maipo,San Bernardo,MENORES CONTROLADOS,113713,13401,13
715,3,13,113713,A0200002,13,13401,,6,,Servicio de Salud Metropolitano Sur,Centro Comunitario de Salud Familiar Ribera del Maipo,San Bernardo,LACTANCIA MATERNA EXCLUSIVA,113713,13401,13
716,3,13,113713,A0200001,13,13401,2,9,,Servicio de Salud Metropolitano Sur,Centro Comunitario de Salud Familiar Ribera del Maipo,San Bernardo,MENORES CONTROLADOS,113713,13401,13
717,5,13,113315,A0200002,13,13401,9,5,4,Servicio de Salud Metropolitano Sur,Centro de Salud Familiar Confraternidad,San Bernardo,LACTANCIA MATERNA EXCLUSIVA,113315,13401,13
718,5,13,113315,A0200001,13,13401,19,7,6,Servicio de Salud Metropolitano Sur,Centro de Salud Familiar Confraternidad,San Bernardo,MENORES CONTROLADOS,113315,13401,13
719,4,13,113315,A0200002,13,13401,3,7,4,Servicio de Salud Metropolitano Sur,Centro de Salud Familiar Confraternidad,San Bernardo,LACTANCIA MATERNA EXCLUSIVA,113315,13401,13
720,4,13,113315,A0200001,13,13401,11,11,7,Servicio de Salud Metropolitano Sur,Centro de Salud Familiar Confraternidad,San Bernardo,MENORES CONTROLADOS,113315,13401,13
721,1,13,113315,A0200002,13,13401,7,8,4,Servicio de Salud Metropolitano Sur,Centro de Salud Familiar Confraternidad,San Bernardo,LACTANCIA MATERNA EXCLUSIVA,113315,13401,13
722,1,13,113315,A0200001,13,13401,11,14,6,Servicio de Salud Metropolitano Sur,Centro de Salud Familiar Confraternidad,San Bernardo,MENORES CONTROLADOS,113315,13401,13
723,4,13,113728,A0200002,13,13401,3,3,5,Servicio de Salud Metropolitano Sur,Centro Comunitario de Salud Familiar Lo Herrera,San Bernardo,LACTANCIA MATERNA EXCLUSIVA,113728,13401,13
724,4,13,113728,A0200001,13,13401,3,6,10,Servicio de Salud Metropolitano Sur,Centro Comunitario de Salud Familiar Lo Herrera,San Bernardo,MENORES CONTROLADOS,113728,13401,13
725,1,13,113713,A0200002,13,13401,,,,Servicio de Salud Metropolitano Sur,Centro Comunitario de Salud Familiar Ribera del Maipo,San Bernardo,LACTANCIA MATERNA EXCLUSIVA,113713,13401,13
726,1,13,113713,A0200001,13,13401,5,,,Servicio de Salud Metropolitano Sur,Centro Comunitario de Salud Familiar Ribera del Maipo,San Bernardo,MENORES CONTROLADOS,113713,13401,13
727,5,13,113728,A0200002,13,13401,1,3,1,Servicio de Salud Metropolitano Sur,Centro Comunitario de Salud Familiar Lo Herrera,San Bernardo,LACTANCIA MATERNA EXCLUSIVA,113728,13401,13
728,5,13,113728,A0200001,13,13401,2,3,2,Servicio de Salud Metropolitano Sur,Centro Comunitario de Salud Familiar Lo Herrera,San Bernardo,MENORES CONTROLADOS,113728,13401,13
729,2,13,113728,A0200002,13,13401,2,3,1,Servicio de Salud Metropolitano Sur,Centro Comunitario de Salud Familiar Lo Herrera,San Bernardo,LACTANCIA MATERNA EXCLUSIVA,113728,13401,13
730,2,13,113728,A0200001,13,13401,5,5,3,Servicio de Salud Metropolitano Sur,Centro Comunitario de Salud Familiar Lo Herrera,San Bernardo,MENORES CONTROLADOS,113728,13401,13
731,6,13,113728,A0200002,13,13401,2,2,6,Servicio de Salud Metropolitano Sur,Centro Comunitario de Salud Familiar Lo Herrera,San Bernardo,LACTANCIA MATERNA EXCLUSIVA,113728,13401,13
732,6,13,113728,A0200001,13,13401,5,3,9,Servicio de Salud Metropolitano Sur,Centro Comunitario de Salud Familiar Lo Herrera,San Bernardo,MENORES CONTROLADOS,113728,13401,13
733,6,13,113713,A0200001,13,13401,4,2,7,Servicio de Salud Metropolitano Sur,Centro Comunitario de Salud Familiar Ribera del Maipo,San Bernardo,MENORES CONTROLADOS,113713,13401,13
734,6,13,113713,A0200002,13,13401,4,1,6,Servicio de Salud Metropolitano Sur,Centro Comunitario de Salud Familiar Ribera del Maipo,San Bernardo,LACTANCIA MATERNA EXCLUSIVA,113713,13401,13
735,6,13,113315,A0200002,13,13401,12,5,2,Servicio de Salud Metropolitano Sur,Centro de Salud Familiar Confraternidad,San Bernardo,LACTANCIA MATERNA EXCLUSIVA,113315,13401,13
736,6,13,113315,A0200001,13,13401,17,8,8,Servicio de Salud Metropolitano Sur,Centro de Salud Familiar Confraternidad,San Bernardo,MENORES CONTROLADOS,113315,13401,13
737,7,13,113728,A0200002,13,13401,4,3,3,Servicio de Salud Metropolitano Sur,Centro Comunitario de Salud Familiar Lo Herrera,San Bernardo,LACTANCIA MATERNA EXCLUSIVA,113728,13401,13
738,7,13,113728,A0200001,13,13401,4,4,3,Servicio de Salud Metropolitano Sur,Centro Comunitario de Salud Familiar Lo Herrera,San Bernardo,MENORES CONTROLADOS,113728,13401,13
739,7,13,113315,A0200002,13,13401,5,9,6,Servicio de Salud Metropolitano Sur,Centro de Salud Familiar Confraternidad,San Bernardo,LACTANCIA MATERNA EXCLUSIVA,113315,13401,13
740,7,13,113315,A0200001,13,13401,17,19,8,Servicio de Salud Metropolitano Sur,Centro de Salud Familiar Confraternidad,San Bernardo,MENORES CONTROLADOS,113315,13401,13
741,3,13,113315,A0200002,13,13401,10,8,4,Servicio de Salud Metropolitano Sur,Centro de Salud Familiar Confraternidad,San Bernardo,LACTANCIA MATERNA EXCLUSIVA,113315,13401,13
742,3,13,113315,A0200001,13,13401,14,15,10,Servicio de Salud Metropolitano Sur,Centro de Salud Familiar Confraternidad,San Bernardo,MENORES CONTROLADOS,113315,13401,13
743,2,13,113315,A0200002,13,13401,3,7,1,Servicio de Salud Metropolitano Sur,Centro de Salud Familiar Confraternidad,San Bernardo,LACTANCIA MATERNA EXCLUSIVA,113315,13401,13
744,2,13,113315,A0200001,13,13401,6,9,5,Servicio de Salud Metropolitano Sur,Centro de Salud Familiar Confraternidad,San Bernardo,MENORES CONTROLADOS,113315,13401,13
745,7,13,113713,A0200002,13,13401,1,,1,Servicio de Salud Metropolitano Sur,Centro Comunitario de Salud Familiar Ribera del Maipo,San Bernardo,LACTANCIA MATERNA EXCLUSIVA,113713,13401,13
746,7,13,113713,A0200001,13,13401,2,1,2,Servicio de Salud Metropolitano Sur,Centro Comunitario de Salud Familiar Ribera del Maipo,San Bernardo,MENORES CONTROLADOS,113713,13401,13
747,1,13,113728,A0200002,13,13401,7,1,1,Servicio de Salud Metropolitano Sur,Centro Comunitario de Salud Familiar Lo Herrera,San Bernardo,LACTANCIA MATERNA EXCLUSIVA,113728,13401,13
748,1,13,113728,A0200001,13,13401,9,5,3,Servicio de Salud Metropolitano Sur,Centro Comunitario de Salud Familiar Lo Herrera,San Bernardo,MENORES CONTROLADOS,113728,13401,13
749,3,13,113728,A0200002,13,13401,2,4,3,Servicio de Salud Metropolitano Sur,Centro Comunitario de Salud Familiar Lo Herrera,San Bernardo,LACTANCIA MATERNA EXCLUSIVA,113728,13401,13
750,3,13,113728,A0200001,13,13401,2,8,7,Servicio de Salud Metropolitano Sur,Centro Comunitario de Salud Familiar Lo Herrera,San Bernardo,MENORES CONTROLADOS,113728,13401,13
751,4,13,113713,A0200002,13,13401,1,1,7,Servicio de Salud Metropolitano Sur,Centro Comunitario de Salud Familiar Ribera del Maipo,San Bernardo,LACTANCIA MATERNA EXCLUSIVA,113713,13401,13
752,4,13,113713,A0200001,13,13401,3,2,8,Servicio de Salud Metropolitano Sur,Centro Comunitario de Salud Familiar Ribera del Maipo,San Bernardo,MENORES CONTROLADOS,113713,13401,13
753,5,13,113713,A0200002,13,13401,3,,8,Servicio de Salud Metropolitano Sur,Centro Comunitario de Salud Familiar Ribera del Maipo,San Bernardo,LACTANCIA MATERNA EXCLUSIVA,113713,13401,13
754,5,13,113713,A0200001,13,13401,4,3,9,Servicio de Salud Metropolitano Sur,Centro Comunitario de Salud Familiar Ribera del Maipo,San Bernardo,MENORES CONTROLADOS,113713,13401,13
755,8,13,113315,A0200002,13,13401,6,10,5,Servicio de Salud Metropolitano Sur,Centro de Salud Familiar Confraternidad,San Bernardo,LACTANCIA MATERNA EXCLUSIVA,113315,13401,13
756,8,13,113315,A0200001,13,13401,13,18,6,Servicio de Salud Metropolitano Sur,Centro de Salud Familiar Confraternidad,San Bernardo,MENORES CONTROLADOS,113315,13401,13
757,8,13,113713,A0200002,13,13401,3,1,,Servicio de Salud Metropolitano Sur,Centro Comunitario de Salud Familiar Ribera del Maipo,San Bernardo,LACTANCIA MATERNA EXCLUSIVA,113713,13401,13
758,8,13,113713,A0200001,13,13401,3,3,2,Servicio de Salud Metropolitano Sur,Centro Comunitario de Salud Familiar Ribera del Maipo,San Bernardo,MENORES CONTROLADOS,113713,13401,13
759,8,13,113728,A0200002,13,13401,2,1,1,Servicio de Salud Metropolitano Sur,Centro Comunitario de Salud Familiar Lo Herrera,San Bernardo,LACTANCIA MATERNA EXCLUSIVA,113728,13401,13
760,8,13,113728,A0200001,13,13401,3,2,1,Servicio de Salud Metropolitano Sur,Centro Comunitario de Salud Familiar Lo Herrera,San Bernardo,MENORES CONTROLADOS,113728,13401,13
761,7,13,113330,A0200002,13,13401,13,12,17,Servicio de Salud Metropolitano Sur,Centro de Salud Familiar Raúl Brañes F.,San Bernardo,LACTANCIA MATERNA EXCLUSIVA,113330,13401,13
762,7,13,113330,A0200001,13,13401,22,15,32,Servicio de Salud Metropolitano Sur,Centro de Salud Familiar Raúl Brañes F.,San Bernardo,MENORES CONTROLADOS,113330,13401,13
763,6,13,200377,A0200002,13,13401,3,0,3,Servicio de Salud Metropolitano Sur,Centro Comunitario de Salud Familiar Las Hortensias,San Bernardo,LACTANCIA MATERNA EXCLUSIVA,200377,13401,13
764,6,13,200377,A0200001,13,13401,3,0,5,Servicio de Salud Metropolitano Sur,Centro Comunitario de Salud Familiar Las Hortensias,San Bernardo,MENORES CONTROLADOS,200377,13401,13
765,7,13,200377,A0200002,13,13401,2,3,2,Servicio de Salud Metropolitano Sur,Centro Comunitario de Salud Familiar Las Hortensias,San Bernardo,LACTANCIA MATERNA EXCLUSIVA,200377,13401,13
766,7,13,200377,A0200001,13,13401,2,3,2,Servicio de Salud Metropolitano Sur,Centro Comunitario de Salud Familiar Las Hortensias,San Bernardo,MENORES CONTROLADOS,200377,13401,13
767,1,13,113330,A0200002,13,13401,9,6,15,Servicio de Salud Metropolitano Sur,Centro de Salud Familiar Raúl Brañes F.,San Bernardo,LACTANCIA MATERNA EXCLUSIVA,113330,13401,13
768,1,13,113330,A0200001,13,13401,20,15,31,Servicio de Salud Metropolitano Sur,Centro de Salud Familiar Raúl Brañes F.,San Bernardo,MENORES CONTROLADOS,113330,13401,13
769,4,13,113330,A0200002,13,13401,12,16,8,Servicio de Salud Metropolitano Sur,Centro de Salud Familiar Raúl Brañes F.,San Bernardo,LACTANCIA MATERNA EXCLUSIVA,113330,13401,13
770,4,13,113330,A0200001,13,13401,23,30,19,Servicio de Salud Metropolitano Sur,Centro de Salud Familiar Raúl Brañes F.,San Bernardo,MENORES CONTROLADOS,113330,13401,13
771,2,13,113330,A0200002,13,13401,16,8,16,Servicio de Salud Metropolitano Sur,Centro de Salud Familiar Raúl Brañes F.,San Bernardo,LACTANCIA MATERNA EXCLUSIVA,113330,13401,13
772,2,13,113330,A0200001,13,13401,27,18,29,Servicio de Salud Metropolitano Sur,Centro de Salud Familiar Raúl Brañes F.,San Bernardo,MENORES CONTROLADOS,113330,13401,13
773,3,13,113330,A0200002,13,13401,11,11,13,Servicio de Salud Metropolitano Sur,Centro de Salud Familiar Raúl Brañes F.,San Bernardo,LACTANCIA MATERNA EXCLUSIVA,113330,13401,13
774,3,13,113330,A0200001,13,13401,25,25,25,Servicio de Salud Metropolitano Sur,Centro de Salud Familiar Raúl Brañes F.,San Bernardo,MENORES CONTROLADOS,113330,13401,13
775,5,13,113330,A0200002,13,13401,8,9,13,Servicio de Salud Metropolitano Sur,Centro de Salud Familiar Raúl Brañes F.,San Bernardo,LACTANCIA MATERNA EXCLUSIVA,113330,13401,13
776,5,13,113330,A0200001,13,13401,18,24,26,Servicio de Salud Metropolitano Sur,Centro de Salud Familiar Raúl Brañes F.,San Bernardo,MENORES CONTROLADOS,113330,13401,13
777,1,13,113313,A0200002,13,13401,8,5,8,Servicio de Salud Metropolitano Sur,Centro de Salud Familiar Raúl Cuevas (Ex-San Bernardo),San Bernardo,LACTANCIA MATERNA EXCLUSIVA,113313,13401,13
778,1,13,113313,A0200001,13,13401,12,9,15,Servicio de Salud Metropolitano Sur,Centro de Salud Familiar Raúl Cuevas (Ex-San Bernardo),San Bernardo,MENORES CONTROLADOS,113313,13401,13
779,3,13,113313,A0200002,13,13401,10,6,3,Servicio de Salud Metropolitano Sur,Centro de Salud Familiar Raúl Cuevas (Ex-San Bernardo),San Bernardo,LACTANCIA MATERNA EXCLUSIVA,113313,13401,13
780,3,13,113313,A0200001,13,13401,19,10,12,Servicio de Salud Metropolitano Sur,Centro de Salud Familiar Raúl Cuevas (Ex-San Bernardo),San Bernardo,MENORES CONTROLADOS,113313,13401,13
781,4,13,113313,A0200002,13,13401,9,7,7,Servicio de Salud Metropolitano Sur,Centro de Salud Familiar Raúl Cuevas (Ex-San Bernardo),San Bernardo,LACTANCIA MATERNA EXCLUSIVA,113313,13401,13
782,4,13,113313,A0200001,13,13401,9,14,11,Servicio de Salud Metropolitano Sur,Centro de Salud Familiar Raúl Cuevas (Ex-San Bernardo),San Bernardo,MENORES CONTROLADOS,113313,13401,13
783,5,13,113313,A0200002,13,13401,4,11,10,Servicio de Salud Metropolitano Sur,Centro de Salud Familiar Raúl Cuevas (Ex-San Bernardo),San Bernardo,LACTANCIA MATERNA EXCLUSIVA,113313,13401,13
784,5,13,113313,A0200001,13,13401,9,13,18,Servicio de Salud Metropolitano Sur,Centro de Salud Familiar Raúl Cuevas (Ex-San Bernardo),San Bernardo,MENORES CONTROLADOS,113313,13401,13
785,8,13,200377,A0200002,13,13401,2,3,2,Servicio de Salud Metropolitano Sur,Centro Comunitario de Salud Familiar Las Hortensias,San Bernardo,LACTANCIA MATERNA EXCLUSIVA,200377,13401,13
786,8,13,200377,A0200001,13,13401,2,3,2,Servicio de Salud Metropolitano Sur,Centro Comunitario de Salud Familiar Las Hortensias,San Bernardo,MENORES CONTROLADOS,200377,13401,13
787,8,13,113330,A0200002,13,13401,12,8,14,Servicio de Salud Metropolitano Sur,Centro de Salud Familiar Raúl Brañes F.,San Bernardo,LACTANCIA MATERNA EXCLUSIVA,113330,13401,13
788,8,13,113330,A0200001,13,13401,17,14,27,Servicio de Salud Metropolitano Sur,Centro de Salud Familiar Raúl Brañes F.,San Bernardo,MENORES CONTROLADOS,113330,13401,13
789,6,13,113330,A0200002,13,13401,10,7,14,Servicio de Salud Metropolitano Sur,Centro de Salud Familiar Raúl Brañes F.,San Bernardo,LACTANCIA MATERNA EXCLUSIVA,113330,13401,13
790,6,13,113330,A0200001,13,13401,17,14,22,Servicio de Salud Metropolitano Sur,Centro de Salud Familiar Raúl Brañes F.,San Bernardo,MENORES CONTROLADOS,113330,13401,13
791,7,13,113313,A0200002,13,13401,6,8,8,Servicio de Salud Metropolitano Sur,Centro de Salud Familiar Raúl Cuevas (Ex-San Bernardo),San Bernardo,LACTANCIA MATERNA EXCLUSIVA,113313,13401,13
792,7,13,113313,A0200001,13,13401,14,13,15,Servicio de Salud Metropolitano Sur,Centro de Salud Familiar Raúl Cuevas (Ex-San Bernardo),San Bernardo,MENORES CONTROLADOS,113313,13401,13
793,5,13,200377,A0200002,13,13401,2,3,4,Servicio de Salud Metropolitano Sur,Centro Comunitario de Salud Familiar Las Hortensias,San Bernardo,LACTANCIA MATERNA EXCLUSIVA,200377,13401,13
794,5,13,200377,A0200001,13,13401,2,3,4,Servicio de Salud Metropolitano Sur,Centro Comunitario de Salud Familiar Las Hortensias,San Bernardo,MENORES CONTROLADOS,200377,13401,13
795,4,13,200377,A0200002,13,13401,,,2,Servicio de Salud Metropolitano Sur,Centro Comunitario de Salud Familiar Las Hortensias,San Bernardo,LACTANCIA MATERNA EXCLUSIVA,200377,13401,13
796,4,13,200377,A0200001,13,13401,,,2,Servicio de Salud Metropolitano Sur,Centro Comunitario de Salud Familiar Las Hortensias,San Bernardo,MENORES CONTROLADOS,200377,13401,13
797,2,13,200377,A0200002,13,13401,,3,,Servicio de Salud Metropolitano Sur,Centro Comunitario de Salud Familiar Las Hortensias,San Bernardo,LACTANCIA MATERNA EXCLUSIVA,200377,13401,13
798,2,13,200377,A0200001,13,13401,,5,,Servicio de Salud Metropolitano Sur,Centro Comunitario de Salud Familiar Las Hortensias,San Bernardo,MENORES CONTROLADOS,200377,13401,13
799,3,13,200377,A0200002,13,13401,,4,1,Servicio de Salud Metropolitano Sur,Centro Comunitario de Salud Familiar Las Hortensias,San Bernardo,LACTANCIA MATERNA EXCLUSIVA,200377,13401,13
800,3,13,200377,A0200001,13,13401,5,4,2,Servicio de Salud Metropolitano Sur,Centro Comunitario de Salud Familiar Las Hortensias,San Bernardo,MENORES CONTROLADOS,200377,13401,13
801,1,13,200377,A0200002,13,13401,2,,1,Servicio de Salud Metropolitano Sur,Centro Comunitario de Salud Familiar Las Hortensias,San Bernardo,LACTANCIA MATERNA EXCLUSIVA,200377,13401,13
802,1,13,200377,A0200001,13,13401,3,1,1,Servicio de Salud Metropolitano Sur,Centro Comunitario de Salud Familiar Las Hortensias,San Bernardo,MENORES CONTROLADOS,200377,13401,13
803,6,13,113313,A0200002,13,13401,6,11,7,Servicio de Salud Metropolitano Sur,Centro de Salud Familiar Raúl Cuevas (Ex-San Bernardo),San Bernardo,LACTANCIA MATERNA EXCLUSIVA,113313,13401,13
804,6,13,113313,A0200001,13,13401,12,13,14,Servicio de Salud Metropolitano Sur,Centro de Salud Familiar Raúl Cuevas (Ex-San Bernardo),San Bernardo,MENORES CONTROLADOS,113313,13401,13
805,2,13,113313,A0200002,13,13401,8,9,5,Servicio de Salud Metropolitano Sur,Centro de Salud Familiar Raúl Cuevas (Ex-San Bernardo),San Bernardo,LACTANCIA MATERNA EXCLUSIVA,113313,13401,13
806,2,13,113313,A0200001,13,13401,14,22,13,Servicio de Salud Metropolitano Sur,Centro de Salud Familiar Raúl Cuevas (Ex-San Bernardo),San Bernardo,MENORES CONTROLADOS,113313,13401,13
807,8,13,113313,A0200002,13,13401,3,5,14,Servicio de Salud Metropolitano Sur,Centro de Salud Familiar Raúl Cuevas (Ex-San Bernardo),San Bernardo,LACTANCIA MATERNA EXCLUSIVA,113313,13401,13
808,8,13,113313,A0200001,13,13401,10,9,21,Servicio de Salud Metropolitano Sur,Centro de Salud Familiar Raúl Cuevas (Ex-San Bernardo),San Bernardo,MENORES CONTROLADOS,113313,13401,13
809,8,13,113390,A0200002,13,13402,5,10,9,Servicio de Salud Metropolitano Sur,Centro de Salud Familiar Dr. Héctor García,Buin,LACTANCIA MATERNA EXCLUSIVA,113390,13402,13
810,8,13,113390,A0200001,13,13402,8,16,17,Servicio de Salud Metropolitano Sur,Centro de Salud Familiar Dr. Héctor García,Buin,MENORES CONTROLADOS,113390,13402,13
811,5,13,113390,A0200002,13,13402,12,8,12,Servicio de Salud Metropolitano Sur,Centro de Salud Familiar Dr. Héctor García,Buin,LACTANCIA MATERNA EXCLUSIVA,113390,13402,13
812,5,13,113390,A0200001,13,13402,17,16,21,Servicio de Salud Metropolitano Sur,Centro de Salud Familiar Dr. Héctor García,Buin,MENORES CONTROLADOS,113390,13402,13
813,6,13,113390,A0200002,13,13402,8,5,7,Servicio de Salud Metropolitano Sur,Centro de Salud Familiar Dr. Héctor García,Buin,LACTANCIA MATERNA EXCLUSIVA,113390,13402,13
814,6,13,113390,A0200001,13,13402,13,12,14,Servicio de Salud Metropolitano Sur,Centro de Salud Familiar Dr. Héctor García,Buin,MENORES CONTROLADOS,113390,13402,13
815,2,13,113390,A0200002,13,13402,6,4,3,Servicio de Salud Metropolitano Sur,Centro de Salud Familiar Dr. Héctor García,Buin,LACTANCIA MATERNA EXCLUSIVA,113390,13402,13
816,2,13,113390,A0200001,13,13402,10,7,7,Servicio de Salud Metropolitano Sur,Centro de Salud Familiar Dr. Héctor García,Buin,MENORES CONTROLADOS,113390,13402,13
817,4,13,113390,A0200002,13,13402,7,7,9,Servicio de Salud Metropolitano Sur,Centro de Salud Familiar Dr. Héctor García,Buin,LACTANCIA MATERNA EXCLUSIVA,113390,13402,13
818,4,13,113390,A0200001,13,13402,11,12,18,Servicio de Salud Metropolitano Sur,Centro de Salud Familiar Dr. Héctor García,Buin,MENORES CONTROLADOS,113390,13402,13
819,3,13,113390,A0200002,13,13402,19,8,11,Servicio de Salud Metropolitano Sur,Centro de Salud Familiar Dr. Héctor García,Buin,LACTANCIA MATERNA EXCLUSIVA,113390,13402,13
820,3,13,113390,A0200001,13,13402,24,15,20,Servicio de Salud Metropolitano Sur,Centro de Salud Familiar Dr. Héctor García,Buin,MENORES CONTROLADOS,113390,13402,13
821,1,13,113390,A0200002,13,13402,15,10,10,Servicio de Salud Metropolitano Sur,Centro de Salud Familiar Dr. Héctor García,Buin,LACTANCIA MATERNA EXCLUSIVA,113390,13402,13
822,1,13,113390,A0200001,13,13402,22,14,14,Servicio de Salud Metropolitano Sur,Centro de Salud Familiar Dr. Héctor García,Buin,MENORES CONTROLADOS,113390,13402,13
823,7,13,113390,A0200002,13,13402,11,9,9,Servicio de Salud Metropolitano Sur,Centro de Salud Familiar Dr. Héctor García,Buin,LACTANCIA MATERNA EXCLUSIVA,113390,13402,13
824,7,13,113390,A0200001,13,13402,20,15,18,Servicio de Salud Metropolitano Sur,Centro de Salud Familiar Dr. Héctor García,Buin,MENORES CONTROLADOS,113390,13402,13
825,2,13,113404,A0200002,13,13402,1,1,0,Servicio de Salud Metropolitano Sur,Posta de Salud Rural Valdivia de Paine,Buin,LACTANCIA MATERNA EXCLUSIVA,113404,13402,13
826,2,13,113404,A0200001,13,13402,1,1,4,Servicio de Salud Metropolitano Sur,Posta de Salud Rural Valdivia de Paine,Buin,MENORES CONTROLADOS,113404,13402,13
827,8,13,113404,A0200002,13,13402,0,1,3,Servicio de Salud Metropolitano Sur,Posta de Salud Rural Valdivia de Paine,Buin,LACTANCIA MATERNA EXCLUSIVA,113404,13402,13
828,8,13,113404,A0200001,13,13402,0,1,3,Servicio de Salud Metropolitano Sur,Posta de Salud Rural Valdivia de Paine,Buin,MENORES CONTROLADOS,113404,13402,13
829,1,13,113404,A0200002,13,13402,0,1,0,Servicio de Salud Metropolitano Sur,Posta de Salud Rural Valdivia de Paine,Buin,LACTANCIA MATERNA EXCLUSIVA,113404,13402,13
830,1,13,113404,A0200001,13,13402,0,1,0,Servicio de Salud Metropolitano Sur,Posta de Salud Rural Valdivia de Paine,Buin,MENORES CONTROLADOS,113404,13402,13
831,7,13,113320,A0200002,13,13402,3,2,5,Servicio de Salud Metropolitano Sur,Centro de Salud Familiar Dragica Ciudad Pap,Buin,LACTANCIA MATERNA EXCLUSIVA,113320,13402,13
832,7,13,113320,A0200001,13,13402,4,3,10,Servicio de Salud Metropolitano Sur,Centro de Salud Familiar Dragica Ciudad Pap,Buin,MENORES CONTROLADOS,113320,13402,13
833,5,13,113320,A0200002,13,13402,2,5,3,Servicio de Salud Metropolitano Sur,Centro de Salud Familiar Dragica Ciudad Pap,Buin,LACTANCIA MATERNA EXCLUSIVA,113320,13402,13
834,5,13,113320,A0200001,13,13402,2,17,6,Servicio de Salud Metropolitano Sur,Centro de Salud Familiar Dragica Ciudad Pap,Buin,MENORES CONTROLADOS,113320,13402,13
835,1,13,113320,A0200002,13,13402,7,4,11,Servicio de Salud Metropolitano Sur,Centro de Salud Familiar Dragica Ciudad Pap,Buin,LACTANCIA MATERNA EXCLUSIVA,113320,13402,13
836,1,13,113320,A0200001,13,13402,8,6,13,Servicio de Salud Metropolitano Sur,Centro de Salud Familiar Dragica Ciudad Pap,Buin,MENORES CONTROLADOS,113320,13402,13
837,6,13,113320,A0200002,13,13402,4,3,6,Servicio de Salud Metropolitano Sur,Centro de Salud Familiar Dragica Ciudad Pap,Buin,LACTANCIA MATERNA EXCLUSIVA,113320,13402,13
838,6,13,113320,A0200001,13,13402,6,4,9,Servicio de Salud Metropolitano Sur,Centro de Salud Familiar Dragica Ciudad Pap,Buin,MENORES CONTROLADOS,113320,13402,13
839,3,13,113320,A0200002,13,13402,5,9,6,Servicio de Salud Metropolitano Sur,Centro de Salud Familiar Dragica Ciudad Pap,Buin,LACTANCIA MATERNA EXCLUSIVA,113320,13402,13
840,3,13,113320,A0200001,13,13402,5,11,9,Servicio de Salud Metropolitano Sur,Centro de Salud Familiar Dragica Ciudad Pap,Buin,MENORES CONTROLADOS,113320,13402,13
841,4,13,113320,A0200002,13,13402,2,5,7,Servicio de Salud Metropolitano Sur,Centro de Salud Familiar Dragica Ciudad Pap,Buin,LACTANCIA MATERNA EXCLUSIVA,113320,13402,13
842,4,13,113320,A0200001,13,13402,2,11,10,Servicio de Salud Metropolitano Sur,Centro de Salud Familiar Dragica Ciudad Pap,Buin,MENORES CONTROLADOS,113320,13402,13
843,2,13,113320,A0200002,13,13402,0,1,1,Servicio de Salud Metropolitano Sur,Centro de Salud Familiar Dragica Ciudad Pap,Buin,LACTANCIA MATERNA EXCLUSIVA,113320,13402,13
844,2,13,113320,A0200001,13,13402,1,4,3,Servicio de Salud Metropolitano Sur,Centro de Salud Familiar Dragica Ciudad Pap,Buin,MENORES CONTROLADOS,113320,13402,13
845,8,13,113320,A0200002,13,13402,6,4,4,Servicio de Salud Metropolitano Sur,Centro de Salud Familiar Dragica Ciudad Pap,Buin,LACTANCIA MATERNA EXCLUSIVA,113320,13402,13
846,8,13,113320,A0200001,13,13402,7,6,7,Servicio de Salud Metropolitano Sur,Centro de Salud Familiar Dragica Ciudad Pap,Buin,MENORES CONTROLADOS,113320,13402,13
847,4,13,113404,A0200001,13,13402,0,0,0,Servicio de Salud Metropolitano Sur,Posta de Salud Rural Valdivia de Paine,Buin,MENORES CONTROLADOS,113404,13402,13
848,3,13,113404,A0200002,13,13402,1,1,0,Servicio de Salud Metropolitano Sur,Posta de Salud Rural Valdivia de Paine,Buin,LACTANCIA MATERNA EXCLUSIVA,113404,13402,13
849,3,13,113404,A0200001,13,13402,2,1,4,Servicio de Salud Metropolitano Sur,Posta de Salud Rural Valdivia de Paine,Buin,MENORES CONTROLADOS,113404,13402,13
850,5,13,113404,A0200001,13,13402,0,0,0,Servicio de Salud Metropolitano Sur,Posta de Salud Rural Valdivia de Paine,Buin,MENORES CONTROLADOS,113404,13402,13
851,6,13,113404,A0200002,13,13402,1,0,2,Servicio de Salud Metropolitano Sur,Posta de Salud Rural Valdivia de Paine,Buin,LACTANCIA MATERNA EXCLUSIVA,113404,13402,13
852,6,13,113404,A0200001,13,13402,2,0,3,Servicio de Salud Metropolitano Sur,Posta de Salud Rural Valdivia de Paine,Buin,MENORES CONTROLADOS,113404,13402,13
853,7,13,113404,A0200002,13,13402,1,0,1,Servicio de Salud Metropolitano Sur,Posta de Salud Rural Valdivia de Paine,Buin,LACTANCIA MATERNA EXCLUSIVA,113404,13402,13
854,7,13,113404,A0200001,13,13402,1,0,1,Servicio de Salud Metropolitano Sur,Posta de Salud Rural Valdivia de Paine,Buin,MENORES CONTROLADOS,113404,13402,13
855,8,13,113407,A0200001,13,13402,1,0,0,Servicio de Salud Metropolitano Sur,Posta de Salud Rural Los Morros,Buin,MENORES CONTROLADOS,113407,13402,13
856,8,13,113790,A0200002,13,13402,4,6,4,Servicio de Salud Metropolitano Sur,Centro Comunitario de Salud Familiar Dr. Héctor García,Buin,LACTANCIA MATERNA EXCLUSIVA,113790,13402,13
857,8,13,113790,A0200001,13,13402,5,11,5,Servicio de Salud Metropolitano Sur,Centro Comunitario de Salud Familiar Dr. Héctor García,Buin,MENORES CONTROLADOS,113790,13402,13
858,5,13,113407,A0200002,13,13402,1,0,0,Servicio de Salud Metropolitano Sur,Posta de Salud Rural Los Morros,Buin,LACTANCIA MATERNA EXCLUSIVA,113407,13402,13
859,5,13,113407,A0200001,13,13402,1,0,1,Servicio de Salud Metropolitano Sur,Posta de Salud Rural Los Morros,Buin,MENORES CONTROLADOS,113407,13402,13
860,6,13,113407,A0200002,13,13402,1,0,0,Servicio de Salud Metropolitano Sur,Posta de Salud Rural Los Morros,Buin,LACTANCIA MATERNA EXCLUSIVA,113407,13402,13
861,6,13,113407,A0200001,13,13402,1,0,1,Servicio de Salud Metropolitano Sur,Posta de Salud Rural Los Morros,Buin,MENORES CONTROLADOS,113407,13402,13
862,1,13,113407,A0200002,13,13402,1,0,0,Servicio de Salud Metropolitano Sur,Posta de Salud Rural Los Morros,Buin,LACTANCIA MATERNA EXCLUSIVA,113407,13402,13
863,1,13,113407,A0200001,13,13402,2,0,1,Servicio de Salud Metropolitano Sur,Posta de Salud Rural Los Morros,Buin,MENORES CONTROLADOS,113407,13402,13
864,7,13,113407,A0200002,13,13402,1,1,2,Servicio de Salud Metropolitano Sur,Posta de Salud Rural Los Morros,Buin,LACTANCIA MATERNA EXCLUSIVA,113407,13402,13
865,7,13,113407,A0200001,13,13402,1,0,2,Servicio de Salud Metropolitano Sur,Posta de Salud Rural Los Morros,Buin,MENORES CONTROLADOS,113407,13402,13
866,2,13,113407,A0200002,13,13402,1,0,0,Servicio de Salud Metropolitano Sur,Posta de Salud Rural Los Morros,Buin,LACTANCIA MATERNA EXCLUSIVA,113407,13402,13
867,2,13,113407,A0200001,13,13402,1,3,1,Servicio de Salud Metropolitano Sur,Posta de Salud Rural Los Morros,Buin,MENORES CONTROLADOS,113407,13402,13
868,3,13,113407,A0200001,13,13402,0,0,1,Servicio de Salud Metropolitano Sur,Posta de Salud Rural Los Morros,Buin,MENORES CONTROLADOS,113407,13402,13
869,6,13,113790,A0200002,13,13402,6,1,1,Servicio de Salud Metropolitano Sur,Centro Comunitario de Salud Familiar Dr. Héctor García,Buin,LACTANCIA MATERNA EXCLUSIVA,113790,13402,13
870,6,13,113790,A0200001,13,13402,9,4,3,Servicio de Salud Metropolitano Sur,Centro Comunitario de Salud Familiar Dr. Héctor García,Buin,MENORES CONTROLADOS,113790,13402,13
871,7,13,113790,A0200002,13,13402,1,3,4,Servicio de Salud Metropolitano Sur,Centro Comunitario de Salud Familiar Dr. Héctor García,Buin,LACTANCIA MATERNA EXCLUSIVA,113790,13402,13
872,7,13,113790,A0200001,13,13402,1,9,7,Servicio de Salud Metropolitano Sur,Centro Comunitario de Salud Familiar Dr. Héctor García,Buin,MENORES CONTROLADOS,113790,13402,13
873,4,13,113407,A0200002,13,13402,0,2,1,Servicio de Salud Metropolitano Sur,Posta de Salud Rural Los Morros,Buin,LACTANCIA MATERNA EXCLUSIVA,113407,13402,13
874,4,13,113407,A0200001,13,13402,0,2,1,Servicio de Salud Metropolitano Sur,Posta de Salud Rural Los Morros,Buin,MENORES CONTROLADOS,113407,13402,13
875,4,13,113790,A0200002,13,13402,2,2,2,Servicio de Salud Metropolitano Sur,Centro Comunitario de Salud Familiar Dr. Héctor García,Buin,LACTANCIA MATERNA EXCLUSIVA,113790,13402,13
876,4,13,113790,A0200001,13,13402,3,4,3,Servicio de Salud Metropolitano Sur,Centro Comunitario de Salud Familiar Dr. Héctor García,Buin,MENORES CONTROLADOS,113790,13402,13
877,1,13,113790,A0200002,13,13402,2,3,1,Servicio de Salud Metropolitano Sur,Centro Comunitario de Salud Familiar Dr. Héctor García,Buin,LACTANCIA MATERNA EXCLUSIVA,113790,13402,13
878,1,13,113790,A0200001,13,13402,3,4,2,Servicio de Salud Metropolitano Sur,Centro Comunitario de Salud Familiar Dr. Héctor García,Buin,MENORES CONTROLADOS,113790,13402,13
879,2,13,113790,A0200002,13,13402,0,2,0,Servicio de Salud Metropolitano Sur,Centro Comunitario de Salud Familiar Dr. Héctor García,Buin,LACTANCIA MATERNA EXCLUSIVA,113790,13402,13
880,2,13,113790,A0200001,13,13402,2,3,1,Servicio de Salud Metropolitano Sur,Centro Comunitario de Salud Familiar Dr. Héctor García,Buin,MENORES CONTROLADOS,113790,13402,13
881,5,13,113790,A0200002,13,13402,4,2,2,Servicio de Salud Metropolitano Sur,Centro Comunitario de Salud Familiar Dr. Héctor García,Buin,LACTANCIA MATERNA EXCLUSIVA,113790,13402,13
882,5,13,113790,A0200001,13,13402,6,3,2,Servicio de Salud Metropolitano Sur,Centro Comunitario de Salud Familiar Dr. Héctor García,Buin,MENORES CONTROLADOS,113790,13402,13
883,3,13,113790,A0200002,13,13402,4,2,4,Servicio de Salud Metropolitano Sur,Centro Comunitario de Salud Familiar Dr. Héctor García,Buin,LACTANCIA MATERNA EXCLUSIVA,113790,13402,13
884,3,13,113790,A0200001,13,13402,5,4,10,Servicio de Salud Metropolitano Sur,Centro Comunitario de Salud Familiar Dr. Héctor García,Buin,MENORES CONTROLADOS,113790,13402,13
885,8,13,113402,A0200002,13,13402,0,1,2,Servicio de Salud Metropolitano Sur,Centro Comunitario de Salud Familiar Dr. Ramón Galindo,Buin,LACTANCIA MATERNA EXCLUSIVA,113402,13402,13
886,8,13,113402,A0200001,13,13402,0,2,2,Servicio de Salud Metropolitano Sur,Centro Comunitario de Salud Familiar Dr. Ramón Galindo,Buin,MENORES CONTROLADOS,113402,13402,13
887,6,13,113402,A0200002,13,13402,1,0,2,Servicio de Salud Metropolitano Sur,Centro Comunitario de Salud Familiar Dr. Ramón Galindo,Buin,LACTANCIA MATERNA EXCLUSIVA,113402,13402,13
888,6,13,113402,A0200001,13,13402,2,1,4,Servicio de Salud Metropolitano Sur,Centro Comunitario de Salud Familiar Dr. Ramón Galindo,Buin,MENORES CONTROLADOS,113402,13402,13
889,7,13,113402,A0200002,13,13402,0,2,3,Servicio de Salud Metropolitano Sur,Centro Comunitario de Salud Familiar Dr. Ramón Galindo,Buin,LACTANCIA MATERNA EXCLUSIVA,113402,13402,13
890,7,13,113402,A0200001,13,13402,1,2,3,Servicio de Salud Metropolitano Sur,Centro Comunitario de Salud Familiar Dr. Ramón Galindo,Buin,MENORES CONTROLADOS,113402,13402,13
891,3,13,113402,A0200002,13,13402,1,1,1,Servicio de Salud Metropolitano Sur,Centro Comunitario de Salud Familiar Dr. Ramón Galindo,Buin,LACTANCIA MATERNA EXCLUSIVA,113402,13402,13
892,3,13,113402,A0200001,13,13402,2,3,3,Servicio de Salud Metropolitano Sur,Centro Comunitario de Salud Familiar Dr. Ramón Galindo,Buin,MENORES CONTROLADOS,113402,13402,13
893,1,13,113402,A0200002,13,13402,3,0,2,Servicio de Salud Metropolitano Sur,Centro Comunitario de Salud Familiar Dr. Ramón Galindo,Buin,LACTANCIA MATERNA EXCLUSIVA,113402,13402,13
894,1,13,113402,A0200001,13,13402,5,0,3,Servicio de Salud Metropolitano Sur,Centro Comunitario de Salud Familiar Dr. Ramón Galindo,Buin,MENORES CONTROLADOS,113402,13402,13
895,2,13,113402,A0200002,13,13402,1,1,1,Servicio de Salud Metropolitano Sur,Centro Comunitario de Salud Familiar Dr. Ramón Galindo,Buin,LACTANCIA MATERNA EXCLUSIVA,113402,13402,13
896,2,13,113402,A0200001,13,13402,2,4,1,Servicio de Salud Metropolitano Sur,Centro Comunitario de Salud Familiar Dr. Ramón Galindo,Buin,MENORES CONTROLADOS,113402,13402,13
897,4,13,113402,A0200002,13,13402,0,2,2,Servicio de Salud Metropolitano Sur,Centro Comunitario de Salud Familiar Dr. Ramón Galindo,Buin,LACTANCIA MATERNA EXCLUSIVA,113402,13402,13
898,4,13,113402,A0200001,13,13402,0,2,3,Servicio de Salud Metropolitano Sur,Centro Comunitario de Salud Familiar Dr. Ramón Galindo,Buin,MENORES CONTROLADOS,113402,13402,13
899,5,13,113402,A0200002,13,13402,1,1,0,Servicio de Salud Metropolitano Sur,Centro Comunitario de Salud Familiar Dr. Ramón Galindo,Buin,LACTANCIA MATERNA EXCLUSIVA,113402,13402,13
900,5,13,113402,A0200001,13,13402,2,1,2,Servicio de Salud Metropolitano Sur,Centro Comunitario de Salud Familiar Dr. Ramón Galindo,Buin,MENORES CONTROLADOS,113402,13402,13
901,6,13,113406,A0200002,13,13402,0,0,0,Servicio de Salud Metropolitano Sur,Posta de Salud Rural El Recurso,Buin,LACTANCIA MATERNA EXCLUSIVA,113406,13402,13
902,6,13,113406,A0200001,13,13402,0,1,0,Servicio de Salud Metropolitano Sur,Posta de Salud Rural El Recurso,Buin,MENORES CONTROLADOS,113406,13402,13
903,7,13,113406,A0200002,13,13402,2,0,0,Servicio de Salud Metropolitano Sur,Posta de Salud Rural El Recurso,Buin,LACTANCIA MATERNA EXCLUSIVA,113406,13402,13
904,7,13,113406,A0200001,13,13402,2,0,0,Servicio de Salud Metropolitano Sur,Posta de Salud Rural El Recurso,Buin,MENORES CONTROLADOS,113406,13402,13
905,3,13,113406,A0200001,13,13402,0,0,0,Servicio de Salud Metropolitano Sur,Posta de Salud Rural El Recurso,Buin,MENORES CONTROLADOS,113406,13402,13
906,5,13,113406,A0200002,13,13402,0,1,0,Servicio de Salud Metropolitano Sur,Posta de Salud Rural El Recurso,Buin,LACTANCIA MATERNA EXCLUSIVA,113406,13402,13
907,5,13,113406,A0200001,13,13402,0,0,2,Servicio de Salud Metropolitano Sur,Posta de Salud Rural El Recurso,Buin,MENORES CONTROLADOS,113406,13402,13
908,1,13,113406,A0200002,13,13402,0,1,1,Servicio de Salud Metropolitano Sur,Posta de Salud Rural El Recurso,Buin,LACTANCIA MATERNA EXCLUSIVA,113406,13402,13
909,1,13,113406,A0200001,13,13402,0,1,1,Servicio de Salud Metropolitano Sur,Posta de Salud Rural El Recurso,Buin,MENORES CONTROLADOS,113406,13402,13
910,1,13,113405,A0200001,13,13402,1,0,4,Servicio de Salud Metropolitano Sur,Posta de Salud Rural Viluco,Buin,MENORES CONTROLADOS,113405,13402,13
911,1,13,113405,A0200002,13,13402,0,0,1,Servicio de Salud Metropolitano Sur,Posta de Salud Rural Viluco,Buin,LACTANCIA MATERNA EXCLUSIVA,113405,13402,13
912,3,13,113333,A0200002,13,13402,3,2,7,Servicio de Salud Metropolitano Sur,Centro de Salud Familiar Alto Jahuel,Buin,LACTANCIA MATERNA EXCLUSIVA,113333,13402,13
913,3,13,113333,A0200001,13,13402,4,3,8,Servicio de Salud Metropolitano Sur,Centro de Salud Familiar Alto Jahuel,Buin,MENORES CONTROLADOS,113333,13402,13
914,1,13,113333,A0200002,13,13402,2,1,4,Servicio de Salud Metropolitano Sur,Centro de Salud Familiar Alto Jahuel,Buin,LACTANCIA MATERNA EXCLUSIVA,113333,13402,13
915,1,13,113333,A0200001,13,13402,2,2,5,Servicio de Salud Metropolitano Sur,Centro de Salud Familiar Alto Jahuel,Buin,MENORES CONTROLADOS,113333,13402,13
916,2,13,113333,A0200002,13,13402,2,0,4,Servicio de Salud Metropolitano Sur,Centro de Salud Familiar Alto Jahuel,Buin,LACTANCIA MATERNA EXCLUSIVA,113333,13402,13
917,2,13,113333,A0200001,13,13402,3,0,4,Servicio de Salud Metropolitano Sur,Centro de Salud Familiar Alto Jahuel,Buin,MENORES CONTROLADOS,113333,13402,13
918,7,13,113405,A0200002,13,13402,1,1,1,Servicio de Salud Metropolitano Sur,Posta de Salud Rural Viluco,Buin,LACTANCIA MATERNA EXCLUSIVA,113405,13402,13
919,7,13,113405,A0200001,13,13402,2,2,2,Servicio de Salud Metropolitano Sur,Posta de Salud Rural Viluco,Buin,MENORES CONTROLADOS,113405,13402,13
920,4,13,113405,A0200002,13,13402,2,2,4,Servicio de Salud Metropolitano Sur,Posta de Salud Rural Viluco,Buin,LACTANCIA MATERNA EXCLUSIVA,113405,13402,13
921,4,13,113405,A0200001,13,13402,2,3,5,Servicio de Salud Metropolitano Sur,Posta de Salud Rural Viluco,Buin,MENORES CONTROLADOS,113405,13402,13
922,2,13,113406,A0200002,13,13402,0,0,0,Servicio de Salud Metropolitano Sur,Posta de Salud Rural El Recurso,Buin,LACTANCIA MATERNA EXCLUSIVA,113406,13402,13
923,2,13,113406,A0200001,13,13402,1,1,1,Servicio de Salud Metropolitano Sur,Posta de Salud Rural El Recurso,Buin,MENORES CONTROLADOS,113406,13402,13
924,5,13,113405,A0200002,13,13402,2,2,1,Servicio de Salud Metropolitano Sur,Posta de Salud Rural Viluco,Buin,LACTANCIA MATERNA EXCLUSIVA,113405,13402,13
925,5,13,113405,A0200001,13,13402,2,3,3,Servicio de Salud Metropolitano Sur,Posta de Salud Rural Viluco,Buin,MENORES CONTROLADOS,113405,13402,13
926,5,13,113333,A0200002,13,13402,0,1,2,Servicio de Salud Metropolitano Sur,Centro de Salud Familiar Alto Jahuel,Buin,LACTANCIA MATERNA EXCLUSIVA,113333,13402,13
927,5,13,113333,A0200001,13,13402,0,3,2,Servicio de Salud Metropolitano Sur,Centro de Salud Familiar Alto Jahuel,Buin,MENORES CONTROLADOS,113333,13402,13
928,4,13,113333,A0200002,13,13402,1,1,2,Servicio de Salud Metropolitano Sur,Centro de Salud Familiar Alto Jahuel,Buin,LACTANCIA MATERNA EXCLUSIVA,113333,13402,13
929,4,13,113333,A0200001,13,13402,1,4,4,Servicio de Salud Metropolitano Sur,Centro de Salud Familiar Alto Jahuel,Buin,MENORES CONTROLADOS,113333,13402,13
930,6,13,113333,A0200002,13,13402,3,0,3,Servicio de Salud Metropolitano Sur,Centro de Salud Familiar Alto Jahuel,Buin,LACTANCIA MATERNA EXCLUSIVA,113333,13402,13
931,6,13,113333,A0200001,13,13402,3,1,5,Servicio de Salud Metropolitano Sur,Centro de Salud Familiar Alto Jahuel,Buin,MENORES CONTROLADOS,113333,13402,13
932,7,13,113333,A0200002,13,13402,0,1,5,Servicio de Salud Metropolitano Sur,Centro de Salud Familiar Alto Jahuel,Buin,LACTANCIA MATERNA EXCLUSIVA,113333,13402,13
933,7,13,113333,A0200001,13,13402,0,2,9,Servicio de Salud Metropolitano Sur,Centro de Salud Familiar Alto Jahuel,Buin,MENORES CONTROLADOS,113333,13402,13
934,2,13,113405,A0200002,13,13402,1,0,1,Servicio de Salud Metropolitano Sur,Posta de Salud Rural Viluco,Buin,LACTANCIA MATERNA EXCLUSIVA,113405,13402,13
935,2,13,113405,A0200001,13,13402,1,0,2,Servicio de Salud Metropolitano Sur,Posta de Salud Rural Viluco,Buin,MENORES CONTROLADOS,113405,13402,13
936,6,13,113405,A0200002,13,13402,3,3,2,Servicio de Salud Metropolitano Sur,Posta de Salud Rural Viluco,Buin,LACTANCIA MATERNA EXCLUSIVA,113405,13402,13
937,6,13,113405,A0200001,13,13402,4,3,5,Servicio de Salud Metropolitano Sur,Posta de Salud Rural Viluco,Buin,MENORES CONTROLADOS,113405,13402,13
938,4,13,113406,A0200001,13,13402,0,1,0,Servicio de Salud Metropolitano Sur,Posta de Salud Rural El Recurso,Buin,MENORES CONTROLADOS,113406,13402,13
939,3,13,113405,A0200002,13,13402,1,2,4,Servicio de Salud Metropolitano Sur,Posta de Salud Rural Viluco,Buin,LACTANCIA MATERNA EXCLUSIVA,113405,13402,13
940,3,13,113405,A0200001,13,13402,1,3,5,Servicio de Salud Metropolitano Sur,Posta de Salud Rural Viluco,Buin,MENORES CONTROLADOS,113405,13402,13
941,8,13,113406,A0200002,13,13402,0,1,0,Servicio de Salud Metropolitano Sur,Posta de Salud Rural El Recurso,Buin,LACTANCIA MATERNA EXCLUSIVA,113406,13402,13
942,8,13,113406,A0200001,13,13402,0,0,1,Servicio de Salud Metropolitano Sur,Posta de Salud Rural El Recurso,Buin,MENORES CONTROLADOS,113406,13402,13
943,8,13,113333,A0200002,13,13402,4,1,5,Servicio de Salud Metropolitano Sur,Centro de Salud Familiar Alto Jahuel,Buin,LACTANCIA MATERNA EXCLUSIVA,113333,13402,13
944,8,13,113333,A0200001,13,13402,6,2,6,Servicio de Salud Metropolitano Sur,Centro de Salud Familiar Alto Jahuel,Buin,MENORES CONTROLADOS,113333,13402,13
945,8,13,113405,A0200002,13,13402,2,2,2,Servicio de Salud Metropolitano Sur,Posta de Salud Rural Viluco,Buin,LACTANCIA MATERNA EXCLUSIVA,113405,13402,13
946,8,13,113405,A0200001,13,13402,2,4,3,Servicio de Salud Metropolitano Sur,Posta de Salud Rural Viluco,Buin,MENORES CONTROLADOS,113405,13402,13
947,5,13,113334,A0200002,13,13403,1,4,,Servicio de Salud Metropolitano Sur,Centro de Salud Familiar Los Bajos de San Agustín,Calera de Tango,LACTANCIA MATERNA EXCLUSIVA,113334,13403,13
948,5,13,113334,A0200001,13,13403,6,9,,Servicio de Salud Metropolitano Sur,Centro de Salud Familiar Los Bajos de San Agustín,Calera de Tango,MENORES CONTROLADOS,113334,13403,13
949,1,13,113334,A0200002,13,13403,2,3,3,Servicio de Salud Metropolitano Sur,Centro de Salud Familiar Los Bajos de San Agustín,Calera de Tango,LACTANCIA MATERNA EXCLUSIVA,113334,13403,13
950,1,13,113334,A0200001,13,13403,2,4,3,Servicio de Salud Metropolitano Sur,Centro de Salud Familiar Los Bajos de San Agustín,Calera de Tango,MENORES CONTROLADOS,113334,13403,13
951,3,13,113334,A0200002,13,13403,6,3,2,Servicio de Salud Metropolitano Sur,Centro de Salud Familiar Los Bajos de San Agustín,Calera de Tango,LACTANCIA MATERNA EXCLUSIVA,113334,13403,13
952,3,13,113334,A0200001,13,13403,9,5,4,Servicio de Salud Metropolitano Sur,Centro de Salud Familiar Los Bajos de San Agustín,Calera de Tango,MENORES CONTROLADOS,113334,13403,13
953,4,13,113334,A0200002,13,13403,,4,3,Servicio de Salud Metropolitano Sur,Centro de Salud Familiar Los Bajos de San Agustín,Calera de Tango,LACTANCIA MATERNA EXCLUSIVA,113334,13403,13
954,4,13,113334,A0200001,13,13403,1,5,6,Servicio de Salud Metropolitano Sur,Centro de Salud Familiar Los Bajos de San Agustín,Calera de Tango,MENORES CONTROLADOS,113334,13403,13
955,2,13,113334,A0200002,13,13403,4,1,,Servicio de Salud Metropolitano Sur,Centro de Salud Familiar Los Bajos de San Agustín,Calera de Tango,LACTANCIA MATERNA EXCLUSIVA,113334,13403,13
956,2,13,113334,A0200001,13,13403,4,1,,Servicio de Salud Metropolitano Sur,Centro de Salud Familiar Los Bajos de San Agustín,Calera de Tango,MENORES CONTROLADOS,113334,13403,13
957,6,13,113334,A0200002,13,13403,3,3,,Servicio de Salud Metropolitano Sur,Centro de Salud Familiar Los Bajos de San Agustín,Calera de Tango,LACTANCIA MATERNA EXCLUSIVA,113334,13403,13
958,6,13,113334,A0200001,13,13403,3,6,2,Servicio de Salud Metropolitano Sur,Centro de Salud Familiar Los Bajos de San Agustín,Calera de Tango,MENORES CONTROLADOS,113334,13403,13
959,8,13,113334,A0200002,13,13403,4,3,3,Servicio de Salud Metropolitano Sur,Centro de Salud Familiar Los Bajos de San Agustín,Calera de Tango,LACTANCIA MATERNA EXCLUSIVA,113334,13403,13
960,8,13,113334,A0200001,13,13403,4,3,9,Servicio de Salud Metropolitano Sur,Centro de Salud Familiar Los Bajos de San Agustín,Calera de Tango,MENORES CONTROLADOS,113334,13403,13
961,7,13,113334,A0200002,13,13403,1,1,5,Servicio de Salud Metropolitano Sur,Centro de Salud Familiar Los Bajos de San Agustín,Calera de Tango,LACTANCIA MATERNA EXCLUSIVA,113334,13403,13
962,7,13,113334,A0200001,13,13403,1,8,12,Servicio de Salud Metropolitano Sur,Centro de Salud Familiar Los Bajos de San Agustín,Calera de Tango,MENORES CONTROLADOS,113334,13403,13
963,4,13,113321,A0200001,13,13403,4,3,4,Servicio de Salud Metropolitano Sur,Centro de Salud Familiar Calera de Tango,Calera de Tango,MENORES CONTROLADOS,113321,13403,13
964,4,13,113321,A0200002,13,13403,3,1,1,Servicio de Salud Metropolitano Sur,Centro de Salud Familiar Calera de Tango,Calera de Tango,LACTANCIA MATERNA EXCLUSIVA,113321,13403,13
965,7,13,113321,A0200002,13,13403,1,2,1,Servicio de Salud Metropolitano Sur,Centro de Salud Familiar Calera de Tango,Calera de Tango,LACTANCIA MATERNA EXCLUSIVA,113321,13403,13
966,7,13,113321,A0200001,13,13403,3,5,4,Servicio de Salud Metropolitano Sur,Centro de Salud Familiar Calera de Tango,Calera de Tango,MENORES CONTROLADOS,113321,13403,13
967,1,13,113321,A0200002,13,13403,3,1,3,Servicio de Salud Metropolitano Sur,Centro de Salud Familiar Calera de Tango,Calera de Tango,LACTANCIA MATERNA EXCLUSIVA,113321,13403,13
968,1,13,113321,A0200001,13,13403,4,3,6,Servicio de Salud Metropolitano Sur,Centro de Salud Familiar Calera de Tango,Calera de Tango,MENORES CONTROLADOS,113321,13403,13
969,2,13,113321,A0200002,13,13403,1,2,2,Servicio de Salud Metropolitano Sur,Centro de Salud Familiar Calera de Tango,Calera de Tango,LACTANCIA MATERNA EXCLUSIVA,113321,13403,13
970,2,13,113321,A0200001,13,13403,2,4,4,Servicio de Salud Metropolitano Sur,Centro de Salud Familiar Calera de Tango,Calera de Tango,MENORES CONTROLADOS,113321,13403,13
971,5,13,113321,A0200002,13,13403,2,3,3,Servicio de Salud Metropolitano Sur,Centro de Salud Familiar Calera de Tango,Calera de Tango,LACTANCIA MATERNA EXCLUSIVA,113321,13403,13
972,5,13,113321,A0200001,13,13403,4,4,6,Servicio de Salud Metropolitano Sur,Centro de Salud Familiar Calera de Tango,Calera de Tango,MENORES CONTROLADOS,113321,13403,13
973,3,13,113321,A0200002,13,13403,3,1,4,Servicio de Salud Metropolitano Sur,Centro de Salud Familiar Calera de Tango,Calera de Tango,LACTANCIA MATERNA EXCLUSIVA,113321,13403,13
974,3,13,113321,A0200001,13,13403,4,3,6,Servicio de Salud Metropolitano Sur,Centro de Salud Familiar Calera de Tango,Calera de Tango,MENORES CONTROLADOS,113321,13403,13
975,8,13,113321,A0200002,13,13403,1,1,2,Servicio de Salud Metropolitano Sur,Centro de Salud Familiar Calera de Tango,Calera de Tango,LACTANCIA MATERNA EXCLUSIVA,113321,13403,13
976,8,13,113321,A0200001,13,13403,2,2,2,Servicio de Salud Metropolitano Sur,Centro de Salud Familiar Calera de Tango,Calera de Tango,MENORES CONTROLADOS,113321,13403,13
977,6,13,113321,A0200002,13,13403,1,1,3,Servicio de Salud Metropolitano Sur,Centro de Salud Familiar Calera de Tango,Calera de Tango,LACTANCIA MATERNA EXCLUSIVA,113321,13403,13
978,6,13,113321,A0200001,13,13403,3,3,4,Servicio de Salud Metropolitano Sur,Centro de Salud Familiar Calera de Tango,Calera de Tango,MENORES CONTROLADOS,113321,13403,13
979,3,13,113318,A0200002,13,13404,15,16,15,Servicio de Salud Metropolitano Sur,Centro de Salud Familiar Dr. Miguel Ángel Solar (ex CESFAM Paine),Paine,LACTANCIA MATERNA EXCLUSIVA,113318,13404,13
980,3,13,113318,A0200001,13,13404,27,27,25,Servicio de Salud Metropolitano Sur,Centro de Salud Familiar Dr. Miguel Ángel Solar (ex CESFAM Paine),Paine,MENORES CONTROLADOS,113318,13404,13
981,2,13,113318,A0200002,13,13404,16,16,34,Servicio de Salud Metropolitano Sur,Centro de Salud Familiar Dr. Miguel Ángel Solar (ex CESFAM Paine),Paine,LACTANCIA MATERNA EXCLUSIVA,113318,13404,13
982,2,13,113318,A0200001,13,13404,21,24,46,Servicio de Salud Metropolitano Sur,Centro de Salud Familiar Dr. Miguel Ángel Solar (ex CESFAM Paine),Paine,MENORES CONTROLADOS,113318,13404,13
983,6,13,113318,A0200002,13,13404,12,17,16,Servicio de Salud Metropolitano Sur,Centro de Salud Familiar Dr. Miguel Ángel Solar (ex CESFAM Paine),Paine,LACTANCIA MATERNA EXCLUSIVA,113318,13404,13
984,6,13,113318,A0200001,13,13404,21,26,29,Servicio de Salud Metropolitano Sur,Centro de Salud Familiar Dr. Miguel Ángel Solar (ex CESFAM Paine),Paine,MENORES CONTROLADOS,113318,13404,13
985,1,13,113318,A0200002,13,13404,18,20,15,Servicio de Salud Metropolitano Sur,Centro de Salud Familiar Dr. Miguel Ángel Solar (ex CESFAM Paine),Paine,LACTANCIA MATERNA EXCLUSIVA,113318,13404,13
986,1,13,113318,A0200001,13,13404,30,27,28,Servicio de Salud Metropolitano Sur,Centro de Salud Familiar Dr. Miguel Ángel Solar (ex CESFAM Paine),Paine,MENORES CONTROLADOS,113318,13404,13
987,4,13,113318,A0200002,13,13404,25,16,10,Servicio de Salud Metropolitano Sur,Centro de Salud Familiar Dr. Miguel Ángel Solar (ex CESFAM Paine),Paine,LACTANCIA MATERNA EXCLUSIVA,113318,13404,13
988,4,13,113318,A0200001,13,13404,30,26,19,Servicio de Salud Metropolitano Sur,Centro de Salud Familiar Dr. Miguel Ángel Solar (ex CESFAM Paine),Paine,MENORES CONTROLADOS,113318,13404,13
989,5,13,113318,A0200002,13,13404,14,20,16,Servicio de Salud Metropolitano Sur,Centro de Salud Familiar Dr. Miguel Ángel Solar (ex CESFAM Paine),Paine,LACTANCIA MATERNA EXCLUSIVA,113318,13404,13
990,5,13,113318,A0200001,13,13404,21,29,28,Servicio de Salud Metropolitano Sur,Centro de Salud Familiar Dr. Miguel Ángel Solar (ex CESFAM Paine),Paine,MENORES CONTROLADOS,113318,13404,13
991,7,13,113318,A0200002,13,13404,13,8,13,Servicio de Salud Metropolitano Sur,Centro de Salud Familiar Dr. Miguel Ángel Solar (ex CESFAM Paine),Paine,LACTANCIA MATERNA EXCLUSIVA,113318,13404,13
992,7,13,113318,A0200001,13,13404,23,14,26,Servicio de Salud Metropolitano Sur,Centro de Salud Familiar Dr. Miguel Ángel Solar (ex CESFAM Paine),Paine,MENORES CONTROLADOS,113318,13404,13
993,8,13,113318,A0200002,13,13404,12,12,10,Servicio de Salud Metropolitano Sur,Centro de Salud Familiar Dr. Miguel Ángel Solar (ex CESFAM Paine),Paine,LACTANCIA MATERNA EXCLUSIVA,113318,13404,13
994,8,13,113318,A0200001,13,13404,6,6,10,Servicio de Salud Metropolitano Sur,Centro de Salud Familiar Dr. Miguel Ángel Solar (ex CESFAM Paine),Paine,MENORES CONTROLADOS,113318,13404,13
995,1,13,113411,A0200001,13,13404,1,1,2,Servicio de Salud Metropolitano Sur,Posta de Salud Rural Abrantes,Paine,MENORES CONTROLADOS,113411,13404,13
996,1,13,113411,A0200002,13,13404,0,1,2,Servicio de Salud Metropolitano Sur,Posta de Salud Rural Abrantes,Paine,LACTANCIA MATERNA EXCLUSIVA,113411,13404,13
997,6,13,113411,A0200002,13,13404,1,0,0,Servicio de Salud Metropolitano Sur,Posta de Salud Rural Abrantes,Paine,LACTANCIA MATERNA EXCLUSIVA,113411,13404,13
998,6,13,113411,A0200001,13,13404,1,0,1,Servicio de Salud Metropolitano Sur,Posta de Salud Rural Abrantes,Paine,MENORES CONTROLADOS,113411,13404,13
999,7,13,113411,A0200002,13,13404,1,1,2,Servicio de Salud Metropolitano Sur,Posta de Salud Rural Abrantes,Paine,LACTANCIA MATERNA EXCLUSIVA,113411,13404,13
1000,7,13,113411,A0200001,13,13404,1,1,2,Servicio de Salud Metropolitano Sur,Posta de Salud Rural Abrantes,Paine,MENORES CONTROLADOS,113411,13404,13
1001,5,13,113411,A0200002,13,13404,1,0,0,Servicio de Salud Metropolitano Sur,Posta de Salud Rural Abrantes,Paine,LACTANCIA MATERNA EXCLUSIVA,113411,13404,13
1002,5,13,113411,A0200001,13,13404,1,0,0,Servicio de Salud Metropolitano Sur,Posta de Salud Rural Abrantes,Paine,MENORES CONTROLADOS,113411,13404,13
1003,2,13,113411,A0200002,13,13404,1,0,0,Servicio de Salud Metropolitano Sur,Posta de Salud Rural Abrantes,Paine,LACTANCIA MATERNA EXCLUSIVA,113411,13404,13
1004,2,13,113411,A0200001,13,13404,2,1,1,Servicio de Salud Metropolitano Sur,Posta de Salud Rural Abrantes,Paine,MENORES CONTROLADOS,113411,13404,13
1005,3,13,113411,A0200001,13,13404,0,0,0,Servicio de Salud Metropolitano Sur,Posta de Salud Rural Abrantes,Paine,MENORES CONTROLADOS,113411,13404,13
1006,4,13,113411,A0200002,13,13404,,2,1,Servicio de Salud Metropolitano Sur,Posta de Salud Rural Abrantes,Paine,LACTANCIA MATERNA EXCLUSIVA,113411,13404,13
1007,4,13,113411,A0200001,13,13404,,2,1,Servicio de Salud Metropolitano Sur,Posta de Salud Rural Abrantes,Paine,MENORES CONTROLADOS,113411,13404,13
1008,8,13,113411,A0200002,13,13404,2,,,Servicio de Salud Metropolitano Sur,Posta de Salud Rural Abrantes,Paine,LACTANCIA MATERNA EXCLUSIVA,113411,13404,13
1009,8,13,113411,A0200001,13,13404,2,,0,Servicio de Salud Metropolitano Sur,Posta de Salud Rural Abrantes,Paine,MENORES CONTROLADOS,113411,13404,13
1010,5,13,113412,A0200001,13,13404,2,0,1,Servicio de Salud Metropolitano Sur,Posta de Salud Rural Chada,Paine,MENORES CONTROLADOS,113412,13404,13
1011,2,13,113412,A0200001,13,13404,1,1,1,Servicio de Salud Metropolitano Sur,Posta de Salud Rural Chada,Paine,MENORES CONTROLADOS,113412,13404,13
1012,3,13,113412,A0200001,13,13404,0,0,0,Servicio de Salud Metropolitano Sur,Posta de Salud Rural Chada,Paine,MENORES CONTROLADOS,113412,13404,13
1013,2,13,113412,A0200002,13,13404,1,0,1,Servicio de Salud Metropolitano Sur,Posta de Salud Rural Chada,Paine,LACTANCIA MATERNA EXCLUSIVA,113412,13404,13
1014,1,13,113412,A0200002,13,13404,0,0,1,Servicio de Salud Metropolitano Sur,Posta de Salud Rural Chada,Paine,LACTANCIA MATERNA EXCLUSIVA,113412,13404,13
1015,1,13,113412,A0200001,13,13404,0,0,1,Servicio de Salud Metropolitano Sur,Posta de Salud Rural Chada,Paine,MENORES CONTROLADOS,113412,13404,13
1016,6,13,113412,A0200002,13,13404,2,0,0,Servicio de Salud Metropolitano Sur,Posta de Salud Rural Chada,Paine,LACTANCIA MATERNA EXCLUSIVA,113412,13404,13
1017,6,13,113412,A0200001,13,13404,2,0,0,Servicio de Salud Metropolitano Sur,Posta de Salud Rural Chada,Paine,MENORES CONTROLADOS,113412,13404,13
1018,5,13,113410,A0200002,13,13404,2,0,0,Servicio de Salud Metropolitano Sur,Posta de Salud Rural Rangue,Paine,LACTANCIA MATERNA EXCLUSIVA,113410,13404,13
1019,5,13,113410,A0200001,13,13404,2,3,0,Servicio de Salud Metropolitano Sur,Posta de Salud Rural Rangue,Paine,MENORES CONTROLADOS,113410,13404,13
1020,4,13,113410,A0200002,13,13404,,2,,Servicio de Salud Metropolitano Sur,Posta de Salud Rural Rangue,Paine,LACTANCIA MATERNA EXCLUSIVA,113410,13404,13
1021,4,13,113410,A0200001,13,13404,,4,,Servicio de Salud Metropolitano Sur,Posta de Salud Rural Rangue,Paine,MENORES CONTROLADOS,113410,13404,13
1022,2,13,113408,A0200002,13,13404,1,0,0,Servicio de Salud Metropolitano Sur,Posta de Salud Rural Pintué,Paine,LACTANCIA MATERNA EXCLUSIVA,113408,13404,13
1023,2,13,113408,A0200001,13,13404,3,0,0,Servicio de Salud Metropolitano Sur,Posta de Salud Rural Pintué,Paine,MENORES CONTROLADOS,113408,13404,13
1024,3,13,113410,A0200002,13,13404,1,0,1,Servicio de Salud Metropolitano Sur,Posta de Salud Rural Rangue,Paine,LACTANCIA MATERNA EXCLUSIVA,113410,13404,13
1025,3,13,113410,A0200001,13,13404,1,1,2,Servicio de Salud Metropolitano Sur,Posta de Salud Rural Rangue,Paine,MENORES CONTROLADOS,113410,13404,13
1026,1,13,113408,A0200002,13,13404,1,0,2,Servicio de Salud Metropolitano Sur,Posta de Salud Rural Pintué,Paine,LACTANCIA MATERNA EXCLUSIVA,113408,13404,13
1027,1,13,113408,A0200001,13,13404,1,1,2,Servicio de Salud Metropolitano Sur,Posta de Salud Rural Pintué,Paine,MENORES CONTROLADOS,113408,13404,13
1028,3,13,113408,A0200002,13,13404,0,2,0,Servicio de Salud Metropolitano Sur,Posta de Salud Rural Pintué,Paine,LACTANCIA MATERNA EXCLUSIVA,113408,13404,13
1029,3,13,113408,A0200001,13,13404,0,4,2,Servicio de Salud Metropolitano Sur,Posta de Salud Rural Pintué,Paine,MENORES CONTROLADOS,113408,13404,13
1030,4,13,113408,A0200002,13,13404,0,3,0,Servicio de Salud Metropolitano Sur,Posta de Salud Rural Pintué,Paine,LACTANCIA MATERNA EXCLUSIVA,113408,13404,13
1031,4,13,113408,A0200001,13,13404,0,3,1,Servicio de Salud Metropolitano Sur,Posta de Salud Rural Pintué,Paine,MENORES CONTROLADOS,113408,13404,13
1032,5,13,113408,A0200002,13,13404,1,0,0,Servicio de Salud Metropolitano Sur,Posta de Salud Rural Pintué,Paine,LACTANCIA MATERNA EXCLUSIVA,113408,13404,13
1033,5,13,113408,A0200001,13,13404,1,1,0,Servicio de Salud Metropolitano Sur,Posta de Salud Rural Pintué,Paine,MENORES CONTROLADOS,113408,13404,13
1034,6,13,113410,A0200002,13,13404,1,0,0,Servicio de Salud Metropolitano Sur,Posta de Salud Rural Rangue,Paine,LACTANCIA MATERNA EXCLUSIVA,113410,13404,13
1035,6,13,113410,A0200001,13,13404,2,0,1,Servicio de Salud Metropolitano Sur,Posta de Salud Rural Rangue,Paine,MENORES CONTROLADOS,113410,13404,13
1036,4,13,113412,A0200002,13,13404,0,0,0,Servicio de Salud Metropolitano Sur,Posta de Salud Rural Chada,Paine,LACTANCIA MATERNA EXCLUSIVA,113412,13404,13
1037,4,13,113412,A0200001,13,13404,0,1,0,Servicio de Salud Metropolitano Sur,Posta de Salud Rural Chada,Paine,MENORES CONTROLADOS,113412,13404,13
1038,8,13,113408,A0200001,13,13404,0,2,0,Servicio de Salud Metropolitano Sur,Posta de Salud Rural Pintué,Paine,MENORES CONTROLADOS,113408,13404,13
1039,8,13,113319,A0200002,13,13404,11,5,1,Servicio de Salud Metropolitano Sur,Centro de Salud Familiar Dr. Raúl Moya,Paine,LACTANCIA MATERNA EXCLUSIVA,113319,13404,13
1040,8,13,113319,A0200001,13,13404,14,8,4,Servicio de Salud Metropolitano Sur,Centro de Salud Familiar Dr. Raúl Moya,Paine,MENORES CONTROLADOS,113319,13404,13
1041,8,13,113412,A0200002,13,13404,0,2,,Servicio de Salud Metropolitano Sur,Posta de Salud Rural Chada,Paine,LACTANCIA MATERNA EXCLUSIVA,113412,13404,13
1042,8,13,113412,A0200001,13,13404,1,3,0,Servicio de Salud Metropolitano Sur,Posta de Salud Rural Chada,Paine,MENORES CONTROLADOS,113412,13404,13
1043,8,13,113410,A0200002,13,13404,1,0,1,Servicio de Salud Metropolitano Sur,Posta de Salud Rural Rangue,Paine,LACTANCIA MATERNA EXCLUSIVA,113410,13404,13
1044,8,13,113410,A0200001,13,13404,2,2,2,Servicio de Salud Metropolitano Sur,Posta de Salud Rural Rangue,Paine,MENORES CONTROLADOS,113410,13404,13
1045,4,13,113319,A0200002,13,13404,6,2,4,Servicio de Salud Metropolitano Sur,Centro de Salud Familiar Dr. Raúl Moya,Paine,LACTANCIA MATERNA EXCLUSIVA,113319,13404,13
1046,4,13,113319,A0200001,13,13404,8,6,13,Servicio de Salud Metropolitano Sur,Centro de Salud Familiar Dr. Raúl Moya,Paine,MENORES CONTROLADOS,113319,13404,13
1047,2,13,113319,A0200002,13,13404,0,6,1,Servicio de Salud Metropolitano Sur,Centro de Salud Familiar Dr. Raúl Moya,Paine,LACTANCIA MATERNA EXCLUSIVA,113319,13404,13
1048,2,13,113319,A0200001,13,13404,5,10,6,Servicio de Salud Metropolitano Sur,Centro de Salud Familiar Dr. Raúl Moya,Paine,MENORES CONTROLADOS,113319,13404,13
1049,3,13,113319,A0200002,13,13404,3,8,4,Servicio de Salud Metropolitano Sur,Centro de Salud Familiar Dr. Raúl Moya,Paine,LACTANCIA MATERNA EXCLUSIVA,113319,13404,13
1050,3,13,113319,A0200001,13,13404,4,14,5,Servicio de Salud Metropolitano Sur,Centro de Salud Familiar Dr. Raúl Moya,Paine,MENORES CONTROLADOS,113319,13404,13
1051,7,13,113410,A0200002,13,13404,1,2,0,Servicio de Salud Metropolitano Sur,Posta de Salud Rural Rangue,Paine,LACTANCIA MATERNA EXCLUSIVA,113410,13404,13
1052,7,13,113410,A0200001,13,13404,1,2,0,Servicio de Salud Metropolitano Sur,Posta de Salud Rural Rangue,Paine,MENORES CONTROLADOS,113410,13404,13
1053,7,13,113412,A0200002,13,13404,0,1,0,Servicio de Salud Metropolitano Sur,Posta de Salud Rural Chada,Paine,LACTANCIA MATERNA EXCLUSIVA,113412,13404,13
1054,7,13,113412,A0200001,13,13404,1,3,2,Servicio de Salud Metropolitano Sur,Posta de Salud Rural Chada,Paine,MENORES CONTROLADOS,113412,13404,13
1055,7,13,113319,A0200002,13,13404,3,6,1,Servicio de Salud Metropolitano Sur,Centro de Salud Familiar Dr. Raúl Moya,Paine,LACTANCIA MATERNA EXCLUSIVA,113319,13404,13
1056,7,13,113319,A0200001,13,13404,7,11,5,Servicio de Salud Metropolitano Sur,Centro de Salud Familiar Dr. Raúl Moya,Paine,MENORES CONTROLADOS,113319,13404,13
1057,7,13,113408,A0200002,13,13404,0,2,1,Servicio de Salud Metropolitano Sur,Posta de Salud Rural Pintué,Paine,LACTANCIA MATERNA EXCLUSIVA,113408,13404,13
1058,7,13,113408,A0200001,13,13404,2,2,4,Servicio de Salud Metropolitano Sur,Posta de Salud Rural Pintué,Paine,MENORES CONTROLADOS,113408,13404,13
1059,6,13,113408,A0200002,13,13404,0,0,0,Servicio de Salud Metropolitano Sur,Posta de Salud Rural Pintué,Paine,LACTANCIA MATERNA EXCLUSIVA,113408,13404,13
1060,6,13,113408,A0200001,13,13404,1,1,0,Servicio de Salud Metropolitano Sur,Posta de Salud Rural Pintué,Paine,MENORES CONTROLADOS,113408,13404,13
1061,1,13,113410,A0200002,13,13404,0,0,0,Servicio de Salud Metropolitano Sur,Posta de Salud Rural Rangue,Paine,LACTANCIA MATERNA EXCLUSIVA,113410,13404,13
1062,1,13,113410,A0200001,13,13404,0,0,0,Servicio de Salud Metropolitano Sur,Posta de Salud Rural Rangue,Paine,MENORES CONTROLADOS,113410,13404,13
1063,2,13,113410,A0200002,13,13404,2,,,Servicio de Salud Metropolitano Sur,Posta de Salud Rural Rangue,Paine,LACTANCIA MATERNA EXCLUSIVA,113410,13404,13
1064,2,13,113410,A0200001,13,13404,2,1,,Servicio de Salud Metropolitano Sur,Posta de Salud Rural Rangue,Paine,MENORES CONTROLADOS,113410,13404,13
1065,5,13,113319,A0200002,13,13404,6,2,3,Servicio de Salud Metropolitano Sur,Centro de Salud Familiar Dr. Raúl Moya,Paine,LACTANCIA MATERNA EXCLUSIVA,113319,13404,13
1066,5,13,113319,A0200001,13,13404,11,4,7,Servicio de Salud Metropolitano Sur,Centro de Salud Familiar Dr. Raúl Moya,Paine,MENORES CONTROLADOS,113319,13404,13
1067,1,13,113319,A0200002,13,13404,5,7,4,Servicio de Salud Metropolitano Sur,Centro de Salud Familiar Dr. Raúl Moya,Paine,LACTANCIA MATERNA EXCLUSIVA,113319,13404,13
1068,1,13,113319,A0200001,13,13404,5,10,7,Servicio de Salud Metropolitano Sur,Centro de Salud Familiar Dr. Raúl Moya,Paine,MENORES CONTROLADOS,113319,13404,13
1069,6,13,113319,A0200002,13,13404,4,3,5,Servicio de Salud Metropolitano Sur,Centro de Salud Familiar Dr. Raúl Moya,Paine,LACTANCIA MATERNA EXCLUSIVA,113319,13404,13
1070,6,13,113319,A0200001,13,13404,6,6,6,Servicio de Salud Metropolitano Sur,Centro de Salud Familiar Dr. Raúl Moya,Paine,MENORES CONTROLADOS,113319,13404,13
1071,6,13,113409,A0200002,13,13404,3,2,0,Servicio de Salud Metropolitano Sur,Posta de Salud Rural Huelquén,Paine,LACTANCIA MATERNA EXCLUSIVA,113409,13404,13
1072,6,13,113409,A0200001,13,13404,4,5,1,Servicio de Salud Metropolitano Sur,Posta de Salud Rural Huelquén,Paine,MENORES CONTROLADOS,113409,13404,13
1073,3,13,113409,A0200002,13,13404,2,1,3,Servicio de Salud Metropolitano Sur,Posta de Salud Rural Huelquén,Paine,LACTANCIA MATERNA EXCLUSIVA,113409,13404,13
1074,3,13,113409,A0200001,13,13404,3,3,5,Servicio de Salud Metropolitano Sur,Posta de Salud Rural Huelquén,Paine,MENORES CONTROLADOS,113409,13404,13
1075,1,13,113409,A0200001,13,13404,8,2,4,Servicio de Salud Metropolitano Sur,Posta de Salud Rural Huelquén,Paine,MENORES CONTROLADOS,113409,13404,13
1076,5,13,113409,A0200002,13,13404,2,2,4,Servicio de Salud Metropolitano Sur,Posta de Salud Rural Huelquén,Paine,LACTANCIA MATERNA EXCLUSIVA,113409,13404,13
1077,5,13,113409,A0200001,13,13404,4,3,6,Servicio de Salud Metropolitano Sur,Posta de Salud Rural Huelquén,Paine,MENORES CONTROLADOS,113409,13404,13
1078,1,13,113409,A0200002,13,13404,4,1,1,Servicio de Salud Metropolitano Sur,Posta de Salud Rural Huelquén,Paine,LACTANCIA MATERNA EXCLUSIVA,113409,13404,13
1079,2,13,113409,A0200002,13,13404,3,3,1,Servicio de Salud Metropolitano Sur,Posta de Salud Rural Huelquén,Paine,LACTANCIA MATERNA EXCLUSIVA,113409,13404,13
1080,2,13,113409,A0200001,13,13404,5,8,2,Servicio de Salud Metropolitano Sur,Posta de Salud Rural Huelquén,Paine,MENORES CONTROLADOS,113409,13404,13
1081,7,10,110331,A0200001,13,13103,15,8,9,Servicio de Salud Metropolitano Occidente,Centro de Salud Familiar Lo Amor,Cerro Navia,MENORES CONTROLADOS,110331,13103,10
1082,4,13,113409,A0200002,13,13404,4,2,1,Servicio de Salud Metropolitano Sur,Posta de Salud Rural Huelquén,Paine,LACTANCIA MATERNA EXCLUSIVA,113409,13404,13
1083,4,13,113409,A0200001,13,13404,6,8,1,Servicio de Salud Metropolitano Sur,Posta de Salud Rural Huelquén,Paine,MENORES CONTROLADOS,113409,13404,13
1084,8,13,113409,A0200001,13,13404,0,1,5,Servicio de Salud Metropolitano Sur,Posta de Salud Rural Huelquén,Paine,MENORES CONTROLADOS,113409,13404,13
1085,8,13,113409,A0200002,13,13404,0,0,3,Servicio de Salud Metropolitano Sur,Posta de Salud Rural Huelquén,Paine,LACTANCIA MATERNA EXCLUSIVA,113409,13404,13
1086,7,13,113409,A0200002,13,13404,1,1,0,Servicio de Salud Metropolitano Sur,Posta de Salud Rural Huelquén,Paine,LACTANCIA MATERNA EXCLUSIVA,113409,13404,13
1087,7,13,113409,A0200001,13,13404,2,3,4,Servicio de Salud Metropolitano Sur,Posta de Salud Rural Huelquén,Paine,MENORES CONTROLADOS,113409,13404,13
1088,1,12,112717,A0200002,13,13113,1,,,Servicio de Salud Metropolitano Oriente,Centro Comunitario de Salud Familiar Dragones de La Reina,La Reina,LACTANCIA MATERNA EXCLUSIVA,112717,13113,12
1089,1,12,112717,A0200001,13,13113,2,,,Servicio de Salud Metropolitano Oriente,Centro Comunitario de Salud Familiar Dragones de La Reina,La Reina,MENORES CONTROLADOS,112717,13113,12
1090,2,11,111370,A0200002,13,13101,16,16,11,Servicio de Salud Metropolitano Central,Centro de Salud Familiar Padre Orellana,Santiago,LACTANCIA MATERNA EXCLUSIVA,111370,13101,11
1091,2,11,111370,A0200001,13,13101,32,33,20,Servicio de Salud Metropolitano Central,Centro de Salud Familiar Padre Orellana,Santiago,MENORES CONTROLADOS,111370,13101,11
1092,7,10,110331,A0200002,13,13103,9,2,4,Servicio de Salud Metropolitano Occidente,Centro de Salud Familiar Lo Amor,Cerro Navia,LACTANCIA MATERNA EXCLUSIVA,110331,13103,10
1093,3,14,114311,A0200002,13,13112,7,10,3,Servicio de Salud Metropolitano Sur - Oriente,Centro de Salud Familiar Santiago de Nueva Extremadura,La Pintana,LACTANCIA MATERNA EXCLUSIVA,114311,13112,14
1094,3,14,114311,A0200001,13,13112,13,15,9,Servicio de Salud Metropolitano Sur - Oriente,Centro de Salud Familiar Santiago de Nueva Extremadura,La Pintana,MENORES CONTROLADOS,114311,13112,14
1095,2,14,114318,A0200002,13,13112,2,4,5,Servicio de Salud Metropolitano Sur - Oriente,Centro de Salud Familiar Flor Fernández,La Pintana,LACTANCIA MATERNA EXCLUSIVA,114318,13112,14
1096,2,14,114311,A0200002,13,13112,7,3,3,Servicio de Salud Metropolitano Sur - Oriente,Centro de Salud Familiar Santiago de Nueva Extremadura,La Pintana,LACTANCIA MATERNA EXCLUSIVA,114311,13112,14
1097,5,14,114318,A0200002,13,13112,1,1,2,Servicio de Salud Metropolitano Sur - Oriente,Centro de Salud Familiar Flor Fernández,La Pintana,LACTANCIA MATERNA EXCLUSIVA,114318,13112,14
1098,5,14,114311,A0200002,13,13112,11,4,6,Servicio de Salud Metropolitano Sur - Oriente,Centro de Salud Familiar Santiago de Nueva Extremadura,La Pintana,LACTANCIA MATERNA EXCLUSIVA,114311,13112,14
1099,6,14,114311,A0200001,13,13112,17,15,8,Servicio de Salud Metropolitano Sur - Oriente,Centro de Salud Familiar Santiago de Nueva Extremadura,La Pintana,MENORES CONTROLADOS,114311,13112,14
1100,5,14,114318,A0200001,13,13112,1,3,2,Servicio de Salud Metropolitano Sur - Oriente,Centro de Salud Familiar Flor Fernández,La Pintana,MENORES CONTROLADOS,114318,13112,14
1101,3,14,114318,A0200002,13,13112,5,2,2,Servicio de Salud Metropolitano Sur - Oriente,Centro de Salud Familiar Flor Fernández,La Pintana,LACTANCIA MATERNA EXCLUSIVA,114318,13112,14
1102,3,14,114318,A0200001,13,13112,6,5,6,Servicio de Salud Metropolitano Sur - Oriente,Centro de Salud Familiar Flor Fernández,La Pintana,MENORES CONTROLADOS,114318,13112,14
1103,6,14,114311,A0200002,13,13112,8,13,6,Servicio de Salud Metropolitano Sur - Oriente,Centro de Salud Familiar Santiago de Nueva Extremadura,La Pintana,LACTANCIA MATERNA EXCLUSIVA,114311,13112,14
1104,8,14,114311,A0200002,13,13112,4,8,4,Servicio de Salud Metropolitano Sur - Oriente,Centro de Salud Familiar Santiago de Nueva Extremadura,La Pintana,LACTANCIA MATERNA EXCLUSIVA,114311,13112,14
1105,8,14,114311,A0200001,13,13112,9,14,8,Servicio de Salud Metropolitano Sur - Oriente,Centro de Salud Familiar Santiago de Nueva Extremadura,La Pintana,MENORES CONTROLADOS,114311,13112,14
1106,7,14,114311,A0200002,13,13112,9,7,9,Servicio de Salud Metropolitano Sur - Oriente,Centro de Salud Familiar Santiago de Nueva Extremadura,La Pintana,LACTANCIA MATERNA EXCLUSIVA,114311,13112,14
1107,7,14,114311,A0200001,13,13112,13,17,14,Servicio de Salud Metropolitano Sur - Oriente,Centro de Salud Familiar Santiago de Nueva Extremadura,La Pintana,MENORES CONTROLADOS,114311,13112,14
1108,7,14,114318,A0200002,13,13112,6,1,5,Servicio de Salud Metropolitano Sur - Oriente,Centro de Salud Familiar Flor Fernández,La Pintana,LACTANCIA MATERNA EXCLUSIVA,114318,13112,14
1109,7,14,114318,A0200001,13,13112,9,2,8,Servicio de Salud Metropolitano Sur - Oriente,Centro de Salud Familiar Flor Fernández,La Pintana,MENORES CONTROLADOS,114318,13112,14
1110,5,14,114308,A0200002,13,13112,7,5,5,Servicio de Salud Metropolitano Sur - Oriente,Centro de Salud Familiar San Rafael,La Pintana,LACTANCIA MATERNA EXCLUSIVA,114308,13112,14
1111,5,14,114308,A0200001,13,13112,7,11,10,Servicio de Salud Metropolitano Sur - Oriente,Centro de Salud Familiar San Rafael,La Pintana,MENORES CONTROLADOS,114308,13112,14
1112,3,14,114309,A0200002,13,13112,11,3,8,Servicio de Salud Metropolitano Sur - Oriente,Centro de Salud Familiar Pablo de Rokha,La Pintana,LACTANCIA MATERNA EXCLUSIVA,114309,13112,14
1113,2,14,114309,A0200002,13,13112,8,6,2,Servicio de Salud Metropolitano Sur - Oriente,Centro de Salud Familiar Pablo de Rokha,La Pintana,LACTANCIA MATERNA EXCLUSIVA,114309,13112,14
1114,2,14,114308,A0200001,13,13112,10,4,5,Servicio de Salud Metropolitano Sur - Oriente,Centro de Salud Familiar San Rafael,La Pintana,MENORES CONTROLADOS,114308,13112,14
1115,2,14,114308,A0200002,13,13112,5,2,4,Servicio de Salud Metropolitano Sur - Oriente,Centro de Salud Familiar San Rafael,La Pintana,LACTANCIA MATERNA EXCLUSIVA,114308,13112,14
1116,1,14,114308,A0200002,13,13112,2,2,5,Servicio de Salud Metropolitano Sur - Oriente,Centro de Salud Familiar San Rafael,La Pintana,LACTANCIA MATERNA EXCLUSIVA,114308,13112,14
1117,1,14,114308,A0200001,13,13112,6,7,8,Servicio de Salud Metropolitano Sur - Oriente,Centro de Salud Familiar San Rafael,La Pintana,MENORES CONTROLADOS,114308,13112,14
1118,1,14,114309,A0200002,13,13112,7,5,7,Servicio de Salud Metropolitano Sur - Oriente,Centro de Salud Familiar Pablo de Rokha,La Pintana,LACTANCIA MATERNA EXCLUSIVA,114309,13112,14
1119,1,14,114309,A0200001,13,13112,18,14,11,Servicio de Salud Metropolitano Sur - Oriente,Centro de Salud Familiar Pablo de Rokha,La Pintana,MENORES CONTROLADOS,114309,13112,14
1120,6,14,114309,A0200001,13,13112,9,10,11,Servicio de Salud Metropolitano Sur - Oriente,Centro de Salud Familiar Pablo de Rokha,La Pintana,MENORES CONTROLADOS,114309,13112,14
1121,6,14,114309,A0200002,13,13112,5,6,4,Servicio de Salud Metropolitano Sur - Oriente,Centro de Salud Familiar Pablo de Rokha,La Pintana,LACTANCIA MATERNA EXCLUSIVA,114309,13112,14
1122,3,14,114309,A0200001,13,13112,19,8,10,Servicio de Salud Metropolitano Sur - Oriente,Centro de Salud Familiar Pablo de Rokha,La Pintana,MENORES CONTROLADOS,114309,13112,14
1123,3,14,114308,A0200002,13,13112,8,5,4,Servicio de Salud Metropolitano Sur - Oriente,Centro de Salud Familiar San Rafael,La Pintana,LACTANCIA MATERNA EXCLUSIVA,114308,13112,14
1124,3,14,114308,A0200001,13,13112,12,11,10,Servicio de Salud Metropolitano Sur - Oriente,Centro de Salud Familiar San Rafael,La Pintana,MENORES CONTROLADOS,114308,13112,14
1125,4,14,114308,A0200002,13,13112,6,13,9,Servicio de Salud Metropolitano Sur - Oriente,Centro de Salud Familiar San Rafael,La Pintana,LACTANCIA MATERNA EXCLUSIVA,114308,13112,14
1126,4,14,114308,A0200001,13,13112,11,25,15,Servicio de Salud Metropolitano Sur - Oriente,Centro de Salud Familiar San Rafael,La Pintana,MENORES CONTROLADOS,114308,13112,14
1127,6,14,114308,A0200002,13,13112,7,8,6,Servicio de Salud Metropolitano Sur - Oriente,Centro de Salud Familiar San Rafael,La Pintana,LACTANCIA MATERNA EXCLUSIVA,114308,13112,14
1128,6,14,114308,A0200001,13,13112,11,12,8,Servicio de Salud Metropolitano Sur - Oriente,Centro de Salud Familiar San Rafael,La Pintana,MENORES CONTROLADOS,114308,13112,14
1129,4,14,114309,A0200002,13,13112,5,3,3,Servicio de Salud Metropolitano Sur - Oriente,Centro de Salud Familiar Pablo de Rokha,La Pintana,LACTANCIA MATERNA EXCLUSIVA,114309,13112,14
1130,4,14,114309,A0200001,13,13112,7,12,9,Servicio de Salud Metropolitano Sur - Oriente,Centro de Salud Familiar Pablo de Rokha,La Pintana,MENORES CONTROLADOS,114309,13112,14
1131,2,14,114309,A0200001,13,13112,16,12,6,Servicio de Salud Metropolitano Sur - Oriente,Centro de Salud Familiar Pablo de Rokha,La Pintana,MENORES CONTROLADOS,114309,13112,14
1132,7,14,114309,A0200002,13,13112,4,8,5,Servicio de Salud Metropolitano Sur - Oriente,Centro de Salud Familiar Pablo de Rokha,La Pintana,LACTANCIA MATERNA EXCLUSIVA,114309,13112,14
1133,7,14,114309,A0200001,13,13112,14,14,14,Servicio de Salud Metropolitano Sur - Oriente,Centro de Salud Familiar Pablo de Rokha,La Pintana,MENORES CONTROLADOS,114309,13112,14
1134,7,14,114308,A0200002,13,13112,5,8,10,Servicio de Salud Metropolitano Sur - Oriente,Centro de Salud Familiar San Rafael,La Pintana,LACTANCIA MATERNA EXCLUSIVA,114308,13112,14
1135,7,14,114308,A0200001,13,13112,9,17,16,Servicio de Salud Metropolitano Sur - Oriente,Centro de Salud Familiar San Rafael,La Pintana,MENORES CONTROLADOS,114308,13112,14
1136,5,14,114309,A0200002,13,13112,6,7,4,Servicio de Salud Metropolitano Sur - Oriente,Centro de Salud Familiar Pablo de Rokha,La Pintana,LACTANCIA MATERNA EXCLUSIVA,114309,13112,14
1137,5,14,114309,A0200001,13,13112,12,11,12,Servicio de Salud Metropolitano Sur - Oriente,Centro de Salud Familiar Pablo de Rokha,La Pintana,MENORES CONTROLADOS,114309,13112,14
1138,8,14,114308,A0200002,13,13112,9,7,7,Servicio de Salud Metropolitano Sur - Oriente,Centro de Salud Familiar San Rafael,La Pintana,LACTANCIA MATERNA EXCLUSIVA,114308,13112,14
1139,8,14,114308,A0200001,13,13112,11,10,17,Servicio de Salud Metropolitano Sur - Oriente,Centro de Salud Familiar San Rafael,La Pintana,MENORES CONTROLADOS,114308,13112,14
1140,8,14,114309,A0200002,13,13112,7,4,7,Servicio de Salud Metropolitano Sur - Oriente,Centro de Salud Familiar Pablo de Rokha,La Pintana,LACTANCIA MATERNA EXCLUSIVA,114309,13112,14
1141,8,14,114309,A0200001,13,13112,13,10,16,Servicio de Salud Metropolitano Sur - Oriente,Centro de Salud Familiar Pablo de Rokha,La Pintana,MENORES CONTROLADOS,114309,13112,14
1142,1,14,114317,A0200002,13,13112,7,5,5,Servicio de Salud Metropolitano Sur - Oriente,Centro de Salud Familiar Santo Tomás,La Pintana,LACTANCIA MATERNA EXCLUSIVA,114317,13112,14
1143,1,14,114317,A0200001,13,13112,11,12,9,Servicio de Salud Metropolitano Sur - Oriente,Centro de Salud Familiar Santo Tomás,La Pintana,MENORES CONTROLADOS,114317,13112,14
1144,3,14,114317,A0200001,13,13112,11,14,8,Servicio de Salud Metropolitano Sur - Oriente,Centro de Salud Familiar Santo Tomás,La Pintana,MENORES CONTROLADOS,114317,13112,14
1145,7,14,114317,A0200002,13,13112,9,11,6,Servicio de Salud Metropolitano Sur - Oriente,Centro de Salud Familiar Santo Tomás,La Pintana,LACTANCIA MATERNA EXCLUSIVA,114317,13112,14
1146,7,14,114317,A0200001,13,13112,11,21,16,Servicio de Salud Metropolitano Sur - Oriente,Centro de Salud Familiar Santo Tomás,La Pintana,MENORES CONTROLADOS,114317,13112,14
1147,4,14,114317,A0200002,13,13112,10,8,3,Servicio de Salud Metropolitano Sur - Oriente,Centro de Salud Familiar Santo Tomás,La Pintana,LACTANCIA MATERNA EXCLUSIVA,114317,13112,14
1148,4,14,114317,A0200001,13,13112,14,18,8,Servicio de Salud Metropolitano Sur - Oriente,Centro de Salud Familiar Santo Tomás,La Pintana,MENORES CONTROLADOS,114317,13112,14
1149,2,14,114317,A0200001,13,13112,15,5,6,Servicio de Salud Metropolitano Sur - Oriente,Centro de Salud Familiar Santo Tomás,La Pintana,MENORES CONTROLADOS,114317,13112,14
1150,2,14,114317,A0200002,13,13112,9,1,2,Servicio de Salud Metropolitano Sur - Oriente,Centro de Salud Familiar Santo Tomás,La Pintana,LACTANCIA MATERNA EXCLUSIVA,114317,13112,14
1151,3,14,114317,A0200002,13,13112,7,6,4,Servicio de Salud Metropolitano Sur - Oriente,Centro de Salud Familiar Santo Tomás,La Pintana,LACTANCIA MATERNA EXCLUSIVA,114317,13112,14
1152,6,14,114317,A0200002,13,13112,12,3,3,Servicio de Salud Metropolitano Sur - Oriente,Centro de Salud Familiar Santo Tomás,La Pintana,LACTANCIA MATERNA EXCLUSIVA,114317,13112,14
1153,6,14,114317,A0200001,13,13112,19,6,9,Servicio de Salud Metropolitano Sur - Oriente,Centro de Salud Familiar Santo Tomás,La Pintana,MENORES CONTROLADOS,114317,13112,14
1154,8,14,114317,A0200002,13,13112,7,9,6,Servicio de Salud Metropolitano Sur - Oriente,Centro de Salud Familiar Santo Tomás,La Pintana,LACTANCIA MATERNA EXCLUSIVA,114317,13112,14
1155,8,14,114317,A0200001,13,13112,13,19,9,Servicio de Salud Metropolitano Sur - Oriente,Centro de Salud Familiar Santo Tomás,La Pintana,MENORES CONTROLADOS,114317,13112,14
1156,5,14,114317,A0200002,13,13112,7,5,1,Servicio de Salud Metropolitano Sur - Oriente,Centro de Salud Familiar Santo Tomás,La Pintana,LACTANCIA MATERNA EXCLUSIVA,114317,13112,14
1157,5,14,114317,A0200001,13,13112,14,7,4,Servicio de Salud Metropolitano Sur - Oriente,Centro de Salud Familiar Santo Tomás,La Pintana,MENORES CONTROLADOS,114317,13112,14
1158,3,14,114328,A0200001,13,13131,25,12,12,Servicio de Salud Metropolitano Sur - Oriente,Centro de Salud Familiar Poetisa Gabriela Mistral,San Ramón,MENORES CONTROLADOS,114328,13131,14
1159,6,14,114328,A0200002,13,13131,13,7,11,Servicio de Salud Metropolitano Sur - Oriente,Centro de Salud Familiar Poetisa Gabriela Mistral,San Ramón,LACTANCIA MATERNA EXCLUSIVA,114328,13131,14
1160,6,14,114328,A0200001,13,13131,13,8,11,Servicio de Salud Metropolitano Sur - Oriente,Centro de Salud Familiar Poetisa Gabriela Mistral,San Ramón,MENORES CONTROLADOS,114328,13131,14
1161,4,14,114328,A0200002,13,13131,8,18,8,Servicio de Salud Metropolitano Sur - Oriente,Centro de Salud Familiar Poetisa Gabriela Mistral,San Ramón,LACTANCIA MATERNA EXCLUSIVA,114328,13131,14
1162,4,14,114328,A0200001,13,13131,9,22,8,Servicio de Salud Metropolitano Sur - Oriente,Centro de Salud Familiar Poetisa Gabriela Mistral,San Ramón,MENORES CONTROLADOS,114328,13131,14
1163,1,14,114328,A0200001,13,13131,17,16,15,Servicio de Salud Metropolitano Sur - Oriente,Centro de Salud Familiar Poetisa Gabriela Mistral,San Ramón,MENORES CONTROLADOS,114328,13131,14
1164,1,14,114328,A0200002,13,13131,15,12,9,Servicio de Salud Metropolitano Sur - Oriente,Centro de Salud Familiar Poetisa Gabriela Mistral,San Ramón,LACTANCIA MATERNA EXCLUSIVA,114328,13131,14
1165,3,14,114328,A0200002,13,13131,18,8,0,Servicio de Salud Metropolitano Sur - Oriente,Centro de Salud Familiar Poetisa Gabriela Mistral,San Ramón,LACTANCIA MATERNA EXCLUSIVA,114328,13131,14
1166,2,14,114328,A0200002,13,13131,3,1,5,Servicio de Salud Metropolitano Sur - Oriente,Centro de Salud Familiar Poetisa Gabriela Mistral,San Ramón,LACTANCIA MATERNA EXCLUSIVA,114328,13131,14
1167,2,14,114328,A0200001,13,13131,4,3,10,Servicio de Salud Metropolitano Sur - Oriente,Centro de Salud Familiar Poetisa Gabriela Mistral,San Ramón,MENORES CONTROLADOS,114328,13131,14
1168,5,14,114328,A0200001,13,13131,3,9,13,Servicio de Salud Metropolitano Sur - Oriente,Centro de Salud Familiar Poetisa Gabriela Mistral,San Ramón,MENORES CONTROLADOS,114328,13131,14
1169,5,14,114328,A0200002,13,13131,3,3,8,Servicio de Salud Metropolitano Sur - Oriente,Centro de Salud Familiar Poetisa Gabriela Mistral,San Ramón,LACTANCIA MATERNA EXCLUSIVA,114328,13131,14
1170,7,14,114328,A0200002,13,13131,11,9,8,Servicio de Salud Metropolitano Sur - Oriente,Centro de Salud Familiar Poetisa Gabriela Mistral,San Ramón,LACTANCIA MATERNA EXCLUSIVA,114328,13131,14
1171,7,14,114328,A0200001,13,13131,13,9,10,Servicio de Salud Metropolitano Sur - Oriente,Centro de Salud Familiar Poetisa Gabriela Mistral,San Ramón,MENORES CONTROLADOS,114328,13131,14
1172,8,14,114328,A0200002,13,13131,12,6,16,Servicio de Salud Metropolitano Sur - Oriente,Centro de Salud Familiar Poetisa Gabriela Mistral,San Ramón,LACTANCIA MATERNA EXCLUSIVA,114328,13131,14
1173,8,14,114328,A0200001,13,13131,12,15,16,Servicio de Salud Metropolitano Sur - Oriente,Centro de Salud Familiar Poetisa Gabriela Mistral,San Ramón,MENORES CONTROLADOS,114328,13131,14
1174,3,14,114714,A0200002,13,13131,1,2,,Servicio de Salud Metropolitano Sur - Oriente,Centro Comunitario de Salud Familiar Modelo,San Ramón,LACTANCIA MATERNA EXCLUSIVA,114714,13131,14
1175,3,14,114714,A0200001,13,13131,1,2,,Servicio de Salud Metropolitano Sur - Oriente,Centro Comunitario de Salud Familiar Modelo,San Ramón,MENORES CONTROLADOS,114714,13131,14
1176,1,14,114314,A0200002,13,13131,7,3,4,Servicio de Salud Metropolitano Sur - Oriente,Centro de Salud Familiar Dr. Salvador Allende (Ex Consultorio San Ramón),San Ramón,LACTANCIA MATERNA EXCLUSIVA,114314,13131,14
1177,4,14,114714,A0200002,13,13131,2,3,1,Servicio de Salud Metropolitano Sur - Oriente,Centro Comunitario de Salud Familiar Modelo,San Ramón,LACTANCIA MATERNA EXCLUSIVA,114714,13131,14
1178,4,14,114714,A0200001,13,13131,4,7,1,Servicio de Salud Metropolitano Sur - Oriente,Centro Comunitario de Salud Familiar Modelo,San Ramón,MENORES CONTROLADOS,114714,13131,14
1179,5,14,114307,A0200001,13,13131,19,10,18,Servicio de Salud Metropolitano Sur - Oriente,Centro de Salud Familiar La Bandera,San Ramón,MENORES CONTROLADOS,114307,13131,14
1180,5,14,114714,A0200001,13,13131,3,4,4,Servicio de Salud Metropolitano Sur - Oriente,Centro Comunitario de Salud Familiar Modelo,San Ramón,MENORES CONTROLADOS,114714,13131,14
1181,5,14,114714,A0200002,13,13131,2,2,2,Servicio de Salud Metropolitano Sur - Oriente,Centro Comunitario de Salud Familiar Modelo,San Ramón,LACTANCIA MATERNA EXCLUSIVA,114714,13131,14
1182,7,14,114314,A0200002,13,13131,7,6,6,Servicio de Salud Metropolitano Sur - Oriente,Centro de Salud Familiar Dr. Salvador Allende (Ex Consultorio San Ramón),San Ramón,LACTANCIA MATERNA EXCLUSIVA,114314,13131,14
1183,7,14,114314,A0200001,13,13131,8,12,7,Servicio de Salud Metropolitano Sur - Oriente,Centro de Salud Familiar Dr. Salvador Allende (Ex Consultorio San Ramón),San Ramón,MENORES CONTROLADOS,114314,13131,14
1184,4,14,114307,A0200001,13,13131,20,14,16,Servicio de Salud Metropolitano Sur - Oriente,Centro de Salud Familiar La Bandera,San Ramón,MENORES CONTROLADOS,114307,13131,14
1185,7,14,114307,A0200002,13,13131,2,5,7,Servicio de Salud Metropolitano Sur - Oriente,Centro de Salud Familiar La Bandera,San Ramón,LACTANCIA MATERNA EXCLUSIVA,114307,13131,14
1186,7,14,114307,A0200001,13,13131,3,11,12,Servicio de Salud Metropolitano Sur - Oriente,Centro de Salud Familiar La Bandera,San Ramón,MENORES CONTROLADOS,114307,13131,14
1187,2,14,114714,A0200001,13,13131,,4,2,Servicio de Salud Metropolitano Sur - Oriente,Centro Comunitario de Salud Familiar Modelo,San Ramón,MENORES CONTROLADOS,114714,13131,14
1188,1,14,114307,A0200001,13,13131,4,19,12,Servicio de Salud Metropolitano Sur - Oriente,Centro de Salud Familiar La Bandera,San Ramón,MENORES CONTROLADOS,114307,13131,14
1189,2,14,114714,A0200002,13,13131,,3,,Servicio de Salud Metropolitano Sur - Oriente,Centro Comunitario de Salud Familiar Modelo,San Ramón,LACTANCIA MATERNA EXCLUSIVA,114714,13131,14
1190,1,14,114307,A0200002,13,13131,3,11,7,Servicio de Salud Metropolitano Sur - Oriente,Centro de Salud Familiar La Bandera,San Ramón,LACTANCIA MATERNA EXCLUSIVA,114307,13131,14
1191,6,14,114714,A0200002,13,13131,3,2,3,Servicio de Salud Metropolitano Sur - Oriente,Centro Comunitario de Salud Familiar Modelo,San Ramón,LACTANCIA MATERNA EXCLUSIVA,114714,13131,14
1192,6,14,114714,A0200001,13,13131,5,9,4,Servicio de Salud Metropolitano Sur - Oriente,Centro Comunitario de Salud Familiar Modelo,San Ramón,MENORES CONTROLADOS,114714,13131,14
1193,5,14,114314,A0200002,13,13131,5,2,4,Servicio de Salud Metropolitano Sur - Oriente,Centro de Salud Familiar Dr. Salvador Allende (Ex Consultorio San Ramón),San Ramón,LACTANCIA MATERNA EXCLUSIVA,114314,13131,14
1194,2,14,114314,A0200002,13,13131,7,2,1,Servicio de Salud Metropolitano Sur - Oriente,Centro de Salud Familiar Dr. Salvador Allende (Ex Consultorio San Ramón),San Ramón,LACTANCIA MATERNA EXCLUSIVA,114314,13131,14
1195,2,14,114314,A0200001,13,13131,7,6,5,Servicio de Salud Metropolitano Sur - Oriente,Centro de Salud Familiar Dr. Salvador Allende (Ex Consultorio San Ramón),San Ramón,MENORES CONTROLADOS,114314,13131,14
1196,2,14,114307,A0200001,13,13131,15,16,15,Servicio de Salud Metropolitano Sur - Oriente,Centro de Salud Familiar La Bandera,San Ramón,MENORES CONTROLADOS,114307,13131,14
1197,1,14,114714,A0200002,13,13131,3,1,,Servicio de Salud Metropolitano Sur - Oriente,Centro Comunitario de Salud Familiar Modelo,San Ramón,LACTANCIA MATERNA EXCLUSIVA,114714,13131,14
1198,1,14,114714,A0200001,13,13131,3,1,,Servicio de Salud Metropolitano Sur - Oriente,Centro Comunitario de Salud Familiar Modelo,San Ramón,MENORES CONTROLADOS,114714,13131,14
1199,2,14,114307,A0200002,13,13131,13,11,13,Servicio de Salud Metropolitano Sur - Oriente,Centro de Salud Familiar La Bandera,San Ramón,LACTANCIA MATERNA EXCLUSIVA,114307,13131,14
1200,4,14,114307,A0200002,13,13131,18,11,8,Servicio de Salud Metropolitano Sur - Oriente,Centro de Salud Familiar La Bandera,San Ramón,LACTANCIA MATERNA EXCLUSIVA,114307,13131,14
1201,5,14,114314,A0200001,13,13131,11,5,10,Servicio de Salud Metropolitano Sur - Oriente,Centro de Salud Familiar Dr. Salvador Allende (Ex Consultorio San Ramón),San Ramón,MENORES CONTROLADOS,114314,13131,14
1202,5,14,114307,A0200002,13,13131,14,5,12,Servicio de Salud Metropolitano Sur - Oriente,Centro de Salud Familiar La Bandera,San Ramón,LACTANCIA MATERNA EXCLUSIVA,114307,13131,14
1203,1,14,114314,A0200001,13,13131,12,12,9,Servicio de Salud Metropolitano Sur - Oriente,Centro de Salud Familiar Dr. Salvador Allende (Ex Consultorio San Ramón),San Ramón,MENORES CONTROLADOS,114314,13131,14
1204,7,14,114714,A0200002,13,13131,3,4,5,Servicio de Salud Metropolitano Sur - Oriente,Centro Comunitario de Salud Familiar Modelo,San Ramón,LACTANCIA MATERNA EXCLUSIVA,114714,13131,14
1205,7,14,114714,A0200001,13,13131,7,13,5,Servicio de Salud Metropolitano Sur - Oriente,Centro Comunitario de Salud Familiar Modelo,San Ramón,MENORES CONTROLADOS,114714,13131,14
1206,8,14,114307,A0200002,13,13131,3,16,4,Servicio de Salud Metropolitano Sur - Oriente,Centro de Salud Familiar La Bandera,San Ramón,LACTANCIA MATERNA EXCLUSIVA,114307,13131,14
1207,8,14,114307,A0200001,13,13131,5,18,7,Servicio de Salud Metropolitano Sur - Oriente,Centro de Salud Familiar La Bandera,San Ramón,MENORES CONTROLADOS,114307,13131,14
1208,8,14,114314,A0200002,13,13131,4,4,4,Servicio de Salud Metropolitano Sur - Oriente,Centro de Salud Familiar Dr. Salvador Allende (Ex Consultorio San Ramón),San Ramón,LACTANCIA MATERNA EXCLUSIVA,114314,13131,14
1209,8,14,114314,A0200001,13,13131,6,5,6,Servicio de Salud Metropolitano Sur - Oriente,Centro de Salud Familiar Dr. Salvador Allende (Ex Consultorio San Ramón),San Ramón,MENORES CONTROLADOS,114314,13131,14
1210,8,14,114714,A0200002,13,13131,6,2,6,Servicio de Salud Metropolitano Sur - Oriente,Centro Comunitario de Salud Familiar Modelo,San Ramón,LACTANCIA MATERNA EXCLUSIVA,114714,13131,14
1211,8,14,114714,A0200001,13,13131,9,9,8,Servicio de Salud Metropolitano Sur - Oriente,Centro Comunitario de Salud Familiar Modelo,San Ramón,MENORES CONTROLADOS,114714,13131,14
1212,2,12,112306,A0200001,13,13114,15,7,11,Servicio de Salud Metropolitano Oriente,Centro de Salud Familiar Aníbal Ariztía,Las Condes,MENORES CONTROLADOS,112306,13114,12
1213,6,14,114314,A0200002,13,13131,5,5,2,Servicio de Salud Metropolitano Sur - Oriente,Centro de Salud Familiar Dr. Salvador Allende (Ex Consultorio San Ramón),San Ramón,LACTANCIA MATERNA EXCLUSIVA,114314,13131,14
1214,6,14,114314,A0200001,13,13131,7,9,6,Servicio de Salud Metropolitano Sur - Oriente,Centro de Salud Familiar Dr. Salvador Allende (Ex Consultorio San Ramón),San Ramón,MENORES CONTROLADOS,114314,13131,14
1215,3,14,114314,A0200002,13,13131,3,5,3,Servicio de Salud Metropolitano Sur - Oriente,Centro de Salud Familiar Dr. Salvador Allende (Ex Consultorio San Ramón),San Ramón,LACTANCIA MATERNA EXCLUSIVA,114314,13131,14
1216,3,14,114314,A0200001,13,13131,9,10,8,Servicio de Salud Metropolitano Sur - Oriente,Centro de Salud Familiar Dr. Salvador Allende (Ex Consultorio San Ramón),San Ramón,MENORES CONTROLADOS,114314,13131,14
1217,3,14,114307,A0200002,13,13131,16,11,5,Servicio de Salud Metropolitano Sur - Oriente,Centro de Salud Familiar La Bandera,San Ramón,LACTANCIA MATERNA EXCLUSIVA,114307,13131,14
1218,3,14,114307,A0200001,13,13131,16,14,14,Servicio de Salud Metropolitano Sur - Oriente,Centro de Salud Familiar La Bandera,San Ramón,MENORES CONTROLADOS,114307,13131,14
1219,4,14,114314,A0200002,13,13131,5,6,5,Servicio de Salud Metropolitano Sur - Oriente,Centro de Salud Familiar Dr. Salvador Allende (Ex Consultorio San Ramón),San Ramón,LACTANCIA MATERNA EXCLUSIVA,114314,13131,14
1220,4,14,114314,A0200001,13,13131,8,7,9,Servicio de Salud Metropolitano Sur - Oriente,Centro de Salud Familiar Dr. Salvador Allende (Ex Consultorio San Ramón),San Ramón,MENORES CONTROLADOS,114314,13131,14
1221,6,14,114307,A0200002,13,13131,6,3,4,Servicio de Salud Metropolitano Sur - Oriente,Centro de Salud Familiar La Bandera,San Ramón,LACTANCIA MATERNA EXCLUSIVA,114307,13131,14
1222,6,14,114307,A0200001,13,13131,10,10,6,Servicio de Salud Metropolitano Sur - Oriente,Centro de Salud Familiar La Bandera,San Ramón,MENORES CONTROLADOS,114307,13131,14
1223,4,14,114323,A0200002,13,13201,6,10,2,Servicio de Salud Metropolitano Sur - Oriente,Centro de Salud Familiar Madre Teresa de Calcuta Red de Salud UC CHRISTUS,Puente Alto,LACTANCIA MATERNA EXCLUSIVA,114323,13201,14
1224,5,14,114323,A0200001,13,13201,11,7,14,Servicio de Salud Metropolitano Sur - Oriente,Centro de Salud Familiar Madre Teresa de Calcuta Red de Salud UC CHRISTUS,Puente Alto,MENORES CONTROLADOS,114323,13201,14
1225,7,14,114323,A0200002,13,13201,7,8,8,Servicio de Salud Metropolitano Sur - Oriente,Centro de Salud Familiar Madre Teresa de Calcuta Red de Salud UC CHRISTUS,Puente Alto,LACTANCIA MATERNA EXCLUSIVA,114323,13201,14
1226,7,14,114323,A0200001,13,13201,16,16,21,Servicio de Salud Metropolitano Sur - Oriente,Centro de Salud Familiar Madre Teresa de Calcuta Red de Salud UC CHRISTUS,Puente Alto,MENORES CONTROLADOS,114323,13201,14
1227,2,14,114323,A0200002,13,13201,10,4,6,Servicio de Salud Metropolitano Sur - Oriente,Centro de Salud Familiar Madre Teresa de Calcuta Red de Salud UC CHRISTUS,Puente Alto,LACTANCIA MATERNA EXCLUSIVA,114323,13201,14
1228,1,14,114323,A0200001,13,13201,21,7,8,Servicio de Salud Metropolitano Sur - Oriente,Centro de Salud Familiar Madre Teresa de Calcuta Red de Salud UC CHRISTUS,Puente Alto,MENORES CONTROLADOS,114323,13201,14
1229,6,14,114323,A0200002,13,13201,7,6,4,Servicio de Salud Metropolitano Sur - Oriente,Centro de Salud Familiar Madre Teresa de Calcuta Red de Salud UC CHRISTUS,Puente Alto,LACTANCIA MATERNA EXCLUSIVA,114323,13201,14
1230,6,14,114323,A0200001,13,13201,16,9,17,Servicio de Salud Metropolitano Sur - Oriente,Centro de Salud Familiar Madre Teresa de Calcuta Red de Salud UC CHRISTUS,Puente Alto,MENORES CONTROLADOS,114323,13201,14
1231,5,14,114323,A0200002,13,13201,6,3,5,Servicio de Salud Metropolitano Sur - Oriente,Centro de Salud Familiar Madre Teresa de Calcuta Red de Salud UC CHRISTUS,Puente Alto,LACTANCIA MATERNA EXCLUSIVA,114323,13201,14
1232,4,14,114323,A0200001,13,13201,11,19,7,Servicio de Salud Metropolitano Sur - Oriente,Centro de Salud Familiar Madre Teresa de Calcuta Red de Salud UC CHRISTUS,Puente Alto,MENORES CONTROLADOS,114323,13201,14
1233,8,14,114323,A0200002,13,13201,5,7,4,Servicio de Salud Metropolitano Sur - Oriente,Centro de Salud Familiar Madre Teresa de Calcuta Red de Salud UC CHRISTUS,Puente Alto,LACTANCIA MATERNA EXCLUSIVA,114323,13201,14
1234,8,14,114323,A0200001,13,13201,12,13,7,Servicio de Salud Metropolitano Sur - Oriente,Centro de Salud Familiar Madre Teresa de Calcuta Red de Salud UC CHRISTUS,Puente Alto,MENORES CONTROLADOS,114323,13201,14
1235,2,14,114323,A0200001,13,13201,17,7,11,Servicio de Salud Metropolitano Sur - Oriente,Centro de Salud Familiar Madre Teresa de Calcuta Red de Salud UC CHRISTUS,Puente Alto,MENORES CONTROLADOS,114323,13201,14
1236,1,14,114323,A0200002,13,13201,8,2,2,Servicio de Salud Metropolitano Sur - Oriente,Centro de Salud Familiar Madre Teresa de Calcuta Red de Salud UC CHRISTUS,Puente Alto,LACTANCIA MATERNA EXCLUSIVA,114323,13201,14
1237,3,14,114323,A0200001,13,13201,11,18,6,Servicio de Salud Metropolitano Sur - Oriente,Centro de Salud Familiar Madre Teresa de Calcuta Red de Salud UC CHRISTUS,Puente Alto,MENORES CONTROLADOS,114323,13201,14
1238,3,14,114323,A0200002,13,13201,5,8,3,Servicio de Salud Metropolitano Sur - Oriente,Centro de Salud Familiar Madre Teresa de Calcuta Red de Salud UC CHRISTUS,Puente Alto,LACTANCIA MATERNA EXCLUSIVA,114323,13201,14
1239,1,14,114326,A0200001,13,13201,12,5,18,Servicio de Salud Metropolitano Sur - Oriente,Centro de Salud Familiar Karol Wojtyla,Puente Alto,MENORES CONTROLADOS,114326,13201,14
1240,3,14,114326,A0200002,13,13201,8,9,8,Servicio de Salud Metropolitano Sur - Oriente,Centro de Salud Familiar Karol Wojtyla,Puente Alto,LACTANCIA MATERNA EXCLUSIVA,114326,13201,14
1241,5,14,114326,A0200002,13,13201,7,14,5,Servicio de Salud Metropolitano Sur - Oriente,Centro de Salud Familiar Karol Wojtyla,Puente Alto,LACTANCIA MATERNA EXCLUSIVA,114326,13201,14
1242,6,14,114326,A0200002,13,13201,8,10,12,Servicio de Salud Metropolitano Sur - Oriente,Centro de Salud Familiar Karol Wojtyla,Puente Alto,LACTANCIA MATERNA EXCLUSIVA,114326,13201,14
1243,6,14,114326,A0200001,13,13201,12,16,17,Servicio de Salud Metropolitano Sur - Oriente,Centro de Salud Familiar Karol Wojtyla,Puente Alto,MENORES CONTROLADOS,114326,13201,14
1244,4,14,114326,A0200002,13,13201,11,11,9,Servicio de Salud Metropolitano Sur - Oriente,Centro de Salud Familiar Karol Wojtyla,Puente Alto,LACTANCIA MATERNA EXCLUSIVA,114326,13201,14
1245,4,14,114326,A0200001,13,13201,18,17,17,Servicio de Salud Metropolitano Sur - Oriente,Centro de Salud Familiar Karol Wojtyla,Puente Alto,MENORES CONTROLADOS,114326,13201,14
1246,1,14,114326,A0200002,13,13201,5,1,10,Servicio de Salud Metropolitano Sur - Oriente,Centro de Salud Familiar Karol Wojtyla,Puente Alto,LACTANCIA MATERNA EXCLUSIVA,114326,13201,14
1247,3,14,114326,A0200001,13,13201,12,15,15,Servicio de Salud Metropolitano Sur - Oriente,Centro de Salud Familiar Karol Wojtyla,Puente Alto,MENORES CONTROLADOS,114326,13201,14
1248,2,14,114326,A0200002,13,13201,7,8,9,Servicio de Salud Metropolitano Sur - Oriente,Centro de Salud Familiar Karol Wojtyla,Puente Alto,LACTANCIA MATERNA EXCLUSIVA,114326,13201,14
1249,2,14,114326,A0200001,13,13201,11,10,15,Servicio de Salud Metropolitano Sur - Oriente,Centro de Salud Familiar Karol Wojtyla,Puente Alto,MENORES CONTROLADOS,114326,13201,14
1250,5,14,114326,A0200001,13,13201,17,18,9,Servicio de Salud Metropolitano Sur - Oriente,Centro de Salud Familiar Karol Wojtyla,Puente Alto,MENORES CONTROLADOS,114326,13201,14
1251,7,14,114326,A0200002,13,13201,11,6,9,Servicio de Salud Metropolitano Sur - Oriente,Centro de Salud Familiar Karol Wojtyla,Puente Alto,LACTANCIA MATERNA EXCLUSIVA,114326,13201,14
1252,7,14,114326,A0200001,13,13201,21,14,20,Servicio de Salud Metropolitano Sur - Oriente,Centro de Salud Familiar Karol Wojtyla,Puente Alto,MENORES CONTROLADOS,114326,13201,14
1253,8,14,114326,A0200001,13,13201,19,17,16,Servicio de Salud Metropolitano Sur - Oriente,Centro de Salud Familiar Karol Wojtyla,Puente Alto,MENORES CONTROLADOS,114326,13201,14
1254,8,14,114326,A0200002,13,13201,11,7,8,Servicio de Salud Metropolitano Sur - Oriente,Centro de Salud Familiar Karol Wojtyla,Puente Alto,LACTANCIA MATERNA EXCLUSIVA,114326,13201,14
1255,2,14,114329,A0200002,13,13201,4,4,3,Servicio de Salud Metropolitano Sur - Oriente,Centro de Salud Familiar San Alberto Hurtado Red de Salud UC CHRISTUS,Puente Alto,LACTANCIA MATERNA EXCLUSIVA,114329,13201,14
1256,6,14,114301,A0200002,13,13201,20,15,13,Servicio de Salud Metropolitano Sur - Oriente,Centro de Salud Familiar Dr. Alejandro del Río,Puente Alto,LACTANCIA MATERNA EXCLUSIVA,114301,13201,14
1257,4,14,114329,A0200002,13,13201,4,3,8,Servicio de Salud Metropolitano Sur - Oriente,Centro de Salud Familiar San Alberto Hurtado Red de Salud UC CHRISTUS,Puente Alto,LACTANCIA MATERNA EXCLUSIVA,114329,13201,14
1258,4,14,114332,A0200002,13,13201,8,8,7,Servicio de Salud Metropolitano Sur - Oriente,Centro de Salud Familiar Laurita Vicuña,Puente Alto,LACTANCIA MATERNA EXCLUSIVA,114332,13201,14
1259,5,14,114301,A0200001,13,13201,33,22,23,Servicio de Salud Metropolitano Sur - Oriente,Centro de Salud Familiar Dr. Alejandro del Río,Puente Alto,MENORES CONTROLADOS,114301,13201,14
1260,6,14,114332,A0200002,13,13201,6,10,11,Servicio de Salud Metropolitano Sur - Oriente,Centro de Salud Familiar Laurita Vicuña,Puente Alto,LACTANCIA MATERNA EXCLUSIVA,114332,13201,14
1261,6,14,114332,A0200001,13,13201,19,19,26,Servicio de Salud Metropolitano Sur - Oriente,Centro de Salud Familiar Laurita Vicuña,Puente Alto,MENORES CONTROLADOS,114332,13201,14
1262,4,14,114329,A0200001,13,13201,12,7,14,Servicio de Salud Metropolitano Sur - Oriente,Centro de Salud Familiar San Alberto Hurtado Red de Salud UC CHRISTUS,Puente Alto,MENORES CONTROLADOS,114329,13201,14
1263,5,14,114320,A0200001,13,13201,12,5,13,Servicio de Salud Metropolitano Sur - Oriente,Centro de Salud Familiar Bernardo Leighton,Puente Alto,MENORES CONTROLADOS,114320,13201,14
1264,6,14,114320,A0200002,13,13201,5,3,3,Servicio de Salud Metropolitano Sur - Oriente,Centro de Salud Familiar Bernardo Leighton,Puente Alto,LACTANCIA MATERNA EXCLUSIVA,114320,13201,14
1265,6,14,114320,A0200001,13,13201,8,4,18,Servicio de Salud Metropolitano Sur - Oriente,Centro de Salud Familiar Bernardo Leighton,Puente Alto,MENORES CONTROLADOS,114320,13201,14
1266,6,14,114329,A0200002,13,13201,7,5,6,Servicio de Salud Metropolitano Sur - Oriente,Centro de Salud Familiar San Alberto Hurtado Red de Salud UC CHRISTUS,Puente Alto,LACTANCIA MATERNA EXCLUSIVA,114329,13201,14
1267,6,14,114329,A0200001,13,13201,18,12,11,Servicio de Salud Metropolitano Sur - Oriente,Centro de Salud Familiar San Alberto Hurtado Red de Salud UC CHRISTUS,Puente Alto,MENORES CONTROLADOS,114329,13201,14
1268,5,14,114320,A0200002,13,13201,4,1,5,Servicio de Salud Metropolitano Sur - Oriente,Centro de Salud Familiar Bernardo Leighton,Puente Alto,LACTANCIA MATERNA EXCLUSIVA,114320,13201,14
1269,7,14,114301,A0200001,13,13201,30,31,25,Servicio de Salud Metropolitano Sur - Oriente,Centro de Salud Familiar Dr. Alejandro del Río,Puente Alto,MENORES CONTROLADOS,114301,13201,14
1270,6,14,114313,A0200002,13,13201,5,8,9,Servicio de Salud Metropolitano Sur - Oriente,Centro de Salud Familiar Vista Hermosa,Puente Alto,LACTANCIA MATERNA EXCLUSIVA,114313,13201,14
1271,6,14,114313,A0200001,13,13201,16,13,15,Servicio de Salud Metropolitano Sur - Oriente,Centro de Salud Familiar Vista Hermosa,Puente Alto,MENORES CONTROLADOS,114313,13201,14
1272,1,14,114329,A0200001,13,13201,8,15,7,Servicio de Salud Metropolitano Sur - Oriente,Centro de Salud Familiar San Alberto Hurtado Red de Salud UC CHRISTUS,Puente Alto,MENORES CONTROLADOS,114329,13201,14
1273,1,14,114329,A0200002,13,13201,3,9,1,Servicio de Salud Metropolitano Sur - Oriente,Centro de Salud Familiar San Alberto Hurtado Red de Salud UC CHRISTUS,Puente Alto,LACTANCIA MATERNA EXCLUSIVA,114329,13201,14
1274,3,14,114320,A0200002,13,13201,6,5,6,Servicio de Salud Metropolitano Sur - Oriente,Centro de Salud Familiar Bernardo Leighton,Puente Alto,LACTANCIA MATERNA EXCLUSIVA,114320,13201,14
1275,1,14,114320,A0200002,13,13201,8,,12,Servicio de Salud Metropolitano Sur - Oriente,Centro de Salud Familiar Bernardo Leighton,Puente Alto,LACTANCIA MATERNA EXCLUSIVA,114320,13201,14
1276,1,14,114313,A0200002,13,13201,3,5,9,Servicio de Salud Metropolitano Sur - Oriente,Centro de Salud Familiar Vista Hermosa,Puente Alto,LACTANCIA MATERNA EXCLUSIVA,114313,13201,14
1277,1,14,114313,A0200001,13,13201,5,9,21,Servicio de Salud Metropolitano Sur - Oriente,Centro de Salud Familiar Vista Hermosa,Puente Alto,MENORES CONTROLADOS,114313,13201,14
1278,3,14,114320,A0200001,13,13201,7,8,10,Servicio de Salud Metropolitano Sur - Oriente,Centro de Salud Familiar Bernardo Leighton,Puente Alto,MENORES CONTROLADOS,114320,13201,14
1279,2,14,114332,A0200002,13,13201,5,14,6,Servicio de Salud Metropolitano Sur - Oriente,Centro de Salud Familiar Laurita Vicuña,Puente Alto,LACTANCIA MATERNA EXCLUSIVA,114332,13201,14
1280,5,14,114329,A0200002,13,13201,11,5,3,Servicio de Salud Metropolitano Sur - Oriente,Centro de Salud Familiar San Alberto Hurtado Red de Salud UC CHRISTUS,Puente Alto,LACTANCIA MATERNA EXCLUSIVA,114329,13201,14
1281,5,14,114329,A0200001,13,13201,15,12,5,Servicio de Salud Metropolitano Sur - Oriente,Centro de Salud Familiar San Alberto Hurtado Red de Salud UC CHRISTUS,Puente Alto,MENORES CONTROLADOS,114329,13201,14
1282,5,14,114332,A0200002,13,13201,7,11,11,Servicio de Salud Metropolitano Sur - Oriente,Centro de Salud Familiar Laurita Vicuña,Puente Alto,LACTANCIA MATERNA EXCLUSIVA,114332,13201,14
1283,5,14,114332,A0200001,13,13201,9,14,19,Servicio de Salud Metropolitano Sur - Oriente,Centro de Salud Familiar Laurita Vicuña,Puente Alto,MENORES CONTROLADOS,114332,13201,14
1284,2,14,114320,A0200001,13,13201,13,5,11,Servicio de Salud Metropolitano Sur - Oriente,Centro de Salud Familiar Bernardo Leighton,Puente Alto,MENORES CONTROLADOS,114320,13201,14
1285,1,14,114301,A0200002,13,13201,20,22,13,Servicio de Salud Metropolitano Sur - Oriente,Centro de Salud Familiar Dr. Alejandro del Río,Puente Alto,LACTANCIA MATERNA EXCLUSIVA,114301,13201,14
1286,7,14,114301,A0200002,13,13201,15,15,9,Servicio de Salud Metropolitano Sur - Oriente,Centro de Salud Familiar Dr. Alejandro del Río,Puente Alto,LACTANCIA MATERNA EXCLUSIVA,114301,13201,14
1287,3,14,114332,A0200002,13,13201,13,12,11,Servicio de Salud Metropolitano Sur - Oriente,Centro de Salud Familiar Laurita Vicuña,Puente Alto,LACTANCIA MATERNA EXCLUSIVA,114332,13201,14
1288,3,14,114332,A0200001,13,13201,14,21,20,Servicio de Salud Metropolitano Sur - Oriente,Centro de Salud Familiar Laurita Vicuña,Puente Alto,MENORES CONTROLADOS,114332,13201,14
1289,3,14,114313,A0200001,13,13201,3,4,12,Servicio de Salud Metropolitano Sur - Oriente,Centro de Salud Familiar Vista Hermosa,Puente Alto,MENORES CONTROLADOS,114313,13201,14
1290,3,14,114313,A0200002,13,13201,2,3,5,Servicio de Salud Metropolitano Sur - Oriente,Centro de Salud Familiar Vista Hermosa,Puente Alto,LACTANCIA MATERNA EXCLUSIVA,114313,13201,14
1291,1,14,114332,A0200001,13,13201,16,10,17,Servicio de Salud Metropolitano Sur - Oriente,Centro de Salud Familiar Laurita Vicuña,Puente Alto,MENORES CONTROLADOS,114332,13201,14
1292,1,14,114332,A0200002,13,13201,12,4,6,Servicio de Salud Metropolitano Sur - Oriente,Centro de Salud Familiar Laurita Vicuña,Puente Alto,LACTANCIA MATERNA EXCLUSIVA,114332,13201,14
1293,4,14,114301,A0200001,13,13201,28,26,23,Servicio de Salud Metropolitano Sur - Oriente,Centro de Salud Familiar Dr. Alejandro del Río,Puente Alto,MENORES CONTROLADOS,114301,13201,14
1294,2,14,114329,A0200001,13,13201,10,5,6,Servicio de Salud Metropolitano Sur - Oriente,Centro de Salud Familiar San Alberto Hurtado Red de Salud UC CHRISTUS,Puente Alto,MENORES CONTROLADOS,114329,13201,14
1295,2,14,114320,A0200002,13,13201,7,1,6,Servicio de Salud Metropolitano Sur - Oriente,Centro de Salud Familiar Bernardo Leighton,Puente Alto,LACTANCIA MATERNA EXCLUSIVA,114320,13201,14
1296,2,14,114332,A0200001,13,13201,12,18,11,Servicio de Salud Metropolitano Sur - Oriente,Centro de Salud Familiar Laurita Vicuña,Puente Alto,MENORES CONTROLADOS,114332,13201,14
1297,2,14,114301,A0200002,13,13201,15,8,7,Servicio de Salud Metropolitano Sur - Oriente,Centro de Salud Familiar Dr. Alejandro del Río,Puente Alto,LACTANCIA MATERNA EXCLUSIVA,114301,13201,14
1298,2,14,114313,A0200001,13,13201,4,4,24,Servicio de Salud Metropolitano Sur - Oriente,Centro de Salud Familiar Vista Hermosa,Puente Alto,MENORES CONTROLADOS,114313,13201,14
1299,2,14,114313,A0200002,13,13201,3,2,15,Servicio de Salud Metropolitano Sur - Oriente,Centro de Salud Familiar Vista Hermosa,Puente Alto,LACTANCIA MATERNA EXCLUSIVA,114313,13201,14
1300,4,14,114320,A0200002,13,13201,8,7,7,Servicio de Salud Metropolitano Sur - Oriente,Centro de Salud Familiar Bernardo Leighton,Puente Alto,LACTANCIA MATERNA EXCLUSIVA,114320,13201,14
1301,4,14,114320,A0200001,13,13201,12,7,12,Servicio de Salud Metropolitano Sur - Oriente,Centro de Salud Familiar Bernardo Leighton,Puente Alto,MENORES CONTROLADOS,114320,13201,14
1302,3,14,114329,A0200001,13,13201,13,10,11,Servicio de Salud Metropolitano Sur - Oriente,Centro de Salud Familiar San Alberto Hurtado Red de Salud UC CHRISTUS,Puente Alto,MENORES CONTROLADOS,114329,13201,14
1303,4,14,114332,A0200001,13,13201,14,13,14,Servicio de Salud Metropolitano Sur - Oriente,Centro de Salud Familiar Laurita Vicuña,Puente Alto,MENORES CONTROLADOS,114332,13201,14
1304,4,14,114313,A0200002,13,13201,7,4,5,Servicio de Salud Metropolitano Sur - Oriente,Centro de Salud Familiar Vista Hermosa,Puente Alto,LACTANCIA MATERNA EXCLUSIVA,114313,13201,14
1305,1,14,114320,A0200001,13,13201,12,2,19,Servicio de Salud Metropolitano Sur - Oriente,Centro de Salud Familiar Bernardo Leighton,Puente Alto,MENORES CONTROLADOS,114320,13201,14
1306,3,14,114329,A0200002,13,13201,4,3,3,Servicio de Salud Metropolitano Sur - Oriente,Centro de Salud Familiar San Alberto Hurtado Red de Salud UC CHRISTUS,Puente Alto,LACTANCIA MATERNA EXCLUSIVA,114329,13201,14
1307,2,14,114301,A0200001,13,13201,34,24,25,Servicio de Salud Metropolitano Sur - Oriente,Centro de Salud Familiar Dr. Alejandro del Río,Puente Alto,MENORES CONTROLADOS,114301,13201,14
1308,4,14,114313,A0200001,13,13201,13,6,13,Servicio de Salud Metropolitano Sur - Oriente,Centro de Salud Familiar Vista Hermosa,Puente Alto,MENORES CONTROLADOS,114313,13201,14
1309,7,14,114329,A0200002,13,13201,12,7,1,Servicio de Salud Metropolitano Sur - Oriente,Centro de Salud Familiar San Alberto Hurtado Red de Salud UC CHRISTUS,Puente Alto,LACTANCIA MATERNA EXCLUSIVA,114329,13201,14
1310,7,14,114329,A0200001,13,13201,17,12,10,Servicio de Salud Metropolitano Sur - Oriente,Centro de Salud Familiar San Alberto Hurtado Red de Salud UC CHRISTUS,Puente Alto,MENORES CONTROLADOS,114329,13201,14
1311,7,14,114320,A0200002,13,13201,5,2,4,Servicio de Salud Metropolitano Sur - Oriente,Centro de Salud Familiar Bernardo Leighton,Puente Alto,LACTANCIA MATERNA EXCLUSIVA,114320,13201,14
1312,7,14,114320,A0200001,13,13201,9,6,12,Servicio de Salud Metropolitano Sur - Oriente,Centro de Salud Familiar Bernardo Leighton,Puente Alto,MENORES CONTROLADOS,114320,13201,14
1313,1,14,114301,A0200001,13,13201,30,33,30,Servicio de Salud Metropolitano Sur - Oriente,Centro de Salud Familiar Dr. Alejandro del Río,Puente Alto,MENORES CONTROLADOS,114301,13201,14
1314,7,14,114313,A0200002,13,13201,5,10,9,Servicio de Salud Metropolitano Sur - Oriente,Centro de Salud Familiar Vista Hermosa,Puente Alto,LACTANCIA MATERNA EXCLUSIVA,114313,13201,14
1315,7,14,114313,A0200001,13,13201,6,20,16,Servicio de Salud Metropolitano Sur - Oriente,Centro de Salud Familiar Vista Hermosa,Puente Alto,MENORES CONTROLADOS,114313,13201,14
1316,8,14,114332,A0200002,13,13201,7,7,10,Servicio de Salud Metropolitano Sur - Oriente,Centro de Salud Familiar Laurita Vicuña,Puente Alto,LACTANCIA MATERNA EXCLUSIVA,114332,13201,14
1317,8,14,114332,A0200001,13,13201,12,19,20,Servicio de Salud Metropolitano Sur - Oriente,Centro de Salud Familiar Laurita Vicuña,Puente Alto,MENORES CONTROLADOS,114332,13201,14
1318,8,14,114329,A0200002,13,13201,3,5,4,Servicio de Salud Metropolitano Sur - Oriente,Centro de Salud Familiar San Alberto Hurtado Red de Salud UC CHRISTUS,Puente Alto,LACTANCIA MATERNA EXCLUSIVA,114329,13201,14
1319,8,14,114329,A0200001,13,13201,6,15,13,Servicio de Salud Metropolitano Sur - Oriente,Centro de Salud Familiar San Alberto Hurtado Red de Salud UC CHRISTUS,Puente Alto,MENORES CONTROLADOS,114329,13201,14
1320,6,14,114301,A0200001,13,13201,35,27,27,Servicio de Salud Metropolitano Sur - Oriente,Centro de Salud Familiar Dr. Alejandro del Río,Puente Alto,MENORES CONTROLADOS,114301,13201,14
1321,5,14,114313,A0200002,13,13201,7,3,5,Servicio de Salud Metropolitano Sur - Oriente,Centro de Salud Familiar Vista Hermosa,Puente Alto,LACTANCIA MATERNA EXCLUSIVA,114313,13201,14
1322,5,14,114313,A0200001,13,13201,11,6,9,Servicio de Salud Metropolitano Sur - Oriente,Centro de Salud Familiar Vista Hermosa,Puente Alto,MENORES CONTROLADOS,114313,13201,14
1323,3,14,114301,A0200002,13,13201,7,13,13,Servicio de Salud Metropolitano Sur - Oriente,Centro de Salud Familiar Dr. Alejandro del Río,Puente Alto,LACTANCIA MATERNA EXCLUSIVA,114301,13201,14
1324,3,14,114301,A0200001,13,13201,15,28,23,Servicio de Salud Metropolitano Sur - Oriente,Centro de Salud Familiar Dr. Alejandro del Río,Puente Alto,MENORES CONTROLADOS,114301,13201,14
1325,8,14,114320,A0200002,13,13201,2,3,2,Servicio de Salud Metropolitano Sur - Oriente,Centro de Salud Familiar Bernardo Leighton,Puente Alto,LACTANCIA MATERNA EXCLUSIVA,114320,13201,14
1326,8,14,114320,A0200001,13,13201,5,9,11,Servicio de Salud Metropolitano Sur - Oriente,Centro de Salud Familiar Bernardo Leighton,Puente Alto,MENORES CONTROLADOS,114320,13201,14
1327,8,14,114313,A0200002,13,13201,0,0,6,Servicio de Salud Metropolitano Sur - Oriente,Centro de Salud Familiar Vista Hermosa,Puente Alto,LACTANCIA MATERNA EXCLUSIVA,114313,13201,14
1328,8,14,114313,A0200001,13,13201,3,6,11,Servicio de Salud Metropolitano Sur - Oriente,Centro de Salud Familiar Vista Hermosa,Puente Alto,MENORES CONTROLADOS,114313,13201,14
1329,4,14,114301,A0200002,13,13201,13,12,10,Servicio de Salud Metropolitano Sur - Oriente,Centro de Salud Familiar Dr. Alejandro del Río,Puente Alto,LACTANCIA MATERNA EXCLUSIVA,114301,13201,14
1330,7,14,114332,A0200002,13,13201,10,9,6,Servicio de Salud Metropolitano Sur - Oriente,Centro de Salud Familiar Laurita Vicuña,Puente Alto,LACTANCIA MATERNA EXCLUSIVA,114332,13201,14
1331,7,14,114332,A0200001,13,13201,17,19,11,Servicio de Salud Metropolitano Sur - Oriente,Centro de Salud Familiar Laurita Vicuña,Puente Alto,MENORES CONTROLADOS,114332,13201,14
1332,5,14,114301,A0200002,13,13201,14,7,6,Servicio de Salud Metropolitano Sur - Oriente,Centro de Salud Familiar Dr. Alejandro del Río,Puente Alto,LACTANCIA MATERNA EXCLUSIVA,114301,13201,14
1333,8,14,114301,A0200002,13,13201,20,19,10,Servicio de Salud Metropolitano Sur - Oriente,Centro de Salud Familiar Dr. Alejandro del Río,Puente Alto,LACTANCIA MATERNA EXCLUSIVA,114301,13201,14
1334,8,14,114301,A0200001,13,13201,33,36,26,Servicio de Salud Metropolitano Sur - Oriente,Centro de Salud Familiar Dr. Alejandro del Río,Puente Alto,MENORES CONTROLADOS,114301,13201,14
1335,2,14,114321,A0200001,13,13201,9,3,11,Servicio de Salud Metropolitano Sur - Oriente,Centro de Salud Familiar Cardenal Silva Henríquez,Puente Alto,MENORES CONTROLADOS,114321,13201,14
1336,3,14,114321,A0200002,13,13201,13,13,9,Servicio de Salud Metropolitano Sur - Oriente,Centro de Salud Familiar Cardenal Silva Henríquez,Puente Alto,LACTANCIA MATERNA EXCLUSIVA,114321,13201,14
1337,2,14,114321,A0200002,13,13201,5,1,3,Servicio de Salud Metropolitano Sur - Oriente,Centro de Salud Familiar Cardenal Silva Henríquez,Puente Alto,LACTANCIA MATERNA EXCLUSIVA,114321,13201,14
1338,3,14,114321,A0200001,13,13201,15,24,25,Servicio de Salud Metropolitano Sur - Oriente,Centro de Salud Familiar Cardenal Silva Henríquez,Puente Alto,MENORES CONTROLADOS,114321,13201,14
1339,1,14,114321,A0200001,13,13201,21,20,18,Servicio de Salud Metropolitano Sur - Oriente,Centro de Salud Familiar Cardenal Silva Henríquez,Puente Alto,MENORES CONTROLADOS,114321,13201,14
1340,1,14,114321,A0200002,13,13201,7,9,6,Servicio de Salud Metropolitano Sur - Oriente,Centro de Salud Familiar Cardenal Silva Henríquez,Puente Alto,LACTANCIA MATERNA EXCLUSIVA,114321,13201,14
1341,6,14,114321,A0200002,13,13201,6,4,9,Servicio de Salud Metropolitano Sur - Oriente,Centro de Salud Familiar Cardenal Silva Henríquez,Puente Alto,LACTANCIA MATERNA EXCLUSIVA,114321,13201,14
1342,6,14,114321,A0200001,13,13201,16,18,23,Servicio de Salud Metropolitano Sur - Oriente,Centro de Salud Familiar Cardenal Silva Henríquez,Puente Alto,MENORES CONTROLADOS,114321,13201,14
1343,3,14,114322,A0200002,13,13201,22,13,14,Servicio de Salud Metropolitano Sur - Oriente,Centro de Salud Familiar Padre Manuel Villaseca,Puente Alto,LACTANCIA MATERNA EXCLUSIVA,114322,13201,14
1344,6,14,114322,A0200002,13,13201,13,21,19,Servicio de Salud Metropolitano Sur - Oriente,Centro de Salud Familiar Padre Manuel Villaseca,Puente Alto,LACTANCIA MATERNA EXCLUSIVA,114322,13201,14
1345,6,14,114322,A0200001,13,13201,20,29,38,Servicio de Salud Metropolitano Sur - Oriente,Centro de Salud Familiar Padre Manuel Villaseca,Puente Alto,MENORES CONTROLADOS,114322,13201,14
1346,2,14,114322,A0200001,13,13201,22,32,29,Servicio de Salud Metropolitano Sur - Oriente,Centro de Salud Familiar Padre Manuel Villaseca,Puente Alto,MENORES CONTROLADOS,114322,13201,14
1347,5,14,114322,A0200001,13,13201,27,17,28,Servicio de Salud Metropolitano Sur - Oriente,Centro de Salud Familiar Padre Manuel Villaseca,Puente Alto,MENORES CONTROLADOS,114322,13201,14
1348,4,14,114321,A0200002,13,13201,10,18,15,Servicio de Salud Metropolitano Sur - Oriente,Centro de Salud Familiar Cardenal Silva Henríquez,Puente Alto,LACTANCIA MATERNA EXCLUSIVA,114321,13201,14
1349,4,14,114321,A0200001,13,13201,19,26,20,Servicio de Salud Metropolitano Sur - Oriente,Centro de Salud Familiar Cardenal Silva Henríquez,Puente Alto,MENORES CONTROLADOS,114321,13201,14
1350,4,14,114322,A0200002,13,13201,18,20,15,Servicio de Salud Metropolitano Sur - Oriente,Centro de Salud Familiar Padre Manuel Villaseca,Puente Alto,LACTANCIA MATERNA EXCLUSIVA,114322,13201,14
1351,4,14,114322,A0200001,13,13201,29,30,35,Servicio de Salud Metropolitano Sur - Oriente,Centro de Salud Familiar Padre Manuel Villaseca,Puente Alto,MENORES CONTROLADOS,114322,13201,14
1352,1,14,114322,A0200001,13,13201,26,24,27,Servicio de Salud Metropolitano Sur - Oriente,Centro de Salud Familiar Padre Manuel Villaseca,Puente Alto,MENORES CONTROLADOS,114322,13201,14
1353,5,14,114321,A0200002,13,13201,17,13,9,Servicio de Salud Metropolitano Sur - Oriente,Centro de Salud Familiar Cardenal Silva Henríquez,Puente Alto,LACTANCIA MATERNA EXCLUSIVA,114321,13201,14
1354,5,14,114321,A0200001,13,13201,25,32,16,Servicio de Salud Metropolitano Sur - Oriente,Centro de Salud Familiar Cardenal Silva Henríquez,Puente Alto,MENORES CONTROLADOS,114321,13201,14
1355,3,14,114322,A0200001,13,13201,31,24,39,Servicio de Salud Metropolitano Sur - Oriente,Centro de Salud Familiar Padre Manuel Villaseca,Puente Alto,MENORES CONTROLADOS,114322,13201,14
1356,2,14,114322,A0200002,13,13201,13,15,9,Servicio de Salud Metropolitano Sur - Oriente,Centro de Salud Familiar Padre Manuel Villaseca,Puente Alto,LACTANCIA MATERNA EXCLUSIVA,114322,13201,14
1357,7,14,114322,A0200002,13,13201,12,12,19,Servicio de Salud Metropolitano Sur - Oriente,Centro de Salud Familiar Padre Manuel Villaseca,Puente Alto,LACTANCIA MATERNA EXCLUSIVA,114322,13201,14
1358,7,14,114322,A0200001,13,13201,24,25,34,Servicio de Salud Metropolitano Sur - Oriente,Centro de Salud Familiar Padre Manuel Villaseca,Puente Alto,MENORES CONTROLADOS,114322,13201,14
1359,7,14,114321,A0200002,13,13201,11,12,13,Servicio de Salud Metropolitano Sur - Oriente,Centro de Salud Familiar Cardenal Silva Henríquez,Puente Alto,LACTANCIA MATERNA EXCLUSIVA,114321,13201,14
1360,7,14,114321,A0200001,13,13201,26,25,25,Servicio de Salud Metropolitano Sur - Oriente,Centro de Salud Familiar Cardenal Silva Henríquez,Puente Alto,MENORES CONTROLADOS,114321,13201,14
1361,1,14,114322,A0200002,13,13201,18,7,11,Servicio de Salud Metropolitano Sur - Oriente,Centro de Salud Familiar Padre Manuel Villaseca,Puente Alto,LACTANCIA MATERNA EXCLUSIVA,114322,13201,14
1362,8,14,114322,A0200002,13,13201,16,9,18,Servicio de Salud Metropolitano Sur - Oriente,Centro de Salud Familiar Padre Manuel Villaseca,Puente Alto,LACTANCIA MATERNA EXCLUSIVA,114322,13201,14
1363,8,14,114322,A0200001,13,13201,32,24,33,Servicio de Salud Metropolitano Sur - Oriente,Centro de Salud Familiar Padre Manuel Villaseca,Puente Alto,MENORES CONTROLADOS,114322,13201,14
1364,8,14,114321,A0200002,13,13201,13,5,9,Servicio de Salud Metropolitano Sur - Oriente,Centro de Salud Familiar Cardenal Silva Henríquez,Puente Alto,LACTANCIA MATERNA EXCLUSIVA,114321,13201,14
1365,8,14,114321,A0200001,13,13201,24,19,23,Servicio de Salud Metropolitano Sur - Oriente,Centro de Salud Familiar Cardenal Silva Henríquez,Puente Alto,MENORES CONTROLADOS,114321,13201,14
1366,5,14,114322,A0200002,13,13201,16,13,12,Servicio de Salud Metropolitano Sur - Oriente,Centro de Salud Familiar Padre Manuel Villaseca,Puente Alto,LACTANCIA MATERNA EXCLUSIVA,114322,13201,14
1367,1,14,114312,A0200002,13,13201,4,4,5,Servicio de Salud Metropolitano Sur - Oriente,Centro de Salud Familiar San Gerónimo,Puente Alto,LACTANCIA MATERNA EXCLUSIVA,114312,13201,14
1368,1,14,114312,A0200001,13,13201,7,12,12,Servicio de Salud Metropolitano Sur - Oriente,Centro de Salud Familiar San Gerónimo,Puente Alto,MENORES CONTROLADOS,114312,13201,14
1369,2,14,114312,A0200002,13,13201,9,6,4,Servicio de Salud Metropolitano Sur - Oriente,Centro de Salud Familiar San Gerónimo,Puente Alto,LACTANCIA MATERNA EXCLUSIVA,114312,13201,14
1370,3,14,114312,A0200002,13,13201,7,4,9,Servicio de Salud Metropolitano Sur - Oriente,Centro de Salud Familiar San Gerónimo,Puente Alto,LACTANCIA MATERNA EXCLUSIVA,114312,13201,14
1371,3,14,114312,A0200001,13,13201,11,9,9,Servicio de Salud Metropolitano Sur - Oriente,Centro de Salud Familiar San Gerónimo,Puente Alto,MENORES CONTROLADOS,114312,13201,14
1372,5,14,114312,A0200001,13,13201,17,17,10,Servicio de Salud Metropolitano Sur - Oriente,Centro de Salud Familiar San Gerónimo,Puente Alto,MENORES CONTROLADOS,114312,13201,14
1373,6,14,114312,A0200002,13,13201,9,6,7,Servicio de Salud Metropolitano Sur - Oriente,Centro de Salud Familiar San Gerónimo,Puente Alto,LACTANCIA MATERNA EXCLUSIVA,114312,13201,14
1374,6,14,114312,A0200001,13,13201,22,14,11,Servicio de Salud Metropolitano Sur - Oriente,Centro de Salud Familiar San Gerónimo,Puente Alto,MENORES CONTROLADOS,114312,13201,14
1375,5,14,114312,A0200002,13,13201,13,8,6,Servicio de Salud Metropolitano Sur - Oriente,Centro de Salud Familiar San Gerónimo,Puente Alto,LACTANCIA MATERNA EXCLUSIVA,114312,13201,14
1376,2,14,114312,A0200001,13,13201,15,17,10,Servicio de Salud Metropolitano Sur - Oriente,Centro de Salud Familiar San Gerónimo,Puente Alto,MENORES CONTROLADOS,114312,13201,14
1377,4,14,114312,A0200001,13,13201,16,16,13,Servicio de Salud Metropolitano Sur - Oriente,Centro de Salud Familiar San Gerónimo,Puente Alto,MENORES CONTROLADOS,114312,13201,14
1378,4,14,114312,A0200002,13,13201,8,6,8,Servicio de Salud Metropolitano Sur - Oriente,Centro de Salud Familiar San Gerónimo,Puente Alto,LACTANCIA MATERNA EXCLUSIVA,114312,13201,14
1379,8,14,114312,A0200002,13,13201,2,8,12,Servicio de Salud Metropolitano Sur - Oriente,Centro de Salud Familiar San Gerónimo,Puente Alto,LACTANCIA MATERNA EXCLUSIVA,114312,13201,14
1380,8,14,114312,A0200001,13,13201,8,17,23,Servicio de Salud Metropolitano Sur - Oriente,Centro de Salud Familiar San Gerónimo,Puente Alto,MENORES CONTROLADOS,114312,13201,14
1381,7,14,114312,A0200002,13,13201,6,9,6,Servicio de Salud Metropolitano Sur - Oriente,Centro de Salud Familiar San Gerónimo,Puente Alto,LACTANCIA MATERNA EXCLUSIVA,114312,13201,14
1382,7,14,114312,A0200001,13,13201,13,20,13,Servicio de Salud Metropolitano Sur - Oriente,Centro de Salud Familiar San Gerónimo,Puente Alto,MENORES CONTROLADOS,114312,13201,14
1383,5,14,114333,A0200001,13,13202,3,6,4,Servicio de Salud Metropolitano Sur - Oriente,Centro de Salud Rural El Principal,Pirque,MENORES CONTROLADOS,114333,13202,14
1384,5,14,114333,A0200002,13,13202,3,6,4,Servicio de Salud Metropolitano Sur - Oriente,Centro de Salud Rural El Principal,Pirque,LACTANCIA MATERNA EXCLUSIVA,114333,13202,14
1385,2,14,114333,A0200001,13,13202,7,4,3,Servicio de Salud Metropolitano Sur - Oriente,Centro de Salud Rural El Principal,Pirque,MENORES CONTROLADOS,114333,13202,14
1386,1,14,114333,A0200002,13,13202,2,3,2,Servicio de Salud Metropolitano Sur - Oriente,Centro de Salud Rural El Principal,Pirque,LACTANCIA MATERNA EXCLUSIVA,114333,13202,14
1387,2,14,114333,A0200002,13,13202,1,3,2,Servicio de Salud Metropolitano Sur - Oriente,Centro de Salud Rural El Principal,Pirque,LACTANCIA MATERNA EXCLUSIVA,114333,13202,14
1388,1,14,114333,A0200001,13,13202,4,6,3,Servicio de Salud Metropolitano Sur - Oriente,Centro de Salud Rural El Principal,Pirque,MENORES CONTROLADOS,114333,13202,14
1389,6,14,114333,A0200002,13,13202,4,1,3,Servicio de Salud Metropolitano Sur - Oriente,Centro de Salud Rural El Principal,Pirque,LACTANCIA MATERNA EXCLUSIVA,114333,13202,14
1390,6,14,114333,A0200001,13,13202,7,1,4,Servicio de Salud Metropolitano Sur - Oriente,Centro de Salud Rural El Principal,Pirque,MENORES CONTROLADOS,114333,13202,14
1391,4,14,114333,A0200002,13,13202,0,1,2,Servicio de Salud Metropolitano Sur - Oriente,Centro de Salud Rural El Principal,Pirque,LACTANCIA MATERNA EXCLUSIVA,114333,13202,14
1392,4,14,114333,A0200001,13,13202,1,3,4,Servicio de Salud Metropolitano Sur - Oriente,Centro de Salud Rural El Principal,Pirque,MENORES CONTROLADOS,114333,13202,14
1393,7,14,114333,A0200002,13,13202,2,1,2,Servicio de Salud Metropolitano Sur - Oriente,Centro de Salud Rural El Principal,Pirque,LACTANCIA MATERNA EXCLUSIVA,114333,13202,14
1394,7,14,114333,A0200001,13,13202,3,2,5,Servicio de Salud Metropolitano Sur - Oriente,Centro de Salud Rural El Principal,Pirque,MENORES CONTROLADOS,114333,13202,14
1395,8,14,114401,A0200001,13,13202,0,0,0,Servicio de Salud Metropolitano Sur - Oriente,Posta de Salud Rural Puntilla,Pirque,MENORES CONTROLADOS,114401,13202,14
1396,8,14,114333,A0200002,13,13202,5,2,4,Servicio de Salud Metropolitano Sur - Oriente,Centro de Salud Rural El Principal,Pirque,LACTANCIA MATERNA EXCLUSIVA,114333,13202,14
1397,8,14,114333,A0200001,13,13202,7,4,7,Servicio de Salud Metropolitano Sur - Oriente,Centro de Salud Rural El Principal,Pirque,MENORES CONTROLADOS,114333,13202,14
1398,3,14,114333,A0200001,13,13202,9,4,4,Servicio de Salud Metropolitano Sur - Oriente,Centro de Salud Rural El Principal,Pirque,MENORES CONTROLADOS,114333,13202,14
1399,3,14,114333,A0200002,13,13202,4,0,1,Servicio de Salud Metropolitano Sur - Oriente,Centro de Salud Rural El Principal,Pirque,LACTANCIA MATERNA EXCLUSIVA,114333,13202,14
1400,3,14,114401,A0200001,13,13202,,,,Servicio de Salud Metropolitano Sur - Oriente,Posta de Salud Rural Puntilla,Pirque,MENORES CONTROLADOS,114401,13202,14
1401,6,14,114406,A0200001,13,13202,0,0,0,Servicio de Salud Metropolitano Sur - Oriente,Posta de Salud Rural San Vicente,Pirque,MENORES CONTROLADOS,114406,13202,14
1402,4,14,114406,A0200001,13,13202,0,0,0,Servicio de Salud Metropolitano Sur - Oriente,Posta de Salud Rural San Vicente,Pirque,MENORES CONTROLADOS,114406,13202,14
1403,1,14,114406,A0200002,13,13202,1,,,Servicio de Salud Metropolitano Sur - Oriente,Posta de Salud Rural San Vicente,Pirque,LACTANCIA MATERNA EXCLUSIVA,114406,13202,14
1404,1,14,114406,A0200001,13,13202,1,,,Servicio de Salud Metropolitano Sur - Oriente,Posta de Salud Rural San Vicente,Pirque,MENORES CONTROLADOS,114406,13202,14
1405,4,14,114310,A0200002,13,13202,3,2,1,Servicio de Salud Metropolitano Sur - Oriente,Centro de Salud Familiar Dr. José Manuel Balmaceda,Pirque,LACTANCIA MATERNA EXCLUSIVA,114310,13202,14
1406,4,14,114310,A0200001,13,13202,7,5,2,Servicio de Salud Metropolitano Sur - Oriente,Centro de Salud Familiar Dr. José Manuel Balmaceda,Pirque,MENORES CONTROLADOS,114310,13202,14
1407,6,14,114310,A0200002,13,13202,7,0,3,Servicio de Salud Metropolitano Sur - Oriente,Centro de Salud Familiar Dr. José Manuel Balmaceda,Pirque,LACTANCIA MATERNA EXCLUSIVA,114310,13202,14
1408,7,14,114310,A0200002,13,13202,3,4,1,Servicio de Salud Metropolitano Sur - Oriente,Centro de Salud Familiar Dr. José Manuel Balmaceda,Pirque,LACTANCIA MATERNA EXCLUSIVA,114310,13202,14
1409,7,14,114310,A0200001,13,13202,4,5,2,Servicio de Salud Metropolitano Sur - Oriente,Centro de Salud Familiar Dr. José Manuel Balmaceda,Pirque,MENORES CONTROLADOS,114310,13202,14
1410,6,14,114310,A0200001,13,13202,9,4,7,Servicio de Salud Metropolitano Sur - Oriente,Centro de Salud Familiar Dr. José Manuel Balmaceda,Pirque,MENORES CONTROLADOS,114310,13202,14
1411,1,14,114310,A0200002,13,13202,2,1,2,Servicio de Salud Metropolitano Sur - Oriente,Centro de Salud Familiar Dr. José Manuel Balmaceda,Pirque,LACTANCIA MATERNA EXCLUSIVA,114310,13202,14
1412,1,14,114310,A0200001,13,13202,4,3,2,Servicio de Salud Metropolitano Sur - Oriente,Centro de Salud Familiar Dr. José Manuel Balmaceda,Pirque,MENORES CONTROLADOS,114310,13202,14
1413,2,14,114310,A0200001,13,13202,7,4,4,Servicio de Salud Metropolitano Sur - Oriente,Centro de Salud Familiar Dr. José Manuel Balmaceda,Pirque,MENORES CONTROLADOS,114310,13202,14
1414,2,14,114310,A0200002,13,13202,4,3,2,Servicio de Salud Metropolitano Sur - Oriente,Centro de Salud Familiar Dr. José Manuel Balmaceda,Pirque,LACTANCIA MATERNA EXCLUSIVA,114310,13202,14
1415,5,14,114310,A0200002,13,13202,2,3,1,Servicio de Salud Metropolitano Sur - Oriente,Centro de Salud Familiar Dr. José Manuel Balmaceda,Pirque,LACTANCIA MATERNA EXCLUSIVA,114310,13202,14
1416,5,14,114310,A0200001,13,13202,3,4,2,Servicio de Salud Metropolitano Sur - Oriente,Centro de Salud Familiar Dr. José Manuel Balmaceda,Pirque,MENORES CONTROLADOS,114310,13202,14
1417,8,14,114310,A0200002,13,13202,2,5,0,Servicio de Salud Metropolitano Sur - Oriente,Centro de Salud Familiar Dr. José Manuel Balmaceda,Pirque,LACTANCIA MATERNA EXCLUSIVA,114310,13202,14
1418,8,14,114310,A0200001,13,13202,7,7,0,Servicio de Salud Metropolitano Sur - Oriente,Centro de Salud Familiar Dr. José Manuel Balmaceda,Pirque,MENORES CONTROLADOS,114310,13202,14
1419,3,14,114310,A0200002,13,13202,1,2,4,Servicio de Salud Metropolitano Sur - Oriente,Centro de Salud Familiar Dr. José Manuel Balmaceda,Pirque,LACTANCIA MATERNA EXCLUSIVA,114310,13202,14
1420,3,14,114310,A0200001,13,13202,1,5,4,Servicio de Salud Metropolitano Sur - Oriente,Centro de Salud Familiar Dr. José Manuel Balmaceda,Pirque,MENORES CONTROLADOS,114310,13202,14
1421,2,14,114407,A0200002,13,13203,3,1,1,Servicio de Salud Metropolitano Sur - Oriente,Posta de Salud Rural Las Vertientes,San José de Maipo,LACTANCIA MATERNA EXCLUSIVA,114407,13203,14
1422,4,14,114407,A0200002,13,13203,,3,1,Servicio de Salud Metropolitano Sur - Oriente,Posta de Salud Rural Las Vertientes,San José de Maipo,LACTANCIA MATERNA EXCLUSIVA,114407,13203,14
1423,4,14,114407,A0200001,13,13203,1,3,1,Servicio de Salud Metropolitano Sur - Oriente,Posta de Salud Rural Las Vertientes,San José de Maipo,MENORES CONTROLADOS,114407,13203,14
1424,1,14,114407,A0200001,13,13203,4,,1,Servicio de Salud Metropolitano Sur - Oriente,Posta de Salud Rural Las Vertientes,San José de Maipo,MENORES CONTROLADOS,114407,13203,14
1425,1,14,114407,A0200002,13,13203,4,,,Servicio de Salud Metropolitano Sur - Oriente,Posta de Salud Rural Las Vertientes,San José de Maipo,LACTANCIA MATERNA EXCLUSIVA,114407,13203,14
1426,3,14,114407,A0200002,13,13203,,1,3,Servicio de Salud Metropolitano Sur - Oriente,Posta de Salud Rural Las Vertientes,San José de Maipo,LACTANCIA MATERNA EXCLUSIVA,114407,13203,14
1427,3,14,114407,A0200001,13,13203,1,1,5,Servicio de Salud Metropolitano Sur - Oriente,Posta de Salud Rural Las Vertientes,San José de Maipo,MENORES CONTROLADOS,114407,13203,14
1428,2,14,114407,A0200001,13,13203,3,1,2,Servicio de Salud Metropolitano Sur - Oriente,Posta de Salud Rural Las Vertientes,San José de Maipo,MENORES CONTROLADOS,114407,13203,14
1429,5,14,114407,A0200002,13,13203,,2,1,Servicio de Salud Metropolitano Sur - Oriente,Posta de Salud Rural Las Vertientes,San José de Maipo,LACTANCIA MATERNA EXCLUSIVA,114407,13203,14
1430,5,14,114407,A0200001,13,13203,,3,1,Servicio de Salud Metropolitano Sur - Oriente,Posta de Salud Rural Las Vertientes,San José de Maipo,MENORES CONTROLADOS,114407,13203,14
1431,6,14,114407,A0200002,13,13203,1,,2,Servicio de Salud Metropolitano Sur - Oriente,Posta de Salud Rural Las Vertientes,San José de Maipo,LACTANCIA MATERNA EXCLUSIVA,114407,13203,14
1432,6,14,114407,A0200001,13,13203,1,1,2,Servicio de Salud Metropolitano Sur - Oriente,Posta de Salud Rural Las Vertientes,San José de Maipo,MENORES CONTROLADOS,114407,13203,14
1433,7,14,114407,A0200002,13,13203,,,,Servicio de Salud Metropolitano Sur - Oriente,Posta de Salud Rural Las Vertientes,San José de Maipo,LACTANCIA MATERNA EXCLUSIVA,114407,13203,14
1434,7,14,114407,A0200001,13,13203,1,1,,Servicio de Salud Metropolitano Sur - Oriente,Posta de Salud Rural Las Vertientes,San José de Maipo,MENORES CONTROLADOS,114407,13203,14
1435,8,14,114407,A0200002,13,13203,2,,2,Servicio de Salud Metropolitano Sur - Oriente,Posta de Salud Rural Las Vertientes,San José de Maipo,LACTANCIA MATERNA EXCLUSIVA,114407,13203,14
1436,8,14,114407,A0200001,13,13203,3,,3,Servicio de Salud Metropolitano Sur - Oriente,Posta de Salud Rural Las Vertientes,San José de Maipo,MENORES CONTROLADOS,114407,13203,14
1437,1,14,114102,A0200002,13,13203,3,1,6,Servicio de Salud Metropolitano Sur - Oriente,Hospital San José de Maipo,San José de Maipo,LACTANCIA MATERNA EXCLUSIVA,114102,13203,14
1438,6,14,114102,A0200002,13,13203,5,2,3,Servicio de Salud Metropolitano Sur - Oriente,Hospital San José de Maipo,San José de Maipo,LACTANCIA MATERNA EXCLUSIVA,114102,13203,14
1439,6,14,114102,A0200001,13,13203,6,3,6,Servicio de Salud Metropolitano Sur - Oriente,Hospital San José de Maipo,San José de Maipo,MENORES CONTROLADOS,114102,13203,14
1440,4,14,114102,A0200001,13,13203,4,9,4,Servicio de Salud Metropolitano Sur - Oriente,Hospital San José de Maipo,San José de Maipo,MENORES CONTROLADOS,114102,13203,14
1441,4,14,114102,A0200002,13,13203,1,8,2,Servicio de Salud Metropolitano Sur - Oriente,Hospital San José de Maipo,San José de Maipo,LACTANCIA MATERNA EXCLUSIVA,114102,13203,14
1442,3,14,114102,A0200002,13,13203,4,4,2,Servicio de Salud Metropolitano Sur - Oriente,Hospital San José de Maipo,San José de Maipo,LACTANCIA MATERNA EXCLUSIVA,114102,13203,14
1443,3,14,114102,A0200001,13,13203,8,8,5,Servicio de Salud Metropolitano Sur - Oriente,Hospital San José de Maipo,San José de Maipo,MENORES CONTROLADOS,114102,13203,14
1444,7,14,114102,A0200002,13,13203,2,3,6,Servicio de Salud Metropolitano Sur - Oriente,Hospital San José de Maipo,San José de Maipo,LACTANCIA MATERNA EXCLUSIVA,114102,13203,14
1445,7,14,114102,A0200001,13,13203,3,5,8,Servicio de Salud Metropolitano Sur - Oriente,Hospital San José de Maipo,San José de Maipo,MENORES CONTROLADOS,114102,13203,14
1446,2,14,114102,A0200002,13,13203,5,2,3,Servicio de Salud Metropolitano Sur - Oriente,Hospital San José de Maipo,San José de Maipo,LACTANCIA MATERNA EXCLUSIVA,114102,13203,14
1447,2,14,114102,A0200001,13,13203,6,5,6,Servicio de Salud Metropolitano Sur - Oriente,Hospital San José de Maipo,San José de Maipo,MENORES CONTROLADOS,114102,13203,14
1448,1,14,114102,A0200001,13,13203,7,1,6,Servicio de Salud Metropolitano Sur - Oriente,Hospital San José de Maipo,San José de Maipo,MENORES CONTROLADOS,114102,13203,14
1449,8,14,114102,A0200002,13,13203,3,4,3,Servicio de Salud Metropolitano Sur - Oriente,Hospital San José de Maipo,San José de Maipo,LACTANCIA MATERNA EXCLUSIVA,114102,13203,14
1450,8,14,114102,A0200001,13,13203,3,6,11,Servicio de Salud Metropolitano Sur - Oriente,Hospital San José de Maipo,San José de Maipo,MENORES CONTROLADOS,114102,13203,14
1451,5,14,114102,A0200002,13,13203,1,5,1,Servicio de Salud Metropolitano Sur - Oriente,Hospital San José de Maipo,San José de Maipo,LACTANCIA MATERNA EXCLUSIVA,114102,13203,14
1452,5,14,114102,A0200001,13,13203,2,11,3,Servicio de Salud Metropolitano Sur - Oriente,Hospital San José de Maipo,San José de Maipo,MENORES CONTROLADOS,114102,13203,14
1453,2,14,114410,A0200002,13,13203,,1,,Servicio de Salud Metropolitano Sur - Oriente,Posta de Salud Rural San Gabriel,San José de Maipo,LACTANCIA MATERNA EXCLUSIVA,114410,13203,14
1454,2,14,114410,A0200001,13,13203,,1,,Servicio de Salud Metropolitano Sur - Oriente,Posta de Salud Rural San Gabriel,San José de Maipo,MENORES CONTROLADOS,114410,13203,14
1455,1,14,114410,A0200002,13,13203,1,,,Servicio de Salud Metropolitano Sur - Oriente,Posta de Salud Rural San Gabriel,San José de Maipo,LACTANCIA MATERNA EXCLUSIVA,114410,13203,14
1456,1,14,114410,A0200001,13,13203,1,,,Servicio de Salud Metropolitano Sur - Oriente,Posta de Salud Rural San Gabriel,San José de Maipo,MENORES CONTROLADOS,114410,13203,14
1457,3,14,114410,A0200002,13,13203,,1,,Servicio de Salud Metropolitano Sur - Oriente,Posta de Salud Rural San Gabriel,San José de Maipo,LACTANCIA MATERNA EXCLUSIVA,114410,13203,14
1458,3,14,114410,A0200001,13,13203,,1,,Servicio de Salud Metropolitano Sur - Oriente,Posta de Salud Rural San Gabriel,San José de Maipo,MENORES CONTROLADOS,114410,13203,14
1459,6,14,202041,A0200002,13,13110,1,0,2,Servicio de Salud Metropolitano Sur - Oriente,CECOSF Santa Teresa,La Florida,LACTANCIA MATERNA EXCLUSIVA,202041,13110,14
1460,6,14,202041,A0200001,13,13110,2,1,2,Servicio de Salud Metropolitano Sur - Oriente,CECOSF Santa Teresa,La Florida,MENORES CONTROLADOS,202041,13110,14
1461,2,11,111376,A0200002,13,13101,24,13,16,Servicio de Salud Metropolitano Central,Centro de Salud Familiar Matta Sur,Santiago,LACTANCIA MATERNA EXCLUSIVA,111376,13101,11
1462,3,9,109309,A0200002,13,13104,6,6,6,Servicio de Salud Metropolitano Norte,Centro de Salud Familiar José Symon Ojeda,Conchalí,LACTANCIA MATERNA EXCLUSIVA,109309,13104,09
1463,5,10,110330,A0200001,13,13103,21,29,21,Servicio de Salud Metropolitano Occidente,Centro de Salud Familiar Dr. Adalberto Steeger,Cerro Navia,MENORES CONTROLADOS,110330,13103,10
1464,6,13,113329,A0200002,13,13105,8,4,3,Servicio de Salud Metropolitano Sur,Centro de Salud Familiar Canciller Orlando Letelier,El Bosque,LACTANCIA MATERNA EXCLUSIVA,113329,13105,13
1465,8,12,112407,A0200001,13,13115,,,,Servicio de Salud Metropolitano Oriente,Posta de Salud Rural de Farellones,Lo Barnechea,MENORES CONTROLADOS,112407,13115,12
1466,3,13,113312,A0200002,13,13105,7,4,4,Servicio de Salud Metropolitano Sur,Centro de Salud Familiar Dr. Carlos Lorca Tobar,El Bosque,LACTANCIA MATERNA EXCLUSIVA,113312,13105,13
1467,3,13,113312,A0200001,13,13105,10,10,11,Servicio de Salud Metropolitano Sur,Centro de Salud Familiar Dr. Carlos Lorca Tobar,El Bosque,MENORES CONTROLADOS,113312,13105,13
1468,8,14,202041,A0200001,13,13110,1,2,4,Servicio de Salud Metropolitano Sur - Oriente,CECOSF Santa Teresa,La Florida,MENORES CONTROLADOS,202041,13110,14
1469,7,12,112707,A0200001,13,13115,,,1,Servicio de Salud Metropolitano Oriente,Centro Comunitario de Salud Familiar Cerro 18,Lo Barnechea,MENORES CONTROLADOS,112707,13115,12
1470,7,12,112707,A0200002,13,13115,,,1,Servicio de Salud Metropolitano Oriente,Centro Comunitario de Salud Familiar Cerro 18,Lo Barnechea,LACTANCIA MATERNA EXCLUSIVA,112707,13115,12
1471,4,9,109314,A0200002,13,13104,6,9,3,Servicio de Salud Metropolitano Norte,Centro de Salud Familiar Juanita Aguirre,Conchalí,LACTANCIA MATERNA EXCLUSIVA,109314,13104,09
1472,4,9,109314,A0200001,13,13104,8,14,6,Servicio de Salud Metropolitano Norte,Centro de Salud Familiar Juanita Aguirre,Conchalí,MENORES CONTROLADOS,109314,13104,09
1473,3,10,110330,A0200001,13,13103,30,13,15,Servicio de Salud Metropolitano Occidente,Centro de Salud Familiar Dr. Adalberto Steeger,Cerro Navia,MENORES CONTROLADOS,110330,13103,10
1474,5,9,200609,A0200002,13,13104,1,,1,Servicio de Salud Metropolitano Norte,Centro Comunitario de Salud Familiar Dr. Lucas Sierra,Conchalí,LACTANCIA MATERNA EXCLUSIVA,200609,13104,09
1475,5,9,200609,A0200001,13,13104,3,2,3,Servicio de Salud Metropolitano Norte,Centro Comunitario de Salud Familiar Dr. Lucas Sierra,Conchalí,MENORES CONTROLADOS,200609,13104,09
1476,7,9,109309,A0200002,13,13104,5,6,5,Servicio de Salud Metropolitano Norte,Centro de Salud Familiar José Symon Ojeda,Conchalí,LACTANCIA MATERNA EXCLUSIVA,109309,13104,09
1477,4,11,111370,A0200002,13,13101,15,19,23,Servicio de Salud Metropolitano Central,Centro de Salud Familiar Padre Orellana,Santiago,LACTANCIA MATERNA EXCLUSIVA,111370,13101,11
1478,4,11,111370,A0200001,13,13101,27,41,34,Servicio de Salud Metropolitano Central,Centro de Salud Familiar Padre Orellana,Santiago,MENORES CONTROLADOS,111370,13101,11
1479,1,11,111370,A0200002,13,13101,15,22,14,Servicio de Salud Metropolitano Central,Centro de Salud Familiar Padre Orellana,Santiago,LACTANCIA MATERNA EXCLUSIVA,111370,13101,11
1480,1,11,111370,A0200001,13,13101,26,27,24,Servicio de Salud Metropolitano Central,Centro de Salud Familiar Padre Orellana,Santiago,MENORES CONTROLADOS,111370,13101,11
1481,5,11,111370,A0200002,13,13101,20,15,16,Servicio de Salud Metropolitano Central,Centro de Salud Familiar Padre Orellana,Santiago,LACTANCIA MATERNA EXCLUSIVA,111370,13101,11
1482,5,11,111370,A0200001,13,13101,30,26,26,Servicio de Salud Metropolitano Central,Centro de Salud Familiar Padre Orellana,Santiago,MENORES CONTROLADOS,111370,13101,11
1483,5,11,111376,A0200002,13,13101,22,10,13,Servicio de Salud Metropolitano Central,Centro de Salud Familiar Matta Sur,Santiago,LACTANCIA MATERNA EXCLUSIVA,111376,13101,11
1484,5,11,111376,A0200001,13,13101,33,20,21,Servicio de Salud Metropolitano Central,Centro de Salud Familiar Matta Sur,Santiago,MENORES CONTROLADOS,111376,13101,11
1485,6,11,111376,A0200002,13,13101,13,15,22,Servicio de Salud Metropolitano Central,Centro de Salud Familiar Matta Sur,Santiago,LACTANCIA MATERNA EXCLUSIVA,111376,13101,11
1486,6,11,111376,A0200001,13,13101,20,20,35,Servicio de Salud Metropolitano Central,Centro de Salud Familiar Matta Sur,Santiago,MENORES CONTROLADOS,111376,13101,11
1487,7,11,111376,A0200002,13,13101,24,22,22,Servicio de Salud Metropolitano Central,Centro de Salud Familiar Matta Sur,Santiago,LACTANCIA MATERNA EXCLUSIVA,111376,13101,11
1488,7,11,111376,A0200001,13,13101,32,36,35,Servicio de Salud Metropolitano Central,Centro de Salud Familiar Matta Sur,Santiago,MENORES CONTROLADOS,111376,13101,11
1489,4,11,111376,A0200002,13,13101,21,29,20,Servicio de Salud Metropolitano Central,Centro de Salud Familiar Matta Sur,Santiago,LACTANCIA MATERNA EXCLUSIVA,111376,13101,11
1490,4,11,111376,A0200001,13,13101,31,44,33,Servicio de Salud Metropolitano Central,Centro de Salud Familiar Matta Sur,Santiago,MENORES CONTROLADOS,111376,13101,11
1491,1,11,111300,A0200002,13,13101,18,18,21,Servicio de Salud Metropolitano Central,Centro de Salud Familiar N° 1 Dr. Ramón Corbalán Melgarejo,Santiago,LACTANCIA MATERNA EXCLUSIVA,111300,13101,11
1492,1,11,111300,A0200001,13,13101,31,28,32,Servicio de Salud Metropolitano Central,Centro de Salud Familiar N° 1 Dr. Ramón Corbalán Melgarejo,Santiago,MENORES CONTROLADOS,111300,13101,11
1493,4,11,111300,A0200002,13,13101,23,21,17,Servicio de Salud Metropolitano Central,Centro de Salud Familiar N° 1 Dr. Ramón Corbalán Melgarejo,Santiago,LACTANCIA MATERNA EXCLUSIVA,111300,13101,11
1494,4,11,111300,A0200001,13,13101,37,35,24,Servicio de Salud Metropolitano Central,Centro de Salud Familiar N° 1 Dr. Ramón Corbalán Melgarejo,Santiago,MENORES CONTROLADOS,111300,13101,11
1495,6,11,111300,A0200002,13,13101,23,21,15,Servicio de Salud Metropolitano Central,Centro de Salud Familiar N° 1 Dr. Ramón Corbalán Melgarejo,Santiago,LACTANCIA MATERNA EXCLUSIVA,111300,13101,11
1496,6,11,111300,A0200001,13,13101,39,34,25,Servicio de Salud Metropolitano Central,Centro de Salud Familiar N° 1 Dr. Ramón Corbalán Melgarejo,Santiago,MENORES CONTROLADOS,111300,13101,11
1497,7,11,111300,A0200002,13,13101,21,17,10,Servicio de Salud Metropolitano Central,Centro de Salud Familiar N° 1 Dr. Ramón Corbalán Melgarejo,Santiago,LACTANCIA MATERNA EXCLUSIVA,111300,13101,11
1498,7,11,111300,A0200001,13,13101,40,38,21,Servicio de Salud Metropolitano Central,Centro de Salud Familiar N° 1 Dr. Ramón Corbalán Melgarejo,Santiago,MENORES CONTROLADOS,111300,13101,11
1499,5,11,111300,A0200002,13,13101,13,11,12,Servicio de Salud Metropolitano Central,Centro de Salud Familiar N° 1 Dr. Ramón Corbalán Melgarejo,Santiago,LACTANCIA MATERNA EXCLUSIVA,111300,13101,11
1500,3,11,111300,A0200001,13,13101,30,28,28,Servicio de Salud Metropolitano Central,Centro de Salud Familiar N° 1 Dr. Ramón Corbalán Melgarejo,Santiago,MENORES CONTROLADOS,111300,13101,11
1501,2,11,111300,A0200002,13,13101,27,16,13,Servicio de Salud Metropolitano Central,Centro de Salud Familiar N° 1 Dr. Ramón Corbalán Melgarejo,Santiago,LACTANCIA MATERNA EXCLUSIVA,111300,13101,11
1502,2,11,111300,A0200001,13,13101,38,33,27,Servicio de Salud Metropolitano Central,Centro de Salud Familiar N° 1 Dr. Ramón Corbalán Melgarejo,Santiago,MENORES CONTROLADOS,111300,13101,11
1503,5,11,111300,A0200001,13,13101,27,22,20,Servicio de Salud Metropolitano Central,Centro de Salud Familiar N° 1 Dr. Ramón Corbalán Melgarejo,Santiago,MENORES CONTROLADOS,111300,13101,11
1504,8,11,111300,A0200002,13,13101,22,16,11,Servicio de Salud Metropolitano Central,Centro de Salud Familiar N° 1 Dr. Ramón Corbalán Melgarejo,Santiago,LACTANCIA MATERNA EXCLUSIVA,111300,13101,11
1505,8,11,111300,A0200001,13,13101,42,33,26,Servicio de Salud Metropolitano Central,Centro de Salud Familiar N° 1 Dr. Ramón Corbalán Melgarejo,Santiago,MENORES CONTROLADOS,111300,13101,11
1506,2,11,111301,A0200001,13,13101,14,21,14,Servicio de Salud Metropolitano Central,Centro de Salud Familiar Nº 5,Santiago,MENORES CONTROLADOS,111301,13101,11
1507,6,11,202233,A0200002,13,13101,14,11,15,Servicio de Salud Metropolitano Central,CESFAM Erasmo Escala,Santiago,LACTANCIA MATERNA EXCLUSIVA,202233,13101,11
1508,6,11,202233,A0200001,13,13101,16,15,26,Servicio de Salud Metropolitano Central,CESFAM Erasmo Escala,Santiago,MENORES CONTROLADOS,202233,13101,11
1509,5,11,202233,A0200002,13,13101,15,13,5,Servicio de Salud Metropolitano Central,CESFAM Erasmo Escala,Santiago,LACTANCIA MATERNA EXCLUSIVA,202233,13101,11
1510,5,11,202233,A0200001,13,13101,18,21,8,Servicio de Salud Metropolitano Central,CESFAM Erasmo Escala,Santiago,MENORES CONTROLADOS,202233,13101,11
1511,6,11,111301,A0200002,13,13101,19,9,9,Servicio de Salud Metropolitano Central,Centro de Salud Familiar Nº 5,Santiago,LACTANCIA MATERNA EXCLUSIVA,111301,13101,11
1512,6,11,111301,A0200001,13,13101,26,18,13,Servicio de Salud Metropolitano Central,Centro de Salud Familiar Nº 5,Santiago,MENORES CONTROLADOS,111301,13101,11
1513,5,11,111301,A0200002,13,13101,9,9,7,Servicio de Salud Metropolitano Central,Centro de Salud Familiar Nº 5,Santiago,LACTANCIA MATERNA EXCLUSIVA,111301,13101,11
1514,5,11,111301,A0200001,13,13101,15,19,23,Servicio de Salud Metropolitano Central,Centro de Salud Familiar Nº 5,Santiago,MENORES CONTROLADOS,111301,13101,11
1515,1,11,111301,A0200002,13,13101,12,11,7,Servicio de Salud Metropolitano Central,Centro de Salud Familiar Nº 5,Santiago,LACTANCIA MATERNA EXCLUSIVA,111301,13101,11
1516,1,11,111301,A0200001,13,13101,16,20,21,Servicio de Salud Metropolitano Central,Centro de Salud Familiar Nº 5,Santiago,MENORES CONTROLADOS,111301,13101,11
1517,2,11,111301,A0200002,13,13101,13,15,6,Servicio de Salud Metropolitano Central,Centro de Salud Familiar Nº 5,Santiago,LACTANCIA MATERNA EXCLUSIVA,111301,13101,11
1518,7,11,202233,A0200002,13,13101,11,9,13,Servicio de Salud Metropolitano Central,CESFAM Erasmo Escala,Santiago,LACTANCIA MATERNA EXCLUSIVA,202233,13101,11
1519,7,11,202233,A0200001,13,13101,15,14,20,Servicio de Salud Metropolitano Central,CESFAM Erasmo Escala,Santiago,MENORES CONTROLADOS,202233,13101,11
1520,4,11,202233,A0200002,13,13101,7,8,9,Servicio de Salud Metropolitano Central,CESFAM Erasmo Escala,Santiago,LACTANCIA MATERNA EXCLUSIVA,202233,13101,11
1521,4,11,202233,A0200001,13,13101,14,11,11,Servicio de Salud Metropolitano Central,CESFAM Erasmo Escala,Santiago,MENORES CONTROLADOS,202233,13101,11
1522,2,11,202233,A0200002,13,13101,2,1,3,Servicio de Salud Metropolitano Central,CESFAM Erasmo Escala,Santiago,LACTANCIA MATERNA EXCLUSIVA,202233,13101,11
1523,2,11,202233,A0200001,13,13101,4,2,5,Servicio de Salud Metropolitano Central,CESFAM Erasmo Escala,Santiago,MENORES CONTROLADOS,202233,13101,11
1524,7,11,111301,A0200002,13,13101,11,15,13,Servicio de Salud Metropolitano Central,Centro de Salud Familiar Nº 5,Santiago,LACTANCIA MATERNA EXCLUSIVA,111301,13101,11
1525,7,11,111301,A0200001,13,13101,24,26,16,Servicio de Salud Metropolitano Central,Centro de Salud Familiar Nº 5,Santiago,MENORES CONTROLADOS,111301,13101,11
1526,3,11,202233,A0200002,13,13101,11,11,6,Servicio de Salud Metropolitano Central,CESFAM Erasmo Escala,Santiago,LACTANCIA MATERNA EXCLUSIVA,202233,13101,11
1527,3,11,202233,A0200001,13,13101,15,18,12,Servicio de Salud Metropolitano Central,CESFAM Erasmo Escala,Santiago,MENORES CONTROLADOS,202233,13101,11
1528,3,11,111301,A0200002,13,13101,18,13,6,Servicio de Salud Metropolitano Central,Centro de Salud Familiar Nº 5,Santiago,LACTANCIA MATERNA EXCLUSIVA,111301,13101,11
1529,3,11,111301,A0200001,13,13101,36,24,13,Servicio de Salud Metropolitano Central,Centro de Salud Familiar Nº 5,Santiago,MENORES CONTROLADOS,111301,13101,11
1530,8,11,202233,A0200002,13,13101,11,11,13,Servicio de Salud Metropolitano Central,CESFAM Erasmo Escala,Santiago,LACTANCIA MATERNA EXCLUSIVA,202233,13101,11
1531,8,11,202233,A0200001,13,13101,18,16,21,Servicio de Salud Metropolitano Central,CESFAM Erasmo Escala,Santiago,MENORES CONTROLADOS,202233,13101,11
1532,4,11,111301,A0200002,13,13101,12,9,10,Servicio de Salud Metropolitano Central,Centro de Salud Familiar Nº 5,Santiago,LACTANCIA MATERNA EXCLUSIVA,111301,13101,11
1533,4,11,111301,A0200001,13,13101,18,14,17,Servicio de Salud Metropolitano Central,Centro de Salud Familiar Nº 5,Santiago,MENORES CONTROLADOS,111301,13101,11
1534,8,11,111301,A0200002,13,13101,13,14,10,Servicio de Salud Metropolitano Central,Centro de Salud Familiar Nº 5,Santiago,LACTANCIA MATERNA EXCLUSIVA,111301,13101,11
1535,8,11,111301,A0200001,13,13101,16,25,23,Servicio de Salud Metropolitano Central,Centro de Salud Familiar Nº 5,Santiago,MENORES CONTROLADOS,111301,13101,11
1536,2,11,111372,A0200002,13,13101,9,5,6,Servicio de Salud Metropolitano Central,Centro de Salud Familiar Arauco,Santiago,LACTANCIA MATERNA EXCLUSIVA,111372,13101,11
1537,2,11,111372,A0200001,13,13101,12,6,7,Servicio de Salud Metropolitano Central,Centro de Salud Familiar Arauco,Santiago,MENORES CONTROLADOS,111372,13101,11
1538,3,11,111381,A0200001,13,13101,33,26,29,Servicio de Salud Metropolitano Central,Centro de Salud Familiar Ignacio Domeyko,Santiago,MENORES CONTROLADOS,111381,13101,11
1539,2,11,111381,A0200002,13,13101,22,17,17,Servicio de Salud Metropolitano Central,Centro de Salud Familiar Ignacio Domeyko,Santiago,LACTANCIA MATERNA EXCLUSIVA,111381,13101,11
1540,3,11,111372,A0200002,13,13101,9,7,6,Servicio de Salud Metropolitano Central,Centro de Salud Familiar Arauco,Santiago,LACTANCIA MATERNA EXCLUSIVA,111372,13101,11
1541,3,11,111372,A0200001,13,13101,10,18,10,Servicio de Salud Metropolitano Central,Centro de Salud Familiar Arauco,Santiago,MENORES CONTROLADOS,111372,13101,11
1542,2,11,111381,A0200001,13,13101,38,28,32,Servicio de Salud Metropolitano Central,Centro de Salud Familiar Ignacio Domeyko,Santiago,MENORES CONTROLADOS,111381,13101,11
1543,6,11,111372,A0200002,13,13101,9,5,6,Servicio de Salud Metropolitano Central,Centro de Salud Familiar Arauco,Santiago,LACTANCIA MATERNA EXCLUSIVA,111372,13101,11
1544,6,11,111372,A0200001,13,13101,16,9,14,Servicio de Salud Metropolitano Central,Centro de Salud Familiar Arauco,Santiago,MENORES CONTROLADOS,111372,13101,11
1545,6,11,111381,A0200002,13,13101,33,23,15,Servicio de Salud Metropolitano Central,Centro de Salud Familiar Ignacio Domeyko,Santiago,LACTANCIA MATERNA EXCLUSIVA,111381,13101,11
1546,6,11,111381,A0200001,13,13101,42,34,31,Servicio de Salud Metropolitano Central,Centro de Salud Familiar Ignacio Domeyko,Santiago,MENORES CONTROLADOS,111381,13101,11
1547,4,11,111381,A0200002,13,13101,20,8,20,Servicio de Salud Metropolitano Central,Centro de Salud Familiar Ignacio Domeyko,Santiago,LACTANCIA MATERNA EXCLUSIVA,111381,13101,11
1548,4,11,111381,A0200001,13,13101,36,20,29,Servicio de Salud Metropolitano Central,Centro de Salud Familiar Ignacio Domeyko,Santiago,MENORES CONTROLADOS,111381,13101,11
1549,4,11,111372,A0200002,13,13101,3,8,6,Servicio de Salud Metropolitano Central,Centro de Salud Familiar Arauco,Santiago,LACTANCIA MATERNA EXCLUSIVA,111372,13101,11
1550,3,11,111381,A0200002,13,13101,24,12,17,Servicio de Salud Metropolitano Central,Centro de Salud Familiar Ignacio Domeyko,Santiago,LACTANCIA MATERNA EXCLUSIVA,111381,13101,11
1551,4,11,111372,A0200001,13,13101,11,13,11,Servicio de Salud Metropolitano Central,Centro de Salud Familiar Arauco,Santiago,MENORES CONTROLADOS,111372,13101,11
1552,5,11,111381,A0200002,13,13101,19,13,18,Servicio de Salud Metropolitano Central,Centro de Salud Familiar Ignacio Domeyko,Santiago,LACTANCIA MATERNA EXCLUSIVA,111381,13101,11
1553,5,11,111381,A0200001,13,13101,29,25,31,Servicio de Salud Metropolitano Central,Centro de Salud Familiar Ignacio Domeyko,Santiago,MENORES CONTROLADOS,111381,13101,11
1554,5,11,111372,A0200001,13,13101,8,11,14,Servicio de Salud Metropolitano Central,Centro de Salud Familiar Arauco,Santiago,MENORES CONTROLADOS,111372,13101,11
1555,7,11,111381,A0200002,13,13101,19,20,17,Servicio de Salud Metropolitano Central,Centro de Salud Familiar Ignacio Domeyko,Santiago,LACTANCIA MATERNA EXCLUSIVA,111381,13101,11
1556,7,11,111381,A0200001,13,13101,30,35,32,Servicio de Salud Metropolitano Central,Centro de Salud Familiar Ignacio Domeyko,Santiago,MENORES CONTROLADOS,111381,13101,11
1557,5,11,111372,A0200002,13,13101,7,8,8,Servicio de Salud Metropolitano Central,Centro de Salud Familiar Arauco,Santiago,LACTANCIA MATERNA EXCLUSIVA,111372,13101,11
1558,7,11,111372,A0200002,13,13101,6,7,9,Servicio de Salud Metropolitano Central,Centro de Salud Familiar Arauco,Santiago,LACTANCIA MATERNA EXCLUSIVA,111372,13101,11
1559,7,11,111372,A0200001,13,13101,7,15,15,Servicio de Salud Metropolitano Central,Centro de Salud Familiar Arauco,Santiago,MENORES CONTROLADOS,111372,13101,11
1560,8,11,111372,A0200002,13,13101,4,6,13,Servicio de Salud Metropolitano Central,Centro de Salud Familiar Arauco,Santiago,LACTANCIA MATERNA EXCLUSIVA,111372,13101,11
1561,8,11,111372,A0200001,13,13101,11,8,20,Servicio de Salud Metropolitano Central,Centro de Salud Familiar Arauco,Santiago,MENORES CONTROLADOS,111372,13101,11
1562,1,11,111381,A0200002,13,13101,34,25,12,Servicio de Salud Metropolitano Central,Centro de Salud Familiar Ignacio Domeyko,Santiago,LACTANCIA MATERNA EXCLUSIVA,111381,13101,11
1563,8,11,111381,A0200002,13,13101,18,18,25,Servicio de Salud Metropolitano Central,Centro de Salud Familiar Ignacio Domeyko,Santiago,LACTANCIA MATERNA EXCLUSIVA,111381,13101,11
1564,8,11,111381,A0200001,13,13101,32,29,38,Servicio de Salud Metropolitano Central,Centro de Salud Familiar Ignacio Domeyko,Santiago,MENORES CONTROLADOS,111381,13101,11
1565,1,11,111372,A0200002,13,13101,4,8,7,Servicio de Salud Metropolitano Central,Centro de Salud Familiar Arauco,Santiago,LACTANCIA MATERNA EXCLUSIVA,111372,13101,11
1566,1,11,111372,A0200001,13,13101,11,11,10,Servicio de Salud Metropolitano Central,Centro de Salud Familiar Arauco,Santiago,MENORES CONTROLADOS,111372,13101,11
1567,1,11,111381,A0200001,13,13101,56,38,37,Servicio de Salud Metropolitano Central,Centro de Salud Familiar Ignacio Domeyko,Santiago,MENORES CONTROLADOS,111381,13101,11
1568,1,11,111305,A0200002,13,13102,15,13,9,Servicio de Salud Metropolitano Central,Centro de Salud Familiar Dr. Norman Voulliéme,Cerrillos,LACTANCIA MATERNA EXCLUSIVA,111305,13102,11
1569,4,11,111305,A0200002,13,13102,24,12,14,Servicio de Salud Metropolitano Central,Centro de Salud Familiar Dr. Norman Voulliéme,Cerrillos,LACTANCIA MATERNA EXCLUSIVA,111305,13102,11
1570,4,11,111305,A0200001,13,13102,26,15,21,Servicio de Salud Metropolitano Central,Centro de Salud Familiar Dr. Norman Voulliéme,Cerrillos,MENORES CONTROLADOS,111305,13102,11
1571,2,11,111305,A0200002,13,13102,14,14,13,Servicio de Salud Metropolitano Central,Centro de Salud Familiar Dr. Norman Voulliéme,Cerrillos,LACTANCIA MATERNA EXCLUSIVA,111305,13102,11
1572,2,11,111305,A0200001,13,13102,20,21,21,Servicio de Salud Metropolitano Central,Centro de Salud Familiar Dr. Norman Voulliéme,Cerrillos,MENORES CONTROLADOS,111305,13102,11
1573,5,11,111305,A0200002,13,13102,11,10,11,Servicio de Salud Metropolitano Central,Centro de Salud Familiar Dr. Norman Voulliéme,Cerrillos,LACTANCIA MATERNA EXCLUSIVA,111305,13102,11
1574,5,11,111305,A0200001,13,13102,14,17,17,Servicio de Salud Metropolitano Central,Centro de Salud Familiar Dr. Norman Voulliéme,Cerrillos,MENORES CONTROLADOS,111305,13102,11
1575,3,11,111305,A0200002,13,13102,18,12,14,Servicio de Salud Metropolitano Central,Centro de Salud Familiar Dr. Norman Voulliéme,Cerrillos,LACTANCIA MATERNA EXCLUSIVA,111305,13102,11
1576,3,11,111305,A0200001,13,13102,19,14,19,Servicio de Salud Metropolitano Central,Centro de Salud Familiar Dr. Norman Voulliéme,Cerrillos,MENORES CONTROLADOS,111305,13102,11
1577,1,11,111305,A0200001,13,13102,18,19,19,Servicio de Salud Metropolitano Central,Centro de Salud Familiar Dr. Norman Voulliéme,Cerrillos,MENORES CONTROLADOS,111305,13102,11
1578,7,11,111305,A0200002,13,13102,17,11,18,Servicio de Salud Metropolitano Central,Centro de Salud Familiar Dr. Norman Voulliéme,Cerrillos,LACTANCIA MATERNA EXCLUSIVA,111305,13102,11
1579,7,11,111305,A0200001,13,13102,21,14,29,Servicio de Salud Metropolitano Central,Centro de Salud Familiar Dr. Norman Voulliéme,Cerrillos,MENORES CONTROLADOS,111305,13102,11
1580,6,11,111305,A0200002,13,13102,24,12,12,Servicio de Salud Metropolitano Central,Centro de Salud Familiar Dr. Norman Voulliéme,Cerrillos,LACTANCIA MATERNA EXCLUSIVA,111305,13102,11
1581,6,11,111305,A0200001,13,13102,28,18,18,Servicio de Salud Metropolitano Central,Centro de Salud Familiar Dr. Norman Voulliéme,Cerrillos,MENORES CONTROLADOS,111305,13102,11
1582,8,11,111305,A0200002,13,13102,15,16,14,Servicio de Salud Metropolitano Central,Centro de Salud Familiar Dr. Norman Voulliéme,Cerrillos,LACTANCIA MATERNA EXCLUSIVA,111305,13102,11
1583,8,11,111305,A0200001,13,13102,18,20,23,Servicio de Salud Metropolitano Central,Centro de Salud Familiar Dr. Norman Voulliéme,Cerrillos,MENORES CONTROLADOS,111305,13102,11
1584,1,11,111307,A0200001,13,13102,15,7,12,Servicio de Salud Metropolitano Central,Centro de Salud Familiar Enfermera Sofía Pincheira,Cerrillos,MENORES CONTROLADOS,111307,13102,11
1585,1,11,111307,A0200002,13,13102,8,3,5,Servicio de Salud Metropolitano Central,Centro de Salud Familiar Enfermera Sofía Pincheira,Cerrillos,LACTANCIA MATERNA EXCLUSIVA,111307,13102,11
1586,5,11,111307,A0200002,13,13102,3,3,8,Servicio de Salud Metropolitano Central,Centro de Salud Familiar Enfermera Sofía Pincheira,Cerrillos,LACTANCIA MATERNA EXCLUSIVA,111307,13102,11
1587,5,11,111307,A0200001,13,13102,11,8,15,Servicio de Salud Metropolitano Central,Centro de Salud Familiar Enfermera Sofía Pincheira,Cerrillos,MENORES CONTROLADOS,111307,13102,11
1588,4,11,111307,A0200002,13,13102,5,6,10,Servicio de Salud Metropolitano Central,Centro de Salud Familiar Enfermera Sofía Pincheira,Cerrillos,LACTANCIA MATERNA EXCLUSIVA,111307,13102,11
1589,4,11,111307,A0200001,13,13102,8,9,18,Servicio de Salud Metropolitano Central,Centro de Salud Familiar Enfermera Sofía Pincheira,Cerrillos,MENORES CONTROLADOS,111307,13102,11
1590,3,11,111307,A0200002,13,13102,6,7,7,Servicio de Salud Metropolitano Central,Centro de Salud Familiar Enfermera Sofía Pincheira,Cerrillos,LACTANCIA MATERNA EXCLUSIVA,111307,13102,11
1591,3,11,111307,A0200001,13,13102,12,10,13,Servicio de Salud Metropolitano Central,Centro de Salud Familiar Enfermera Sofía Pincheira,Cerrillos,MENORES CONTROLADOS,111307,13102,11
1592,7,11,111307,A0200002,13,13102,9,5,9,Servicio de Salud Metropolitano Central,Centro de Salud Familiar Enfermera Sofía Pincheira,Cerrillos,LACTANCIA MATERNA EXCLUSIVA,111307,13102,11
1593,7,11,111307,A0200001,13,13102,14,8,20,Servicio de Salud Metropolitano Central,Centro de Salud Familiar Enfermera Sofía Pincheira,Cerrillos,MENORES CONTROLADOS,111307,13102,11
1594,2,11,111307,A0200002,13,13102,14,10,7,Servicio de Salud Metropolitano Central,Centro de Salud Familiar Enfermera Sofía Pincheira,Cerrillos,LACTANCIA MATERNA EXCLUSIVA,111307,13102,11
1595,2,11,111307,A0200001,13,13102,18,19,16,Servicio de Salud Metropolitano Central,Centro de Salud Familiar Enfermera Sofía Pincheira,Cerrillos,MENORES CONTROLADOS,111307,13102,11
1596,6,11,111307,A0200002,13,13102,8,3,6,Servicio de Salud Metropolitano Central,Centro de Salud Familiar Enfermera Sofía Pincheira,Cerrillos,LACTANCIA MATERNA EXCLUSIVA,111307,13102,11
1597,6,11,111307,A0200001,13,13102,12,10,12,Servicio de Salud Metropolitano Central,Centro de Salud Familiar Enfermera Sofía Pincheira,Cerrillos,MENORES CONTROLADOS,111307,13102,11
1598,8,11,111307,A0200002,13,13102,9,9,7,Servicio de Salud Metropolitano Central,Centro de Salud Familiar Enfermera Sofía Pincheira,Cerrillos,LACTANCIA MATERNA EXCLUSIVA,111307,13102,11
1599,8,11,111307,A0200001,13,13102,19,18,11,Servicio de Salud Metropolitano Central,Centro de Salud Familiar Enfermera Sofía Pincheira,Cerrillos,MENORES CONTROLADOS,111307,13102,11
1600,5,11,200346,A0200002,13,13102,2,1,3,Servicio de Salud Metropolitano Central,Centro Comunitario de Salud Familiar Buzeta,Cerrillos,LACTANCIA MATERNA EXCLUSIVA,200346,13102,11
1601,5,11,200346,A0200001,13,13102,4,1,5,Servicio de Salud Metropolitano Central,Centro Comunitario de Salud Familiar Buzeta,Cerrillos,MENORES CONTROLADOS,200346,13102,11
1602,6,11,200346,A0200002,13,13102,2,1,1,Servicio de Salud Metropolitano Central,Centro Comunitario de Salud Familiar Buzeta,Cerrillos,LACTANCIA MATERNA EXCLUSIVA,200346,13102,11
1603,6,11,200346,A0200001,13,13102,2,2,2,Servicio de Salud Metropolitano Central,Centro Comunitario de Salud Familiar Buzeta,Cerrillos,MENORES CONTROLADOS,200346,13102,11
1604,3,11,200346,A0200002,13,13102,1,2,1,Servicio de Salud Metropolitano Central,Centro Comunitario de Salud Familiar Buzeta,Cerrillos,LACTANCIA MATERNA EXCLUSIVA,200346,13102,11
1605,3,11,200346,A0200001,13,13102,1,3,2,Servicio de Salud Metropolitano Central,Centro Comunitario de Salud Familiar Buzeta,Cerrillos,MENORES CONTROLADOS,200346,13102,11
1606,1,11,200346,A0200002,13,13102,2,2,0,Servicio de Salud Metropolitano Central,Centro Comunitario de Salud Familiar Buzeta,Cerrillos,LACTANCIA MATERNA EXCLUSIVA,200346,13102,11
1607,1,11,200346,A0200001,13,13102,0,0,1,Servicio de Salud Metropolitano Central,Centro Comunitario de Salud Familiar Buzeta,Cerrillos,MENORES CONTROLADOS,200346,13102,11
1608,4,11,200346,A0200002,13,13102,1,0,2,Servicio de Salud Metropolitano Central,Centro Comunitario de Salud Familiar Buzeta,Cerrillos,LACTANCIA MATERNA EXCLUSIVA,200346,13102,11
1609,4,11,200346,A0200001,13,13102,1,2,3,Servicio de Salud Metropolitano Central,Centro Comunitario de Salud Familiar Buzeta,Cerrillos,MENORES CONTROLADOS,200346,13102,11
1610,2,11,200346,A0200002,13,13102,0,1,1,Servicio de Salud Metropolitano Central,Centro Comunitario de Salud Familiar Buzeta,Cerrillos,LACTANCIA MATERNA EXCLUSIVA,200346,13102,11
1611,2,11,200346,A0200001,13,13102,1,1,1,Servicio de Salud Metropolitano Central,Centro Comunitario de Salud Familiar Buzeta,Cerrillos,MENORES CONTROLADOS,200346,13102,11
1612,7,11,200346,A0200002,13,13102,2,1,3,Servicio de Salud Metropolitano Central,Centro Comunitario de Salud Familiar Buzeta,Cerrillos,LACTANCIA MATERNA EXCLUSIVA,200346,13102,11
1613,7,11,200346,A0200001,13,13102,5,1,5,Servicio de Salud Metropolitano Central,Centro Comunitario de Salud Familiar Buzeta,Cerrillos,MENORES CONTROLADOS,200346,13102,11
1614,8,11,200346,A0200002,13,13102,3,3,1,Servicio de Salud Metropolitano Central,Centro Comunitario de Salud Familiar Buzeta,Cerrillos,LACTANCIA MATERNA EXCLUSIVA,200346,13102,11
1615,8,11,200346,A0200001,13,13102,3,3,2,Servicio de Salud Metropolitano Central,Centro Comunitario de Salud Familiar Buzeta,Cerrillos,MENORES CONTROLADOS,200346,13102,11
1616,8,11,111302,A0200002,13,13106,11,7,8,Servicio de Salud Metropolitano Central,Centro de Salud Familiar Padre Vicente Irarrázabal,Estación Central,LACTANCIA MATERNA EXCLUSIVA,111302,13106,11
1617,8,11,111302,A0200001,13,13106,16,16,11,Servicio de Salud Metropolitano Central,Centro de Salud Familiar Padre Vicente Irarrázabal,Estación Central,MENORES CONTROLADOS,111302,13106,11
1618,8,11,111306,A0200002,13,13106,5,14,7,Servicio de Salud Metropolitano Central,Centro de Salud Familiar San José de Chuchunco,Estación Central,LACTANCIA MATERNA EXCLUSIVA,111306,13106,11
1619,8,11,111306,A0200001,13,13106,9,20,10,Servicio de Salud Metropolitano Central,Centro de Salud Familiar San José de Chuchunco,Estación Central,MENORES CONTROLADOS,111306,13106,11
1620,6,11,111306,A0200002,13,13106,12,4,6,Servicio de Salud Metropolitano Central,Centro de Salud Familiar San José de Chuchunco,Estación Central,LACTANCIA MATERNA EXCLUSIVA,111306,13106,11
1621,6,11,111306,A0200001,13,13106,17,7,11,Servicio de Salud Metropolitano Central,Centro de Salud Familiar San José de Chuchunco,Estación Central,MENORES CONTROLADOS,111306,13106,11
1622,4,11,111306,A0200002,13,13106,7,7,6,Servicio de Salud Metropolitano Central,Centro de Salud Familiar San José de Chuchunco,Estación Central,LACTANCIA MATERNA EXCLUSIVA,111306,13106,11
1623,4,11,111302,A0200002,13,13106,8,9,9,Servicio de Salud Metropolitano Central,Centro de Salud Familiar Padre Vicente Irarrázabal,Estación Central,LACTANCIA MATERNA EXCLUSIVA,111302,13106,11
1624,4,11,111302,A0200001,13,13106,16,15,12,Servicio de Salud Metropolitano Central,Centro de Salud Familiar Padre Vicente Irarrázabal,Estación Central,MENORES CONTROLADOS,111302,13106,11
1625,4,11,111306,A0200001,13,13106,9,9,10,Servicio de Salud Metropolitano Central,Centro de Salud Familiar San José de Chuchunco,Estación Central,MENORES CONTROLADOS,111306,13106,11
1626,2,11,111302,A0200002,13,13106,14,5,6,Servicio de Salud Metropolitano Central,Centro de Salud Familiar Padre Vicente Irarrázabal,Estación Central,LACTANCIA MATERNA EXCLUSIVA,111302,13106,11
1627,2,11,111302,A0200001,13,13106,21,10,10,Servicio de Salud Metropolitano Central,Centro de Salud Familiar Padre Vicente Irarrázabal,Estación Central,MENORES CONTROLADOS,111302,13106,11
1628,1,11,111302,A0200002,13,13106,11,7,6,Servicio de Salud Metropolitano Central,Centro de Salud Familiar Padre Vicente Irarrázabal,Estación Central,LACTANCIA MATERNA EXCLUSIVA,111302,13106,11
1629,1,11,111302,A0200001,13,13106,23,17,16,Servicio de Salud Metropolitano Central,Centro de Salud Familiar Padre Vicente Irarrázabal,Estación Central,MENORES CONTROLADOS,111302,13106,11
1630,3,11,111306,A0200002,13,13106,3,1,10,Servicio de Salud Metropolitano Central,Centro de Salud Familiar San José de Chuchunco,Estación Central,LACTANCIA MATERNA EXCLUSIVA,111306,13106,11
1631,3,11,111306,A0200001,13,13106,3,6,15,Servicio de Salud Metropolitano Central,Centro de Salud Familiar San José de Chuchunco,Estación Central,MENORES CONTROLADOS,111306,13106,11
1632,2,11,111306,A0200002,13,13106,7,6,3,Servicio de Salud Metropolitano Central,Centro de Salud Familiar San José de Chuchunco,Estación Central,LACTANCIA MATERNA EXCLUSIVA,111306,13106,11
1633,2,11,111306,A0200001,13,13106,9,6,7,Servicio de Salud Metropolitano Central,Centro de Salud Familiar San José de Chuchunco,Estación Central,MENORES CONTROLADOS,111306,13106,11
1634,7,11,111302,A0200002,13,13106,13,12,11,Servicio de Salud Metropolitano Central,Centro de Salud Familiar Padre Vicente Irarrázabal,Estación Central,LACTANCIA MATERNA EXCLUSIVA,111302,13106,11
1635,7,11,111302,A0200001,13,13106,27,21,16,Servicio de Salud Metropolitano Central,Centro de Salud Familiar Padre Vicente Irarrázabal,Estación Central,MENORES CONTROLADOS,111302,13106,11
1636,1,11,111306,A0200002,13,13106,4,4,6,Servicio de Salud Metropolitano Central,Centro de Salud Familiar San José de Chuchunco,Estación Central,LACTANCIA MATERNA EXCLUSIVA,111306,13106,11
1637,1,11,111306,A0200001,13,13106,10,7,10,Servicio de Salud Metropolitano Central,Centro de Salud Familiar San José de Chuchunco,Estación Central,MENORES CONTROLADOS,111306,13106,11
1638,6,11,111302,A0200001,13,13106,16,21,19,Servicio de Salud Metropolitano Central,Centro de Salud Familiar Padre Vicente Irarrázabal,Estación Central,MENORES CONTROLADOS,111302,13106,11
1639,5,11,111306,A0200002,13,13106,1,8,8,Servicio de Salud Metropolitano Central,Centro de Salud Familiar San José de Chuchunco,Estación Central,LACTANCIA MATERNA EXCLUSIVA,111306,13106,11
1640,5,11,111306,A0200001,13,13106,6,10,10,Servicio de Salud Metropolitano Central,Centro de Salud Familiar San José de Chuchunco,Estación Central,MENORES CONTROLADOS,111306,13106,11
1641,6,11,111302,A0200002,13,13106,9,11,10,Servicio de Salud Metropolitano Central,Centro de Salud Familiar Padre Vicente Irarrázabal,Estación Central,LACTANCIA MATERNA EXCLUSIVA,111302,13106,11
1642,5,11,111302,A0200002,13,13106,15,8,8,Servicio de Salud Metropolitano Central,Centro de Salud Familiar Padre Vicente Irarrázabal,Estación Central,LACTANCIA MATERNA EXCLUSIVA,111302,13106,11
1643,5,11,111302,A0200001,13,13106,21,13,13,Servicio de Salud Metropolitano Central,Centro de Salud Familiar Padre Vicente Irarrázabal,Estación Central,MENORES CONTROLADOS,111302,13106,11
1644,3,11,111302,A0200001,13,13106,15,25,19,Servicio de Salud Metropolitano Central,Centro de Salud Familiar Padre Vicente Irarrázabal,Estación Central,MENORES CONTROLADOS,111302,13106,11
1645,7,11,111306,A0200002,13,13106,13,11,6,Servicio de Salud Metropolitano Central,Centro de Salud Familiar San José de Chuchunco,Estación Central,LACTANCIA MATERNA EXCLUSIVA,111306,13106,11
1646,7,11,111306,A0200001,13,13106,13,23,10,Servicio de Salud Metropolitano Central,Centro de Salud Familiar San José de Chuchunco,Estación Central,MENORES CONTROLADOS,111306,13106,11
1647,3,11,111302,A0200002,13,13106,12,15,13,Servicio de Salud Metropolitano Central,Centro de Salud Familiar Padre Vicente Irarrázabal,Estación Central,LACTANCIA MATERNA EXCLUSIVA,111302,13106,11
1648,3,11,111310,A0200002,13,13106,28,20,22,Servicio de Salud Metropolitano Central,Centro de Salud Familiar Las Mercedes,Estación Central,LACTANCIA MATERNA EXCLUSIVA,111310,13106,11
1649,3,11,111310,A0200001,13,13106,38,33,35,Servicio de Salud Metropolitano Central,Centro de Salud Familiar Las Mercedes,Estación Central,MENORES CONTROLADOS,111310,13106,11
1650,5,11,111310,A0200002,13,13106,42,36,28,Servicio de Salud Metropolitano Central,Centro de Salud Familiar Las Mercedes,Estación Central,LACTANCIA MATERNA EXCLUSIVA,111310,13106,11
1651,5,11,111310,A0200001,13,13106,56,52,48,Servicio de Salud Metropolitano Central,Centro de Salud Familiar Las Mercedes,Estación Central,MENORES CONTROLADOS,111310,13106,11
1652,4,11,111310,A0200001,13,13106,43,38,38,Servicio de Salud Metropolitano Central,Centro de Salud Familiar Las Mercedes,Estación Central,MENORES CONTROLADOS,111310,13106,11
1653,4,11,111310,A0200002,13,13106,32,25,22,Servicio de Salud Metropolitano Central,Centro de Salud Familiar Las Mercedes,Estación Central,LACTANCIA MATERNA EXCLUSIVA,111310,13106,11
1654,7,11,111310,A0200002,13,13106,38,29,27,Servicio de Salud Metropolitano Central,Centro de Salud Familiar Las Mercedes,Estación Central,LACTANCIA MATERNA EXCLUSIVA,111310,13106,11
1655,7,11,111310,A0200001,13,13106,46,43,48,Servicio de Salud Metropolitano Central,Centro de Salud Familiar Las Mercedes,Estación Central,MENORES CONTROLADOS,111310,13106,11
1656,1,11,111310,A0200002,13,13106,49,34,42,Servicio de Salud Metropolitano Central,Centro de Salud Familiar Las Mercedes,Estación Central,LACTANCIA MATERNA EXCLUSIVA,111310,13106,11
1657,1,11,111310,A0200001,13,13106,66,53,64,Servicio de Salud Metropolitano Central,Centro de Salud Familiar Las Mercedes,Estación Central,MENORES CONTROLADOS,111310,13106,11
1658,6,11,111310,A0200002,13,13106,40,28,24,Servicio de Salud Metropolitano Central,Centro de Salud Familiar Las Mercedes,Estación Central,LACTANCIA MATERNA EXCLUSIVA,111310,13106,11
1659,6,11,111310,A0200001,13,13106,48,42,42,Servicio de Salud Metropolitano Central,Centro de Salud Familiar Las Mercedes,Estación Central,MENORES CONTROLADOS,111310,13106,11
1660,2,11,111310,A0200002,13,13106,36,22,19,Servicio de Salud Metropolitano Central,Centro de Salud Familiar Las Mercedes,Estación Central,LACTANCIA MATERNA EXCLUSIVA,111310,13106,11
1661,2,11,111310,A0200001,13,13106,50,34,35,Servicio de Salud Metropolitano Central,Centro de Salud Familiar Las Mercedes,Estación Central,MENORES CONTROLADOS,111310,13106,11
1662,8,11,111310,A0200002,13,13106,44,37,37,Servicio de Salud Metropolitano Central,Centro de Salud Familiar Las Mercedes,Estación Central,LACTANCIA MATERNA EXCLUSIVA,111310,13106,11
1663,8,11,111310,A0200001,13,13106,50,48,55,Servicio de Salud Metropolitano Central,Centro de Salud Familiar Las Mercedes,Estación Central,MENORES CONTROLADOS,111310,13106,11
1664,1,11,111781,A0200002,13,13106,1,1,,Servicio de Salud Metropolitano Central,Centro Comunitario de Salud Familiar Villa Francia,Estación Central,LACTANCIA MATERNA EXCLUSIVA,111781,13106,11
1665,1,11,111781,A0200001,13,13106,1,1,,Servicio de Salud Metropolitano Central,Centro Comunitario de Salud Familiar Villa Francia,Estación Central,MENORES CONTROLADOS,111781,13106,11
1666,4,11,111781,A0200002,13,13106,1,2,1,Servicio de Salud Metropolitano Central,Centro Comunitario de Salud Familiar Villa Francia,Estación Central,LACTANCIA MATERNA EXCLUSIVA,111781,13106,11
1667,4,11,111781,A0200001,13,13106,1,4,1,Servicio de Salud Metropolitano Central,Centro Comunitario de Salud Familiar Villa Francia,Estación Central,MENORES CONTROLADOS,111781,13106,11
1668,5,11,111781,A0200002,13,13106,2,1,1,Servicio de Salud Metropolitano Central,Centro Comunitario de Salud Familiar Villa Francia,Estación Central,LACTANCIA MATERNA EXCLUSIVA,111781,13106,11
1669,5,11,111781,A0200001,13,13106,3,2,1,Servicio de Salud Metropolitano Central,Centro Comunitario de Salud Familiar Villa Francia,Estación Central,MENORES CONTROLADOS,111781,13106,11
1670,2,11,111781,A0200002,13,13106,2,,1,Servicio de Salud Metropolitano Central,Centro Comunitario de Salud Familiar Villa Francia,Estación Central,LACTANCIA MATERNA EXCLUSIVA,111781,13106,11
1671,6,11,111781,A0200002,13,13106,1,,,Servicio de Salud Metropolitano Central,Centro Comunitario de Salud Familiar Villa Francia,Estación Central,LACTANCIA MATERNA EXCLUSIVA,111781,13106,11
1672,6,11,111781,A0200001,13,13106,1,,1,Servicio de Salud Metropolitano Central,Centro Comunitario de Salud Familiar Villa Francia,Estación Central,MENORES CONTROLADOS,111781,13106,11
1673,3,11,111781,A0200002,13,13106,1,2,,Servicio de Salud Metropolitano Central,Centro Comunitario de Salud Familiar Villa Francia,Estación Central,LACTANCIA MATERNA EXCLUSIVA,111781,13106,11
1674,3,11,111781,A0200001,13,13106,2,2,,Servicio de Salud Metropolitano Central,Centro Comunitario de Salud Familiar Villa Francia,Estación Central,MENORES CONTROLADOS,111781,13106,11
1675,2,11,111781,A0200001,13,13106,2,1,1,Servicio de Salud Metropolitano Central,Centro Comunitario de Salud Familiar Villa Francia,Estación Central,MENORES CONTROLADOS,111781,13106,11
1676,7,11,111781,A0200002,13,13106,,2,,Servicio de Salud Metropolitano Central,Centro Comunitario de Salud Familiar Villa Francia,Estación Central,LACTANCIA MATERNA EXCLUSIVA,111781,13106,11
1677,7,11,111781,A0200001,13,13106,,4,,Servicio de Salud Metropolitano Central,Centro Comunitario de Salud Familiar Villa Francia,Estación Central,MENORES CONTROLADOS,111781,13106,11
1678,8,11,111781,A0200002,13,13106,,1,,Servicio de Salud Metropolitano Central,Centro Comunitario de Salud Familiar Villa Francia,Estación Central,LACTANCIA MATERNA EXCLUSIVA,111781,13106,11
1679,8,11,111781,A0200001,13,13106,,1,,Servicio de Salud Metropolitano Central,Centro Comunitario de Salud Familiar Villa Francia,Estación Central,MENORES CONTROLADOS,111781,13106,11
1680,2,11,111382,A0200001,13,13119,25,20,25,Servicio de Salud Metropolitano Central,Centro de Salud Familiar Presidenta Michelle Bachelet,Maipú,MENORES CONTROLADOS,111382,13119,11
1681,1,11,111382,A0200001,13,13119,18,11,24,Servicio de Salud Metropolitano Central,Centro de Salud Familiar Presidenta Michelle Bachelet,Maipú,MENORES CONTROLADOS,111382,13119,11
1682,1,11,111382,A0200002,13,13119,10,6,15,Servicio de Salud Metropolitano Central,Centro de Salud Familiar Presidenta Michelle Bachelet,Maipú,LACTANCIA MATERNA EXCLUSIVA,111382,13119,11
1683,3,11,111382,A0200002,13,13119,15,10,10,Servicio de Salud Metropolitano Central,Centro de Salud Familiar Presidenta Michelle Bachelet,Maipú,LACTANCIA MATERNA EXCLUSIVA,111382,13119,11
1684,2,11,111382,A0200002,13,13119,17,9,10,Servicio de Salud Metropolitano Central,Centro de Salud Familiar Presidenta Michelle Bachelet,Maipú,LACTANCIA MATERNA EXCLUSIVA,111382,13119,11
1685,2,11,111780,A0200001,13,13119,,,,Servicio de Salud Metropolitano Central,Centro Comunitario de Salud Familiar Europa,Maipú,MENORES CONTROLADOS,111780,13119,11
1686,6,11,111780,A0200001,13,13119,0,0,2,Servicio de Salud Metropolitano Central,Centro Comunitario de Salud Familiar Europa,Maipú,MENORES CONTROLADOS,111780,13119,11
1687,6,11,111382,A0200002,13,13119,8,3,15,Servicio de Salud Metropolitano Central,Centro de Salud Familiar Presidenta Michelle Bachelet,Maipú,LACTANCIA MATERNA EXCLUSIVA,111382,13119,11
1688,6,11,111382,A0200001,13,13119,10,10,32,Servicio de Salud Metropolitano Central,Centro de Salud Familiar Presidenta Michelle Bachelet,Maipú,MENORES CONTROLADOS,111382,13119,11
1689,4,11,111382,A0200002,13,13119,11,14,4,Servicio de Salud Metropolitano Central,Centro de Salud Familiar Presidenta Michelle Bachelet,Maipú,LACTANCIA MATERNA EXCLUSIVA,111382,13119,11
1690,4,11,111382,A0200001,13,13119,19,24,16,Servicio de Salud Metropolitano Central,Centro de Salud Familiar Presidenta Michelle Bachelet,Maipú,MENORES CONTROLADOS,111382,13119,11
1691,5,11,111382,A0200002,13,13119,5,8,10,Servicio de Salud Metropolitano Central,Centro de Salud Familiar Presidenta Michelle Bachelet,Maipú,LACTANCIA MATERNA EXCLUSIVA,111382,13119,11
1692,5,11,111382,A0200001,13,13119,9,17,24,Servicio de Salud Metropolitano Central,Centro de Salud Familiar Presidenta Michelle Bachelet,Maipú,MENORES CONTROLADOS,111382,13119,11
1693,8,11,111382,A0200002,13,13119,7,9,20,Servicio de Salud Metropolitano Central,Centro de Salud Familiar Presidenta Michelle Bachelet,Maipú,LACTANCIA MATERNA EXCLUSIVA,111382,13119,11
1694,8,11,111382,A0200001,13,13119,13,13,37,Servicio de Salud Metropolitano Central,Centro de Salud Familiar Presidenta Michelle Bachelet,Maipú,MENORES CONTROLADOS,111382,13119,11
1695,8,11,111780,A0200001,13,13119,0,0,1,Servicio de Salud Metropolitano Central,Centro Comunitario de Salud Familiar Europa,Maipú,MENORES CONTROLADOS,111780,13119,11
1696,3,11,111382,A0200001,13,13119,20,23,27,Servicio de Salud Metropolitano Central,Centro de Salud Familiar Presidenta Michelle Bachelet,Maipú,MENORES CONTROLADOS,111382,13119,11
1697,5,11,111780,A0200001,13,13119,0,2,1,Servicio de Salud Metropolitano Central,Centro Comunitario de Salud Familiar Europa,Maipú,MENORES CONTROLADOS,111780,13119,11
1698,7,11,111780,A0200001,13,13119,,,,Servicio de Salud Metropolitano Central,Centro Comunitario de Salud Familiar Europa,Maipú,MENORES CONTROLADOS,111780,13119,11
1699,7,11,111382,A0200002,13,13119,9,7,23,Servicio de Salud Metropolitano Central,Centro de Salud Familiar Presidenta Michelle Bachelet,Maipú,LACTANCIA MATERNA EXCLUSIVA,111382,13119,11
1700,7,11,111382,A0200001,13,13119,16,10,37,Servicio de Salud Metropolitano Central,Centro de Salud Familiar Presidenta Michelle Bachelet,Maipú,MENORES CONTROLADOS,111382,13119,11
1701,1,11,111400,A0200002,13,13119,0,0,0,Servicio de Salud Metropolitano Central,Centro Comunitario de Salud Familiar Rinconada de Maipú,Maipú,LACTANCIA MATERNA EXCLUSIVA,111400,13119,11
1702,1,11,111400,A0200001,13,13119,0,0,0,Servicio de Salud Metropolitano Central,Centro Comunitario de Salud Familiar Rinconada de Maipú,Maipú,MENORES CONTROLADOS,111400,13119,11
1703,3,11,111383,A0200002,13,13119,6,6,8,Servicio de Salud Metropolitano Central,Centro de Salud Familiar Dr. Luis Ferrada,Maipú,LACTANCIA MATERNA EXCLUSIVA,111383,13119,11
1704,3,11,111383,A0200001,13,13119,16,9,15,Servicio de Salud Metropolitano Central,Centro de Salud Familiar Dr. Luis Ferrada,Maipú,MENORES CONTROLADOS,111383,13119,11
1705,2,11,111383,A0200002,13,13119,5,5,9,Servicio de Salud Metropolitano Central,Centro de Salud Familiar Dr. Luis Ferrada,Maipú,LACTANCIA MATERNA EXCLUSIVA,111383,13119,11
1706,4,11,111400,A0200002,13,13119,3,2,0,Servicio de Salud Metropolitano Central,Centro Comunitario de Salud Familiar Rinconada de Maipú,Maipú,LACTANCIA MATERNA EXCLUSIVA,111400,13119,11
1707,4,11,111400,A0200001,13,13119,3,4,0,Servicio de Salud Metropolitano Central,Centro Comunitario de Salud Familiar Rinconada de Maipú,Maipú,MENORES CONTROLADOS,111400,13119,11
1708,6,11,111383,A0200002,13,13119,4,4,5,Servicio de Salud Metropolitano Central,Centro de Salud Familiar Dr. Luis Ferrada,Maipú,LACTANCIA MATERNA EXCLUSIVA,111383,13119,11
1709,6,11,111383,A0200001,13,13119,9,10,11,Servicio de Salud Metropolitano Central,Centro de Salud Familiar Dr. Luis Ferrada,Maipú,MENORES CONTROLADOS,111383,13119,11
1710,5,11,111400,A0200002,13,13119,1,0,1,Servicio de Salud Metropolitano Central,Centro Comunitario de Salud Familiar Rinconada de Maipú,Maipú,LACTANCIA MATERNA EXCLUSIVA,111400,13119,11
1711,5,11,111400,A0200001,13,13119,1,0,1,Servicio de Salud Metropolitano Central,Centro Comunitario de Salud Familiar Rinconada de Maipú,Maipú,MENORES CONTROLADOS,111400,13119,11
1712,2,11,111400,A0200002,13,13119,3,0,0,Servicio de Salud Metropolitano Central,Centro Comunitario de Salud Familiar Rinconada de Maipú,Maipú,LACTANCIA MATERNA EXCLUSIVA,111400,13119,11
1713,2,11,111400,A0200001,13,13119,3,0,0,Servicio de Salud Metropolitano Central,Centro Comunitario de Salud Familiar Rinconada de Maipú,Maipú,MENORES CONTROLADOS,111400,13119,11
1714,2,11,111383,A0200001,13,13119,13,10,11,Servicio de Salud Metropolitano Central,Centro de Salud Familiar Dr. Luis Ferrada,Maipú,MENORES CONTROLADOS,111383,13119,11
1715,7,11,111383,A0200002,13,13119,4,2,2,Servicio de Salud Metropolitano Central,Centro de Salud Familiar Dr. Luis Ferrada,Maipú,LACTANCIA MATERNA EXCLUSIVA,111383,13119,11
1716,7,11,111383,A0200001,13,13119,6,9,4,Servicio de Salud Metropolitano Central,Centro de Salud Familiar Dr. Luis Ferrada,Maipú,MENORES CONTROLADOS,111383,13119,11
1717,6,11,111400,A0200002,13,13119,1,0,1,Servicio de Salud Metropolitano Central,Centro Comunitario de Salud Familiar Rinconada de Maipú,Maipú,LACTANCIA MATERNA EXCLUSIVA,111400,13119,11
1718,6,11,111400,A0200001,13,13119,1,1,1,Servicio de Salud Metropolitano Central,Centro Comunitario de Salud Familiar Rinconada de Maipú,Maipú,MENORES CONTROLADOS,111400,13119,11
1719,5,11,111383,A0200002,13,13119,7,8,12,Servicio de Salud Metropolitano Central,Centro de Salud Familiar Dr. Luis Ferrada,Maipú,LACTANCIA MATERNA EXCLUSIVA,111383,13119,11
1720,5,11,111383,A0200001,13,13119,12,13,19,Servicio de Salud Metropolitano Central,Centro de Salud Familiar Dr. Luis Ferrada,Maipú,MENORES CONTROLADOS,111383,13119,11
1721,4,11,111383,A0200002,13,13119,8,6,8,Servicio de Salud Metropolitano Central,Centro de Salud Familiar Dr. Luis Ferrada,Maipú,LACTANCIA MATERNA EXCLUSIVA,111383,13119,11
1722,4,11,111383,A0200001,13,13119,16,12,13,Servicio de Salud Metropolitano Central,Centro de Salud Familiar Dr. Luis Ferrada,Maipú,MENORES CONTROLADOS,111383,13119,11
1723,3,11,111400,A0200002,13,13119,0,1,1,Servicio de Salud Metropolitano Central,Centro Comunitario de Salud Familiar Rinconada de Maipú,Maipú,LACTANCIA MATERNA EXCLUSIVA,111400,13119,11
1724,3,11,111400,A0200001,13,13119,0,1,2,Servicio de Salud Metropolitano Central,Centro Comunitario de Salud Familiar Rinconada de Maipú,Maipú,MENORES CONTROLADOS,111400,13119,11
1725,8,11,111400,A0200002,13,13119,0,0,1,Servicio de Salud Metropolitano Central,Centro Comunitario de Salud Familiar Rinconada de Maipú,Maipú,LACTANCIA MATERNA EXCLUSIVA,111400,13119,11
1726,8,11,111400,A0200001,13,13119,0,0,2,Servicio de Salud Metropolitano Central,Centro Comunitario de Salud Familiar Rinconada de Maipú,Maipú,MENORES CONTROLADOS,111400,13119,11
1727,1,11,111383,A0200002,13,13119,11,3,5,Servicio de Salud Metropolitano Central,Centro de Salud Familiar Dr. Luis Ferrada,Maipú,LACTANCIA MATERNA EXCLUSIVA,111383,13119,11
1728,1,11,111383,A0200001,13,13119,17,8,14,Servicio de Salud Metropolitano Central,Centro de Salud Familiar Dr. Luis Ferrada,Maipú,MENORES CONTROLADOS,111383,13119,11
1729,8,11,111383,A0200002,13,13119,5,7,6,Servicio de Salud Metropolitano Central,Centro de Salud Familiar Dr. Luis Ferrada,Maipú,LACTANCIA MATERNA EXCLUSIVA,111383,13119,11
1730,8,11,111383,A0200001,13,13119,9,10,11,Servicio de Salud Metropolitano Central,Centro de Salud Familiar Dr. Luis Ferrada,Maipú,MENORES CONTROLADOS,111383,13119,11
1731,7,11,111400,A0200002,13,13119,0,2,1,Servicio de Salud Metropolitano Central,Centro Comunitario de Salud Familiar Rinconada de Maipú,Maipú,LACTANCIA MATERNA EXCLUSIVA,111400,13119,11
1732,7,11,111400,A0200001,13,13119,1,3,4,Servicio de Salud Metropolitano Central,Centro Comunitario de Salud Familiar Rinconada de Maipú,Maipú,MENORES CONTROLADOS,111400,13119,11
1733,3,11,111379,A0200001,13,13119,12,10,17,Servicio de Salud Metropolitano Central,Centro de Salud Familiar Clotario Blest,Maipú,MENORES CONTROLADOS,111379,13119,11
1734,1,11,201674,A0200001,13,13119,18,9,17,Servicio de Salud Metropolitano Central,CESFAM El Abrazo Dr. Salvador Allende Gossens,Maipú,MENORES CONTROLADOS,201674,13119,11
1735,1,11,201674,A0200002,13,13119,8,5,9,Servicio de Salud Metropolitano Central,CESFAM El Abrazo Dr. Salvador Allende Gossens,Maipú,LACTANCIA MATERNA EXCLUSIVA,201674,13119,11
1736,1,11,111378,A0200001,13,13119,9,6,12,Servicio de Salud Metropolitano Central,Centro de Salud Familiar Dr. Iván Insunza,Maipú,MENORES CONTROLADOS,111378,13119,11
1737,1,11,111378,A0200002,13,13119,5,3,8,Servicio de Salud Metropolitano Central,Centro de Salud Familiar Dr. Iván Insunza,Maipú,LACTANCIA MATERNA EXCLUSIVA,111378,13119,11
1738,3,11,201674,A0200002,13,13119,10,4,11,Servicio de Salud Metropolitano Central,CESFAM El Abrazo Dr. Salvador Allende Gossens,Maipú,LACTANCIA MATERNA EXCLUSIVA,201674,13119,11
1739,3,11,111784,A0200002,13,13119,1,,1,Servicio de Salud Metropolitano Central,Centro Comunitario de Salud Familiar Bueras,Maipú,LACTANCIA MATERNA EXCLUSIVA,111784,13119,11
1740,3,11,111784,A0200001,13,13119,1,,1,Servicio de Salud Metropolitano Central,Centro Comunitario de Salud Familiar Bueras,Maipú,MENORES CONTROLADOS,111784,13119,11
1741,4,11,111378,A0200002,13,13119,6,1,8,Servicio de Salud Metropolitano Central,Centro de Salud Familiar Dr. Iván Insunza,Maipú,LACTANCIA MATERNA EXCLUSIVA,111378,13119,11
1742,4,11,111378,A0200001,13,13119,15,7,12,Servicio de Salud Metropolitano Central,Centro de Salud Familiar Dr. Iván Insunza,Maipú,MENORES CONTROLADOS,111378,13119,11
1743,1,11,111379,A0200002,13,13119,2,5,3,Servicio de Salud Metropolitano Central,Centro de Salud Familiar Clotario Blest,Maipú,LACTANCIA MATERNA EXCLUSIVA,111379,13119,11
1744,2,11,201674,A0200002,13,13119,6,9,6,Servicio de Salud Metropolitano Central,CESFAM El Abrazo Dr. Salvador Allende Gossens,Maipú,LACTANCIA MATERNA EXCLUSIVA,201674,13119,11
1745,2,11,201674,A0200001,13,13119,11,12,11,Servicio de Salud Metropolitano Central,CESFAM El Abrazo Dr. Salvador Allende Gossens,Maipú,MENORES CONTROLADOS,201674,13119,11
1746,5,11,111379,A0200002,13,13119,5,4,4,Servicio de Salud Metropolitano Central,Centro de Salud Familiar Clotario Blest,Maipú,LACTANCIA MATERNA EXCLUSIVA,111379,13119,11
1747,5,11,111379,A0200001,13,13119,8,9,6,Servicio de Salud Metropolitano Central,Centro de Salud Familiar Clotario Blest,Maipú,MENORES CONTROLADOS,111379,13119,11
1748,5,11,111378,A0200002,13,13119,6,5,6,Servicio de Salud Metropolitano Central,Centro de Salud Familiar Dr. Iván Insunza,Maipú,LACTANCIA MATERNA EXCLUSIVA,111378,13119,11
1749,5,11,111378,A0200001,13,13119,9,9,13,Servicio de Salud Metropolitano Central,Centro de Salud Familiar Dr. Iván Insunza,Maipú,MENORES CONTROLADOS,111378,13119,11
1750,6,11,111379,A0200002,13,13119,6,7,6,Servicio de Salud Metropolitano Central,Centro de Salud Familiar Clotario Blest,Maipú,LACTANCIA MATERNA EXCLUSIVA,111379,13119,11
1751,1,11,111379,A0200001,13,13119,4,7,7,Servicio de Salud Metropolitano Central,Centro de Salud Familiar Clotario Blest,Maipú,MENORES CONTROLADOS,111379,13119,11
1752,3,11,201129,A0200002,13,13119,3,2,1,Servicio de Salud Metropolitano Central,Centro Comunitario de Salud Familiar LUMEN,Maipú,LACTANCIA MATERNA EXCLUSIVA,201129,13119,11
1753,3,11,201129,A0200001,13,13119,4,4,3,Servicio de Salud Metropolitano Central,Centro Comunitario de Salud Familiar LUMEN,Maipú,MENORES CONTROLADOS,201129,13119,11
1754,2,11,111784,A0200001,13,13119,2,1,0,Servicio de Salud Metropolitano Central,Centro Comunitario de Salud Familiar Bueras,Maipú,MENORES CONTROLADOS,111784,13119,11
1755,1,11,201129,A0200001,13,13119,2,2,3,Servicio de Salud Metropolitano Central,Centro Comunitario de Salud Familiar LUMEN,Maipú,MENORES CONTROLADOS,201129,13119,11
1756,1,11,201129,A0200002,13,13119,1,1,,Servicio de Salud Metropolitano Central,Centro Comunitario de Salud Familiar LUMEN,Maipú,LACTANCIA MATERNA EXCLUSIVA,201129,13119,11
1757,2,11,201129,A0200002,13,13119,2,1,1,Servicio de Salud Metropolitano Central,Centro Comunitario de Salud Familiar LUMEN,Maipú,LACTANCIA MATERNA EXCLUSIVA,201129,13119,11
1758,2,11,201129,A0200001,13,13119,2,2,1,Servicio de Salud Metropolitano Central,Centro Comunitario de Salud Familiar LUMEN,Maipú,MENORES CONTROLADOS,201129,13119,11
1759,1,11,111784,A0200002,13,13119,0,,2,Servicio de Salud Metropolitano Central,Centro Comunitario de Salud Familiar Bueras,Maipú,LACTANCIA MATERNA EXCLUSIVA,111784,13119,11
1760,1,11,111784,A0200001,13,13119,1,,2,Servicio de Salud Metropolitano Central,Centro Comunitario de Salud Familiar Bueras,Maipú,MENORES CONTROLADOS,111784,13119,11
1761,2,11,111784,A0200002,13,13119,1,1,0,Servicio de Salud Metropolitano Central,Centro Comunitario de Salud Familiar Bueras,Maipú,LACTANCIA MATERNA EXCLUSIVA,111784,13119,11
1762,2,11,111378,A0200002,13,13119,5,7,4,Servicio de Salud Metropolitano Central,Centro de Salud Familiar Dr. Iván Insunza,Maipú,LACTANCIA MATERNA EXCLUSIVA,111378,13119,11
1763,2,11,111378,A0200001,13,13119,10,13,10,Servicio de Salud Metropolitano Central,Centro de Salud Familiar Dr. Iván Insunza,Maipú,MENORES CONTROLADOS,111378,13119,11
1764,6,11,111379,A0200001,13,13119,17,10,10,Servicio de Salud Metropolitano Central,Centro de Salud Familiar Clotario Blest,Maipú,MENORES CONTROLADOS,111379,13119,11
1765,5,11,111784,A0200002,13,13119,2,1,0,Servicio de Salud Metropolitano Central,Centro Comunitario de Salud Familiar Bueras,Maipú,LACTANCIA MATERNA EXCLUSIVA,111784,13119,11
1766,5,11,111784,A0200001,13,13119,2,1,0,Servicio de Salud Metropolitano Central,Centro Comunitario de Salud Familiar Bueras,Maipú,MENORES CONTROLADOS,111784,13119,11
1767,5,11,201129,A0200002,13,13119,4,3,1,Servicio de Salud Metropolitano Central,Centro Comunitario de Salud Familiar LUMEN,Maipú,LACTANCIA MATERNA EXCLUSIVA,201129,13119,11
1768,5,11,201129,A0200001,13,13119,5,4,3,Servicio de Salud Metropolitano Central,Centro Comunitario de Salud Familiar LUMEN,Maipú,MENORES CONTROLADOS,201129,13119,11
1769,4,11,111379,A0200002,13,13119,8,3,8,Servicio de Salud Metropolitano Central,Centro de Salud Familiar Clotario Blest,Maipú,LACTANCIA MATERNA EXCLUSIVA,111379,13119,11
1770,4,11,111379,A0200001,13,13119,12,9,10,Servicio de Salud Metropolitano Central,Centro de Salud Familiar Clotario Blest,Maipú,MENORES CONTROLADOS,111379,13119,11
1771,6,11,201129,A0200002,13,13119,,3,1,Servicio de Salud Metropolitano Central,Centro Comunitario de Salud Familiar LUMEN,Maipú,LACTANCIA MATERNA EXCLUSIVA,201129,13119,11
1772,6,11,201129,A0200001,13,13119,1,3,5,Servicio de Salud Metropolitano Central,Centro Comunitario de Salud Familiar LUMEN,Maipú,MENORES CONTROLADOS,201129,13119,11
1773,6,11,201674,A0200002,13,13119,7,4,8,Servicio de Salud Metropolitano Central,CESFAM El Abrazo Dr. Salvador Allende Gossens,Maipú,LACTANCIA MATERNA EXCLUSIVA,201674,13119,11
1774,6,11,201674,A0200001,13,13119,10,7,14,Servicio de Salud Metropolitano Central,CESFAM El Abrazo Dr. Salvador Allende Gossens,Maipú,MENORES CONTROLADOS,201674,13119,11
1775,6,11,111784,A0200002,13,13119,,1,1,Servicio de Salud Metropolitano Central,Centro Comunitario de Salud Familiar Bueras,Maipú,LACTANCIA MATERNA EXCLUSIVA,111784,13119,11
1776,6,11,111784,A0200001,13,13119,,1,1,Servicio de Salud Metropolitano Central,Centro Comunitario de Salud Familiar Bueras,Maipú,MENORES CONTROLADOS,111784,13119,11
1777,7,11,201674,A0200001,13,13119,21,16,8,Servicio de Salud Metropolitano Central,CESFAM El Abrazo Dr. Salvador Allende Gossens,Maipú,MENORES CONTROLADOS,201674,13119,11
1778,7,11,201674,A0200002,13,13119,11,4,4,Servicio de Salud Metropolitano Central,CESFAM El Abrazo Dr. Salvador Allende Gossens,Maipú,LACTANCIA MATERNA EXCLUSIVA,201674,13119,11
1779,7,11,111784,A0200001,13,13119,1,2,1,Servicio de Salud Metropolitano Central,Centro Comunitario de Salud Familiar Bueras,Maipú,MENORES CONTROLADOS,111784,13119,11
1780,7,11,111784,A0200002,13,13119,0,2,,Servicio de Salud Metropolitano Central,Centro Comunitario de Salud Familiar Bueras,Maipú,LACTANCIA MATERNA EXCLUSIVA,111784,13119,11
1781,7,11,201129,A0200002,13,13119,2,5,,Servicio de Salud Metropolitano Central,Centro Comunitario de Salud Familiar LUMEN,Maipú,LACTANCIA MATERNA EXCLUSIVA,201129,13119,11
1782,7,11,201129,A0200001,13,13119,3,5,2,Servicio de Salud Metropolitano Central,Centro Comunitario de Salud Familiar LUMEN,Maipú,MENORES CONTROLADOS,201129,13119,11
1783,7,11,111378,A0200002,13,13119,12,1,7,Servicio de Salud Metropolitano Central,Centro de Salud Familiar Dr. Iván Insunza,Maipú,LACTANCIA MATERNA EXCLUSIVA,111378,13119,11
1784,7,11,111378,A0200001,13,13119,22,6,16,Servicio de Salud Metropolitano Central,Centro de Salud Familiar Dr. Iván Insunza,Maipú,MENORES CONTROLADOS,111378,13119,11
1785,4,11,201129,A0200002,13,13119,3,2,1,Servicio de Salud Metropolitano Central,Centro Comunitario de Salud Familiar LUMEN,Maipú,LACTANCIA MATERNA EXCLUSIVA,201129,13119,11
1786,4,11,201129,A0200001,13,13119,3,4,3,Servicio de Salud Metropolitano Central,Centro Comunitario de Salud Familiar LUMEN,Maipú,MENORES CONTROLADOS,201129,13119,11
1787,5,11,201674,A0200002,13,13119,3,10,6,Servicio de Salud Metropolitano Central,CESFAM El Abrazo Dr. Salvador Allende Gossens,Maipú,LACTANCIA MATERNA EXCLUSIVA,201674,13119,11
1788,5,11,201674,A0200001,13,13119,14,13,11,Servicio de Salud Metropolitano Central,CESFAM El Abrazo Dr. Salvador Allende Gossens,Maipú,MENORES CONTROLADOS,201674,13119,11
1789,4,11,201674,A0200002,13,13119,6,6,11,Servicio de Salud Metropolitano Central,CESFAM El Abrazo Dr. Salvador Allende Gossens,Maipú,LACTANCIA MATERNA EXCLUSIVA,201674,13119,11
1790,4,11,201674,A0200001,13,13119,18,11,16,Servicio de Salud Metropolitano Central,CESFAM El Abrazo Dr. Salvador Allende Gossens,Maipú,MENORES CONTROLADOS,201674,13119,11
1791,4,11,111784,A0200002,13,13119,1,1,,Servicio de Salud Metropolitano Central,Centro Comunitario de Salud Familiar Bueras,Maipú,LACTANCIA MATERNA EXCLUSIVA,111784,13119,11
1792,4,11,111784,A0200001,13,13119,1,1,2,Servicio de Salud Metropolitano Central,Centro Comunitario de Salud Familiar Bueras,Maipú,MENORES CONTROLADOS,111784,13119,11
1793,7,11,111379,A0200002,13,13119,7,8,3,Servicio de Salud Metropolitano Central,Centro de Salud Familiar Clotario Blest,Maipú,LACTANCIA MATERNA EXCLUSIVA,111379,13119,11
1794,7,11,111379,A0200001,13,13119,7,11,13,Servicio de Salud Metropolitano Central,Centro de Salud Familiar Clotario Blest,Maipú,MENORES CONTROLADOS,111379,13119,11
1795,3,11,201674,A0200001,13,13119,14,11,16,Servicio de Salud Metropolitano Central,CESFAM El Abrazo Dr. Salvador Allende Gossens,Maipú,MENORES CONTROLADOS,201674,13119,11
1796,3,11,111379,A0200002,13,13119,4,6,12,Servicio de Salud Metropolitano Central,Centro de Salud Familiar Clotario Blest,Maipú,LACTANCIA MATERNA EXCLUSIVA,111379,13119,11
1797,3,11,111378,A0200002,13,13119,11,5,5,Servicio de Salud Metropolitano Central,Centro de Salud Familiar Dr. Iván Insunza,Maipú,LACTANCIA MATERNA EXCLUSIVA,111378,13119,11
1798,3,11,111378,A0200001,13,13119,15,8,8,Servicio de Salud Metropolitano Central,Centro de Salud Familiar Dr. Iván Insunza,Maipú,MENORES CONTROLADOS,111378,13119,11
1799,2,11,111379,A0200002,13,13119,4,5,3,Servicio de Salud Metropolitano Central,Centro de Salud Familiar Clotario Blest,Maipú,LACTANCIA MATERNA EXCLUSIVA,111379,13119,11
1800,2,11,111379,A0200001,13,13119,13,8,4,Servicio de Salud Metropolitano Central,Centro de Salud Familiar Clotario Blest,Maipú,MENORES CONTROLADOS,111379,13119,11
1801,8,11,201674,A0200002,13,13119,6,5,3,Servicio de Salud Metropolitano Central,CESFAM El Abrazo Dr. Salvador Allende Gossens,Maipú,LACTANCIA MATERNA EXCLUSIVA,201674,13119,11
1802,8,11,201674,A0200001,13,13119,11,10,6,Servicio de Salud Metropolitano Central,CESFAM El Abrazo Dr. Salvador Allende Gossens,Maipú,MENORES CONTROLADOS,201674,13119,11
1803,8,11,111784,A0200002,13,13119,1,,1,Servicio de Salud Metropolitano Central,Centro Comunitario de Salud Familiar Bueras,Maipú,LACTANCIA MATERNA EXCLUSIVA,111784,13119,11
1804,8,11,111784,A0200001,13,13119,2,,2,Servicio de Salud Metropolitano Central,Centro Comunitario de Salud Familiar Bueras,Maipú,MENORES CONTROLADOS,111784,13119,11
1805,6,11,111378,A0200002,13,13119,11,1,3,Servicio de Salud Metropolitano Central,Centro de Salud Familiar Dr. Iván Insunza,Maipú,LACTANCIA MATERNA EXCLUSIVA,111378,13119,11
1806,6,11,111378,A0200001,13,13119,18,8,9,Servicio de Salud Metropolitano Central,Centro de Salud Familiar Dr. Iván Insunza,Maipú,MENORES CONTROLADOS,111378,13119,11
1807,8,11,111379,A0200002,13,13119,5,4,8,Servicio de Salud Metropolitano Central,Centro de Salud Familiar Clotario Blest,Maipú,LACTANCIA MATERNA EXCLUSIVA,111379,13119,11
1808,8,11,111379,A0200001,13,13119,7,14,9,Servicio de Salud Metropolitano Central,Centro de Salud Familiar Clotario Blest,Maipú,MENORES CONTROLADOS,111379,13119,11
1809,8,11,201129,A0200002,13,13119,1,1,1,Servicio de Salud Metropolitano Central,Centro Comunitario de Salud Familiar LUMEN,Maipú,LACTANCIA MATERNA EXCLUSIVA,201129,13119,11
1810,8,11,201129,A0200001,13,13119,3,4,2,Servicio de Salud Metropolitano Central,Centro Comunitario de Salud Familiar LUMEN,Maipú,MENORES CONTROLADOS,201129,13119,11
1811,8,11,111378,A0200002,13,13119,9,4,6,Servicio de Salud Metropolitano Central,Centro de Salud Familiar Dr. Iván Insunza,Maipú,LACTANCIA MATERNA EXCLUSIVA,111378,13119,11
1812,8,11,111378,A0200001,13,13119,14,9,11,Servicio de Salud Metropolitano Central,Centro de Salud Familiar Dr. Iván Insunza,Maipú,MENORES CONTROLADOS,111378,13119,11
1813,1,11,111783,A0200002,13,13119,1,1,3,Servicio de Salud Metropolitano Central,Centro Comunitario de Salud Familiar Lo Errázuriz,Maipú,LACTANCIA MATERNA EXCLUSIVA,111783,13119,11
1814,1,11,111783,A0200001,13,13119,2,2,4,Servicio de Salud Metropolitano Central,Centro Comunitario de Salud Familiar Lo Errázuriz,Maipú,MENORES CONTROLADOS,111783,13119,11
1815,1,11,111308,A0200001,13,13119,14,13,18,Servicio de Salud Metropolitano Central,Centro de Salud Familiar Dr. José Eduardo Ahués Salame,Maipú,MENORES CONTROLADOS,111308,13119,11
1816,2,11,111308,A0200001,13,13119,12,11,9,Servicio de Salud Metropolitano Central,Centro de Salud Familiar Dr. José Eduardo Ahués Salame,Maipú,MENORES CONTROLADOS,111308,13119,11
1817,1,11,111308,A0200002,13,13119,11,10,9,Servicio de Salud Metropolitano Central,Centro de Salud Familiar Dr. José Eduardo Ahués Salame,Maipú,LACTANCIA MATERNA EXCLUSIVA,111308,13119,11
1818,2,11,111308,A0200002,13,13119,10,10,4,Servicio de Salud Metropolitano Central,Centro de Salud Familiar Dr. José Eduardo Ahués Salame,Maipú,LACTANCIA MATERNA EXCLUSIVA,111308,13119,11
1819,6,11,111783,A0200002,13,13119,2,1,,Servicio de Salud Metropolitano Central,Centro Comunitario de Salud Familiar Lo Errázuriz,Maipú,LACTANCIA MATERNA EXCLUSIVA,111783,13119,11
1820,6,11,111783,A0200001,13,13119,2,2,2,Servicio de Salud Metropolitano Central,Centro Comunitario de Salud Familiar Lo Errázuriz,Maipú,MENORES CONTROLADOS,111783,13119,11
1821,2,11,111783,A0200002,13,13119,,,,Servicio de Salud Metropolitano Central,Centro Comunitario de Salud Familiar Lo Errázuriz,Maipú,LACTANCIA MATERNA EXCLUSIVA,111783,13119,11
1822,2,11,111783,A0200001,13,13119,1,1,,Servicio de Salud Metropolitano Central,Centro Comunitario de Salud Familiar Lo Errázuriz,Maipú,MENORES CONTROLADOS,111783,13119,11
1823,4,11,111308,A0200002,13,13119,10,4,12,Servicio de Salud Metropolitano Central,Centro de Salud Familiar Dr. José Eduardo Ahués Salame,Maipú,LACTANCIA MATERNA EXCLUSIVA,111308,13119,11
1824,4,11,111308,A0200001,13,13119,15,5,22,Servicio de Salud Metropolitano Central,Centro de Salud Familiar Dr. José Eduardo Ahués Salame,Maipú,MENORES CONTROLADOS,111308,13119,11
1825,5,11,111308,A0200002,13,13119,9,9,7,Servicio de Salud Metropolitano Central,Centro de Salud Familiar Dr. José Eduardo Ahués Salame,Maipú,LACTANCIA MATERNA EXCLUSIVA,111308,13119,11
1826,5,11,111308,A0200001,13,13119,15,14,15,Servicio de Salud Metropolitano Central,Centro de Salud Familiar Dr. José Eduardo Ahués Salame,Maipú,MENORES CONTROLADOS,111308,13119,11
1827,7,11,111783,A0200002,13,13119,2,,,Servicio de Salud Metropolitano Central,Centro Comunitario de Salud Familiar Lo Errázuriz,Maipú,LACTANCIA MATERNA EXCLUSIVA,111783,13119,11
1828,7,11,111783,A0200001,13,13119,2,2,0,Servicio de Salud Metropolitano Central,Centro Comunitario de Salud Familiar Lo Errázuriz,Maipú,MENORES CONTROLADOS,111783,13119,11
1829,7,11,200643,A0200002,13,13119,1,1,1,Servicio de Salud Metropolitano Central,Centro Comunitario de Salud Familiar Los Bosquinos,Maipú,LACTANCIA MATERNA EXCLUSIVA,200643,13119,11
1830,7,11,200643,A0200001,13,13119,1,1,1,Servicio de Salud Metropolitano Central,Centro Comunitario de Salud Familiar Los Bosquinos,Maipú,MENORES CONTROLADOS,200643,13119,11
1831,1,11,200643,A0200002,13,13119,1,2,0,Servicio de Salud Metropolitano Central,Centro Comunitario de Salud Familiar Los Bosquinos,Maipú,LACTANCIA MATERNA EXCLUSIVA,200643,13119,11
1832,1,11,200643,A0200001,13,13119,2,4,1,Servicio de Salud Metropolitano Central,Centro Comunitario de Salud Familiar Los Bosquinos,Maipú,MENORES CONTROLADOS,200643,13119,11
1833,2,11,200643,A0200002,13,13119,2,0,1,Servicio de Salud Metropolitano Central,Centro Comunitario de Salud Familiar Los Bosquinos,Maipú,LACTANCIA MATERNA EXCLUSIVA,200643,13119,11
1834,2,11,200643,A0200001,13,13119,3,0,2,Servicio de Salud Metropolitano Central,Centro Comunitario de Salud Familiar Los Bosquinos,Maipú,MENORES CONTROLADOS,200643,13119,11
1835,3,11,200643,A0200002,13,13119,2,1,2,Servicio de Salud Metropolitano Central,Centro Comunitario de Salud Familiar Los Bosquinos,Maipú,LACTANCIA MATERNA EXCLUSIVA,200643,13119,11
1836,3,11,200643,A0200001,13,13119,2,1,3,Servicio de Salud Metropolitano Central,Centro Comunitario de Salud Familiar Los Bosquinos,Maipú,MENORES CONTROLADOS,200643,13119,11
1837,3,11,111783,A0200002,13,13119,4,1,2,Servicio de Salud Metropolitano Central,Centro Comunitario de Salud Familiar Lo Errázuriz,Maipú,LACTANCIA MATERNA EXCLUSIVA,111783,13119,11
1838,3,11,111783,A0200001,13,13119,5,3,2,Servicio de Salud Metropolitano Central,Centro Comunitario de Salud Familiar Lo Errázuriz,Maipú,MENORES CONTROLADOS,111783,13119,11
1839,6,11,200643,A0200002,13,13119,1,3,1,Servicio de Salud Metropolitano Central,Centro Comunitario de Salud Familiar Los Bosquinos,Maipú,LACTANCIA MATERNA EXCLUSIVA,200643,13119,11
1840,6,11,200643,A0200001,13,13119,1,3,2,Servicio de Salud Metropolitano Central,Centro Comunitario de Salud Familiar Los Bosquinos,Maipú,MENORES CONTROLADOS,200643,13119,11
1841,7,11,111308,A0200002,13,13119,13,8,9,Servicio de Salud Metropolitano Central,Centro de Salud Familiar Dr. José Eduardo Ahués Salame,Maipú,LACTANCIA MATERNA EXCLUSIVA,111308,13119,11
1842,7,11,111308,A0200001,13,13119,21,12,20,Servicio de Salud Metropolitano Central,Centro de Salud Familiar Dr. José Eduardo Ahués Salame,Maipú,MENORES CONTROLADOS,111308,13119,11
1843,3,11,111308,A0200002,13,13119,15,10,6,Servicio de Salud Metropolitano Central,Centro de Salud Familiar Dr. José Eduardo Ahués Salame,Maipú,LACTANCIA MATERNA EXCLUSIVA,111308,13119,11
1844,3,11,111308,A0200001,13,13119,19,14,16,Servicio de Salud Metropolitano Central,Centro de Salud Familiar Dr. José Eduardo Ahués Salame,Maipú,MENORES CONTROLADOS,111308,13119,11
1845,8,11,111308,A0200002,13,13119,13,11,11,Servicio de Salud Metropolitano Central,Centro de Salud Familiar Dr. José Eduardo Ahués Salame,Maipú,LACTANCIA MATERNA EXCLUSIVA,111308,13119,11
1846,8,11,111308,A0200001,13,13119,18,21,24,Servicio de Salud Metropolitano Central,Centro de Salud Familiar Dr. José Eduardo Ahués Salame,Maipú,MENORES CONTROLADOS,111308,13119,11
1847,4,11,200643,A0200002,13,13119,4,1,2,Servicio de Salud Metropolitano Central,Centro Comunitario de Salud Familiar Los Bosquinos,Maipú,LACTANCIA MATERNA EXCLUSIVA,200643,13119,11
1848,4,11,200643,A0200001,13,13119,5,2,4,Servicio de Salud Metropolitano Central,Centro Comunitario de Salud Familiar Los Bosquinos,Maipú,MENORES CONTROLADOS,200643,13119,11
1849,4,11,111783,A0200002,13,13119,1,,,Servicio de Salud Metropolitano Central,Centro Comunitario de Salud Familiar Lo Errázuriz,Maipú,LACTANCIA MATERNA EXCLUSIVA,111783,13119,11
1850,4,11,111783,A0200001,13,13119,1,1,,Servicio de Salud Metropolitano Central,Centro Comunitario de Salud Familiar Lo Errázuriz,Maipú,MENORES CONTROLADOS,111783,13119,11
1851,5,11,200643,A0200002,13,13119,2,1,0,Servicio de Salud Metropolitano Central,Centro Comunitario de Salud Familiar Los Bosquinos,Maipú,LACTANCIA MATERNA EXCLUSIVA,200643,13119,11
1852,5,11,200643,A0200001,13,13119,2,1,0,Servicio de Salud Metropolitano Central,Centro Comunitario de Salud Familiar Los Bosquinos,Maipú,MENORES CONTROLADOS,200643,13119,11
1853,5,11,111783,A0200002,13,13119,,3,,Servicio de Salud Metropolitano Central,Centro Comunitario de Salud Familiar Lo Errázuriz,Maipú,LACTANCIA MATERNA EXCLUSIVA,111783,13119,11
1854,5,11,111783,A0200001,13,13119,,4,,Servicio de Salud Metropolitano Central,Centro Comunitario de Salud Familiar Lo Errázuriz,Maipú,MENORES CONTROLADOS,111783,13119,11
1855,6,11,111308,A0200002,13,13119,3,3,8,Servicio de Salud Metropolitano Central,Centro de Salud Familiar Dr. José Eduardo Ahués Salame,Maipú,LACTANCIA MATERNA EXCLUSIVA,111308,13119,11
1856,6,11,111308,A0200001,13,13119,15,7,15,Servicio de Salud Metropolitano Central,Centro de Salud Familiar Dr. José Eduardo Ahués Salame,Maipú,MENORES CONTROLADOS,111308,13119,11
1857,8,11,111783,A0200002,13,13119,,,4,Servicio de Salud Metropolitano Central,Centro Comunitario de Salud Familiar Lo Errázuriz,Maipú,LACTANCIA MATERNA EXCLUSIVA,111783,13119,11
1858,8,11,111783,A0200001,13,13119,3,,5,Servicio de Salud Metropolitano Central,Centro Comunitario de Salud Familiar Lo Errázuriz,Maipú,MENORES CONTROLADOS,111783,13119,11
1859,8,11,200643,A0200002,13,13119,1,0,3,Servicio de Salud Metropolitano Central,Centro Comunitario de Salud Familiar Los Bosquinos,Maipú,LACTANCIA MATERNA EXCLUSIVA,200643,13119,11
1860,8,11,200643,A0200001,13,13119,2,0,3,Servicio de Salud Metropolitano Central,Centro Comunitario de Salud Familiar Los Bosquinos,Maipú,MENORES CONTROLADOS,200643,13119,11
1861,8,11,111304,A0200002,13,13119,1,9,5,Servicio de Salud Metropolitano Central,Centro de Salud Familiar Maipú,Maipú,LACTANCIA MATERNA EXCLUSIVA,111304,13119,11
1862,8,11,111304,A0200001,13,13119,10,14,9,Servicio de Salud Metropolitano Central,Centro de Salud Familiar Maipú,Maipú,MENORES CONTROLADOS,111304,13119,11
1863,1,11,111304,A0200002,13,13119,8,7,3,Servicio de Salud Metropolitano Central,Centro de Salud Familiar Maipú,Maipú,LACTANCIA MATERNA EXCLUSIVA,111304,13119,11
1864,1,11,111304,A0200001,13,13119,15,15,9,Servicio de Salud Metropolitano Central,Centro de Salud Familiar Maipú,Maipú,MENORES CONTROLADOS,111304,13119,11
1865,4,11,111704,A0200002,13,13119,2,1,1,Servicio de Salud Metropolitano Central,Centro Comunitario de Salud Familiar Futramapu,Maipú,LACTANCIA MATERNA EXCLUSIVA,111704,13119,11
1866,4,11,111704,A0200001,13,13119,2,1,2,Servicio de Salud Metropolitano Central,Centro Comunitario de Salud Familiar Futramapu,Maipú,MENORES CONTROLADOS,111704,13119,11
1867,2,11,111304,A0200001,13,13119,6,6,15,Servicio de Salud Metropolitano Central,Centro de Salud Familiar Maipú,Maipú,MENORES CONTROLADOS,111304,13119,11
1868,4,14,114334,A0200002,13,13110,7,5,6,Servicio de Salud Metropolitano Sur - Oriente,Centro de Salud Familiar José Alvo,La Florida,LACTANCIA MATERNA EXCLUSIVA,114334,13110,14
1869,4,14,114334,A0200001,13,13110,14,14,9,Servicio de Salud Metropolitano Sur - Oriente,Centro de Salud Familiar José Alvo,La Florida,MENORES CONTROLADOS,114334,13110,14
1870,3,11,111300,A0200002,13,13101,21,16,14,Servicio de Salud Metropolitano Central,Centro de Salud Familiar N° 1 Dr. Ramón Corbalán Melgarejo,Santiago,LACTANCIA MATERNA EXCLUSIVA,111300,13101,11
1871,3,14,114334,A0200002,13,13110,8,3,14,Servicio de Salud Metropolitano Sur - Oriente,Centro de Salud Familiar José Alvo,La Florida,LACTANCIA MATERNA EXCLUSIVA,114334,13110,14
1872,2,13,113323,A0200001,13,13105,12,15,7,Servicio de Salud Metropolitano Sur,Centro de Salud Familiar Dr. Mario Salcedo,El Bosque,MENORES CONTROLADOS,113323,13105,13
1873,4,11,111304,A0200002,13,13119,9,5,9,Servicio de Salud Metropolitano Central,Centro de Salud Familiar Maipú,Maipú,LACTANCIA MATERNA EXCLUSIVA,111304,13119,11
1874,4,11,111304,A0200001,13,13119,16,8,15,Servicio de Salud Metropolitano Central,Centro de Salud Familiar Maipú,Maipú,MENORES CONTROLADOS,111304,13119,11
1875,6,11,111704,A0200002,13,13119,0,0,1,Servicio de Salud Metropolitano Central,Centro Comunitario de Salud Familiar Futramapu,Maipú,LACTANCIA MATERNA EXCLUSIVA,111704,13119,11
1876,6,11,111704,A0200001,13,13119,1,4,1,Servicio de Salud Metropolitano Central,Centro Comunitario de Salud Familiar Futramapu,Maipú,MENORES CONTROLADOS,111704,13119,11
1877,1,11,111704,A0200001,13,13119,1,2,0,Servicio de Salud Metropolitano Central,Centro Comunitario de Salud Familiar Futramapu,Maipú,MENORES CONTROLADOS,111704,13119,11
1878,1,11,111704,A0200002,13,13119,1,1,0,Servicio de Salud Metropolitano Central,Centro Comunitario de Salud Familiar Futramapu,Maipú,LACTANCIA MATERNA EXCLUSIVA,111704,13119,11
1879,5,11,111304,A0200001,13,13119,14,15,8,Servicio de Salud Metropolitano Central,Centro de Salud Familiar Maipú,Maipú,MENORES CONTROLADOS,111304,13119,11
1880,2,11,111304,A0200002,13,13119,6,2,6,Servicio de Salud Metropolitano Central,Centro de Salud Familiar Maipú,Maipú,LACTANCIA MATERNA EXCLUSIVA,111304,13119,11
1881,3,11,111704,A0200001,13,13119,1,2,2,Servicio de Salud Metropolitano Central,Centro Comunitario de Salud Familiar Futramapu,Maipú,MENORES CONTROLADOS,111704,13119,11
1882,6,11,111304,A0200002,13,13119,6,6,2,Servicio de Salud Metropolitano Central,Centro de Salud Familiar Maipú,Maipú,LACTANCIA MATERNA EXCLUSIVA,111304,13119,11
1883,6,11,111304,A0200001,13,13119,9,11,11,Servicio de Salud Metropolitano Central,Centro de Salud Familiar Maipú,Maipú,MENORES CONTROLADOS,111304,13119,11
1884,5,11,111704,A0200002,13,13119,1,1,,Servicio de Salud Metropolitano Central,Centro Comunitario de Salud Familiar Futramapu,Maipú,LACTANCIA MATERNA EXCLUSIVA,111704,13119,11
1885,5,11,111704,A0200001,13,13119,4,1,,Servicio de Salud Metropolitano Central,Centro Comunitario de Salud Familiar Futramapu,Maipú,MENORES CONTROLADOS,111704,13119,11
1886,3,11,111704,A0200002,13,13119,0,1,1,Servicio de Salud Metropolitano Central,Centro Comunitario de Salud Familiar Futramapu,Maipú,LACTANCIA MATERNA EXCLUSIVA,111704,13119,11
1887,3,11,111304,A0200001,13,13119,17,16,19,Servicio de Salud Metropolitano Central,Centro de Salud Familiar Maipú,Maipú,MENORES CONTROLADOS,111304,13119,11
1888,3,11,111304,A0200002,13,13119,12,8,8,Servicio de Salud Metropolitano Central,Centro de Salud Familiar Maipú,Maipú,LACTANCIA MATERNA EXCLUSIVA,111304,13119,11
1889,5,11,111304,A0200002,13,13119,8,9,5,Servicio de Salud Metropolitano Central,Centro de Salud Familiar Maipú,Maipú,LACTANCIA MATERNA EXCLUSIVA,111304,13119,11
1890,7,11,111304,A0200002,13,13119,6,8,8,Servicio de Salud Metropolitano Central,Centro de Salud Familiar Maipú,Maipú,LACTANCIA MATERNA EXCLUSIVA,111304,13119,11
1891,7,11,111304,A0200001,13,13119,9,14,12,Servicio de Salud Metropolitano Central,Centro de Salud Familiar Maipú,Maipú,MENORES CONTROLADOS,111304,13119,11
1892,7,11,111704,A0200002,13,13119,0,1,2,Servicio de Salud Metropolitano Central,Centro Comunitario de Salud Familiar Futramapu,Maipú,LACTANCIA MATERNA EXCLUSIVA,111704,13119,11
1893,7,11,111704,A0200001,13,13119,0,1,2,Servicio de Salud Metropolitano Central,Centro Comunitario de Salud Familiar Futramapu,Maipú,MENORES CONTROLADOS,111704,13119,11
1894,2,11,111704,A0200002,13,13119,1,1,1,Servicio de Salud Metropolitano Central,Centro Comunitario de Salud Familiar Futramapu,Maipú,LACTANCIA MATERNA EXCLUSIVA,111704,13119,11
1895,2,11,111704,A0200001,13,13119,1,1,1,Servicio de Salud Metropolitano Central,Centro Comunitario de Salud Familiar Futramapu,Maipú,MENORES CONTROLADOS,111704,13119,11
1896,8,11,111704,A0200002,13,13119,2,0,1,Servicio de Salud Metropolitano Central,Centro Comunitario de Salud Familiar Futramapu,Maipú,LACTANCIA MATERNA EXCLUSIVA,111704,13119,11
1897,8,11,111704,A0200001,13,13119,2,2,1,Servicio de Salud Metropolitano Central,Centro Comunitario de Salud Familiar Futramapu,Maipú,MENORES CONTROLADOS,111704,13119,11
1898,8,11,111380,A0200002,13,13119,6,6,3,Servicio de Salud Metropolitano Central,Centro de Salud Familiar Dr. Carlos Godoy,Maipú,LACTANCIA MATERNA EXCLUSIVA,111380,13119,11
1899,8,11,111380,A0200001,13,13119,10,15,13,Servicio de Salud Metropolitano Central,Centro de Salud Familiar Dr. Carlos Godoy,Maipú,MENORES CONTROLADOS,111380,13119,11
1900,4,11,111309,A0200002,13,13119,15,8,9,Servicio de Salud Metropolitano Central,Centro de Salud Familiar Dra. Ana María Juricic,Maipú,LACTANCIA MATERNA EXCLUSIVA,111309,13119,11
1901,4,11,111309,A0200001,13,13119,19,17,15,Servicio de Salud Metropolitano Central,Centro de Salud Familiar Dra. Ana María Juricic,Maipú,MENORES CONTROLADOS,111309,13119,11
1902,5,11,111380,A0200002,13,13119,11,4,11,Servicio de Salud Metropolitano Central,Centro de Salud Familiar Dr. Carlos Godoy,Maipú,LACTANCIA MATERNA EXCLUSIVA,111380,13119,11
1903,5,11,111380,A0200001,13,13119,17,12,20,Servicio de Salud Metropolitano Central,Centro de Salud Familiar Dr. Carlos Godoy,Maipú,MENORES CONTROLADOS,111380,13119,11
1904,6,11,111309,A0200002,13,13119,9,9,9,Servicio de Salud Metropolitano Central,Centro de Salud Familiar Dra. Ana María Juricic,Maipú,LACTANCIA MATERNA EXCLUSIVA,111309,13119,11
1905,6,11,111309,A0200001,13,13119,18,20,16,Servicio de Salud Metropolitano Central,Centro de Salud Familiar Dra. Ana María Juricic,Maipú,MENORES CONTROLADOS,111309,13119,11
1906,6,11,111380,A0200002,13,13119,9,5,11,Servicio de Salud Metropolitano Central,Centro de Salud Familiar Dr. Carlos Godoy,Maipú,LACTANCIA MATERNA EXCLUSIVA,111380,13119,11
1907,6,11,111380,A0200001,13,13119,23,15,18,Servicio de Salud Metropolitano Central,Centro de Salud Familiar Dr. Carlos Godoy,Maipú,MENORES CONTROLADOS,111380,13119,11
1908,7,11,111309,A0200002,13,13119,14,15,13,Servicio de Salud Metropolitano Central,Centro de Salud Familiar Dra. Ana María Juricic,Maipú,LACTANCIA MATERNA EXCLUSIVA,111309,13119,11
1909,7,11,111309,A0200001,13,13119,22,29,21,Servicio de Salud Metropolitano Central,Centro de Salud Familiar Dra. Ana María Juricic,Maipú,MENORES CONTROLADOS,111309,13119,11
1910,2,11,111380,A0200001,13,13119,14,15,18,Servicio de Salud Metropolitano Central,Centro de Salud Familiar Dr. Carlos Godoy,Maipú,MENORES CONTROLADOS,111380,13119,11
1911,2,11,111309,A0200001,13,13119,15,10,18,Servicio de Salud Metropolitano Central,Centro de Salud Familiar Dra. Ana María Juricic,Maipú,MENORES CONTROLADOS,111309,13119,11
1912,1,11,111309,A0200001,13,13119,20,20,16,Servicio de Salud Metropolitano Central,Centro de Salud Familiar Dra. Ana María Juricic,Maipú,MENORES CONTROLADOS,111309,13119,11
1913,1,11,111309,A0200002,13,13119,12,10,9,Servicio de Salud Metropolitano Central,Centro de Salud Familiar Dra. Ana María Juricic,Maipú,LACTANCIA MATERNA EXCLUSIVA,111309,13119,11
1914,3,11,111380,A0200002,13,13119,10,7,8,Servicio de Salud Metropolitano Central,Centro de Salud Familiar Dr. Carlos Godoy,Maipú,LACTANCIA MATERNA EXCLUSIVA,111380,13119,11
1915,3,11,111380,A0200001,13,13119,20,14,24,Servicio de Salud Metropolitano Central,Centro de Salud Familiar Dr. Carlos Godoy,Maipú,MENORES CONTROLADOS,111380,13119,11
1916,2,11,111309,A0200002,13,13119,8,4,7,Servicio de Salud Metropolitano Central,Centro de Salud Familiar Dra. Ana María Juricic,Maipú,LACTANCIA MATERNA EXCLUSIVA,111309,13119,11
1917,7,11,111380,A0200002,13,13119,12,2,13,Servicio de Salud Metropolitano Central,Centro de Salud Familiar Dr. Carlos Godoy,Maipú,LACTANCIA MATERNA EXCLUSIVA,111380,13119,11
1918,7,11,111380,A0200001,13,13119,23,7,23,Servicio de Salud Metropolitano Central,Centro de Salud Familiar Dr. Carlos Godoy,Maipú,MENORES CONTROLADOS,111380,13119,11
1919,2,11,111380,A0200002,13,13119,7,9,10,Servicio de Salud Metropolitano Central,Centro de Salud Familiar Dr. Carlos Godoy,Maipú,LACTANCIA MATERNA EXCLUSIVA,111380,13119,11
1920,1,11,111380,A0200002,13,13119,11,3,8,Servicio de Salud Metropolitano Central,Centro de Salud Familiar Dr. Carlos Godoy,Maipú,LACTANCIA MATERNA EXCLUSIVA,111380,13119,11
1921,3,11,111309,A0200002,13,13119,10,10,14,Servicio de Salud Metropolitano Central,Centro de Salud Familiar Dra. Ana María Juricic,Maipú,LACTANCIA MATERNA EXCLUSIVA,111309,13119,11
1922,3,11,111309,A0200001,13,13119,24,21,27,Servicio de Salud Metropolitano Central,Centro de Salud Familiar Dra. Ana María Juricic,Maipú,MENORES CONTROLADOS,111309,13119,11
1923,4,11,111380,A0200002,13,13119,15,6,8,Servicio de Salud Metropolitano Central,Centro de Salud Familiar Dr. Carlos Godoy,Maipú,LACTANCIA MATERNA EXCLUSIVA,111380,13119,11
1924,4,11,111380,A0200001,13,13119,18,12,18,Servicio de Salud Metropolitano Central,Centro de Salud Familiar Dr. Carlos Godoy,Maipú,MENORES CONTROLADOS,111380,13119,11
1925,5,11,111309,A0200002,13,13119,14,10,11,Servicio de Salud Metropolitano Central,Centro de Salud Familiar Dra. Ana María Juricic,Maipú,LACTANCIA MATERNA EXCLUSIVA,111309,13119,11
1926,5,11,111309,A0200001,13,13119,30,19,17,Servicio de Salud Metropolitano Central,Centro de Salud Familiar Dra. Ana María Juricic,Maipú,MENORES CONTROLADOS,111309,13119,11
1927,8,11,111309,A0200002,13,13119,18,12,13,Servicio de Salud Metropolitano Central,Centro de Salud Familiar Dra. Ana María Juricic,Maipú,LACTANCIA MATERNA EXCLUSIVA,111309,13119,11
1928,8,11,111309,A0200001,13,13119,28,19,22,Servicio de Salud Metropolitano Central,Centro de Salud Familiar Dra. Ana María Juricic,Maipú,MENORES CONTROLADOS,111309,13119,11
1929,1,11,111380,A0200001,13,13119,17,9,24,Servicio de Salud Metropolitano Central,Centro de Salud Familiar Dr. Carlos Godoy,Maipú,MENORES CONTROLADOS,111380,13119,11
1930,2,13,113324,A0200002,13,13105,7,6,6,Servicio de Salud Metropolitano Sur,Centro de Salud Familiar Dra. Haydeé López Casoou,El Bosque,LACTANCIA MATERNA EXCLUSIVA,113324,13105,13
1931,8,14,114316,A0200002,13,13110,9,9,12,Servicio de Salud Metropolitano Sur - Oriente,Centro de Salud Familiar Dr. Fernando Maffioletti,La Florida,LACTANCIA MATERNA EXCLUSIVA,114316,13110,14
1932,8,14,114316,A0200001,13,13110,17,18,17,Servicio de Salud Metropolitano Sur - Oriente,Centro de Salud Familiar Dr. Fernando Maffioletti,La Florida,MENORES CONTROLADOS,114316,13110,14
1933,8,14,114331,A0200002,13,13110,12,11,16,Servicio de Salud Metropolitano Sur - Oriente,Centro de Salud Familiar La Florida,La Florida,LACTANCIA MATERNA EXCLUSIVA,114331,13110,14
1934,8,14,114331,A0200001,13,13110,15,19,24,Servicio de Salud Metropolitano Sur - Oriente,Centro de Salud Familiar La Florida,La Florida,MENORES CONTROLADOS,114331,13110,14
1935,3,14,114316,A0200001,13,13110,19,13,19,Servicio de Salud Metropolitano Sur - Oriente,Centro de Salud Familiar Dr. Fernando Maffioletti,La Florida,MENORES CONTROLADOS,114316,13110,14
1936,4,14,114331,A0200002,13,13110,24,20,13,Servicio de Salud Metropolitano Sur - Oriente,Centro de Salud Familiar La Florida,La Florida,LACTANCIA MATERNA EXCLUSIVA,114331,13110,14
1937,4,14,114331,A0200001,13,13110,32,30,19,Servicio de Salud Metropolitano Sur - Oriente,Centro de Salud Familiar La Florida,La Florida,MENORES CONTROLADOS,114331,13110,14
1938,6,14,114331,A0200002,13,13110,9,20,11,Servicio de Salud Metropolitano Sur - Oriente,Centro de Salud Familiar La Florida,La Florida,LACTANCIA MATERNA EXCLUSIVA,114331,13110,14
1939,6,14,114331,A0200001,13,13110,18,27,18,Servicio de Salud Metropolitano Sur - Oriente,Centro de Salud Familiar La Florida,La Florida,MENORES CONTROLADOS,114331,13110,14
1940,7,14,114316,A0200002,13,13110,6,5,10,Servicio de Salud Metropolitano Sur - Oriente,Centro de Salud Familiar Dr. Fernando Maffioletti,La Florida,LACTANCIA MATERNA EXCLUSIVA,114316,13110,14
1941,7,14,114316,A0200001,13,13110,14,15,18,Servicio de Salud Metropolitano Sur - Oriente,Centro de Salud Familiar Dr. Fernando Maffioletti,La Florida,MENORES CONTROLADOS,114316,13110,14
1942,5,14,200475,A0200002,13,13110,1,0,0,Servicio de Salud Metropolitano Sur - Oriente,Centro Comunitario de Salud Familiar Las Lomas,La Florida,LACTANCIA MATERNA EXCLUSIVA,200475,13110,14
1943,5,14,200475,A0200001,13,13110,2,0,1,Servicio de Salud Metropolitano Sur - Oriente,Centro Comunitario de Salud Familiar Las Lomas,La Florida,MENORES CONTROLADOS,200475,13110,14
1944,3,14,200475,A0200001,13,13110,1,0,7,Servicio de Salud Metropolitano Sur - Oriente,Centro Comunitario de Salud Familiar Las Lomas,La Florida,MENORES CONTROLADOS,200475,13110,14
1945,1,14,200475,A0200001,13,13110,0,1,0,Servicio de Salud Metropolitano Sur - Oriente,Centro Comunitario de Salud Familiar Las Lomas,La Florida,MENORES CONTROLADOS,200475,13110,14
1946,2,14,202041,A0200001,13,13110,2,2,2,Servicio de Salud Metropolitano Sur - Oriente,CECOSF Santa Teresa,La Florida,MENORES CONTROLADOS,202041,13110,14
1947,1,14,200475,A0200002,13,13110,0,1,0,Servicio de Salud Metropolitano Sur - Oriente,Centro Comunitario de Salud Familiar Las Lomas,La Florida,LACTANCIA MATERNA EXCLUSIVA,200475,13110,14
1948,1,14,202041,A0200001,13,13110,1,2,1,Servicio de Salud Metropolitano Sur - Oriente,CECOSF Santa Teresa,La Florida,MENORES CONTROLADOS,202041,13110,14
1949,3,14,202041,A0200001,13,13110,1,2,1,Servicio de Salud Metropolitano Sur - Oriente,CECOSF Santa Teresa,La Florida,MENORES CONTROLADOS,202041,13110,14
1950,4,14,202041,A0200002,13,13110,1,2,1,Servicio de Salud Metropolitano Sur - Oriente,CECOSF Santa Teresa,La Florida,LACTANCIA MATERNA EXCLUSIVA,202041,13110,14
1951,2,14,202041,A0200002,13,13110,1,2,1,Servicio de Salud Metropolitano Sur - Oriente,CECOSF Santa Teresa,La Florida,LACTANCIA MATERNA EXCLUSIVA,202041,13110,14
1952,2,14,200475,A0200002,13,13110,2,0,1,Servicio de Salud Metropolitano Sur - Oriente,Centro Comunitario de Salud Familiar Las Lomas,La Florida,LACTANCIA MATERNA EXCLUSIVA,200475,13110,14
1953,2,14,200475,A0200001,13,13110,2,1,1,Servicio de Salud Metropolitano Sur - Oriente,Centro Comunitario de Salud Familiar Las Lomas,La Florida,MENORES CONTROLADOS,200475,13110,14
1954,1,14,202041,A0200002,13,13110,0,2,1,Servicio de Salud Metropolitano Sur - Oriente,CECOSF Santa Teresa,La Florida,LACTANCIA MATERNA EXCLUSIVA,202041,13110,14
1955,3,14,202041,A0200002,13,13110,0,2,1,Servicio de Salud Metropolitano Sur - Oriente,CECOSF Santa Teresa,La Florida,LACTANCIA MATERNA EXCLUSIVA,202041,13110,14
1956,6,14,200475,A0200002,13,13110,2,0,0,Servicio de Salud Metropolitano Sur - Oriente,Centro Comunitario de Salud Familiar Las Lomas,La Florida,LACTANCIA MATERNA EXCLUSIVA,200475,13110,14
1957,6,14,200475,A0200001,13,13110,4,2,2,Servicio de Salud Metropolitano Sur - Oriente,Centro Comunitario de Salud Familiar Las Lomas,La Florida,MENORES CONTROLADOS,200475,13110,14
1958,7,14,202041,A0200002,13,13110,1,1,1,Servicio de Salud Metropolitano Sur - Oriente,CECOSF Santa Teresa,La Florida,LACTANCIA MATERNA EXCLUSIVA,202041,13110,14
1959,7,14,202041,A0200001,13,13110,1,2,2,Servicio de Salud Metropolitano Sur - Oriente,CECOSF Santa Teresa,La Florida,MENORES CONTROLADOS,202041,13110,14
1960,4,14,200475,A0200002,13,13110,0,1,0,Servicio de Salud Metropolitano Sur - Oriente,Centro Comunitario de Salud Familiar Las Lomas,La Florida,LACTANCIA MATERNA EXCLUSIVA,200475,13110,14
1961,4,14,200475,A0200001,13,13110,0,1,0,Servicio de Salud Metropolitano Sur - Oriente,Centro Comunitario de Salud Familiar Las Lomas,La Florida,MENORES CONTROLADOS,200475,13110,14
1962,5,14,202041,A0200002,13,13110,1,1,2,Servicio de Salud Metropolitano Sur - Oriente,CECOSF Santa Teresa,La Florida,LACTANCIA MATERNA EXCLUSIVA,202041,13110,14
1963,5,14,202041,A0200001,13,13110,1,1,3,Servicio de Salud Metropolitano Sur - Oriente,CECOSF Santa Teresa,La Florida,MENORES CONTROLADOS,202041,13110,14
1964,8,14,200475,A0200002,13,13110,1,2,1,Servicio de Salud Metropolitano Sur - Oriente,Centro Comunitario de Salud Familiar Las Lomas,La Florida,LACTANCIA MATERNA EXCLUSIVA,200475,13110,14
1965,8,14,200475,A0200001,13,13110,3,2,1,Servicio de Salud Metropolitano Sur - Oriente,Centro Comunitario de Salud Familiar Las Lomas,La Florida,MENORES CONTROLADOS,200475,13110,14
1966,8,14,202041,A0200002,13,13110,0,1,3,Servicio de Salud Metropolitano Sur - Oriente,CECOSF Santa Teresa,La Florida,LACTANCIA MATERNA EXCLUSIVA,202041,13110,14
1967,7,14,200475,A0200002,13,13110,2,1,0,Servicio de Salud Metropolitano Sur - Oriente,Centro Comunitario de Salud Familiar Las Lomas,La Florida,LACTANCIA MATERNA EXCLUSIVA,200475,13110,14
1968,7,14,200475,A0200001,13,13110,6,2,0,Servicio de Salud Metropolitano Sur - Oriente,Centro Comunitario de Salud Familiar Las Lomas,La Florida,MENORES CONTROLADOS,200475,13110,14
1969,4,14,202041,A0200001,13,13110,1,3,1,Servicio de Salud Metropolitano Sur - Oriente,CECOSF Santa Teresa,La Florida,MENORES CONTROLADOS,202041,13110,14
1970,3,14,200475,A0200002,13,13110,0,0,4,Servicio de Salud Metropolitano Sur - Oriente,Centro Comunitario de Salud Familiar Las Lomas,La Florida,LACTANCIA MATERNA EXCLUSIVA,200475,13110,14
1971,1,14,114303,A0200001,13,13110,36,41,29,Servicio de Salud Metropolitano Sur - Oriente,Centro de Salud Familiar Bellavista,La Florida,MENORES CONTROLADOS,114303,13110,14
1972,6,14,114303,A0200002,13,13110,13,8,13,Servicio de Salud Metropolitano Sur - Oriente,Centro de Salud Familiar Bellavista,La Florida,LACTANCIA MATERNA EXCLUSIVA,114303,13110,14
1973,6,14,114303,A0200001,13,13110,24,21,21,Servicio de Salud Metropolitano Sur - Oriente,Centro de Salud Familiar Bellavista,La Florida,MENORES CONTROLADOS,114303,13110,14
1974,2,14,114303,A0200001,13,13110,29,32,23,Servicio de Salud Metropolitano Sur - Oriente,Centro de Salud Familiar Bellavista,La Florida,MENORES CONTROLADOS,114303,13110,14
1975,2,14,114334,A0200001,13,13110,23,13,12,Servicio de Salud Metropolitano Sur - Oriente,Centro de Salud Familiar José Alvo,La Florida,MENORES CONTROLADOS,114334,13110,14
1976,2,14,114334,A0200002,13,13110,13,9,5,Servicio de Salud Metropolitano Sur - Oriente,Centro de Salud Familiar José Alvo,La Florida,LACTANCIA MATERNA EXCLUSIVA,114334,13110,14
1977,3,14,114303,A0200002,13,13110,14,20,13,Servicio de Salud Metropolitano Sur - Oriente,Centro de Salud Familiar Bellavista,La Florida,LACTANCIA MATERNA EXCLUSIVA,114303,13110,14
1978,5,14,114334,A0200001,13,13110,17,12,8,Servicio de Salud Metropolitano Sur - Oriente,Centro de Salud Familiar José Alvo,La Florida,MENORES CONTROLADOS,114334,13110,14
1979,6,14,114324,A0200002,13,13110,9,10,14,Servicio de Salud Metropolitano Sur - Oriente,Centro de Salud Familiar Santa Amalia,La Florida,LACTANCIA MATERNA EXCLUSIVA,114324,13110,14
1980,6,14,114324,A0200001,13,13110,18,21,27,Servicio de Salud Metropolitano Sur - Oriente,Centro de Salud Familiar Santa Amalia,La Florida,MENORES CONTROLADOS,114324,13110,14
1981,6,14,114334,A0200002,13,13110,7,0,9,Servicio de Salud Metropolitano Sur - Oriente,Centro de Salud Familiar José Alvo,La Florida,LACTANCIA MATERNA EXCLUSIVA,114334,13110,14
1982,6,14,114334,A0200001,13,13110,13,4,16,Servicio de Salud Metropolitano Sur - Oriente,Centro de Salud Familiar José Alvo,La Florida,MENORES CONTROLADOS,114334,13110,14
1983,7,14,114303,A0200002,13,13110,15,14,17,Servicio de Salud Metropolitano Sur - Oriente,Centro de Salud Familiar Bellavista,La Florida,LACTANCIA MATERNA EXCLUSIVA,114303,13110,14
1984,5,14,114334,A0200002,13,13110,6,3,5,Servicio de Salud Metropolitano Sur - Oriente,Centro de Salud Familiar José Alvo,La Florida,LACTANCIA MATERNA EXCLUSIVA,114334,13110,14
1985,4,14,114324,A0200002,13,13110,8,5,8,Servicio de Salud Metropolitano Sur - Oriente,Centro de Salud Familiar Santa Amalia,La Florida,LACTANCIA MATERNA EXCLUSIVA,114324,13110,14
1986,4,14,114324,A0200001,13,13110,22,16,15,Servicio de Salud Metropolitano Sur - Oriente,Centro de Salud Familiar Santa Amalia,La Florida,MENORES CONTROLADOS,114324,13110,14
1987,1,14,114324,A0200002,13,13110,15,9,5,Servicio de Salud Metropolitano Sur - Oriente,Centro de Salud Familiar Santa Amalia,La Florida,LACTANCIA MATERNA EXCLUSIVA,114324,13110,14
1988,1,14,114324,A0200001,13,13110,29,17,8,Servicio de Salud Metropolitano Sur - Oriente,Centro de Salud Familiar Santa Amalia,La Florida,MENORES CONTROLADOS,114324,13110,14
1989,2,14,114324,A0200002,13,13110,11,14,6,Servicio de Salud Metropolitano Sur - Oriente,Centro de Salud Familiar Santa Amalia,La Florida,LACTANCIA MATERNA EXCLUSIVA,114324,13110,14
1990,2,14,114324,A0200001,13,13110,18,18,8,Servicio de Salud Metropolitano Sur - Oriente,Centro de Salud Familiar Santa Amalia,La Florida,MENORES CONTROLADOS,114324,13110,14
1991,3,14,114324,A0200001,13,13110,27,18,19,Servicio de Salud Metropolitano Sur - Oriente,Centro de Salud Familiar Santa Amalia,La Florida,MENORES CONTROLADOS,114324,13110,14
1992,4,14,114303,A0200002,13,13110,4,18,18,Servicio de Salud Metropolitano Sur - Oriente,Centro de Salud Familiar Bellavista,La Florida,LACTANCIA MATERNA EXCLUSIVA,114303,13110,14
1993,4,14,114303,A0200001,13,13110,13,28,40,Servicio de Salud Metropolitano Sur - Oriente,Centro de Salud Familiar Bellavista,La Florida,MENORES CONTROLADOS,114303,13110,14
1994,3,14,114303,A0200001,13,13110,36,32,33,Servicio de Salud Metropolitano Sur - Oriente,Centro de Salud Familiar Bellavista,La Florida,MENORES CONTROLADOS,114303,13110,14
1995,1,14,114334,A0200002,13,13110,5,4,12,Servicio de Salud Metropolitano Sur - Oriente,Centro de Salud Familiar José Alvo,La Florida,LACTANCIA MATERNA EXCLUSIVA,114334,13110,14
1996,1,14,114334,A0200001,13,13110,12,7,18,Servicio de Salud Metropolitano Sur - Oriente,Centro de Salud Familiar José Alvo,La Florida,MENORES CONTROLADOS,114334,13110,14
1997,2,14,114303,A0200002,13,13110,21,16,13,Servicio de Salud Metropolitano Sur - Oriente,Centro de Salud Familiar Bellavista,La Florida,LACTANCIA MATERNA EXCLUSIVA,114303,13110,14
1998,1,14,114303,A0200002,13,13110,25,26,20,Servicio de Salud Metropolitano Sur - Oriente,Centro de Salud Familiar Bellavista,La Florida,LACTANCIA MATERNA EXCLUSIVA,114303,13110,14
1999,5,14,114324,A0200001,13,13110,22,17,9,Servicio de Salud Metropolitano Sur - Oriente,Centro de Salud Familiar Santa Amalia,La Florida,MENORES CONTROLADOS,114324,13110,14
2000,5,14,114324,A0200002,13,13110,11,11,5,Servicio de Salud Metropolitano Sur - Oriente,Centro de Salud Familiar Santa Amalia,La Florida,LACTANCIA MATERNA EXCLUSIVA,114324,13110,14
2001,5,14,114303,A0200001,13,13110,28,33,26,Servicio de Salud Metropolitano Sur - Oriente,Centro de Salud Familiar Bellavista,La Florida,MENORES CONTROLADOS,114303,13110,14
2002,5,14,114303,A0200002,13,13110,11,22,7,Servicio de Salud Metropolitano Sur - Oriente,Centro de Salud Familiar Bellavista,La Florida,LACTANCIA MATERNA EXCLUSIVA,114303,13110,14
2003,3,14,114324,A0200002,13,13110,17,8,11,Servicio de Salud Metropolitano Sur - Oriente,Centro de Salud Familiar Santa Amalia,La Florida,LACTANCIA MATERNA EXCLUSIVA,114324,13110,14
2004,3,14,114334,A0200001,13,13110,15,11,16,Servicio de Salud Metropolitano Sur - Oriente,Centro de Salud Familiar José Alvo,La Florida,MENORES CONTROLADOS,114334,13110,14
2005,7,14,114334,A0200002,13,13110,10,3,8,Servicio de Salud Metropolitano Sur - Oriente,Centro de Salud Familiar José Alvo,La Florida,LACTANCIA MATERNA EXCLUSIVA,114334,13110,14
2006,7,14,114334,A0200001,13,13110,14,15,12,Servicio de Salud Metropolitano Sur - Oriente,Centro de Salud Familiar José Alvo,La Florida,MENORES CONTROLADOS,114334,13110,14
2007,8,14,114303,A0200002,13,13110,11,15,22,Servicio de Salud Metropolitano Sur - Oriente,Centro de Salud Familiar Bellavista,La Florida,LACTANCIA MATERNA EXCLUSIVA,114303,13110,14
2008,8,14,114303,A0200001,13,13110,19,33,27,Servicio de Salud Metropolitano Sur - Oriente,Centro de Salud Familiar Bellavista,La Florida,MENORES CONTROLADOS,114303,13110,14
2009,7,14,114303,A0200001,13,13110,25,34,30,Servicio de Salud Metropolitano Sur - Oriente,Centro de Salud Familiar Bellavista,La Florida,MENORES CONTROLADOS,114303,13110,14
2010,7,14,114324,A0200002,13,13110,12,9,12,Servicio de Salud Metropolitano Sur - Oriente,Centro de Salud Familiar Santa Amalia,La Florida,LACTANCIA MATERNA EXCLUSIVA,114324,13110,14
2011,7,14,114324,A0200001,13,13110,16,18,22,Servicio de Salud Metropolitano Sur - Oriente,Centro de Salud Familiar Santa Amalia,La Florida,MENORES CONTROLADOS,114324,13110,14
2012,8,14,114324,A0200002,13,13110,9,9,12,Servicio de Salud Metropolitano Sur - Oriente,Centro de Salud Familiar Santa Amalia,La Florida,LACTANCIA MATERNA EXCLUSIVA,114324,13110,14
2013,8,14,114324,A0200001,13,13110,23,23,20,Servicio de Salud Metropolitano Sur - Oriente,Centro de Salud Familiar Santa Amalia,La Florida,MENORES CONTROLADOS,114324,13110,14
2014,8,14,114334,A0200002,13,13110,8,1,8,Servicio de Salud Metropolitano Sur - Oriente,Centro de Salud Familiar José Alvo,La Florida,LACTANCIA MATERNA EXCLUSIVA,114334,13110,14
2015,8,14,114334,A0200001,13,13110,15,8,16,Servicio de Salud Metropolitano Sur - Oriente,Centro de Salud Familiar José Alvo,La Florida,MENORES CONTROLADOS,114334,13110,14
2016,3,14,114330,A0200002,13,13110,8,13,14,Servicio de Salud Metropolitano Sur - Oriente,Centro de Salud Familiar Trinidad,La Florida,LACTANCIA MATERNA EXCLUSIVA,114330,13110,14
2017,4,14,114330,A0200002,13,13110,3,11,9,Servicio de Salud Metropolitano Sur - Oriente,Centro de Salud Familiar Trinidad,La Florida,LACTANCIA MATERNA EXCLUSIVA,114330,13110,14
2018,4,14,114330,A0200001,13,13110,12,15,13,Servicio de Salud Metropolitano Sur - Oriente,Centro de Salud Familiar Trinidad,La Florida,MENORES CONTROLADOS,114330,13110,14
2019,5,14,114330,A0200002,13,13110,8,9,7,Servicio de Salud Metropolitano Sur - Oriente,Centro de Salud Familiar Trinidad,La Florida,LACTANCIA MATERNA EXCLUSIVA,114330,13110,14
2020,5,14,114330,A0200001,13,13110,11,19,13,Servicio de Salud Metropolitano Sur - Oriente,Centro de Salud Familiar Trinidad,La Florida,MENORES CONTROLADOS,114330,13110,14
2021,7,14,114330,A0200001,13,13110,7,17,14,Servicio de Salud Metropolitano Sur - Oriente,Centro de Salud Familiar Trinidad,La Florida,MENORES CONTROLADOS,114330,13110,14
2022,7,14,114330,A0200002,13,13110,5,14,6,Servicio de Salud Metropolitano Sur - Oriente,Centro de Salud Familiar Trinidad,La Florida,LACTANCIA MATERNA EXCLUSIVA,114330,13110,14
2023,2,14,114330,A0200001,13,13110,13,16,16,Servicio de Salud Metropolitano Sur - Oriente,Centro de Salud Familiar Trinidad,La Florida,MENORES CONTROLADOS,114330,13110,14
2024,2,14,114330,A0200002,13,13110,8,9,9,Servicio de Salud Metropolitano Sur - Oriente,Centro de Salud Familiar Trinidad,La Florida,LACTANCIA MATERNA EXCLUSIVA,114330,13110,14
2025,6,14,114330,A0200002,13,13110,8,9,7,Servicio de Salud Metropolitano Sur - Oriente,Centro de Salud Familiar Trinidad,La Florida,LACTANCIA MATERNA EXCLUSIVA,114330,13110,14
2026,6,14,114330,A0200001,13,13110,12,19,13,Servicio de Salud Metropolitano Sur - Oriente,Centro de Salud Familiar Trinidad,La Florida,MENORES CONTROLADOS,114330,13110,14
2027,1,14,114330,A0200002,13,13110,8,10,12,Servicio de Salud Metropolitano Sur - Oriente,Centro de Salud Familiar Trinidad,La Florida,LACTANCIA MATERNA EXCLUSIVA,114330,13110,14
2028,8,14,114330,A0200002,13,13110,3,12,8,Servicio de Salud Metropolitano Sur - Oriente,Centro de Salud Familiar Trinidad,La Florida,LACTANCIA MATERNA EXCLUSIVA,114330,13110,14
2029,8,14,114330,A0200001,13,13110,9,16,12,Servicio de Salud Metropolitano Sur - Oriente,Centro de Salud Familiar Trinidad,La Florida,MENORES CONTROLADOS,114330,13110,14
2030,1,14,114330,A0200001,13,13110,17,16,20,Servicio de Salud Metropolitano Sur - Oriente,Centro de Salud Familiar Trinidad,La Florida,MENORES CONTROLADOS,114330,13110,14
2031,3,14,114330,A0200001,13,13110,13,21,20,Servicio de Salud Metropolitano Sur - Oriente,Centro de Salud Familiar Trinidad,La Florida,MENORES CONTROLADOS,114330,13110,14
2032,1,14,114304,A0200001,13,13110,22,15,27,Servicio de Salud Metropolitano Sur - Oriente,Centro de Salud Familiar Villa O'Higgins,La Florida,MENORES CONTROLADOS,114304,13110,14
2033,1,14,114305,A0200001,13,13110,20,25,20,Servicio de Salud Metropolitano Sur - Oriente,Centro de Salud Familiar Los Quillayes,La Florida,MENORES CONTROLADOS,114305,13110,14
2034,4,14,114302,A0200002,13,13110,7,8,6,Servicio de Salud Metropolitano Sur - Oriente,Centro de Salud Familiar Los Castaños,La Florida,LACTANCIA MATERNA EXCLUSIVA,114302,13110,14
2035,4,14,114304,A0200001,13,13110,21,17,17,Servicio de Salud Metropolitano Sur - Oriente,Centro de Salud Familiar Villa O'Higgins,La Florida,MENORES CONTROLADOS,114304,13110,14
2036,2,14,114305,A0200002,13,13110,13,12,7,Servicio de Salud Metropolitano Sur - Oriente,Centro de Salud Familiar Los Quillayes,La Florida,LACTANCIA MATERNA EXCLUSIVA,114305,13110,14
2037,2,14,114304,A0200001,13,13110,23,17,25,Servicio de Salud Metropolitano Sur - Oriente,Centro de Salud Familiar Villa O'Higgins,La Florida,MENORES CONTROLADOS,114304,13110,14
2038,4,14,114302,A0200001,13,13110,11,11,9,Servicio de Salud Metropolitano Sur - Oriente,Centro de Salud Familiar Los Castaños,La Florida,MENORES CONTROLADOS,114302,13110,14
2039,4,14,114305,A0200002,13,13110,17,10,16,Servicio de Salud Metropolitano Sur - Oriente,Centro de Salud Familiar Los Quillayes,La Florida,LACTANCIA MATERNA EXCLUSIVA,114305,13110,14
2040,4,14,114305,A0200001,13,13110,26,25,21,Servicio de Salud Metropolitano Sur - Oriente,Centro de Salud Familiar Los Quillayes,La Florida,MENORES CONTROLADOS,114305,13110,14
2041,2,14,114304,A0200002,13,13110,12,10,11,Servicio de Salud Metropolitano Sur - Oriente,Centro de Salud Familiar Villa O'Higgins,La Florida,LACTANCIA MATERNA EXCLUSIVA,114304,13110,14
2042,2,14,114305,A0200001,13,13110,22,20,13,Servicio de Salud Metropolitano Sur - Oriente,Centro de Salud Familiar Los Quillayes,La Florida,MENORES CONTROLADOS,114305,13110,14
2043,2,14,114302,A0200002,13,13110,6,5,6,Servicio de Salud Metropolitano Sur - Oriente,Centro de Salud Familiar Los Castaños,La Florida,LACTANCIA MATERNA EXCLUSIVA,114302,13110,14
2044,5,14,114304,A0200001,13,13110,24,21,28,Servicio de Salud Metropolitano Sur - Oriente,Centro de Salud Familiar Villa O'Higgins,La Florida,MENORES CONTROLADOS,114304,13110,14
2045,6,14,114302,A0200002,13,13110,10,9,6,Servicio de Salud Metropolitano Sur - Oriente,Centro de Salud Familiar Los Castaños,La Florida,LACTANCIA MATERNA EXCLUSIVA,114302,13110,14
2046,6,14,114302,A0200001,13,13110,13,14,9,Servicio de Salud Metropolitano Sur - Oriente,Centro de Salud Familiar Los Castaños,La Florida,MENORES CONTROLADOS,114302,13110,14
2047,3,14,114304,A0200002,13,13110,18,8,17,Servicio de Salud Metropolitano Sur - Oriente,Centro de Salud Familiar Villa O'Higgins,La Florida,LACTANCIA MATERNA EXCLUSIVA,114304,13110,14
2048,3,14,114304,A0200001,13,13110,20,11,33,Servicio de Salud Metropolitano Sur - Oriente,Centro de Salud Familiar Villa O'Higgins,La Florida,MENORES CONTROLADOS,114304,13110,14
2049,6,14,114305,A0200002,13,13110,10,12,8,Servicio de Salud Metropolitano Sur - Oriente,Centro de Salud Familiar Los Quillayes,La Florida,LACTANCIA MATERNA EXCLUSIVA,114305,13110,14
2050,6,14,114305,A0200001,13,13110,17,24,16,Servicio de Salud Metropolitano Sur - Oriente,Centro de Salud Familiar Los Quillayes,La Florida,MENORES CONTROLADOS,114305,13110,14
2051,3,14,114305,A0200002,13,13110,23,12,6,Servicio de Salud Metropolitano Sur - Oriente,Centro de Salud Familiar Los Quillayes,La Florida,LACTANCIA MATERNA EXCLUSIVA,114305,13110,14
2052,2,14,114302,A0200001,13,13110,6,5,12,Servicio de Salud Metropolitano Sur - Oriente,Centro de Salud Familiar Los Castaños,La Florida,MENORES CONTROLADOS,114302,13110,14
2053,5,14,114304,A0200002,13,13110,13,18,18,Servicio de Salud Metropolitano Sur - Oriente,Centro de Salud Familiar Villa O'Higgins,La Florida,LACTANCIA MATERNA EXCLUSIVA,114304,13110,14
2054,8,14,114302,A0200002,13,13110,8,8,7,Servicio de Salud Metropolitano Sur - Oriente,Centro de Salud Familiar Los Castaños,La Florida,LACTANCIA MATERNA EXCLUSIVA,114302,13110,14
2055,8,14,114302,A0200001,13,13110,12,12,12,Servicio de Salud Metropolitano Sur - Oriente,Centro de Salud Familiar Los Castaños,La Florida,MENORES CONTROLADOS,114302,13110,14
2056,5,14,114302,A0200001,13,13110,8,10,9,Servicio de Salud Metropolitano Sur - Oriente,Centro de Salud Familiar Los Castaños,La Florida,MENORES CONTROLADOS,114302,13110,14
2057,8,14,114304,A0200002,13,13110,15,4,14,Servicio de Salud Metropolitano Sur - Oriente,Centro de Salud Familiar Villa O'Higgins,La Florida,LACTANCIA MATERNA EXCLUSIVA,114304,13110,14
2058,8,14,114304,A0200001,13,13110,18,8,25,Servicio de Salud Metropolitano Sur - Oriente,Centro de Salud Familiar Villa O'Higgins,La Florida,MENORES CONTROLADOS,114304,13110,14
2059,8,14,114305,A0200002,13,13110,14,13,12,Servicio de Salud Metropolitano Sur - Oriente,Centro de Salud Familiar Los Quillayes,La Florida,LACTANCIA MATERNA EXCLUSIVA,114305,13110,14
2060,8,14,114305,A0200001,13,13110,26,28,22,Servicio de Salud Metropolitano Sur - Oriente,Centro de Salud Familiar Los Quillayes,La Florida,MENORES CONTROLADOS,114305,13110,14
2061,1,14,114302,A0200001,13,13110,11,13,8,Servicio de Salud Metropolitano Sur - Oriente,Centro de Salud Familiar Los Castaños,La Florida,MENORES CONTROLADOS,114302,13110,14
2062,7,14,114304,A0200002,13,13110,13,14,11,Servicio de Salud Metropolitano Sur - Oriente,Centro de Salud Familiar Villa O'Higgins,La Florida,LACTANCIA MATERNA EXCLUSIVA,114304,13110,14
2063,7,14,114304,A0200001,13,13110,19,27,20,Servicio de Salud Metropolitano Sur - Oriente,Centro de Salud Familiar Villa O'Higgins,La Florida,MENORES CONTROLADOS,114304,13110,14
2064,7,14,114305,A0200002,13,13110,16,14,11,Servicio de Salud Metropolitano Sur - Oriente,Centro de Salud Familiar Los Quillayes,La Florida,LACTANCIA MATERNA EXCLUSIVA,114305,13110,14
2065,7,14,114305,A0200001,13,13110,30,29,22,Servicio de Salud Metropolitano Sur - Oriente,Centro de Salud Familiar Los Quillayes,La Florida,MENORES CONTROLADOS,114305,13110,14
2066,3,14,114302,A0200002,13,13110,7,7,5,Servicio de Salud Metropolitano Sur - Oriente,Centro de Salud Familiar Los Castaños,La Florida,LACTANCIA MATERNA EXCLUSIVA,114302,13110,14
2067,3,14,114305,A0200001,13,13110,31,23,11,Servicio de Salud Metropolitano Sur - Oriente,Centro de Salud Familiar Los Quillayes,La Florida,MENORES CONTROLADOS,114305,13110,14
2068,6,14,114304,A0200002,13,13110,5,8,9,Servicio de Salud Metropolitano Sur - Oriente,Centro de Salud Familiar Villa O'Higgins,La Florida,LACTANCIA MATERNA EXCLUSIVA,114304,13110,14
2069,6,14,114304,A0200001,13,13110,20,14,17,Servicio de Salud Metropolitano Sur - Oriente,Centro de Salud Familiar Villa O'Higgins,La Florida,MENORES CONTROLADOS,114304,13110,14
2070,7,14,114302,A0200002,13,13110,14,8,9,Servicio de Salud Metropolitano Sur - Oriente,Centro de Salud Familiar Los Castaños,La Florida,LACTANCIA MATERNA EXCLUSIVA,114302,13110,14
2071,7,14,114302,A0200001,13,13110,18,12,15,Servicio de Salud Metropolitano Sur - Oriente,Centro de Salud Familiar Los Castaños,La Florida,MENORES CONTROLADOS,114302,13110,14
2072,1,14,114304,A0200002,13,13110,14,8,14,Servicio de Salud Metropolitano Sur - Oriente,Centro de Salud Familiar Villa O'Higgins,La Florida,LACTANCIA MATERNA EXCLUSIVA,114304,13110,14
2073,1,14,114302,A0200002,13,13110,7,8,5,Servicio de Salud Metropolitano Sur - Oriente,Centro de Salud Familiar Los Castaños,La Florida,LACTANCIA MATERNA EXCLUSIVA,114302,13110,14
2074,5,14,114305,A0200002,13,13110,12,20,9,Servicio de Salud Metropolitano Sur - Oriente,Centro de Salud Familiar Los Quillayes,La Florida,LACTANCIA MATERNA EXCLUSIVA,114305,13110,14
2075,5,14,114302,A0200002,13,13110,5,7,6,Servicio de Salud Metropolitano Sur - Oriente,Centro de Salud Familiar Los Castaños,La Florida,LACTANCIA MATERNA EXCLUSIVA,114302,13110,14
2076,5,14,114305,A0200001,13,13110,18,28,16,Servicio de Salud Metropolitano Sur - Oriente,Centro de Salud Familiar Los Quillayes,La Florida,MENORES CONTROLADOS,114305,13110,14
2077,3,14,114302,A0200001,13,13110,11,10,8,Servicio de Salud Metropolitano Sur - Oriente,Centro de Salud Familiar Los Castaños,La Florida,MENORES CONTROLADOS,114302,13110,14
2078,4,14,114304,A0200002,13,13110,13,8,8,Servicio de Salud Metropolitano Sur - Oriente,Centro de Salud Familiar Villa O'Higgins,La Florida,LACTANCIA MATERNA EXCLUSIVA,114304,13110,14
2079,1,14,114305,A0200002,13,13110,14,17,11,Servicio de Salud Metropolitano Sur - Oriente,Centro de Salud Familiar Los Quillayes,La Florida,LACTANCIA MATERNA EXCLUSIVA,114305,13110,14
2080,1,14,114325,A0200001,13,13111,17,12,15,Servicio de Salud Metropolitano Sur - Oriente,Centro de Salud Familiar Granja Sur,La Granja,MENORES CONTROLADOS,114325,13111,14
2081,5,14,114325,A0200001,13,13111,24,13,9,Servicio de Salud Metropolitano Sur - Oriente,Centro de Salud Familiar Granja Sur,La Granja,MENORES CONTROLADOS,114325,13111,14
2082,7,14,114325,A0200002,13,13111,11,12,8,Servicio de Salud Metropolitano Sur - Oriente,Centro de Salud Familiar Granja Sur,La Granja,LACTANCIA MATERNA EXCLUSIVA,114325,13111,14
2083,7,14,114325,A0200001,13,13111,17,24,18,Servicio de Salud Metropolitano Sur - Oriente,Centro de Salud Familiar Granja Sur,La Granja,MENORES CONTROLADOS,114325,13111,14
2084,3,14,114325,A0200002,13,13111,6,9,13,Servicio de Salud Metropolitano Sur - Oriente,Centro de Salud Familiar Granja Sur,La Granja,LACTANCIA MATERNA EXCLUSIVA,114325,13111,14
2085,2,14,114325,A0200001,13,13111,13,10,19,Servicio de Salud Metropolitano Sur - Oriente,Centro de Salud Familiar Granja Sur,La Granja,MENORES CONTROLADOS,114325,13111,14
2086,2,14,114325,A0200002,13,13111,7,5,9,Servicio de Salud Metropolitano Sur - Oriente,Centro de Salud Familiar Granja Sur,La Granja,LACTANCIA MATERNA EXCLUSIVA,114325,13111,14
2087,3,14,114325,A0200001,13,13111,12,20,26,Servicio de Salud Metropolitano Sur - Oriente,Centro de Salud Familiar Granja Sur,La Granja,MENORES CONTROLADOS,114325,13111,14
2088,4,14,114325,A0200001,13,13111,13,12,10,Servicio de Salud Metropolitano Sur - Oriente,Centro de Salud Familiar Granja Sur,La Granja,MENORES CONTROLADOS,114325,13111,14
2089,4,14,114325,A0200002,13,13111,9,5,3,Servicio de Salud Metropolitano Sur - Oriente,Centro de Salud Familiar Granja Sur,La Granja,LACTANCIA MATERNA EXCLUSIVA,114325,13111,14
2090,8,14,114325,A0200002,13,13111,11,9,4,Servicio de Salud Metropolitano Sur - Oriente,Centro de Salud Familiar Granja Sur,La Granja,LACTANCIA MATERNA EXCLUSIVA,114325,13111,14
2091,8,14,114325,A0200001,13,13111,16,20,18,Servicio de Salud Metropolitano Sur - Oriente,Centro de Salud Familiar Granja Sur,La Granja,MENORES CONTROLADOS,114325,13111,14
2092,6,14,114325,A0200002,13,13111,4,10,6,Servicio de Salud Metropolitano Sur - Oriente,Centro de Salud Familiar Granja Sur,La Granja,LACTANCIA MATERNA EXCLUSIVA,114325,13111,14
2093,6,14,114325,A0200001,13,13111,12,19,12,Servicio de Salud Metropolitano Sur - Oriente,Centro de Salud Familiar Granja Sur,La Granja,MENORES CONTROLADOS,114325,13111,14
2094,5,14,114325,A0200002,13,13111,20,6,2,Servicio de Salud Metropolitano Sur - Oriente,Centro de Salud Familiar Granja Sur,La Granja,LACTANCIA MATERNA EXCLUSIVA,114325,13111,14
2095,1,14,114325,A0200002,13,13111,14,5,8,Servicio de Salud Metropolitano Sur - Oriente,Centro de Salud Familiar Granja Sur,La Granja,LACTANCIA MATERNA EXCLUSIVA,114325,13111,14
2096,3,14,113307,A0200001,13,13111,7,2,8,Servicio de Salud Metropolitano Sur - Oriente,Centro de Salud Familiar Padre Esteban Gumucio Vives,La Granja,MENORES CONTROLADOS,113307,13111,14
2097,3,14,113307,A0200002,13,13111,7,2,5,Servicio de Salud Metropolitano Sur - Oriente,Centro de Salud Familiar Padre Esteban Gumucio Vives,La Granja,LACTANCIA MATERNA EXCLUSIVA,113307,13111,14
2098,4,14,114315,A0200002,13,13111,5,9,5,Servicio de Salud Metropolitano Sur - Oriente,Centro de Salud Familiar Malaquías Concha,La Granja,LACTANCIA MATERNA EXCLUSIVA,114315,13111,14
2099,4,14,114315,A0200001,13,13111,7,15,12,Servicio de Salud Metropolitano Sur - Oriente,Centro de Salud Familiar Malaquías Concha,La Granja,MENORES CONTROLADOS,114315,13111,14
2100,6,14,113307,A0200002,13,13111,4,4,3,Servicio de Salud Metropolitano Sur - Oriente,Centro de Salud Familiar Padre Esteban Gumucio Vives,La Granja,LACTANCIA MATERNA EXCLUSIVA,113307,13111,14
2101,6,14,113307,A0200001,13,13111,11,11,13,Servicio de Salud Metropolitano Sur - Oriente,Centro de Salud Familiar Padre Esteban Gumucio Vives,La Granja,MENORES CONTROLADOS,113307,13111,14
2102,4,14,113307,A0200002,13,13111,7,2,3,Servicio de Salud Metropolitano Sur - Oriente,Centro de Salud Familiar Padre Esteban Gumucio Vives,La Granja,LACTANCIA MATERNA EXCLUSIVA,113307,13111,14
2103,4,14,113307,A0200001,13,13111,8,7,9,Servicio de Salud Metropolitano Sur - Oriente,Centro de Salud Familiar Padre Esteban Gumucio Vives,La Granja,MENORES CONTROLADOS,113307,13111,14
2104,5,14,113307,A0200002,13,13111,6,5,6,Servicio de Salud Metropolitano Sur - Oriente,Centro de Salud Familiar Padre Esteban Gumucio Vives,La Granja,LACTANCIA MATERNA EXCLUSIVA,113307,13111,14
2105,5,14,113307,A0200001,13,13111,11,8,7,Servicio de Salud Metropolitano Sur - Oriente,Centro de Salud Familiar Padre Esteban Gumucio Vives,La Granja,MENORES CONTROLADOS,113307,13111,14
2106,7,14,113307,A0200002,13,13111,7,7,2,Servicio de Salud Metropolitano Sur - Oriente,Centro de Salud Familiar Padre Esteban Gumucio Vives,La Granja,LACTANCIA MATERNA EXCLUSIVA,113307,13111,14
2107,7,14,113307,A0200001,13,13111,9,16,7,Servicio de Salud Metropolitano Sur - Oriente,Centro de Salud Familiar Padre Esteban Gumucio Vives,La Granja,MENORES CONTROLADOS,113307,13111,14
2108,7,14,114315,A0200002,13,13111,6,1,8,Servicio de Salud Metropolitano Sur - Oriente,Centro de Salud Familiar Malaquías Concha,La Granja,LACTANCIA MATERNA EXCLUSIVA,114315,13111,14
2109,7,14,114315,A0200001,13,13111,9,5,14,Servicio de Salud Metropolitano Sur - Oriente,Centro de Salud Familiar Malaquías Concha,La Granja,MENORES CONTROLADOS,114315,13111,14
2110,2,14,114315,A0200002,13,13111,7,2,3,Servicio de Salud Metropolitano Sur - Oriente,Centro de Salud Familiar Malaquías Concha,La Granja,LACTANCIA MATERNA EXCLUSIVA,114315,13111,14
2111,1,14,114315,A0200001,13,13111,5,9,8,Servicio de Salud Metropolitano Sur - Oriente,Centro de Salud Familiar Malaquías Concha,La Granja,MENORES CONTROLADOS,114315,13111,14
2112,1,14,113307,A0200001,13,13111,16,10,1,Servicio de Salud Metropolitano Sur - Oriente,Centro de Salud Familiar Padre Esteban Gumucio Vives,La Granja,MENORES CONTROLADOS,113307,13111,14
2113,2,14,114315,A0200001,13,13111,10,9,9,Servicio de Salud Metropolitano Sur - Oriente,Centro de Salud Familiar Malaquías Concha,La Granja,MENORES CONTROLADOS,114315,13111,14
2114,2,14,113307,A0200001,13,13111,6,9,6,Servicio de Salud Metropolitano Sur - Oriente,Centro de Salud Familiar Padre Esteban Gumucio Vives,La Granja,MENORES CONTROLADOS,113307,13111,14
2115,2,14,113307,A0200002,13,13111,2,3,3,Servicio de Salud Metropolitano Sur - Oriente,Centro de Salud Familiar Padre Esteban Gumucio Vives,La Granja,LACTANCIA MATERNA EXCLUSIVA,113307,13111,14
2116,5,14,114315,A0200001,13,13111,6,11,11,Servicio de Salud Metropolitano Sur - Oriente,Centro de Salud Familiar Malaquías Concha,La Granja,MENORES CONTROLADOS,114315,13111,14
2117,5,14,114315,A0200002,13,13111,2,7,5,Servicio de Salud Metropolitano Sur - Oriente,Centro de Salud Familiar Malaquías Concha,La Granja,LACTANCIA MATERNA EXCLUSIVA,114315,13111,14
2118,8,14,113307,A0200002,13,13111,4,4,,Servicio de Salud Metropolitano Sur - Oriente,Centro de Salud Familiar Padre Esteban Gumucio Vives,La Granja,LACTANCIA MATERNA EXCLUSIVA,113307,13111,14
2119,8,14,114315,A0200002,13,13111,3,3,8,Servicio de Salud Metropolitano Sur - Oriente,Centro de Salud Familiar Malaquías Concha,La Granja,LACTANCIA MATERNA EXCLUSIVA,114315,13111,14
2120,8,14,114315,A0200001,13,13111,14,3,13,Servicio de Salud Metropolitano Sur - Oriente,Centro de Salud Familiar Malaquías Concha,La Granja,MENORES CONTROLADOS,114315,13111,14
2121,1,14,113307,A0200002,13,13111,11,5,1,Servicio de Salud Metropolitano Sur - Oriente,Centro de Salud Familiar Padre Esteban Gumucio Vives,La Granja,LACTANCIA MATERNA EXCLUSIVA,113307,13111,14
2122,1,14,114315,A0200002,13,13111,,4,5,Servicio de Salud Metropolitano Sur - Oriente,Centro de Salud Familiar Malaquías Concha,La Granja,LACTANCIA MATERNA EXCLUSIVA,114315,13111,14
2123,6,14,114315,A0200002,13,13111,1,7,9,Servicio de Salud Metropolitano Sur - Oriente,Centro de Salud Familiar Malaquías Concha,La Granja,LACTANCIA MATERNA EXCLUSIVA,114315,13111,14
2124,6,14,114315,A0200001,13,13111,,,13,Servicio de Salud Metropolitano Sur - Oriente,Centro de Salud Familiar Malaquías Concha,La Granja,MENORES CONTROLADOS,114315,13111,14
2125,3,14,114315,A0200001,13,13111,16,7,9,Servicio de Salud Metropolitano Sur - Oriente,Centro de Salud Familiar Malaquías Concha,La Granja,MENORES CONTROLADOS,114315,13111,14
2126,3,14,114315,A0200002,13,13111,13,1,7,Servicio de Salud Metropolitano Sur - Oriente,Centro de Salud Familiar Malaquías Concha,La Granja,LACTANCIA MATERNA EXCLUSIVA,114315,13111,14
2127,1,14,114706,A0200001,13,13111,,,4,Servicio de Salud Metropolitano Sur - Oriente,Centro Comunitario de Salud Familiar Millalemu,La Granja,MENORES CONTROLADOS,114706,13111,14
2128,1,14,114706,A0200002,13,13111,1,1,1,Servicio de Salud Metropolitano Sur - Oriente,Centro Comunitario de Salud Familiar Millalemu,La Granja,LACTANCIA MATERNA EXCLUSIVA,114706,13111,14
2129,4,14,114706,A0200002,13,13111,3,,,Servicio de Salud Metropolitano Sur - Oriente,Centro Comunitario de Salud Familiar Millalemu,La Granja,LACTANCIA MATERNA EXCLUSIVA,114706,13111,14
2130,2,14,114706,A0200001,13,13111,,,2,Servicio de Salud Metropolitano Sur - Oriente,Centro Comunitario de Salud Familiar Millalemu,La Granja,MENORES CONTROLADOS,114706,13111,14
2131,5,14,114706,A0200002,13,13111,,2,,Servicio de Salud Metropolitano Sur - Oriente,Centro Comunitario de Salud Familiar Millalemu,La Granja,LACTANCIA MATERNA EXCLUSIVA,114706,13111,14
2132,5,14,114706,A0200001,13,13111,,2,1,Servicio de Salud Metropolitano Sur - Oriente,Centro Comunitario de Salud Familiar Millalemu,La Granja,MENORES CONTROLADOS,114706,13111,14
2133,3,14,114706,A0200002,13,13111,1,1,0,Servicio de Salud Metropolitano Sur - Oriente,Centro Comunitario de Salud Familiar Millalemu,La Granja,LACTANCIA MATERNA EXCLUSIVA,114706,13111,14
2134,3,14,114706,A0200001,13,13111,1,1,2,Servicio de Salud Metropolitano Sur - Oriente,Centro Comunitario de Salud Familiar Millalemu,La Granja,MENORES CONTROLADOS,114706,13111,14
2135,6,14,114706,A0200002,13,13111,2,,,Servicio de Salud Metropolitano Sur - Oriente,Centro Comunitario de Salud Familiar Millalemu,La Granja,LACTANCIA MATERNA EXCLUSIVA,114706,13111,14
2136,6,14,114706,A0200001,13,13111,2,1,4,Servicio de Salud Metropolitano Sur - Oriente,Centro Comunitario de Salud Familiar Millalemu,La Granja,MENORES CONTROLADOS,114706,13111,14
2137,8,14,114706,A0200001,13,13111,0,1,0,Servicio de Salud Metropolitano Sur - Oriente,Centro Comunitario de Salud Familiar Millalemu,La Granja,MENORES CONTROLADOS,114706,13111,14
2138,4,14,114706,A0200001,13,13111,3,,2,Servicio de Salud Metropolitano Sur - Oriente,Centro Comunitario de Salud Familiar Millalemu,La Granja,MENORES CONTROLADOS,114706,13111,14
2139,7,14,114706,A0200002,13,13111,,1,0,Servicio de Salud Metropolitano Sur - Oriente,Centro Comunitario de Salud Familiar Millalemu,La Granja,LACTANCIA MATERNA EXCLUSIVA,114706,13111,14
2140,7,14,114706,A0200001,13,13111,,1,0,Servicio de Salud Metropolitano Sur - Oriente,Centro Comunitario de Salud Familiar Millalemu,La Granja,MENORES CONTROLADOS,114706,13111,14
2141,3,14,114796,A0200001,13,13111,7,2,4,Servicio de Salud Metropolitano Sur - Oriente,Centro Comunitario de Salud Familiar San Gregorio,La Granja,MENORES CONTROLADOS,114796,13111,14
2142,3,14,114796,A0200002,13,13111,2,1,3,Servicio de Salud Metropolitano Sur - Oriente,Centro Comunitario de Salud Familiar San Gregorio,La Granja,LACTANCIA MATERNA EXCLUSIVA,114796,13111,14
2143,5,14,114796,A0200002,13,13111,,1,0,Servicio de Salud Metropolitano Sur - Oriente,Centro Comunitario de Salud Familiar San Gregorio,La Granja,LACTANCIA MATERNA EXCLUSIVA,114796,13111,14
2144,6,14,114796,A0200002,13,13111,4,0,1,Servicio de Salud Metropolitano Sur - Oriente,Centro Comunitario de Salud Familiar San Gregorio,La Granja,LACTANCIA MATERNA EXCLUSIVA,114796,13111,14
2145,6,14,114796,A0200001,13,13111,5,1,1,Servicio de Salud Metropolitano Sur - Oriente,Centro Comunitario de Salud Familiar San Gregorio,La Granja,MENORES CONTROLADOS,114796,13111,14
2146,4,14,114796,A0200002,13,13111,1,2,0,Servicio de Salud Metropolitano Sur - Oriente,Centro Comunitario de Salud Familiar San Gregorio,La Granja,LACTANCIA MATERNA EXCLUSIVA,114796,13111,14
2147,4,14,114796,A0200001,13,13111,1,2,0,Servicio de Salud Metropolitano Sur - Oriente,Centro Comunitario de Salud Familiar San Gregorio,La Granja,MENORES CONTROLADOS,114796,13111,14
2148,2,14,114796,A0200002,13,13111,0,1,2,Servicio de Salud Metropolitano Sur - Oriente,Centro Comunitario de Salud Familiar San Gregorio,La Granja,LACTANCIA MATERNA EXCLUSIVA,114796,13111,14
2149,2,14,114796,A0200001,13,13111,,2,5,Servicio de Salud Metropolitano Sur - Oriente,Centro Comunitario de Salud Familiar San Gregorio,La Granja,MENORES CONTROLADOS,114796,13111,14
2150,5,14,114796,A0200001,13,13111,,5,3,Servicio de Salud Metropolitano Sur - Oriente,Centro Comunitario de Salud Familiar San Gregorio,La Granja,MENORES CONTROLADOS,114796,13111,14
2151,7,14,114796,A0200002,13,13111,2,1,0,Servicio de Salud Metropolitano Sur - Oriente,Centro Comunitario de Salud Familiar San Gregorio,La Granja,LACTANCIA MATERNA EXCLUSIVA,114796,13111,14
2152,7,14,114796,A0200001,13,13111,3,2,0,Servicio de Salud Metropolitano Sur - Oriente,Centro Comunitario de Salud Familiar San Gregorio,La Granja,MENORES CONTROLADOS,114796,13111,14
2153,8,14,114796,A0200002,13,13111,6,1,1,Servicio de Salud Metropolitano Sur - Oriente,Centro Comunitario de Salud Familiar San Gregorio,La Granja,LACTANCIA MATERNA EXCLUSIVA,114796,13111,14
2154,8,14,114796,A0200001,13,13111,6,3,4,Servicio de Salud Metropolitano Sur - Oriente,Centro Comunitario de Salud Familiar San Gregorio,La Granja,MENORES CONTROLADOS,114796,13111,14
2155,1,14,114306,A0200002,13,13111,4,5,8,Servicio de Salud Metropolitano Sur - Oriente,Centro de Salud Familiar La Granja,La Granja,LACTANCIA MATERNA EXCLUSIVA,114306,13111,14
2156,2,14,114306,A0200001,13,13111,9,12,8,Servicio de Salud Metropolitano Sur - Oriente,Centro de Salud Familiar La Granja,La Granja,MENORES CONTROLADOS,114306,13111,14
2157,1,14,114306,A0200001,13,13111,9,10,15,Servicio de Salud Metropolitano Sur - Oriente,Centro de Salud Familiar La Granja,La Granja,MENORES CONTROLADOS,114306,13111,14
2158,2,14,114306,A0200002,13,13111,6,5,6,Servicio de Salud Metropolitano Sur - Oriente,Centro de Salud Familiar La Granja,La Granja,LACTANCIA MATERNA EXCLUSIVA,114306,13111,14
2159,4,14,114306,A0200001,13,13111,20,14,10,Servicio de Salud Metropolitano Sur - Oriente,Centro de Salud Familiar La Granja,La Granja,MENORES CONTROLADOS,114306,13111,14
2160,5,14,114306,A0200002,13,13111,9,3,6,Servicio de Salud Metropolitano Sur - Oriente,Centro de Salud Familiar La Granja,La Granja,LACTANCIA MATERNA EXCLUSIVA,114306,13111,14
2161,5,14,114306,A0200001,13,13111,14,11,16,Servicio de Salud Metropolitano Sur - Oriente,Centro de Salud Familiar La Granja,La Granja,MENORES CONTROLADOS,114306,13111,14
2162,4,14,114306,A0200002,13,13111,10,4,3,Servicio de Salud Metropolitano Sur - Oriente,Centro de Salud Familiar La Granja,La Granja,LACTANCIA MATERNA EXCLUSIVA,114306,13111,14
2163,3,14,114306,A0200002,13,13111,4,7,6,Servicio de Salud Metropolitano Sur - Oriente,Centro de Salud Familiar La Granja,La Granja,LACTANCIA MATERNA EXCLUSIVA,114306,13111,14
2164,3,14,114306,A0200001,13,13111,10,14,18,Servicio de Salud Metropolitano Sur - Oriente,Centro de Salud Familiar La Granja,La Granja,MENORES CONTROLADOS,114306,13111,14
2165,7,14,114306,A0200002,13,13111,8,4,3,Servicio de Salud Metropolitano Sur - Oriente,Centro de Salud Familiar La Granja,La Granja,LACTANCIA MATERNA EXCLUSIVA,114306,13111,14
2166,7,14,114306,A0200001,13,13111,17,10,12,Servicio de Salud Metropolitano Sur - Oriente,Centro de Salud Familiar La Granja,La Granja,MENORES CONTROLADOS,114306,13111,14
2167,6,14,114306,A0200002,13,13111,6,4,3,Servicio de Salud Metropolitano Sur - Oriente,Centro de Salud Familiar La Granja,La Granja,LACTANCIA MATERNA EXCLUSIVA,114306,13111,14
2168,6,14,114306,A0200001,13,13111,19,8,9,Servicio de Salud Metropolitano Sur - Oriente,Centro de Salud Familiar La Granja,La Granja,MENORES CONTROLADOS,114306,13111,14
2169,8,14,114306,A0200002,13,13111,6,5,4,Servicio de Salud Metropolitano Sur - Oriente,Centro de Salud Familiar La Granja,La Granja,LACTANCIA MATERNA EXCLUSIVA,114306,13111,14
2170,8,14,114306,A0200001,13,13111,11,19,14,Servicio de Salud Metropolitano Sur - Oriente,Centro de Salud Familiar La Granja,La Granja,MENORES CONTROLADOS,114306,13111,14
2171,5,14,114327,A0200002,13,13112,3,3,2,Servicio de Salud Metropolitano Sur - Oriente,Centro de Salud Familiar Juan Pablo II Red de Salud UC CHRISTUS,La Pintana,LACTANCIA MATERNA EXCLUSIVA,114327,13112,14
2172,5,14,114327,A0200001,13,13112,5,8,7,Servicio de Salud Metropolitano Sur - Oriente,Centro de Salud Familiar Juan Pablo II Red de Salud UC CHRISTUS,La Pintana,MENORES CONTROLADOS,114327,13112,14
2173,5,14,114319,A0200001,13,13112,19,14,7,Servicio de Salud Metropolitano Sur - Oriente,Centro de Salud Familiar El Roble,La Pintana,MENORES CONTROLADOS,114319,13112,14
2174,5,14,114319,A0200002,13,13112,13,10,3,Servicio de Salud Metropolitano Sur - Oriente,Centro de Salud Familiar El Roble,La Pintana,LACTANCIA MATERNA EXCLUSIVA,114319,13112,14
2175,6,14,114319,A0200002,13,13112,11,0,6,Servicio de Salud Metropolitano Sur - Oriente,Centro de Salud Familiar El Roble,La Pintana,LACTANCIA MATERNA EXCLUSIVA,114319,13112,14
2176,6,14,114319,A0200001,13,13112,12,5,15,Servicio de Salud Metropolitano Sur - Oriente,Centro de Salud Familiar El Roble,La Pintana,MENORES CONTROLADOS,114319,13112,14
2177,3,14,114327,A0200001,13,13112,10,7,5,Servicio de Salud Metropolitano Sur - Oriente,Centro de Salud Familiar Juan Pablo II Red de Salud UC CHRISTUS,La Pintana,MENORES CONTROLADOS,114327,13112,14
2178,6,14,114327,A0200002,13,13112,5,5,1,Servicio de Salud Metropolitano Sur - Oriente,Centro de Salud Familiar Juan Pablo II Red de Salud UC CHRISTUS,La Pintana,LACTANCIA MATERNA EXCLUSIVA,114327,13112,14
2179,6,14,114327,A0200001,13,13112,9,8,7,Servicio de Salud Metropolitano Sur - Oriente,Centro de Salud Familiar Juan Pablo II Red de Salud UC CHRISTUS,La Pintana,MENORES CONTROLADOS,114327,13112,14
2180,2,14,114327,A0200001,13,13112,8,6,5,Servicio de Salud Metropolitano Sur - Oriente,Centro de Salud Familiar Juan Pablo II Red de Salud UC CHRISTUS,La Pintana,MENORES CONTROLADOS,114327,13112,14
2181,2,14,114327,A0200002,13,13112,4,2,0,Servicio de Salud Metropolitano Sur - Oriente,Centro de Salud Familiar Juan Pablo II Red de Salud UC CHRISTUS,La Pintana,LACTANCIA MATERNA EXCLUSIVA,114327,13112,14
2182,2,14,114319,A0200002,13,13112,10,6,4,Servicio de Salud Metropolitano Sur - Oriente,Centro de Salud Familiar El Roble,La Pintana,LACTANCIA MATERNA EXCLUSIVA,114319,13112,14
2183,2,14,114319,A0200001,13,13112,15,8,9,Servicio de Salud Metropolitano Sur - Oriente,Centro de Salud Familiar El Roble,La Pintana,MENORES CONTROLADOS,114319,13112,14
2184,1,14,114319,A0200002,13,13112,5,4,2,Servicio de Salud Metropolitano Sur - Oriente,Centro de Salud Familiar El Roble,La Pintana,LACTANCIA MATERNA EXCLUSIVA,114319,13112,14
2185,1,14,114319,A0200001,13,13112,16,8,8,Servicio de Salud Metropolitano Sur - Oriente,Centro de Salud Familiar El Roble,La Pintana,MENORES CONTROLADOS,114319,13112,14
2186,8,14,114327,A0200002,13,13112,8,2,3,Servicio de Salud Metropolitano Sur - Oriente,Centro de Salud Familiar Juan Pablo II Red de Salud UC CHRISTUS,La Pintana,LACTANCIA MATERNA EXCLUSIVA,114327,13112,14
2187,8,14,114327,A0200001,13,13112,10,3,9,Servicio de Salud Metropolitano Sur - Oriente,Centro de Salud Familiar Juan Pablo II Red de Salud UC CHRISTUS,La Pintana,MENORES CONTROLADOS,114327,13112,14
2188,3,14,114319,A0200001,13,13112,14,12,6,Servicio de Salud Metropolitano Sur - Oriente,Centro de Salud Familiar El Roble,La Pintana,MENORES CONTROLADOS,114319,13112,14
2189,3,14,114319,A0200002,13,13112,6,4,3,Servicio de Salud Metropolitano Sur - Oriente,Centro de Salud Familiar El Roble,La Pintana,LACTANCIA MATERNA EXCLUSIVA,114319,13112,14
2190,4,14,114327,A0200001,13,13112,7,8,11,Servicio de Salud Metropolitano Sur - Oriente,Centro de Salud Familiar Juan Pablo II Red de Salud UC CHRISTUS,La Pintana,MENORES CONTROLADOS,114327,13112,14
2191,4,14,114327,A0200002,13,13112,4,3,1,Servicio de Salud Metropolitano Sur - Oriente,Centro de Salud Familiar Juan Pablo II Red de Salud UC CHRISTUS,La Pintana,LACTANCIA MATERNA EXCLUSIVA,114327,13112,14
2192,8,14,114319,A0200002,13,13112,9,8,8,Servicio de Salud Metropolitano Sur - Oriente,Centro de Salud Familiar El Roble,La Pintana,LACTANCIA MATERNA EXCLUSIVA,114319,13112,14
2193,8,14,114319,A0200001,13,13112,12,14,13,Servicio de Salud Metropolitano Sur - Oriente,Centro de Salud Familiar El Roble,La Pintana,MENORES CONTROLADOS,114319,13112,14
2194,1,14,114327,A0200002,13,13112,2,1,1,Servicio de Salud Metropolitano Sur - Oriente,Centro de Salud Familiar Juan Pablo II Red de Salud UC CHRISTUS,La Pintana,LACTANCIA MATERNA EXCLUSIVA,114327,13112,14
2195,4,14,114319,A0200002,13,13112,8,6,5,Servicio de Salud Metropolitano Sur - Oriente,Centro de Salud Familiar El Roble,La Pintana,LACTANCIA MATERNA EXCLUSIVA,114319,13112,14
2196,4,14,114319,A0200001,13,13112,17,12,9,Servicio de Salud Metropolitano Sur - Oriente,Centro de Salud Familiar El Roble,La Pintana,MENORES CONTROLADOS,114319,13112,14
2197,3,14,114327,A0200002,13,13112,5,3,1,Servicio de Salud Metropolitano Sur - Oriente,Centro de Salud Familiar Juan Pablo II Red de Salud UC CHRISTUS,La Pintana,LACTANCIA MATERNA EXCLUSIVA,114327,13112,14
2198,1,14,114327,A0200001,13,13112,6,8,7,Servicio de Salud Metropolitano Sur - Oriente,Centro de Salud Familiar Juan Pablo II Red de Salud UC CHRISTUS,La Pintana,MENORES CONTROLADOS,114327,13112,14
2199,7,14,114327,A0200002,13,13112,9,3,0,Servicio de Salud Metropolitano Sur - Oriente,Centro de Salud Familiar Juan Pablo II Red de Salud UC CHRISTUS,La Pintana,LACTANCIA MATERNA EXCLUSIVA,114327,13112,14
2200,7,14,114327,A0200001,13,13112,11,7,6,Servicio de Salud Metropolitano Sur - Oriente,Centro de Salud Familiar Juan Pablo II Red de Salud UC CHRISTUS,La Pintana,MENORES CONTROLADOS,114327,13112,14
2201,7,14,114319,A0200002,13,13112,11,0,6,Servicio de Salud Metropolitano Sur - Oriente,Centro de Salud Familiar El Roble,La Pintana,LACTANCIA MATERNA EXCLUSIVA,114319,13112,14
2202,7,14,114319,A0200001,13,13112,12,5,15,Servicio de Salud Metropolitano Sur - Oriente,Centro de Salud Familiar El Roble,La Pintana,MENORES CONTROLADOS,114319,13112,14
2203,8,14,114318,A0200002,13,13112,2,3,5,Servicio de Salud Metropolitano Sur - Oriente,Centro de Salud Familiar Flor Fernández,La Pintana,LACTANCIA MATERNA EXCLUSIVA,114318,13112,14
2204,8,14,114318,A0200001,13,13112,6,3,7,Servicio de Salud Metropolitano Sur - Oriente,Centro de Salud Familiar Flor Fernández,La Pintana,MENORES CONTROLADOS,114318,13112,14
2205,1,14,114318,A0200002,13,13112,,2,2,Servicio de Salud Metropolitano Sur - Oriente,Centro de Salud Familiar Flor Fernández,La Pintana,LACTANCIA MATERNA EXCLUSIVA,114318,13112,14
2206,1,14,114318,A0200001,13,13112,3,2,6,Servicio de Salud Metropolitano Sur - Oriente,Centro de Salud Familiar Flor Fernández,La Pintana,MENORES CONTROLADOS,114318,13112,14
2207,1,14,114311,A0200001,13,13112,13,15,10,Servicio de Salud Metropolitano Sur - Oriente,Centro de Salud Familiar Santiago de Nueva Extremadura,La Pintana,MENORES CONTROLADOS,114311,13112,14
2208,2,14,114318,A0200001,13,13112,2,4,6,Servicio de Salud Metropolitano Sur - Oriente,Centro de Salud Familiar Flor Fernández,La Pintana,MENORES CONTROLADOS,114318,13112,14
2209,2,14,114311,A0200001,13,13112,10,7,7,Servicio de Salud Metropolitano Sur - Oriente,Centro de Salud Familiar Santiago de Nueva Extremadura,La Pintana,MENORES CONTROLADOS,114311,13112,14
2210,4,14,114318,A0200002,13,13112,1,4,,Servicio de Salud Metropolitano Sur - Oriente,Centro de Salud Familiar Flor Fernández,La Pintana,LACTANCIA MATERNA EXCLUSIVA,114318,13112,14
2211,4,14,114318,A0200001,13,13112,5,7,0,Servicio de Salud Metropolitano Sur - Oriente,Centro de Salud Familiar Flor Fernández,La Pintana,MENORES CONTROLADOS,114318,13112,14
2212,4,14,114311,A0200002,13,13112,8,9,9,Servicio de Salud Metropolitano Sur - Oriente,Centro de Salud Familiar Santiago de Nueva Extremadura,La Pintana,LACTANCIA MATERNA EXCLUSIVA,114311,13112,14
2213,4,14,114311,A0200001,13,13112,9,9,13,Servicio de Salud Metropolitano Sur - Oriente,Centro de Salud Familiar Santiago de Nueva Extremadura,La Pintana,MENORES CONTROLADOS,114311,13112,14
2214,6,14,114318,A0200002,13,13112,2,4,3,Servicio de Salud Metropolitano Sur - Oriente,Centro de Salud Familiar Flor Fernández,La Pintana,LACTANCIA MATERNA EXCLUSIVA,114318,13112,14
2215,6,14,114318,A0200001,13,13112,4,7,6,Servicio de Salud Metropolitano Sur - Oriente,Centro de Salud Familiar Flor Fernández,La Pintana,MENORES CONTROLADOS,114318,13112,14
2216,1,14,114311,A0200002,13,13112,7,10,8,Servicio de Salud Metropolitano Sur - Oriente,Centro de Salud Familiar Santiago de Nueva Extremadura,La Pintana,LACTANCIA MATERNA EXCLUSIVA,114311,13112,14
2217,5,14,114311,A0200001,13,13112,21,13,9,Servicio de Salud Metropolitano Sur - Oriente,Centro de Salud Familiar Santiago de Nueva Extremadura,La Pintana,MENORES CONTROLADOS,114311,13112,14
2218,6,12,112317,A0200002,13,13113,3,3,1,Servicio de Salud Metropolitano Oriente,Centro de Salud Familiar Ossandon,La Reina,LACTANCIA MATERNA EXCLUSIVA,112317,13113,12
2219,6,12,112317,A0200001,13,13113,7,4,5,Servicio de Salud Metropolitano Oriente,Centro de Salud Familiar Ossandon,La Reina,MENORES CONTROLADOS,112317,13113,12
2220,4,12,112317,A0200002,13,13113,2,1,2,Servicio de Salud Metropolitano Oriente,Centro de Salud Familiar Ossandon,La Reina,LACTANCIA MATERNA EXCLUSIVA,112317,13113,12
2221,4,12,112317,A0200001,13,13113,3,5,3,Servicio de Salud Metropolitano Oriente,Centro de Salud Familiar Ossandon,La Reina,MENORES CONTROLADOS,112317,13113,12
2222,7,12,112317,A0200002,13,13113,7,3,1,Servicio de Salud Metropolitano Oriente,Centro de Salud Familiar Ossandon,La Reina,LACTANCIA MATERNA EXCLUSIVA,112317,13113,12
2223,7,12,112317,A0200001,13,13113,9,10,4,Servicio de Salud Metropolitano Oriente,Centro de Salud Familiar Ossandon,La Reina,MENORES CONTROLADOS,112317,13113,12
2224,3,12,112320,A0200001,13,13113,12,9,2,Servicio de Salud Metropolitano Oriente,Centro de Salud Familiar Juan Pablo II ( La Reina),La Reina,MENORES CONTROLADOS,112320,13113,12
2225,2,12,112320,A0200002,13,13113,6,1,1,Servicio de Salud Metropolitano Oriente,Centro de Salud Familiar Juan Pablo II ( La Reina),La Reina,LACTANCIA MATERNA EXCLUSIVA,112320,13113,12
2226,2,12,112320,A0200001,13,13113,8,4,7,Servicio de Salud Metropolitano Oriente,Centro de Salud Familiar Juan Pablo II ( La Reina),La Reina,MENORES CONTROLADOS,112320,13113,12
2227,8,12,112320,A0200002,13,13113,7,6,10,Servicio de Salud Metropolitano Oriente,Centro de Salud Familiar Juan Pablo II ( La Reina),La Reina,LACTANCIA MATERNA EXCLUSIVA,112320,13113,12
2228,8,12,112320,A0200001,13,13113,8,7,15,Servicio de Salud Metropolitano Oriente,Centro de Salud Familiar Juan Pablo II ( La Reina),La Reina,MENORES CONTROLADOS,112320,13113,12
2229,3,12,112717,A0200002,13,13113,1,1,1,Servicio de Salud Metropolitano Oriente,Centro Comunitario de Salud Familiar Dragones de La Reina,La Reina,LACTANCIA MATERNA EXCLUSIVA,112717,13113,12
2230,3,12,112717,A0200001,13,13113,1,2,1,Servicio de Salud Metropolitano Oriente,Centro Comunitario de Salud Familiar Dragones de La Reina,La Reina,MENORES CONTROLADOS,112717,13113,12
2231,5,12,112717,A0200001,13,13113,0,0,0,Servicio de Salud Metropolitano Oriente,Centro Comunitario de Salud Familiar Dragones de La Reina,La Reina,MENORES CONTROLADOS,112717,13113,12
2232,2,12,112717,A0200002,13,13113,,,,Servicio de Salud Metropolitano Oriente,Centro Comunitario de Salud Familiar Dragones de La Reina,La Reina,LACTANCIA MATERNA EXCLUSIVA,112717,13113,12
2233,2,12,112717,A0200001,13,13113,,,,Servicio de Salud Metropolitano Oriente,Centro Comunitario de Salud Familiar Dragones de La Reina,La Reina,MENORES CONTROLADOS,112717,13113,12
2234,4,12,112717,A0200002,13,13113,1,1,1,Servicio de Salud Metropolitano Oriente,Centro Comunitario de Salud Familiar Dragones de La Reina,La Reina,LACTANCIA MATERNA EXCLUSIVA,112717,13113,12
2235,4,12,112717,A0200001,13,13113,3,1,1,Servicio de Salud Metropolitano Oriente,Centro Comunitario de Salud Familiar Dragones de La Reina,La Reina,MENORES CONTROLADOS,112717,13113,12
2236,7,12,112717,A0200002,13,13113,,,1,Servicio de Salud Metropolitano Oriente,Centro Comunitario de Salud Familiar Dragones de La Reina,La Reina,LACTANCIA MATERNA EXCLUSIVA,112717,13113,12
2237,7,12,112717,A0200001,13,13113,0,0,1,Servicio de Salud Metropolitano Oriente,Centro Comunitario de Salud Familiar Dragones de La Reina,La Reina,MENORES CONTROLADOS,112717,13113,12
2238,8,12,112717,A0200002,13,13113,,,,Servicio de Salud Metropolitano Oriente,Centro Comunitario de Salud Familiar Dragones de La Reina,La Reina,LACTANCIA MATERNA EXCLUSIVA,112717,13113,12
2239,8,12,112717,A0200001,13,13113,1,,,Servicio de Salud Metropolitano Oriente,Centro Comunitario de Salud Familiar Dragones de La Reina,La Reina,MENORES CONTROLADOS,112717,13113,12
2240,6,12,112717,A0200002,13,13113,,1,4,Servicio de Salud Metropolitano Oriente,Centro Comunitario de Salud Familiar Dragones de La Reina,La Reina,LACTANCIA MATERNA EXCLUSIVA,112717,13113,12
2241,6,12,112717,A0200001,13,13113,,2,4,Servicio de Salud Metropolitano Oriente,Centro Comunitario de Salud Familiar Dragones de La Reina,La Reina,MENORES CONTROLADOS,112717,13113,12
2242,4,12,112306,A0200001,13,13114,17,17,18,Servicio de Salud Metropolitano Oriente,Centro de Salud Familiar Aníbal Ariztía,Las Condes,MENORES CONTROLADOS,112306,13114,12
2243,2,12,112306,A0200002,13,13114,7,2,7,Servicio de Salud Metropolitano Oriente,Centro de Salud Familiar Aníbal Ariztía,Las Condes,LACTANCIA MATERNA EXCLUSIVA,112306,13114,12
2244,1,12,112306,A0200002,13,13114,7,14,4,Servicio de Salud Metropolitano Oriente,Centro de Salud Familiar Aníbal Ariztía,Las Condes,LACTANCIA MATERNA EXCLUSIVA,112306,13114,12
2245,1,12,112306,A0200001,13,13114,16,21,10,Servicio de Salud Metropolitano Oriente,Centro de Salud Familiar Aníbal Ariztía,Las Condes,MENORES CONTROLADOS,112306,13114,12
2246,4,12,112306,A0200002,13,13114,8,7,10,Servicio de Salud Metropolitano Oriente,Centro de Salud Familiar Aníbal Ariztía,Las Condes,LACTANCIA MATERNA EXCLUSIVA,112306,13114,12
2247,3,12,112306,A0200002,13,13114,3,9,9,Servicio de Salud Metropolitano Oriente,Centro de Salud Familiar Aníbal Ariztía,Las Condes,LACTANCIA MATERNA EXCLUSIVA,112306,13114,12
2248,3,12,112306,A0200001,13,13114,13,16,12,Servicio de Salud Metropolitano Oriente,Centro de Salud Familiar Aníbal Ariztía,Las Condes,MENORES CONTROLADOS,112306,13114,12
2249,7,12,112306,A0200002,13,13114,9,8,7,Servicio de Salud Metropolitano Oriente,Centro de Salud Familiar Aníbal Ariztía,Las Condes,LACTANCIA MATERNA EXCLUSIVA,112306,13114,12
2250,7,12,112306,A0200001,13,13114,15,18,15,Servicio de Salud Metropolitano Oriente,Centro de Salud Familiar Aníbal Ariztía,Las Condes,MENORES CONTROLADOS,112306,13114,12
2251,5,12,112306,A0200002,13,13114,8,4,3,Servicio de Salud Metropolitano Oriente,Centro de Salud Familiar Aníbal Ariztía,Las Condes,LACTANCIA MATERNA EXCLUSIVA,112306,13114,12
2252,5,12,112306,A0200001,13,13114,16,16,6,Servicio de Salud Metropolitano Oriente,Centro de Salud Familiar Aníbal Ariztía,Las Condes,MENORES CONTROLADOS,112306,13114,12
2253,6,12,112306,A0200002,13,13114,14,9,7,Servicio de Salud Metropolitano Oriente,Centro de Salud Familiar Aníbal Ariztía,Las Condes,LACTANCIA MATERNA EXCLUSIVA,112306,13114,12
2254,6,12,112306,A0200001,13,13114,17,17,12,Servicio de Salud Metropolitano Oriente,Centro de Salud Familiar Aníbal Ariztía,Las Condes,MENORES CONTROLADOS,112306,13114,12
2255,8,12,112306,A0200002,13,13114,9,8,2,Servicio de Salud Metropolitano Oriente,Centro de Salud Familiar Aníbal Ariztía,Las Condes,LACTANCIA MATERNA EXCLUSIVA,112306,13114,12
2256,8,12,112306,A0200001,13,13114,15,12,8,Servicio de Salud Metropolitano Oriente,Centro de Salud Familiar Aníbal Ariztía,Las Condes,MENORES CONTROLADOS,112306,13114,12
2257,3,12,112304,A0200001,13,13114,4,4,3,Servicio de Salud Metropolitano Oriente,Centro de Salud Familiar Apoquindo,Las Condes,MENORES CONTROLADOS,112304,13114,12
2258,3,12,112304,A0200002,13,13114,2,1,2,Servicio de Salud Metropolitano Oriente,Centro de Salud Familiar Apoquindo,Las Condes,LACTANCIA MATERNA EXCLUSIVA,112304,13114,12
2259,2,12,112304,A0200002,13,13114,,2,1,Servicio de Salud Metropolitano Oriente,Centro de Salud Familiar Apoquindo,Las Condes,LACTANCIA MATERNA EXCLUSIVA,112304,13114,12
2260,2,12,112304,A0200001,13,13114,2,3,1,Servicio de Salud Metropolitano Oriente,Centro de Salud Familiar Apoquindo,Las Condes,MENORES CONTROLADOS,112304,13114,12
2261,1,12,112304,A0200001,13,13114,3,4,4,Servicio de Salud Metropolitano Oriente,Centro de Salud Familiar Apoquindo,Las Condes,MENORES CONTROLADOS,112304,13114,12
2262,1,12,112304,A0200002,13,13114,2,3,2,Servicio de Salud Metropolitano Oriente,Centro de Salud Familiar Apoquindo,Las Condes,LACTANCIA MATERNA EXCLUSIVA,112304,13114,12
2263,4,12,112304,A0200001,13,13114,3,1,4,Servicio de Salud Metropolitano Oriente,Centro de Salud Familiar Apoquindo,Las Condes,MENORES CONTROLADOS,112304,13114,12
2264,4,12,112304,A0200002,13,13114,2,,2,Servicio de Salud Metropolitano Oriente,Centro de Salud Familiar Apoquindo,Las Condes,LACTANCIA MATERNA EXCLUSIVA,112304,13114,12
2265,6,12,112304,A0200002,13,13114,,2,2,Servicio de Salud Metropolitano Oriente,Centro de Salud Familiar Apoquindo,Las Condes,LACTANCIA MATERNA EXCLUSIVA,112304,13114,12
2266,6,12,112304,A0200001,13,13114,3,3,4,Servicio de Salud Metropolitano Oriente,Centro de Salud Familiar Apoquindo,Las Condes,MENORES CONTROLADOS,112304,13114,12
2267,7,12,112304,A0200002,13,13114,3,1,,Servicio de Salud Metropolitano Oriente,Centro de Salud Familiar Apoquindo,Las Condes,LACTANCIA MATERNA EXCLUSIVA,112304,13114,12
2268,7,12,112304,A0200001,13,13114,5,2,1,Servicio de Salud Metropolitano Oriente,Centro de Salud Familiar Apoquindo,Las Condes,MENORES CONTROLADOS,112304,13114,12
2269,5,12,112304,A0200002,13,13114,1,2,1,Servicio de Salud Metropolitano Oriente,Centro de Salud Familiar Apoquindo,Las Condes,LACTANCIA MATERNA EXCLUSIVA,112304,13114,12
2270,5,12,112304,A0200001,13,13114,2,4,3,Servicio de Salud Metropolitano Oriente,Centro de Salud Familiar Apoquindo,Las Condes,MENORES CONTROLADOS,112304,13114,12
2271,8,12,112304,A0200002,13,13114,2,1,1,Servicio de Salud Metropolitano Oriente,Centro de Salud Familiar Apoquindo,Las Condes,LACTANCIA MATERNA EXCLUSIVA,112304,13114,12
2272,8,12,112304,A0200001,13,13114,2,5,1,Servicio de Salud Metropolitano Oriente,Centro de Salud Familiar Apoquindo,Las Condes,MENORES CONTROLADOS,112304,13114,12
2273,2,12,112407,A0200001,13,13115,,,1,Servicio de Salud Metropolitano Oriente,Posta de Salud Rural de Farellones,Lo Barnechea,MENORES CONTROLADOS,112407,13115,12
2274,3,12,112707,A0200002,13,13115,,,1,Servicio de Salud Metropolitano Oriente,Centro Comunitario de Salud Familiar Cerro 18,Lo Barnechea,LACTANCIA MATERNA EXCLUSIVA,112707,13115,12
2275,3,12,112707,A0200001,13,13115,,,1,Servicio de Salud Metropolitano Oriente,Centro Comunitario de Salud Familiar Cerro 18,Lo Barnechea,MENORES CONTROLADOS,112707,13115,12
2276,4,12,112707,A0200002,13,13115,,,1,Servicio de Salud Metropolitano Oriente,Centro Comunitario de Salud Familiar Cerro 18,Lo Barnechea,LACTANCIA MATERNA EXCLUSIVA,112707,13115,12
2277,4,12,112707,A0200001,13,13115,,,1,Servicio de Salud Metropolitano Oriente,Centro Comunitario de Salud Familiar Cerro 18,Lo Barnechea,MENORES CONTROLADOS,112707,13115,12
2278,2,12,112799,A0200001,13,13115,,1,1,Servicio de Salud Metropolitano Oriente,Centro Comunitario de Salud Familiar Bicentenario,Lo Barnechea,MENORES CONTROLADOS,112799,13115,12
2279,1,12,112307,A0200002,13,13115,3,9,6,Servicio de Salud Metropolitano Oriente,Centro de Salud Familiar Lo Barnechea,Lo Barnechea,LACTANCIA MATERNA EXCLUSIVA,112307,13115,12
2280,1,12,112307,A0200001,13,13115,12,18,12,Servicio de Salud Metropolitano Oriente,Centro de Salud Familiar Lo Barnechea,Lo Barnechea,MENORES CONTROLADOS,112307,13115,12
2281,5,12,112307,A0200002,13,13115,11,6,12,Servicio de Salud Metropolitano Oriente,Centro de Salud Familiar Lo Barnechea,Lo Barnechea,LACTANCIA MATERNA EXCLUSIVA,112307,13115,12
2282,5,12,112307,A0200001,13,13115,19,14,21,Servicio de Salud Metropolitano Oriente,Centro de Salud Familiar Lo Barnechea,Lo Barnechea,MENORES CONTROLADOS,112307,13115,12
2283,1,12,112799,A0200002,13,13115,1,0,0,Servicio de Salud Metropolitano Oriente,Centro Comunitario de Salud Familiar Bicentenario,Lo Barnechea,LACTANCIA MATERNA EXCLUSIVA,112799,13115,12
2284,1,12,112799,A0200001,13,13115,3,0,1,Servicio de Salud Metropolitano Oriente,Centro Comunitario de Salud Familiar Bicentenario,Lo Barnechea,MENORES CONTROLADOS,112799,13115,12
2285,3,12,112307,A0200002,13,13115,6,9,9,Servicio de Salud Metropolitano Oriente,Centro de Salud Familiar Lo Barnechea,Lo Barnechea,LACTANCIA MATERNA EXCLUSIVA,112307,13115,12
2286,3,12,112307,A0200001,13,13115,17,20,18,Servicio de Salud Metropolitano Oriente,Centro de Salud Familiar Lo Barnechea,Lo Barnechea,MENORES CONTROLADOS,112307,13115,12
2287,2,12,112307,A0200002,13,13115,11,9,8,Servicio de Salud Metropolitano Oriente,Centro de Salud Familiar Lo Barnechea,Lo Barnechea,LACTANCIA MATERNA EXCLUSIVA,112307,13115,12
2288,2,12,112307,A0200001,13,13115,19,19,21,Servicio de Salud Metropolitano Oriente,Centro de Salud Familiar Lo Barnechea,Lo Barnechea,MENORES CONTROLADOS,112307,13115,12
2289,3,12,112799,A0200002,13,13115,0,0,1,Servicio de Salud Metropolitano Oriente,Centro Comunitario de Salud Familiar Bicentenario,Lo Barnechea,LACTANCIA MATERNA EXCLUSIVA,112799,13115,12
2290,3,12,112799,A0200001,13,13115,0,2,1,Servicio de Salud Metropolitano Oriente,Centro Comunitario de Salud Familiar Bicentenario,Lo Barnechea,MENORES CONTROLADOS,112799,13115,12
2291,5,12,112799,A0200002,13,13115,0,0,0,Servicio de Salud Metropolitano Oriente,Centro Comunitario de Salud Familiar Bicentenario,Lo Barnechea,LACTANCIA MATERNA EXCLUSIVA,112799,13115,12
2292,5,12,112799,A0200001,13,13115,0,1,0,Servicio de Salud Metropolitano Oriente,Centro Comunitario de Salud Familiar Bicentenario,Lo Barnechea,MENORES CONTROLADOS,112799,13115,12
2293,4,12,112307,A0200002,13,13115,7,10,8,Servicio de Salud Metropolitano Oriente,Centro de Salud Familiar Lo Barnechea,Lo Barnechea,LACTANCIA MATERNA EXCLUSIVA,112307,13115,12
2294,4,12,112307,A0200001,13,13115,14,21,15,Servicio de Salud Metropolitano Oriente,Centro de Salud Familiar Lo Barnechea,Lo Barnechea,MENORES CONTROLADOS,112307,13115,12
2295,4,12,112799,A0200002,13,13115,1,0,0,Servicio de Salud Metropolitano Oriente,Centro Comunitario de Salud Familiar Bicentenario,Lo Barnechea,LACTANCIA MATERNA EXCLUSIVA,112799,13115,12
2296,4,12,112799,A0200001,13,13115,3,0,1,Servicio de Salud Metropolitano Oriente,Centro Comunitario de Salud Familiar Bicentenario,Lo Barnechea,MENORES CONTROLADOS,112799,13115,12
2297,6,12,112799,A0200002,13,13115,1,1,0,Servicio de Salud Metropolitano Oriente,Centro Comunitario de Salud Familiar Bicentenario,Lo Barnechea,LACTANCIA MATERNA EXCLUSIVA,112799,13115,12
2298,6,12,112799,A0200001,13,13115,1,4,2,Servicio de Salud Metropolitano Oriente,Centro Comunitario de Salud Familiar Bicentenario,Lo Barnechea,MENORES CONTROLADOS,112799,13115,12
2299,8,12,112799,A0200002,13,13115,0,1,0,Servicio de Salud Metropolitano Oriente,Centro Comunitario de Salud Familiar Bicentenario,Lo Barnechea,LACTANCIA MATERNA EXCLUSIVA,112799,13115,12
2300,8,12,112799,A0200001,13,13115,0,1,1,Servicio de Salud Metropolitano Oriente,Centro Comunitario de Salud Familiar Bicentenario,Lo Barnechea,MENORES CONTROLADOS,112799,13115,12
2301,8,12,112307,A0200002,13,13115,11,11,5,Servicio de Salud Metropolitano Oriente,Centro de Salud Familiar Lo Barnechea,Lo Barnechea,LACTANCIA MATERNA EXCLUSIVA,112307,13115,12
2302,8,12,112307,A0200001,13,13115,16,19,10,Servicio de Salud Metropolitano Oriente,Centro de Salud Familiar Lo Barnechea,Lo Barnechea,MENORES CONTROLADOS,112307,13115,12
2303,7,12,112799,A0200002,13,13115,1,0,0,Servicio de Salud Metropolitano Oriente,Centro Comunitario de Salud Familiar Bicentenario,Lo Barnechea,LACTANCIA MATERNA EXCLUSIVA,112799,13115,12
2304,7,12,112799,A0200001,13,13115,1,2,0,Servicio de Salud Metropolitano Oriente,Centro Comunitario de Salud Familiar Bicentenario,Lo Barnechea,MENORES CONTROLADOS,112799,13115,12
2305,7,12,112307,A0200002,13,13115,10,12,8,Servicio de Salud Metropolitano Oriente,Centro de Salud Familiar Lo Barnechea,Lo Barnechea,LACTANCIA MATERNA EXCLUSIVA,112307,13115,12
2306,7,12,112307,A0200001,13,13115,24,17,20,Servicio de Salud Metropolitano Oriente,Centro de Salud Familiar Lo Barnechea,Lo Barnechea,MENORES CONTROLADOS,112307,13115,12
2307,6,12,112307,A0200002,13,13115,15,3,6,Servicio de Salud Metropolitano Oriente,Centro de Salud Familiar Lo Barnechea,Lo Barnechea,LACTANCIA MATERNA EXCLUSIVA,112307,13115,12
2308,6,12,112307,A0200001,13,13115,22,10,18,Servicio de Salud Metropolitano Oriente,Centro de Salud Familiar Lo Barnechea,Lo Barnechea,MENORES CONTROLADOS,112307,13115,12
2309,2,12,112312,A0200002,13,13118,6,4,7,Servicio de Salud Metropolitano Oriente,Centro de Salud Familiar Félix de Amesti,Macul,LACTANCIA MATERNA EXCLUSIVA,112312,13118,12
2310,2,12,112312,A0200001,13,13118,12,9,12,Servicio de Salud Metropolitano Oriente,Centro de Salud Familiar Félix de Amesti,Macul,MENORES CONTROLADOS,112312,13118,12
2311,5,12,112312,A0200002,13,13118,7,9,8,Servicio de Salud Metropolitano Oriente,Centro de Salud Familiar Félix de Amesti,Macul,LACTANCIA MATERNA EXCLUSIVA,112312,13118,12
2312,5,12,112312,A0200001,13,13118,13,12,11,Servicio de Salud Metropolitano Oriente,Centro de Salud Familiar Félix de Amesti,Macul,MENORES CONTROLADOS,112312,13118,12
2313,1,12,112312,A0200002,13,13118,5,4,4,Servicio de Salud Metropolitano Oriente,Centro de Salud Familiar Félix de Amesti,Macul,LACTANCIA MATERNA EXCLUSIVA,112312,13118,12
2314,1,12,112312,A0200001,13,13118,10,6,8,Servicio de Salud Metropolitano Oriente,Centro de Salud Familiar Félix de Amesti,Macul,MENORES CONTROLADOS,112312,13118,12
2315,7,12,112312,A0200002,13,13118,14,9,6,Servicio de Salud Metropolitano Oriente,Centro de Salud Familiar Félix de Amesti,Macul,LACTANCIA MATERNA EXCLUSIVA,112312,13118,12
2316,7,12,112312,A0200001,13,13118,19,16,11,Servicio de Salud Metropolitano Oriente,Centro de Salud Familiar Félix de Amesti,Macul,MENORES CONTROLADOS,112312,13118,12
2317,4,12,112312,A0200002,13,13118,6,8,3,Servicio de Salud Metropolitano Oriente,Centro de Salud Familiar Félix de Amesti,Macul,LACTANCIA MATERNA EXCLUSIVA,112312,13118,12
2318,4,12,112312,A0200001,13,13118,8,14,6,Servicio de Salud Metropolitano Oriente,Centro de Salud Familiar Félix de Amesti,Macul,MENORES CONTROLADOS,112312,13118,12
2319,3,12,112312,A0200002,13,13118,11,8,4,Servicio de Salud Metropolitano Oriente,Centro de Salud Familiar Félix de Amesti,Macul,LACTANCIA MATERNA EXCLUSIVA,112312,13118,12
2320,3,12,112312,A0200001,13,13118,13,14,7,Servicio de Salud Metropolitano Oriente,Centro de Salud Familiar Félix de Amesti,Macul,MENORES CONTROLADOS,112312,13118,12
2321,6,12,112312,A0200002,13,13118,13,5,3,Servicio de Salud Metropolitano Oriente,Centro de Salud Familiar Félix de Amesti,Macul,LACTANCIA MATERNA EXCLUSIVA,112312,13118,12
2322,6,12,112312,A0200001,13,13118,16,8,7,Servicio de Salud Metropolitano Oriente,Centro de Salud Familiar Félix de Amesti,Macul,MENORES CONTROLADOS,112312,13118,12
2323,8,12,112312,A0200002,13,13118,7,10,7,Servicio de Salud Metropolitano Oriente,Centro de Salud Familiar Félix de Amesti,Macul,LACTANCIA MATERNA EXCLUSIVA,112312,13118,12
2324,8,12,112312,A0200001,13,13118,14,13,12,Servicio de Salud Metropolitano Oriente,Centro de Salud Familiar Félix de Amesti,Macul,MENORES CONTROLADOS,112312,13118,12
2325,3,12,112319,A0200002,13,13118,3,3,7,Servicio de Salud Metropolitano Oriente,Centro de Salud Familiar Padre Alberto Hurtado,Macul,LACTANCIA MATERNA EXCLUSIVA,112319,13118,12
2326,4,12,112319,A0200002,13,13118,2,6,3,Servicio de Salud Metropolitano Oriente,Centro de Salud Familiar Padre Alberto Hurtado,Macul,LACTANCIA MATERNA EXCLUSIVA,112319,13118,12
2327,4,12,112319,A0200001,13,13118,3,10,5,Servicio de Salud Metropolitano Oriente,Centro de Salud Familiar Padre Alberto Hurtado,Macul,MENORES CONTROLADOS,112319,13118,12
2328,2,12,112319,A0200001,13,13118,17,13,10,Servicio de Salud Metropolitano Oriente,Centro de Salud Familiar Padre Alberto Hurtado,Macul,MENORES CONTROLADOS,112319,13118,12
2329,2,12,112319,A0200002,13,13118,13,5,6,Servicio de Salud Metropolitano Oriente,Centro de Salud Familiar Padre Alberto Hurtado,Macul,LACTANCIA MATERNA EXCLUSIVA,112319,13118,12
2330,1,12,112319,A0200002,13,13118,3,4,2,Servicio de Salud Metropolitano Oriente,Centro de Salud Familiar Padre Alberto Hurtado,Macul,LACTANCIA MATERNA EXCLUSIVA,112319,13118,12
2331,1,12,112319,A0200001,13,13118,4,5,3,Servicio de Salud Metropolitano Oriente,Centro de Salud Familiar Padre Alberto Hurtado,Macul,MENORES CONTROLADOS,112319,13118,12
2332,7,12,112319,A0200002,13,13118,3,11,7,Servicio de Salud Metropolitano Oriente,Centro de Salud Familiar Padre Alberto Hurtado,Macul,LACTANCIA MATERNA EXCLUSIVA,112319,13118,12
2333,7,12,112319,A0200001,13,13118,7,16,9,Servicio de Salud Metropolitano Oriente,Centro de Salud Familiar Padre Alberto Hurtado,Macul,MENORES CONTROLADOS,112319,13118,12
2334,3,12,112319,A0200001,13,13118,6,8,9,Servicio de Salud Metropolitano Oriente,Centro de Salud Familiar Padre Alberto Hurtado,Macul,MENORES CONTROLADOS,112319,13118,12
2335,6,12,112319,A0200002,13,13118,8,6,3,Servicio de Salud Metropolitano Oriente,Centro de Salud Familiar Padre Alberto Hurtado,Macul,LACTANCIA MATERNA EXCLUSIVA,112319,13118,12
2336,6,12,112319,A0200001,13,13118,11,9,6,Servicio de Salud Metropolitano Oriente,Centro de Salud Familiar Padre Alberto Hurtado,Macul,MENORES CONTROLADOS,112319,13118,12
2337,5,12,112319,A0200002,13,13118,7,7,3,Servicio de Salud Metropolitano Oriente,Centro de Salud Familiar Padre Alberto Hurtado,Macul,LACTANCIA MATERNA EXCLUSIVA,112319,13118,12
2338,5,12,112319,A0200001,13,13118,10,12,8,Servicio de Salud Metropolitano Oriente,Centro de Salud Familiar Padre Alberto Hurtado,Macul,MENORES CONTROLADOS,112319,13118,12
2339,8,12,112319,A0200002,13,13118,2,10,5,Servicio de Salud Metropolitano Oriente,Centro de Salud Familiar Padre Alberto Hurtado,Macul,LACTANCIA MATERNA EXCLUSIVA,112319,13118,12
2340,2,12,112313,A0200001,13,13118,21,9,13,Servicio de Salud Metropolitano Oriente,Centro de Salud Familiar Santa Julia,Macul,MENORES CONTROLADOS,112313,13118,12
2341,4,12,112313,A0200002,13,13118,11,5,9,Servicio de Salud Metropolitano Oriente,Centro de Salud Familiar Santa Julia,Macul,LACTANCIA MATERNA EXCLUSIVA,112313,13118,12
2342,4,12,112313,A0200001,13,13118,16,11,17,Servicio de Salud Metropolitano Oriente,Centro de Salud Familiar Santa Julia,Macul,MENORES CONTROLADOS,112313,13118,12
2343,1,12,112313,A0200001,13,13118,20,22,6,Servicio de Salud Metropolitano Oriente,Centro de Salud Familiar Santa Julia,Macul,MENORES CONTROLADOS,112313,13118,12
2344,1,12,112313,A0200002,13,13118,14,17,3,Servicio de Salud Metropolitano Oriente,Centro de Salud Familiar Santa Julia,Macul,LACTANCIA MATERNA EXCLUSIVA,112313,13118,12
2345,3,12,112313,A0200002,13,13118,8,8,6,Servicio de Salud Metropolitano Oriente,Centro de Salud Familiar Santa Julia,Macul,LACTANCIA MATERNA EXCLUSIVA,112313,13118,12
2346,3,12,112313,A0200001,13,13118,10,17,15,Servicio de Salud Metropolitano Oriente,Centro de Salud Familiar Santa Julia,Macul,MENORES CONTROLADOS,112313,13118,12
2347,2,12,112313,A0200002,13,13118,13,5,8,Servicio de Salud Metropolitano Oriente,Centro de Salud Familiar Santa Julia,Macul,LACTANCIA MATERNA EXCLUSIVA,112313,13118,12
2348,7,12,112313,A0200001,13,13118,12,14,17,Servicio de Salud Metropolitano Oriente,Centro de Salud Familiar Santa Julia,Macul,MENORES CONTROLADOS,112313,13118,12
2349,7,12,112313,A0200002,13,13118,7,8,8,Servicio de Salud Metropolitano Oriente,Centro de Salud Familiar Santa Julia,Macul,LACTANCIA MATERNA EXCLUSIVA,112313,13118,12
2350,5,12,112313,A0200002,13,13118,18,4,7,Servicio de Salud Metropolitano Oriente,Centro de Salud Familiar Santa Julia,Macul,LACTANCIA MATERNA EXCLUSIVA,112313,13118,12
2351,5,12,112313,A0200001,13,13118,24,9,13,Servicio de Salud Metropolitano Oriente,Centro de Salud Familiar Santa Julia,Macul,MENORES CONTROLADOS,112313,13118,12
2352,6,12,112313,A0200002,13,13118,11,8,3,Servicio de Salud Metropolitano Oriente,Centro de Salud Familiar Santa Julia,Macul,LACTANCIA MATERNA EXCLUSIVA,112313,13118,12
2353,6,12,112313,A0200001,13,13118,13,13,13,Servicio de Salud Metropolitano Oriente,Centro de Salud Familiar Santa Julia,Macul,MENORES CONTROLADOS,112313,13118,12
2354,8,12,112313,A0200002,13,13118,6,10,6,Servicio de Salud Metropolitano Oriente,Centro de Salud Familiar Santa Julia,Macul,LACTANCIA MATERNA EXCLUSIVA,112313,13118,12
2355,8,12,112313,A0200001,13,13118,10,13,12,Servicio de Salud Metropolitano Oriente,Centro de Salud Familiar Santa Julia,Macul,MENORES CONTROLADOS,112313,13118,12
2356,2,12,112311,A0200002,13,13120,9,7,12,Servicio de Salud Metropolitano Oriente,Centro de Salud Familiar Salvador Bustos,Ñuñoa,LACTANCIA MATERNA EXCLUSIVA,112311,13120,12
2357,2,12,112311,A0200001,13,13120,15,17,23,Servicio de Salud Metropolitano Oriente,Centro de Salud Familiar Salvador Bustos,Ñuñoa,MENORES CONTROLADOS,112311,13120,12
2358,2,12,200236,A0200002,13,13120,3,3,4,Servicio de Salud Metropolitano Oriente,Centro Comunitario de Salud Familiar Villa Olímpica,Ñuñoa,LACTANCIA MATERNA EXCLUSIVA,200236,13120,12
2359,2,12,200236,A0200001,13,13120,5,4,7,Servicio de Salud Metropolitano Oriente,Centro Comunitario de Salud Familiar Villa Olímpica,Ñuñoa,MENORES CONTROLADOS,200236,13120,12
2360,3,12,200236,A0200002,13,13120,2,4,1,Servicio de Salud Metropolitano Oriente,Centro Comunitario de Salud Familiar Villa Olímpica,Ñuñoa,LACTANCIA MATERNA EXCLUSIVA,200236,13120,12
2361,3,12,200236,A0200001,13,13120,2,5,4,Servicio de Salud Metropolitano Oriente,Centro Comunitario de Salud Familiar Villa Olímpica,Ñuñoa,MENORES CONTROLADOS,200236,13120,12
2362,1,12,200236,A0200002,13,13120,2,,3,Servicio de Salud Metropolitano Oriente,Centro Comunitario de Salud Familiar Villa Olímpica,Ñuñoa,LACTANCIA MATERNA EXCLUSIVA,200236,13120,12
2363,1,12,200236,A0200001,13,13120,4,1,3,Servicio de Salud Metropolitano Oriente,Centro Comunitario de Salud Familiar Villa Olímpica,Ñuñoa,MENORES CONTROLADOS,200236,13120,12
2364,5,12,112311,A0200002,13,13120,13,10,9,Servicio de Salud Metropolitano Oriente,Centro de Salud Familiar Salvador Bustos,Ñuñoa,LACTANCIA MATERNA EXCLUSIVA,112311,13120,12
2365,5,12,112311,A0200001,13,13120,20,15,15,Servicio de Salud Metropolitano Oriente,Centro de Salud Familiar Salvador Bustos,Ñuñoa,MENORES CONTROLADOS,112311,13120,12
2366,4,12,112311,A0200002,13,13120,11,13,12,Servicio de Salud Metropolitano Oriente,Centro de Salud Familiar Salvador Bustos,Ñuñoa,LACTANCIA MATERNA EXCLUSIVA,112311,13120,12
2367,4,12,112311,A0200001,13,13120,18,22,18,Servicio de Salud Metropolitano Oriente,Centro de Salud Familiar Salvador Bustos,Ñuñoa,MENORES CONTROLADOS,112311,13120,12
2368,1,12,112311,A0200002,13,13120,12,10,10,Servicio de Salud Metropolitano Oriente,Centro de Salud Familiar Salvador Bustos,Ñuñoa,LACTANCIA MATERNA EXCLUSIVA,112311,13120,12
2369,1,12,112311,A0200001,13,13120,17,13,26,Servicio de Salud Metropolitano Oriente,Centro de Salud Familiar Salvador Bustos,Ñuñoa,MENORES CONTROLADOS,112311,13120,12
2370,3,12,112311,A0200002,13,13120,12,12,10,Servicio de Salud Metropolitano Oriente,Centro de Salud Familiar Salvador Bustos,Ñuñoa,LACTANCIA MATERNA EXCLUSIVA,112311,13120,12
2371,3,12,112311,A0200001,13,13120,19,20,13,Servicio de Salud Metropolitano Oriente,Centro de Salud Familiar Salvador Bustos,Ñuñoa,MENORES CONTROLADOS,112311,13120,12
2372,5,12,200236,A0200002,13,13120,5,2,2,Servicio de Salud Metropolitano Oriente,Centro Comunitario de Salud Familiar Villa Olímpica,Ñuñoa,LACTANCIA MATERNA EXCLUSIVA,200236,13120,12
2373,5,12,200236,A0200001,13,13120,7,2,3,Servicio de Salud Metropolitano Oriente,Centro Comunitario de Salud Familiar Villa Olímpica,Ñuñoa,MENORES CONTROLADOS,200236,13120,12
2374,6,12,112311,A0200002,13,13120,12,10,18,Servicio de Salud Metropolitano Oriente,Centro de Salud Familiar Salvador Bustos,Ñuñoa,LACTANCIA MATERNA EXCLUSIVA,112311,13120,12
2375,6,12,112311,A0200001,13,13120,14,17,24,Servicio de Salud Metropolitano Oriente,Centro de Salud Familiar Salvador Bustos,Ñuñoa,MENORES CONTROLADOS,112311,13120,12
2376,8,12,200236,A0200002,13,13120,4,5,1,Servicio de Salud Metropolitano Oriente,Centro Comunitario de Salud Familiar Villa Olímpica,Ñuñoa,LACTANCIA MATERNA EXCLUSIVA,200236,13120,12
2377,8,12,200236,A0200001,13,13120,6,11,1,Servicio de Salud Metropolitano Oriente,Centro Comunitario de Salud Familiar Villa Olímpica,Ñuñoa,MENORES CONTROLADOS,200236,13120,12
2378,7,12,112311,A0200002,13,13120,5,13,11,Servicio de Salud Metropolitano Oriente,Centro de Salud Familiar Salvador Bustos,Ñuñoa,LACTANCIA MATERNA EXCLUSIVA,112311,13120,12
2379,7,12,112311,A0200001,13,13120,11,19,18,Servicio de Salud Metropolitano Oriente,Centro de Salud Familiar Salvador Bustos,Ñuñoa,MENORES CONTROLADOS,112311,13120,12
2380,7,12,200236,A0200002,13,13120,2,4,5,Servicio de Salud Metropolitano Oriente,Centro Comunitario de Salud Familiar Villa Olímpica,Ñuñoa,LACTANCIA MATERNA EXCLUSIVA,200236,13120,12
2381,7,12,200236,A0200001,13,13120,6,5,7,Servicio de Salud Metropolitano Oriente,Centro Comunitario de Salud Familiar Villa Olímpica,Ñuñoa,MENORES CONTROLADOS,200236,13120,12
2382,4,12,200236,A0200002,13,13120,2,3,1,Servicio de Salud Metropolitano Oriente,Centro Comunitario de Salud Familiar Villa Olímpica,Ñuñoa,LACTANCIA MATERNA EXCLUSIVA,200236,13120,12
2383,4,12,200236,A0200001,13,13120,3,4,4,Servicio de Salud Metropolitano Oriente,Centro Comunitario de Salud Familiar Villa Olímpica,Ñuñoa,MENORES CONTROLADOS,200236,13120,12
2384,6,12,200236,A0200001,13,13120,10,4,3,Servicio de Salud Metropolitano Oriente,Centro Comunitario de Salud Familiar Villa Olímpica,Ñuñoa,MENORES CONTROLADOS,200236,13120,12
2385,6,12,200236,A0200002,13,13120,7,2,2,Servicio de Salud Metropolitano Oriente,Centro Comunitario de Salud Familiar Villa Olímpica,Ñuñoa,LACTANCIA MATERNA EXCLUSIVA,200236,13120,12
2386,8,12,112311,A0200002,13,13120,14,11,12,Servicio de Salud Metropolitano Oriente,Centro de Salud Familiar Salvador Bustos,Ñuñoa,LACTANCIA MATERNA EXCLUSIVA,112311,13120,12
2387,8,12,112311,A0200001,13,13120,18,13,18,Servicio de Salud Metropolitano Oriente,Centro de Salud Familiar Salvador Bustos,Ñuñoa,MENORES CONTROLADOS,112311,13120,12
2388,2,12,112310,A0200001,13,13120,17,21,13,Servicio de Salud Metropolitano Oriente,Centro de Salud Familiar Rosita Renard,Ñuñoa,MENORES CONTROLADOS,112310,13120,12
2389,6,12,112310,A0200002,13,13120,15,14,9,Servicio de Salud Metropolitano Oriente,Centro de Salud Familiar Rosita Renard,Ñuñoa,LACTANCIA MATERNA EXCLUSIVA,112310,13120,12
2390,6,12,112310,A0200001,13,13120,21,21,10,Servicio de Salud Metropolitano Oriente,Centro de Salud Familiar Rosita Renard,Ñuñoa,MENORES CONTROLADOS,112310,13120,12
2391,1,12,112310,A0200002,13,13120,9,10,7,Servicio de Salud Metropolitano Oriente,Centro de Salud Familiar Rosita Renard,Ñuñoa,LACTANCIA MATERNA EXCLUSIVA,112310,13120,12
2392,1,12,112310,A0200001,13,13120,20,17,13,Servicio de Salud Metropolitano Oriente,Centro de Salud Familiar Rosita Renard,Ñuñoa,MENORES CONTROLADOS,112310,13120,12
2393,2,12,112310,A0200002,13,13120,11,10,8,Servicio de Salud Metropolitano Oriente,Centro de Salud Familiar Rosita Renard,Ñuñoa,LACTANCIA MATERNA EXCLUSIVA,112310,13120,12
2394,3,12,112310,A0200001,13,13120,19,26,16,Servicio de Salud Metropolitano Oriente,Centro de Salud Familiar Rosita Renard,Ñuñoa,MENORES CONTROLADOS,112310,13120,12
2395,3,12,112310,A0200002,13,13120,15,15,11,Servicio de Salud Metropolitano Oriente,Centro de Salud Familiar Rosita Renard,Ñuñoa,LACTANCIA MATERNA EXCLUSIVA,112310,13120,12
2396,4,12,112310,A0200002,13,13120,13,18,10,Servicio de Salud Metropolitano Oriente,Centro de Salud Familiar Rosita Renard,Ñuñoa,LACTANCIA MATERNA EXCLUSIVA,112310,13120,12
2397,4,12,112310,A0200001,13,13120,17,28,18,Servicio de Salud Metropolitano Oriente,Centro de Salud Familiar Rosita Renard,Ñuñoa,MENORES CONTROLADOS,112310,13120,12
2398,5,12,112310,A0200002,13,13120,13,11,15,Servicio de Salud Metropolitano Oriente,Centro de Salud Familiar Rosita Renard,Ñuñoa,LACTANCIA MATERNA EXCLUSIVA,112310,13120,12
2399,5,12,112310,A0200001,13,13120,15,17,26,Servicio de Salud Metropolitano Oriente,Centro de Salud Familiar Rosita Renard,Ñuñoa,MENORES CONTROLADOS,112310,13120,12
2400,7,12,112310,A0200002,13,13120,4,11,12,Servicio de Salud Metropolitano Oriente,Centro de Salud Familiar Rosita Renard,Ñuñoa,LACTANCIA MATERNA EXCLUSIVA,112310,13120,12
2401,7,12,112310,A0200001,13,13120,6,27,17,Servicio de Salud Metropolitano Oriente,Centro de Salud Familiar Rosita Renard,Ñuñoa,MENORES CONTROLADOS,112310,13120,12
2402,8,12,112310,A0200002,13,13120,10,8,7,Servicio de Salud Metropolitano Oriente,Centro de Salud Familiar Rosita Renard,Ñuñoa,LACTANCIA MATERNA EXCLUSIVA,112310,13120,12
2403,8,12,112310,A0200001,13,13120,20,16,11,Servicio de Salud Metropolitano Oriente,Centro de Salud Familiar Rosita Renard,Ñuñoa,MENORES CONTROLADOS,112310,13120,12
2404,4,12,112322,A0200002,13,13122,5,7,1,Servicio de Salud Metropolitano Oriente,Centro de Salud Familiar Padre Gerardo Whelan,Peñalolén,LACTANCIA MATERNA EXCLUSIVA,112322,13122,12
2405,4,12,112322,A0200001,13,13122,10,,11,Servicio de Salud Metropolitano Oriente,Centro de Salud Familiar Padre Gerardo Whelan,Peñalolén,MENORES CONTROLADOS,112322,13122,12
2406,5,12,112322,A0200002,13,13122,4,7,3,Servicio de Salud Metropolitano Oriente,Centro de Salud Familiar Padre Gerardo Whelan,Peñalolén,LACTANCIA MATERNA EXCLUSIVA,112322,13122,12
2407,5,12,112322,A0200001,13,13122,11,8,6,Servicio de Salud Metropolitano Oriente,Centro de Salud Familiar Padre Gerardo Whelan,Peñalolén,MENORES CONTROLADOS,112322,13122,12
2408,2,12,112322,A0200002,13,13122,11,1,3,Servicio de Salud Metropolitano Oriente,Centro de Salud Familiar Padre Gerardo Whelan,Peñalolén,LACTANCIA MATERNA EXCLUSIVA,112322,13122,12
2409,2,12,112322,A0200001,13,13122,15,7,6,Servicio de Salud Metropolitano Oriente,Centro de Salud Familiar Padre Gerardo Whelan,Peñalolén,MENORES CONTROLADOS,112322,13122,12
2410,1,12,112322,A0200002,13,13122,6,4,4,Servicio de Salud Metropolitano Oriente,Centro de Salud Familiar Padre Gerardo Whelan,Peñalolén,LACTANCIA MATERNA EXCLUSIVA,112322,13122,12
2411,1,12,112322,A0200001,13,13122,11,12,9,Servicio de Salud Metropolitano Oriente,Centro de Salud Familiar Padre Gerardo Whelan,Peñalolén,MENORES CONTROLADOS,112322,13122,12
2412,3,12,112322,A0200002,13,13122,4,4,3,Servicio de Salud Metropolitano Oriente,Centro de Salud Familiar Padre Gerardo Whelan,Peñalolén,LACTANCIA MATERNA EXCLUSIVA,112322,13122,12
2413,3,12,112322,A0200001,13,13122,5,8,4,Servicio de Salud Metropolitano Oriente,Centro de Salud Familiar Padre Gerardo Whelan,Peñalolén,MENORES CONTROLADOS,112322,13122,12
2414,6,12,112322,A0200002,13,13122,15,5,6,Servicio de Salud Metropolitano Oriente,Centro de Salud Familiar Padre Gerardo Whelan,Peñalolén,LACTANCIA MATERNA EXCLUSIVA,112322,13122,12
2415,6,12,112322,A0200001,13,13122,26,11,14,Servicio de Salud Metropolitano Oriente,Centro de Salud Familiar Padre Gerardo Whelan,Peñalolén,MENORES CONTROLADOS,112322,13122,12
2416,7,12,112322,A0200002,13,13122,10,5,6,Servicio de Salud Metropolitano Oriente,Centro de Salud Familiar Padre Gerardo Whelan,Peñalolén,LACTANCIA MATERNA EXCLUSIVA,112322,13122,12
2417,7,12,112322,A0200001,13,13122,13,15,9,Servicio de Salud Metropolitano Oriente,Centro de Salud Familiar Padre Gerardo Whelan,Peñalolén,MENORES CONTROLADOS,112322,13122,12
2418,8,12,112322,A0200002,13,13122,4,7,7,Servicio de Salud Metropolitano Oriente,Centro de Salud Familiar Padre Gerardo Whelan,Peñalolén,LACTANCIA MATERNA EXCLUSIVA,112322,13122,12
2419,8,12,112322,A0200001,13,13122,5,19,11,Servicio de Salud Metropolitano Oriente,Centro de Salud Familiar Padre Gerardo Whelan,Peñalolén,MENORES CONTROLADOS,112322,13122,12
2420,5,12,112316,A0200002,13,13122,10,12,6,Servicio de Salud Metropolitano Oriente,Centro de Salud Familiar Carol Urzúa Ibáñez,Peñalolén,LACTANCIA MATERNA EXCLUSIVA,112316,13122,12
2421,5,12,112316,A0200001,13,13122,13,21,7,Servicio de Salud Metropolitano Oriente,Centro de Salud Familiar Carol Urzúa Ibáñez,Peñalolén,MENORES CONTROLADOS,112316,13122,12
2422,1,12,112316,A0200001,13,13122,14,10,13,Servicio de Salud Metropolitano Oriente,Centro de Salud Familiar Carol Urzúa Ibáñez,Peñalolén,MENORES CONTROLADOS,112316,13122,12
2423,1,12,112316,A0200002,13,13122,8,6,8,Servicio de Salud Metropolitano Oriente,Centro de Salud Familiar Carol Urzúa Ibáñez,Peñalolén,LACTANCIA MATERNA EXCLUSIVA,112316,13122,12
2424,7,12,112316,A0200002,13,13122,14,14,10,Servicio de Salud Metropolitano Oriente,Centro de Salud Familiar Carol Urzúa Ibáñez,Peñalolén,LACTANCIA MATERNA EXCLUSIVA,112316,13122,12
2425,7,12,112316,A0200001,13,13122,17,20,17,Servicio de Salud Metropolitano Oriente,Centro de Salud Familiar Carol Urzúa Ibáñez,Peñalolén,MENORES CONTROLADOS,112316,13122,12
2426,3,12,112316,A0200002,13,13122,18,12,7,Servicio de Salud Metropolitano Oriente,Centro de Salud Familiar Carol Urzúa Ibáñez,Peñalolén,LACTANCIA MATERNA EXCLUSIVA,112316,13122,12
2427,3,12,112316,A0200001,13,13122,20,16,12,Servicio de Salud Metropolitano Oriente,Centro de Salud Familiar Carol Urzúa Ibáñez,Peñalolén,MENORES CONTROLADOS,112316,13122,12
2428,4,12,112316,A0200002,13,13122,14,9,5,Servicio de Salud Metropolitano Oriente,Centro de Salud Familiar Carol Urzúa Ibáñez,Peñalolén,LACTANCIA MATERNA EXCLUSIVA,112316,13122,12
2429,4,12,112316,A0200001,13,13122,22,15,8,Servicio de Salud Metropolitano Oriente,Centro de Salud Familiar Carol Urzúa Ibáñez,Peñalolén,MENORES CONTROLADOS,112316,13122,12
2430,2,12,112316,A0200002,13,13122,11,6,8,Servicio de Salud Metropolitano Oriente,Centro de Salud Familiar Carol Urzúa Ibáñez,Peñalolén,LACTANCIA MATERNA EXCLUSIVA,112316,13122,12
2431,2,12,112316,A0200001,13,13122,13,7,12,Servicio de Salud Metropolitano Oriente,Centro de Salud Familiar Carol Urzúa Ibáñez,Peñalolén,MENORES CONTROLADOS,112316,13122,12
2432,6,12,112316,A0200002,13,13122,15,8,6,Servicio de Salud Metropolitano Oriente,Centro de Salud Familiar Carol Urzúa Ibáñez,Peñalolén,LACTANCIA MATERNA EXCLUSIVA,112316,13122,12
2433,6,12,112316,A0200001,13,13122,21,13,10,Servicio de Salud Metropolitano Oriente,Centro de Salud Familiar Carol Urzúa Ibáñez,Peñalolén,MENORES CONTROLADOS,112316,13122,12
2434,8,12,112316,A0200002,13,13122,3,7,4,Servicio de Salud Metropolitano Oriente,Centro de Salud Familiar Carol Urzúa Ibáñez,Peñalolén,LACTANCIA MATERNA EXCLUSIVA,112316,13122,12
2435,8,12,112316,A0200001,13,13122,9,18,13,Servicio de Salud Metropolitano Oriente,Centro de Salud Familiar Carol Urzúa Ibáñez,Peñalolén,MENORES CONTROLADOS,112316,13122,12
2436,1,12,112315,A0200001,13,13122,13,5,11,Servicio de Salud Metropolitano Oriente,Centro de Salud Familiar San Luis,Peñalolén,MENORES CONTROLADOS,112315,13122,12
2437,4,12,112314,A0200001,13,13122,17,13,18,Servicio de Salud Metropolitano Oriente,Centro de Salud Familiar La Faena,Peñalolén,MENORES CONTROLADOS,112314,13122,12
2438,2,12,112315,A0200002,13,13122,7,3,8,Servicio de Salud Metropolitano Oriente,Centro de Salud Familiar San Luis,Peñalolén,LACTANCIA MATERNA EXCLUSIVA,112315,13122,12
2439,2,12,112315,A0200001,13,13122,13,8,21,Servicio de Salud Metropolitano Oriente,Centro de Salud Familiar San Luis,Peñalolén,MENORES CONTROLADOS,112315,13122,12
2440,2,12,112314,A0200002,13,13122,5,9,7,Servicio de Salud Metropolitano Oriente,Centro de Salud Familiar La Faena,Peñalolén,LACTANCIA MATERNA EXCLUSIVA,112314,13122,12
2441,2,12,201112,A0200002,13,13122,10,9,8,Servicio de Salud Metropolitano Oriente,Centro de Salud Familiar Las Torres,Peñalolén,LACTANCIA MATERNA EXCLUSIVA,201112,13122,12
2442,7,12,112315,A0200002,13,13122,9,5,8,Servicio de Salud Metropolitano Oriente,Centro de Salud Familiar San Luis,Peñalolén,LACTANCIA MATERNA EXCLUSIVA,112315,13122,12
2443,7,12,112315,A0200001,13,13122,11,10,16,Servicio de Salud Metropolitano Oriente,Centro de Salud Familiar San Luis,Peñalolén,MENORES CONTROLADOS,112315,13122,12
2444,1,12,112314,A0200002,13,13122,1,7,8,Servicio de Salud Metropolitano Oriente,Centro de Salud Familiar La Faena,Peñalolén,LACTANCIA MATERNA EXCLUSIVA,112314,13122,12
2445,1,12,112314,A0200001,13,13122,4,12,13,Servicio de Salud Metropolitano Oriente,Centro de Salud Familiar La Faena,Peñalolén,MENORES CONTROLADOS,112314,13122,12
2446,2,12,201112,A0200001,13,13122,19,10,19,Servicio de Salud Metropolitano Oriente,Centro de Salud Familiar Las Torres,Peñalolén,MENORES CONTROLADOS,201112,13122,12
2447,7,12,112314,A0200002,13,13122,5,9,9,Servicio de Salud Metropolitano Oriente,Centro de Salud Familiar La Faena,Peñalolén,LACTANCIA MATERNA EXCLUSIVA,112314,13122,12
2448,7,12,112314,A0200001,13,13122,9,12,15,Servicio de Salud Metropolitano Oriente,Centro de Salud Familiar La Faena,Peñalolén,MENORES CONTROLADOS,112314,13122,12
2449,2,12,112314,A0200001,13,13122,9,12,15,Servicio de Salud Metropolitano Oriente,Centro de Salud Familiar La Faena,Peñalolén,MENORES CONTROLADOS,112314,13122,12
2450,3,12,112314,A0200002,13,13122,8,5,8,Servicio de Salud Metropolitano Oriente,Centro de Salud Familiar La Faena,Peñalolén,LACTANCIA MATERNA EXCLUSIVA,112314,13122,12
2451,3,12,112314,A0200001,13,13122,13,10,13,Servicio de Salud Metropolitano Oriente,Centro de Salud Familiar La Faena,Peñalolén,MENORES CONTROLADOS,112314,13122,12
2452,1,12,201112,A0200001,13,13122,12,5,8,Servicio de Salud Metropolitano Oriente,Centro de Salud Familiar Las Torres,Peñalolén,MENORES CONTROLADOS,201112,13122,12
2453,1,12,201112,A0200002,13,13122,5,2,5,Servicio de Salud Metropolitano Oriente,Centro de Salud Familiar Las Torres,Peñalolén,LACTANCIA MATERNA EXCLUSIVA,201112,13122,12
2454,4,12,112314,A0200002,13,13122,14,11,11,Servicio de Salud Metropolitano Oriente,Centro de Salud Familiar La Faena,Peñalolén,LACTANCIA MATERNA EXCLUSIVA,112314,13122,12
2455,1,12,112315,A0200002,13,13122,7,1,6,Servicio de Salud Metropolitano Oriente,Centro de Salud Familiar San Luis,Peñalolén,LACTANCIA MATERNA EXCLUSIVA,112315,13122,12
2456,7,12,201112,A0200002,13,13122,9,0,11,Servicio de Salud Metropolitano Oriente,Centro de Salud Familiar Las Torres,Peñalolén,LACTANCIA MATERNA EXCLUSIVA,201112,13122,12
2457,7,12,201112,A0200001,13,13122,16,2,16,Servicio de Salud Metropolitano Oriente,Centro de Salud Familiar Las Torres,Peñalolén,MENORES CONTROLADOS,201112,13122,12
2458,4,12,201112,A0200002,13,13122,7,1,6,Servicio de Salud Metropolitano Oriente,Centro de Salud Familiar Las Torres,Peñalolén,LACTANCIA MATERNA EXCLUSIVA,201112,13122,12
2459,4,12,201112,A0200001,13,13122,17,3,10,Servicio de Salud Metropolitano Oriente,Centro de Salud Familiar Las Torres,Peñalolén,MENORES CONTROLADOS,201112,13122,12
2460,5,12,201112,A0200002,13,13122,6,3,9,Servicio de Salud Metropolitano Oriente,Centro de Salud Familiar Las Torres,Peñalolén,LACTANCIA MATERNA EXCLUSIVA,201112,13122,12
2461,5,12,201112,A0200001,13,13122,8,4,12,Servicio de Salud Metropolitano Oriente,Centro de Salud Familiar Las Torres,Peñalolén,MENORES CONTROLADOS,201112,13122,12
2462,5,12,112315,A0200002,13,13122,6,2,5,Servicio de Salud Metropolitano Oriente,Centro de Salud Familiar San Luis,Peñalolén,LACTANCIA MATERNA EXCLUSIVA,112315,13122,12
2463,5,12,112315,A0200001,13,13122,11,9,9,Servicio de Salud Metropolitano Oriente,Centro de Salud Familiar San Luis,Peñalolén,MENORES CONTROLADOS,112315,13122,12
2464,3,12,112315,A0200001,13,13122,8,12,10,Servicio de Salud Metropolitano Oriente,Centro de Salud Familiar San Luis,Peñalolén,MENORES CONTROLADOS,112315,13122,12
2465,3,12,112315,A0200002,13,13122,4,8,6,Servicio de Salud Metropolitano Oriente,Centro de Salud Familiar San Luis,Peñalolén,LACTANCIA MATERNA EXCLUSIVA,112315,13122,12
2466,5,12,112314,A0200001,13,13122,6,14,11,Servicio de Salud Metropolitano Oriente,Centro de Salud Familiar La Faena,Peñalolén,MENORES CONTROLADOS,112314,13122,12
2467,5,12,112314,A0200002,13,13122,2,9,7,Servicio de Salud Metropolitano Oriente,Centro de Salud Familiar La Faena,Peñalolén,LACTANCIA MATERNA EXCLUSIVA,112314,13122,12
2468,6,12,201112,A0200001,13,13122,9,7,5,Servicio de Salud Metropolitano Oriente,Centro de Salud Familiar Las Torres,Peñalolén,MENORES CONTROLADOS,201112,13122,12
2469,6,12,201112,A0200002,13,13122,4,2,3,Servicio de Salud Metropolitano Oriente,Centro de Salud Familiar Las Torres,Peñalolén,LACTANCIA MATERNA EXCLUSIVA,201112,13122,12
2470,8,12,112315,A0200002,13,13122,5,6,3,Servicio de Salud Metropolitano Oriente,Centro de Salud Familiar San Luis,Peñalolén,LACTANCIA MATERNA EXCLUSIVA,112315,13122,12
2471,8,12,112315,A0200001,13,13122,9,9,9,Servicio de Salud Metropolitano Oriente,Centro de Salud Familiar San Luis,Peñalolén,MENORES CONTROLADOS,112315,13122,12
2472,8,12,201112,A0200002,13,13122,7,1,7,Servicio de Salud Metropolitano Oriente,Centro de Salud Familiar Las Torres,Peñalolén,LACTANCIA MATERNA EXCLUSIVA,201112,13122,12
2473,8,12,201112,A0200001,13,13122,11,3,10,Servicio de Salud Metropolitano Oriente,Centro de Salud Familiar Las Torres,Peñalolén,MENORES CONTROLADOS,201112,13122,12
2474,4,12,112315,A0200002,13,13122,7,7,2,Servicio de Salud Metropolitano Oriente,Centro de Salud Familiar San Luis,Peñalolén,LACTANCIA MATERNA EXCLUSIVA,112315,13122,12
2475,4,12,112315,A0200001,13,13122,14,14,4,Servicio de Salud Metropolitano Oriente,Centro de Salud Familiar San Luis,Peñalolén,MENORES CONTROLADOS,112315,13122,12
2476,3,12,201112,A0200002,13,13122,12,2,6,Servicio de Salud Metropolitano Oriente,Centro de Salud Familiar Las Torres,Peñalolén,LACTANCIA MATERNA EXCLUSIVA,201112,13122,12
2477,3,12,201112,A0200001,13,13122,18,4,11,Servicio de Salud Metropolitano Oriente,Centro de Salud Familiar Las Torres,Peñalolén,MENORES CONTROLADOS,201112,13122,12
2478,6,12,112314,A0200002,13,13122,9,13,7,Servicio de Salud Metropolitano Oriente,Centro de Salud Familiar La Faena,Peñalolén,LACTANCIA MATERNA EXCLUSIVA,112314,13122,12
2479,6,12,112314,A0200001,13,13122,13,19,10,Servicio de Salud Metropolitano Oriente,Centro de Salud Familiar La Faena,Peñalolén,MENORES CONTROLADOS,112314,13122,12
2480,6,12,112315,A0200002,13,13122,6,9,7,Servicio de Salud Metropolitano Oriente,Centro de Salud Familiar San Luis,Peñalolén,LACTANCIA MATERNA EXCLUSIVA,112315,13122,12
2481,6,12,112315,A0200001,13,13122,11,14,12,Servicio de Salud Metropolitano Oriente,Centro de Salud Familiar San Luis,Peñalolén,MENORES CONTROLADOS,112315,13122,12
2482,8,12,112314,A0200002,13,13122,5,6,8,Servicio de Salud Metropolitano Oriente,Centro de Salud Familiar La Faena,Peñalolén,LACTANCIA MATERNA EXCLUSIVA,112314,13122,12
2483,8,12,112314,A0200001,13,13122,10,10,13,Servicio de Salud Metropolitano Oriente,Centro de Salud Familiar La Faena,Peñalolén,MENORES CONTROLADOS,112314,13122,12
2484,7,12,112716,A0200001,13,13122,,,,Servicio de Salud Metropolitano Oriente,Centro Comunitario de Salud Familiar Esperanza Andina,Peñalolén,MENORES CONTROLADOS,112716,13122,12
2485,2,12,112716,A0200001,13,13122,,,1,Servicio de Salud Metropolitano Oriente,Centro Comunitario de Salud Familiar Esperanza Andina,Peñalolén,MENORES CONTROLADOS,112716,13122,12
2486,4,12,112716,A0200002,13,13122,,,1,Servicio de Salud Metropolitano Oriente,Centro Comunitario de Salud Familiar Esperanza Andina,Peñalolén,LACTANCIA MATERNA EXCLUSIVA,112716,13122,12
2487,4,12,112716,A0200001,13,13122,,,2,Servicio de Salud Metropolitano Oriente,Centro Comunitario de Salud Familiar Esperanza Andina,Peñalolén,MENORES CONTROLADOS,112716,13122,12
2488,1,12,112716,A0200001,13,13122,,,,Servicio de Salud Metropolitano Oriente,Centro Comunitario de Salud Familiar Esperanza Andina,Peñalolén,MENORES CONTROLADOS,112716,13122,12
2489,8,12,112716,A0200002,13,13122,,,,Servicio de Salud Metropolitano Oriente,Centro Comunitario de Salud Familiar Esperanza Andina,Peñalolén,LACTANCIA MATERNA EXCLUSIVA,112716,13122,12
2490,8,12,112716,A0200001,13,13122,,,,Servicio de Salud Metropolitano Oriente,Centro Comunitario de Salud Familiar Esperanza Andina,Peñalolén,MENORES CONTROLADOS,112716,13122,12
2491,5,12,112716,A0200002,13,13122,,,,Servicio de Salud Metropolitano Oriente,Centro Comunitario de Salud Familiar Esperanza Andina,Peñalolén,LACTANCIA MATERNA EXCLUSIVA,112716,13122,12
2492,5,12,112716,A0200001,13,13122,,,,Servicio de Salud Metropolitano Oriente,Centro Comunitario de Salud Familiar Esperanza Andina,Peñalolén,MENORES CONTROLADOS,112716,13122,12
2493,1,12,112318,A0200001,13,13122,16,16,11,Servicio de Salud Metropolitano Oriente,Centro de Salud Familiar Lo Hermida,Peñalolén,MENORES CONTROLADOS,112318,13122,12
2494,1,12,112318,A0200002,13,13122,10,10,6,Servicio de Salud Metropolitano Oriente,Centro de Salud Familiar Lo Hermida,Peñalolén,LACTANCIA MATERNA EXCLUSIVA,112318,13122,12
2495,2,12,112318,A0200001,13,13122,21,15,4,Servicio de Salud Metropolitano Oriente,Centro de Salud Familiar Lo Hermida,Peñalolén,MENORES CONTROLADOS,112318,13122,12
2496,2,12,112318,A0200002,13,13122,15,12,2,Servicio de Salud Metropolitano Oriente,Centro de Salud Familiar Lo Hermida,Peñalolén,LACTANCIA MATERNA EXCLUSIVA,112318,13122,12
2497,3,12,112321,A0200002,13,13122,5,1,10,Servicio de Salud Metropolitano Oriente,Centro de Salud Familiar Cardenal Silva Henríquez,Peñalolén,LACTANCIA MATERNA EXCLUSIVA,112321,13122,12
2498,3,12,112321,A0200001,13,13122,5,2,15,Servicio de Salud Metropolitano Oriente,Centro de Salud Familiar Cardenal Silva Henríquez,Peñalolén,MENORES CONTROLADOS,112321,13122,12
2499,4,12,112318,A0200002,13,13122,10,16,7,Servicio de Salud Metropolitano Oriente,Centro de Salud Familiar Lo Hermida,Peñalolén,LACTANCIA MATERNA EXCLUSIVA,112318,13122,12
2500,4,12,112318,A0200001,13,13122,20,27,15,Servicio de Salud Metropolitano Oriente,Centro de Salud Familiar Lo Hermida,Peñalolén,MENORES CONTROLADOS,112318,13122,12
2501,3,12,112318,A0200002,13,13122,9,7,5,Servicio de Salud Metropolitano Oriente,Centro de Salud Familiar Lo Hermida,Peñalolén,LACTANCIA MATERNA EXCLUSIVA,112318,13122,12
2502,2,12,112321,A0200001,13,13122,6,8,12,Servicio de Salud Metropolitano Oriente,Centro de Salud Familiar Cardenal Silva Henríquez,Peñalolén,MENORES CONTROLADOS,112321,13122,12
2503,1,12,112321,A0200002,13,13122,3,7,9,Servicio de Salud Metropolitano Oriente,Centro de Salud Familiar Cardenal Silva Henríquez,Peñalolén,LACTANCIA MATERNA EXCLUSIVA,112321,13122,12
2504,1,12,112321,A0200001,13,13122,5,14,11,Servicio de Salud Metropolitano Oriente,Centro de Salud Familiar Cardenal Silva Henríquez,Peñalolén,MENORES CONTROLADOS,112321,13122,12
2505,2,12,112321,A0200002,13,13122,5,5,8,Servicio de Salud Metropolitano Oriente,Centro de Salud Familiar Cardenal Silva Henríquez,Peñalolén,LACTANCIA MATERNA EXCLUSIVA,112321,13122,12
2506,8,12,112318,A0200002,13,13122,6,5,9,Servicio de Salud Metropolitano Oriente,Centro de Salud Familiar Lo Hermida,Peñalolén,LACTANCIA MATERNA EXCLUSIVA,112318,13122,12
2507,8,12,112321,A0200002,13,13122,2,5,8,Servicio de Salud Metropolitano Oriente,Centro de Salud Familiar Cardenal Silva Henríquez,Peñalolén,LACTANCIA MATERNA EXCLUSIVA,112321,13122,12
2508,8,12,112321,A0200001,13,13122,4,11,9,Servicio de Salud Metropolitano Oriente,Centro de Salud Familiar Cardenal Silva Henríquez,Peñalolén,MENORES CONTROLADOS,112321,13122,12
2509,6,12,112318,A0200001,13,13122,14,18,16,Servicio de Salud Metropolitano Oriente,Centro de Salud Familiar Lo Hermida,Peñalolén,MENORES CONTROLADOS,112318,13122,12
2510,5,12,112321,A0200002,13,13122,2,3,8,Servicio de Salud Metropolitano Oriente,Centro de Salud Familiar Cardenal Silva Henríquez,Peñalolén,LACTANCIA MATERNA EXCLUSIVA,112321,13122,12
2511,5,12,112321,A0200001,13,13122,6,3,10,Servicio de Salud Metropolitano Oriente,Centro de Salud Familiar Cardenal Silva Henríquez,Peñalolén,MENORES CONTROLADOS,112321,13122,12
2512,6,12,112318,A0200002,13,13122,7,13,9,Servicio de Salud Metropolitano Oriente,Centro de Salud Familiar Lo Hermida,Peñalolén,LACTANCIA MATERNA EXCLUSIVA,112318,13122,12
2513,3,12,112318,A0200001,13,13122,16,14,8,Servicio de Salud Metropolitano Oriente,Centro de Salud Familiar Lo Hermida,Peñalolén,MENORES CONTROLADOS,112318,13122,12
2514,5,12,112318,A0200002,13,13122,13,11,14,Servicio de Salud Metropolitano Oriente,Centro de Salud Familiar Lo Hermida,Peñalolén,LACTANCIA MATERNA EXCLUSIVA,112318,13122,12
2515,5,12,112318,A0200001,13,13122,18,15,18,Servicio de Salud Metropolitano Oriente,Centro de Salud Familiar Lo Hermida,Peñalolén,MENORES CONTROLADOS,112318,13122,12
2516,8,12,112318,A0200001,13,13122,10,11,13,Servicio de Salud Metropolitano Oriente,Centro de Salud Familiar Lo Hermida,Peñalolén,MENORES CONTROLADOS,112318,13122,12
2517,6,12,112321,A0200002,13,13122,8,3,7,Servicio de Salud Metropolitano Oriente,Centro de Salud Familiar Cardenal Silva Henríquez,Peñalolén,LACTANCIA MATERNA EXCLUSIVA,112321,13122,12
2518,6,12,112321,A0200001,13,13122,11,7,11,Servicio de Salud Metropolitano Oriente,Centro de Salud Familiar Cardenal Silva Henríquez,Peñalolén,MENORES CONTROLADOS,112321,13122,12
2519,4,12,112321,A0200002,13,13122,5,6,7,Servicio de Salud Metropolitano Oriente,Centro de Salud Familiar Cardenal Silva Henríquez,Peñalolén,LACTANCIA MATERNA EXCLUSIVA,112321,13122,12
2520,4,12,112321,A0200001,13,13122,8,10,10,Servicio de Salud Metropolitano Oriente,Centro de Salud Familiar Cardenal Silva Henríquez,Peñalolén,MENORES CONTROLADOS,112321,13122,12
2521,7,12,112318,A0200002,13,13122,19,8,10,Servicio de Salud Metropolitano Oriente,Centro de Salud Familiar Lo Hermida,Peñalolén,LACTANCIA MATERNA EXCLUSIVA,112318,13122,12
2522,7,12,112318,A0200001,13,13122,28,13,23,Servicio de Salud Metropolitano Oriente,Centro de Salud Familiar Lo Hermida,Peñalolén,MENORES CONTROLADOS,112318,13122,12
2523,7,12,112321,A0200002,13,13122,2,5,4,Servicio de Salud Metropolitano Oriente,Centro de Salud Familiar Cardenal Silva Henríquez,Peñalolén,LACTANCIA MATERNA EXCLUSIVA,112321,13122,12
2524,7,12,112321,A0200001,13,13122,5,10,6,Servicio de Salud Metropolitano Oriente,Centro de Salud Familiar Cardenal Silva Henríquez,Peñalolén,MENORES CONTROLADOS,112321,13122,12
2525,3,12,112302,A0200001,13,13123,5,5,3,Servicio de Salud Metropolitano Oriente,Centro de Salud Familiar Dr. Alfonso Leng,Providencia,MENORES CONTROLADOS,112302,13123,12
2526,3,12,112302,A0200002,13,13123,2,3,2,Servicio de Salud Metropolitano Oriente,Centro de Salud Familiar Dr. Alfonso Leng,Providencia,LACTANCIA MATERNA EXCLUSIVA,112302,13123,12
2527,1,12,200265,A0200002,13,13123,,,2,Servicio de Salud Metropolitano Oriente,Centro Comunitario de Salud Familiar Andacollo,Providencia,LACTANCIA MATERNA EXCLUSIVA,200265,13123,12
2528,1,12,200265,A0200001,13,13123,,,2,Servicio de Salud Metropolitano Oriente,Centro Comunitario de Salud Familiar Andacollo,Providencia,MENORES CONTROLADOS,200265,13123,12
2529,2,12,112302,A0200001,13,13123,6,2,2,Servicio de Salud Metropolitano Oriente,Centro de Salud Familiar Dr. Alfonso Leng,Providencia,MENORES CONTROLADOS,112302,13123,12
2530,2,12,112302,A0200002,13,13123,3,2,1,Servicio de Salud Metropolitano Oriente,Centro de Salud Familiar Dr. Alfonso Leng,Providencia,LACTANCIA MATERNA EXCLUSIVA,112302,13123,12
2531,3,12,200265,A0200001,13,13123,,,,Servicio de Salud Metropolitano Oriente,Centro Comunitario de Salud Familiar Andacollo,Providencia,MENORES CONTROLADOS,200265,13123,12
2532,8,12,112302,A0200002,13,13123,0,0,0,Servicio de Salud Metropolitano Oriente,Centro de Salud Familiar Dr. Alfonso Leng,Providencia,LACTANCIA MATERNA EXCLUSIVA,112302,13123,12
2533,6,12,200265,A0200001,13,13123,,,,Servicio de Salud Metropolitano Oriente,Centro Comunitario de Salud Familiar Andacollo,Providencia,MENORES CONTROLADOS,200265,13123,12
2534,1,12,112302,A0200002,13,13123,3,3,1,Servicio de Salud Metropolitano Oriente,Centro de Salud Familiar Dr. Alfonso Leng,Providencia,LACTANCIA MATERNA EXCLUSIVA,112302,13123,12
2535,1,12,112302,A0200001,13,13123,4,3,2,Servicio de Salud Metropolitano Oriente,Centro de Salud Familiar Dr. Alfonso Leng,Providencia,MENORES CONTROLADOS,112302,13123,12
2536,4,12,112302,A0200002,13,13123,1,2,2,Servicio de Salud Metropolitano Oriente,Centro de Salud Familiar Dr. Alfonso Leng,Providencia,LACTANCIA MATERNA EXCLUSIVA,112302,13123,12
2537,4,12,112302,A0200001,13,13123,3,5,3,Servicio de Salud Metropolitano Oriente,Centro de Salud Familiar Dr. Alfonso Leng,Providencia,MENORES CONTROLADOS,112302,13123,12
2538,8,12,200265,A0200001,13,13123,,,,Servicio de Salud Metropolitano Oriente,Centro Comunitario de Salud Familiar Andacollo,Providencia,MENORES CONTROLADOS,200265,13123,12
2539,7,12,112302,A0200002,13,13123,5,3,3,Servicio de Salud Metropolitano Oriente,Centro de Salud Familiar Dr. Alfonso Leng,Providencia,LACTANCIA MATERNA EXCLUSIVA,112302,13123,12
2540,7,12,112302,A0200001,13,13123,6,4,4,Servicio de Salud Metropolitano Oriente,Centro de Salud Familiar Dr. Alfonso Leng,Providencia,MENORES CONTROLADOS,112302,13123,12
2541,4,12,200265,A0200001,13,13123,,,,Servicio de Salud Metropolitano Oriente,Centro Comunitario de Salud Familiar Andacollo,Providencia,MENORES CONTROLADOS,200265,13123,12
2542,6,12,112302,A0200002,13,13123,2,3,1,Servicio de Salud Metropolitano Oriente,Centro de Salud Familiar Dr. Alfonso Leng,Providencia,LACTANCIA MATERNA EXCLUSIVA,112302,13123,12
2543,6,12,112302,A0200001,13,13123,3,3,1,Servicio de Salud Metropolitano Oriente,Centro de Salud Familiar Dr. Alfonso Leng,Providencia,MENORES CONTROLADOS,112302,13123,12
2544,5,12,112302,A0200002,13,13123,3,3,3,Servicio de Salud Metropolitano Oriente,Centro de Salud Familiar Dr. Alfonso Leng,Providencia,LACTANCIA MATERNA EXCLUSIVA,112302,13123,12
2545,5,12,112302,A0200001,13,13123,6,4,3,Servicio de Salud Metropolitano Oriente,Centro de Salud Familiar Dr. Alfonso Leng,Providencia,MENORES CONTROLADOS,112302,13123,12
2546,6,12,112303,A0200002,13,13123,1,3,2,Servicio de Salud Metropolitano Oriente,Centro de Salud Familiar Aguilucho,Providencia,LACTANCIA MATERNA EXCLUSIVA,112303,13123,12
2547,6,12,112303,A0200001,13,13123,1,3,3,Servicio de Salud Metropolitano Oriente,Centro de Salud Familiar Aguilucho,Providencia,MENORES CONTROLADOS,112303,13123,12
2548,5,12,112301,A0200001,13,13123,5,5,3,Servicio de Salud Metropolitano Oriente,Centro de Salud Familiar Dr. Hernán Alessandri,Providencia,MENORES CONTROLADOS,112301,13123,12
2549,4,12,112303,A0200001,13,13123,4,2,3,Servicio de Salud Metropolitano Oriente,Centro de Salud Familiar Aguilucho,Providencia,MENORES CONTROLADOS,112303,13123,12
2550,6,12,112301,A0200002,13,13123,5,0,3,Servicio de Salud Metropolitano Oriente,Centro de Salud Familiar Dr. Hernán Alessandri,Providencia,LACTANCIA MATERNA EXCLUSIVA,112301,13123,12
2551,6,12,112301,A0200001,13,13123,7,3,3,Servicio de Salud Metropolitano Oriente,Centro de Salud Familiar Dr. Hernán Alessandri,Providencia,MENORES CONTROLADOS,112301,13123,12
2552,4,12,112303,A0200002,13,13123,3,2,2,Servicio de Salud Metropolitano Oriente,Centro de Salud Familiar Aguilucho,Providencia,LACTANCIA MATERNA EXCLUSIVA,112303,13123,12
2553,2,12,112303,A0200002,13,13123,3,1,2,Servicio de Salud Metropolitano Oriente,Centro de Salud Familiar Aguilucho,Providencia,LACTANCIA MATERNA EXCLUSIVA,112303,13123,12
2554,2,12,112303,A0200001,13,13123,3,1,2,Servicio de Salud Metropolitano Oriente,Centro de Salud Familiar Aguilucho,Providencia,MENORES CONTROLADOS,112303,13123,12
2555,5,12,112303,A0200002,13,13123,3,,1,Servicio de Salud Metropolitano Oriente,Centro de Salud Familiar Aguilucho,Providencia,LACTANCIA MATERNA EXCLUSIVA,112303,13123,12
2556,5,12,112301,A0200002,13,13123,1,4,3,Servicio de Salud Metropolitano Oriente,Centro de Salud Familiar Dr. Hernán Alessandri,Providencia,LACTANCIA MATERNA EXCLUSIVA,112301,13123,12
2557,5,12,112303,A0200001,13,13123,3,1,1,Servicio de Salud Metropolitano Oriente,Centro de Salud Familiar Aguilucho,Providencia,MENORES CONTROLADOS,112303,13123,12
2558,7,12,112301,A0200002,13,13123,3,2,5,Servicio de Salud Metropolitano Oriente,Centro de Salud Familiar Dr. Hernán Alessandri,Providencia,LACTANCIA MATERNA EXCLUSIVA,112301,13123,12
2559,7,12,112301,A0200001,13,13123,4,4,6,Servicio de Salud Metropolitano Oriente,Centro de Salud Familiar Dr. Hernán Alessandri,Providencia,MENORES CONTROLADOS,112301,13123,12
2560,3,12,112303,A0200002,13,13123,,2,3,Servicio de Salud Metropolitano Oriente,Centro de Salud Familiar Aguilucho,Providencia,LACTANCIA MATERNA EXCLUSIVA,112303,13123,12
2561,3,12,112303,A0200001,13,13123,1,3,3,Servicio de Salud Metropolitano Oriente,Centro de Salud Familiar Aguilucho,Providencia,MENORES CONTROLADOS,112303,13123,12
2562,3,12,112301,A0200002,13,13123,2,5,3,Servicio de Salud Metropolitano Oriente,Centro de Salud Familiar Dr. Hernán Alessandri,Providencia,LACTANCIA MATERNA EXCLUSIVA,112301,13123,12
2563,3,12,112301,A0200001,13,13123,3,5,3,Servicio de Salud Metropolitano Oriente,Centro de Salud Familiar Dr. Hernán Alessandri,Providencia,MENORES CONTROLADOS,112301,13123,12
2564,1,12,112303,A0200002,13,13123,1,1,1,Servicio de Salud Metropolitano Oriente,Centro de Salud Familiar Aguilucho,Providencia,LACTANCIA MATERNA EXCLUSIVA,112303,13123,12
2565,1,12,112303,A0200001,13,13123,2,1,1,Servicio de Salud Metropolitano Oriente,Centro de Salud Familiar Aguilucho,Providencia,MENORES CONTROLADOS,112303,13123,12
2566,2,12,112301,A0200002,13,13123,1,0,2,Servicio de Salud Metropolitano Oriente,Centro de Salud Familiar Dr. Hernán Alessandri,Providencia,LACTANCIA MATERNA EXCLUSIVA,112301,13123,12
2567,2,12,112301,A0200001,13,13123,2,1,2,Servicio de Salud Metropolitano Oriente,Centro de Salud Familiar Dr. Hernán Alessandri,Providencia,MENORES CONTROLADOS,112301,13123,12
2568,1,12,112301,A0200002,13,13123,2,2,1,Servicio de Salud Metropolitano Oriente,Centro de Salud Familiar Dr. Hernán Alessandri,Providencia,LACTANCIA MATERNA EXCLUSIVA,112301,13123,12
2569,1,12,112301,A0200001,13,13123,2,3,5,Servicio de Salud Metropolitano Oriente,Centro de Salud Familiar Dr. Hernán Alessandri,Providencia,MENORES CONTROLADOS,112301,13123,12
2570,8,12,112301,A0200001,13,13123,3,3,4,Servicio de Salud Metropolitano Oriente,Centro de Salud Familiar Dr. Hernán Alessandri,Providencia,MENORES CONTROLADOS,112301,13123,12
2571,8,12,112301,A0200002,13,13123,2,2,3,Servicio de Salud Metropolitano Oriente,Centro de Salud Familiar Dr. Hernán Alessandri,Providencia,LACTANCIA MATERNA EXCLUSIVA,112301,13123,12
2572,8,12,112303,A0200002,13,13123,2,3,,Servicio de Salud Metropolitano Oriente,Centro de Salud Familiar Aguilucho,Providencia,LACTANCIA MATERNA EXCLUSIVA,112303,13123,12
2573,8,12,112303,A0200001,13,13123,2,3,,Servicio de Salud Metropolitano Oriente,Centro de Salud Familiar Aguilucho,Providencia,MENORES CONTROLADOS,112303,13123,12
2574,4,12,112301,A0200002,13,13123,4,3,3,Servicio de Salud Metropolitano Oriente,Centro de Salud Familiar Dr. Hernán Alessandri,Providencia,LACTANCIA MATERNA EXCLUSIVA,112301,13123,12
2575,4,12,112301,A0200001,13,13123,5,5,5,Servicio de Salud Metropolitano Oriente,Centro de Salud Familiar Dr. Hernán Alessandri,Providencia,MENORES CONTROLADOS,112301,13123,12
2576,7,12,112303,A0200002,13,13123,1,3,3,Servicio de Salud Metropolitano Oriente,Centro de Salud Familiar Aguilucho,Providencia,LACTANCIA MATERNA EXCLUSIVA,112303,13123,12
2577,7,12,112303,A0200001,13,13123,3,3,3,Servicio de Salud Metropolitano Oriente,Centro de Salud Familiar Aguilucho,Providencia,MENORES CONTROLADOS,112303,13123,12
2578,5,12,200037,A0200002,13,13123,2,0,1,Servicio de Salud Metropolitano Oriente,Centro Comunitario de Salud Familiar Elena Caffarena,Providencia,LACTANCIA MATERNA EXCLUSIVA,200037,13123,12
2579,5,12,200037,A0200001,13,13123,4,1,1,Servicio de Salud Metropolitano Oriente,Centro Comunitario de Salud Familiar Elena Caffarena,Providencia,MENORES CONTROLADOS,200037,13123,12
2580,2,12,200037,A0200002,13,13123,1,1,2,Servicio de Salud Metropolitano Oriente,Centro Comunitario de Salud Familiar Elena Caffarena,Providencia,LACTANCIA MATERNA EXCLUSIVA,200037,13123,12
2581,1,12,200037,A0200001,13,13123,2,4,3,Servicio de Salud Metropolitano Oriente,Centro Comunitario de Salud Familiar Elena Caffarena,Providencia,MENORES CONTROLADOS,200037,13123,12
2582,6,12,200037,A0200001,13,13123,1,1,1,Servicio de Salud Metropolitano Oriente,Centro Comunitario de Salud Familiar Elena Caffarena,Providencia,MENORES CONTROLADOS,200037,13123,12
2583,1,12,200037,A0200002,13,13123,1,2,2,Servicio de Salud Metropolitano Oriente,Centro Comunitario de Salud Familiar Elena Caffarena,Providencia,LACTANCIA MATERNA EXCLUSIVA,200037,13123,12
2584,2,12,200037,A0200001,13,13123,1,1,2,Servicio de Salud Metropolitano Oriente,Centro Comunitario de Salud Familiar Elena Caffarena,Providencia,MENORES CONTROLADOS,200037,13123,12
2585,4,12,200037,A0200002,13,13123,2,1,1,Servicio de Salud Metropolitano Oriente,Centro Comunitario de Salud Familiar Elena Caffarena,Providencia,LACTANCIA MATERNA EXCLUSIVA,200037,13123,12
2586,4,12,200037,A0200001,13,13123,2,1,3,Servicio de Salud Metropolitano Oriente,Centro Comunitario de Salud Familiar Elena Caffarena,Providencia,MENORES CONTROLADOS,200037,13123,12
2587,3,12,200037,A0200002,13,13123,2,1,1,Servicio de Salud Metropolitano Oriente,Centro Comunitario de Salud Familiar Elena Caffarena,Providencia,LACTANCIA MATERNA EXCLUSIVA,200037,13123,12
2588,3,12,200037,A0200001,13,13123,2,1,2,Servicio de Salud Metropolitano Oriente,Centro Comunitario de Salud Familiar Elena Caffarena,Providencia,MENORES CONTROLADOS,200037,13123,12
2589,6,12,200037,A0200002,13,13123,1,0,1,Servicio de Salud Metropolitano Oriente,Centro Comunitario de Salud Familiar Elena Caffarena,Providencia,LACTANCIA MATERNA EXCLUSIVA,200037,13123,12
2590,7,12,200037,A0200002,13,13123,2,1,0,Servicio de Salud Metropolitano Oriente,Centro Comunitario de Salud Familiar Elena Caffarena,Providencia,LACTANCIA MATERNA EXCLUSIVA,200037,13123,12
2591,7,12,200037,A0200001,13,13123,2,2,0,Servicio de Salud Metropolitano Oriente,Centro Comunitario de Salud Familiar Elena Caffarena,Providencia,MENORES CONTROLADOS,200037,13123,12
2592,8,12,200037,A0200002,13,13123,0,3,0,Servicio de Salud Metropolitano Oriente,Centro Comunitario de Salud Familiar Elena Caffarena,Providencia,LACTANCIA MATERNA EXCLUSIVA,200037,13123,12
2593,8,12,200037,A0200001,13,13123,3,3,1,Servicio de Salud Metropolitano Oriente,Centro Comunitario de Salud Familiar Elena Caffarena,Providencia,MENORES CONTROLADOS,200037,13123,12
2594,2,12,112309,A0200001,13,13132,5,5,4,Servicio de Salud Metropolitano Oriente,Centro de Salud Familiar Vitacura,Vitacura,MENORES CONTROLADOS,112309,13132,12
2595,2,12,112309,A0200002,13,13132,3,1,1,Servicio de Salud Metropolitano Oriente,Centro de Salud Familiar Vitacura,Vitacura,LACTANCIA MATERNA EXCLUSIVA,112309,13132,12
2596,4,12,112309,A0200002,13,13132,2,2,1,Servicio de Salud Metropolitano Oriente,Centro de Salud Familiar Vitacura,Vitacura,LACTANCIA MATERNA EXCLUSIVA,112309,13132,12
2597,4,12,112309,A0200001,13,13132,3,3,4,Servicio de Salud Metropolitano Oriente,Centro de Salud Familiar Vitacura,Vitacura,MENORES CONTROLADOS,112309,13132,12
2598,1,12,112309,A0200002,13,13132,1,2,2,Servicio de Salud Metropolitano Oriente,Centro de Salud Familiar Vitacura,Vitacura,LACTANCIA MATERNA EXCLUSIVA,112309,13132,12
2599,1,12,112309,A0200001,13,13132,1,6,5,Servicio de Salud Metropolitano Oriente,Centro de Salud Familiar Vitacura,Vitacura,MENORES CONTROLADOS,112309,13132,12
2600,5,12,112309,A0200002,13,13132,1,1,2,Servicio de Salud Metropolitano Oriente,Centro de Salud Familiar Vitacura,Vitacura,LACTANCIA MATERNA EXCLUSIVA,112309,13132,12
2601,5,12,112309,A0200001,13,13132,2,3,2,Servicio de Salud Metropolitano Oriente,Centro de Salud Familiar Vitacura,Vitacura,MENORES CONTROLADOS,112309,13132,12
2602,7,12,112309,A0200002,13,13132,3,1,3,Servicio de Salud Metropolitano Oriente,Centro de Salud Familiar Vitacura,Vitacura,LACTANCIA MATERNA EXCLUSIVA,112309,13132,12
2603,7,12,112309,A0200001,13,13132,8,3,6,Servicio de Salud Metropolitano Oriente,Centro de Salud Familiar Vitacura,Vitacura,MENORES CONTROLADOS,112309,13132,12
2604,6,12,112309,A0200002,13,13132,1,2,0,Servicio de Salud Metropolitano Oriente,Centro de Salud Familiar Vitacura,Vitacura,LACTANCIA MATERNA EXCLUSIVA,112309,13132,12
2605,6,12,112309,A0200001,13,13132,4,5,1,Servicio de Salud Metropolitano Oriente,Centro de Salud Familiar Vitacura,Vitacura,MENORES CONTROLADOS,112309,13132,12
2606,3,12,112309,A0200002,13,13132,0,0,1,Servicio de Salud Metropolitano Oriente,Centro de Salud Familiar Vitacura,Vitacura,LACTANCIA MATERNA EXCLUSIVA,112309,13132,12
2607,3,12,112309,A0200001,13,13132,3,1,4,Servicio de Salud Metropolitano Oriente,Centro de Salud Familiar Vitacura,Vitacura,MENORES CONTROLADOS,112309,13132,12
2608,8,12,112309,A0200001,13,13132,1,6,2,Servicio de Salud Metropolitano Oriente,Centro de Salud Familiar Vitacura,Vitacura,MENORES CONTROLADOS,112309,13132,12
2609,8,12,112309,A0200002,13,13132,0,1,1,Servicio de Salud Metropolitano Oriente,Centro de Salud Familiar Vitacura,Vitacura,LACTANCIA MATERNA EXCLUSIVA,112309,13132,12
2610,8,9,109302,A0200002,13,13104,6,1,6,Servicio de Salud Metropolitano Norte,Centro de Salud Familiar Lucas Sierra,Conchalí,LACTANCIA MATERNA EXCLUSIVA,109302,13104,09
2611,8,9,109302,A0200001,13,13104,13,12,11,Servicio de Salud Metropolitano Norte,Centro de Salud Familiar Lucas Sierra,Conchalí,MENORES CONTROLADOS,109302,13104,09
2612,4,9,109302,A0200002,13,13104,11,10,9,Servicio de Salud Metropolitano Norte,Centro de Salud Familiar Lucas Sierra,Conchalí,LACTANCIA MATERNA EXCLUSIVA,109302,13104,09
2613,3,9,109302,A0200002,13,13104,6,8,10,Servicio de Salud Metropolitano Norte,Centro de Salud Familiar Lucas Sierra,Conchalí,LACTANCIA MATERNA EXCLUSIVA,109302,13104,09
2614,3,9,109302,A0200001,13,13104,12,15,11,Servicio de Salud Metropolitano Norte,Centro de Salud Familiar Lucas Sierra,Conchalí,MENORES CONTROLADOS,109302,13104,09
2615,7,9,109302,A0200002,13,13104,11,9,9,Servicio de Salud Metropolitano Norte,Centro de Salud Familiar Lucas Sierra,Conchalí,LACTANCIA MATERNA EXCLUSIVA,109302,13104,09
2616,7,9,109302,A0200001,13,13104,15,18,11,Servicio de Salud Metropolitano Norte,Centro de Salud Familiar Lucas Sierra,Conchalí,MENORES CONTROLADOS,109302,13104,09
2617,1,9,109709,A0200001,13,13104,6,2,3,Servicio de Salud Metropolitano Norte,CECOSF Haydeé Sepúlveda,Conchalí,MENORES CONTROLADOS,109709,13104,09
2618,3,9,109709,A0200002,13,13104,4,1,2,Servicio de Salud Metropolitano Norte,CECOSF Haydeé Sepúlveda,Conchalí,LACTANCIA MATERNA EXCLUSIVA,109709,13104,09
2619,3,9,109709,A0200001,13,13104,6,3,3,Servicio de Salud Metropolitano Norte,CECOSF Haydeé Sepúlveda,Conchalí,MENORES CONTROLADOS,109709,13104,09
2620,6,9,109709,A0200002,13,13104,3,3,4,Servicio de Salud Metropolitano Norte,CECOSF Haydeé Sepúlveda,Conchalí,LACTANCIA MATERNA EXCLUSIVA,109709,13104,09
2621,6,9,109709,A0200001,13,13104,4,4,5,Servicio de Salud Metropolitano Norte,CECOSF Haydeé Sepúlveda,Conchalí,MENORES CONTROLADOS,109709,13104,09
2622,2,9,109709,A0200002,13,13104,5,1,1,Servicio de Salud Metropolitano Norte,CECOSF Haydeé Sepúlveda,Conchalí,LACTANCIA MATERNA EXCLUSIVA,109709,13104,09
2623,8,9,109308,A0200002,13,13104,5,10,5,Servicio de Salud Metropolitano Norte,Centro de Salud Familiar Alberto Bachelet Martínez,Conchalí,LACTANCIA MATERNA EXCLUSIVA,109308,13104,09
2624,8,9,109308,A0200001,13,13104,11,18,10,Servicio de Salud Metropolitano Norte,Centro de Salud Familiar Alberto Bachelet Martínez,Conchalí,MENORES CONTROLADOS,109308,13104,09
2625,2,9,109309,A0200002,13,13104,4,2,3,Servicio de Salud Metropolitano Norte,Centro de Salud Familiar José Symon Ojeda,Conchalí,LACTANCIA MATERNA EXCLUSIVA,109309,13104,09
2626,2,9,109309,A0200001,13,13104,6,5,12,Servicio de Salud Metropolitano Norte,Centro de Salud Familiar José Symon Ojeda,Conchalí,MENORES CONTROLADOS,109309,13104,09
2627,2,9,109314,A0200002,13,13104,6,3,10,Servicio de Salud Metropolitano Norte,Centro de Salud Familiar Juanita Aguirre,Conchalí,LACTANCIA MATERNA EXCLUSIVA,109314,13104,09
2628,2,9,109314,A0200001,13,13104,9,8,17,Servicio de Salud Metropolitano Norte,Centro de Salud Familiar Juanita Aguirre,Conchalí,MENORES CONTROLADOS,109314,13104,09
2629,3,9,109309,A0200001,13,13104,10,8,9,Servicio de Salud Metropolitano Norte,Centro de Salud Familiar José Symon Ojeda,Conchalí,MENORES CONTROLADOS,109309,13104,09
2630,4,9,109309,A0200002,13,13104,3,1,7,Servicio de Salud Metropolitano Norte,Centro de Salud Familiar José Symon Ojeda,Conchalí,LACTANCIA MATERNA EXCLUSIVA,109309,13104,09
2631,4,9,109309,A0200001,13,13104,5,4,13,Servicio de Salud Metropolitano Norte,Centro de Salud Familiar José Symon Ojeda,Conchalí,MENORES CONTROLADOS,109309,13104,09
2632,3,9,109314,A0200002,13,13104,9,13,8,Servicio de Salud Metropolitano Norte,Centro de Salud Familiar Juanita Aguirre,Conchalí,LACTANCIA MATERNA EXCLUSIVA,109314,13104,09
2633,3,9,109314,A0200001,13,13104,14,18,12,Servicio de Salud Metropolitano Norte,Centro de Salud Familiar Juanita Aguirre,Conchalí,MENORES CONTROLADOS,109314,13104,09
2634,6,9,109314,A0200002,13,13104,8,7,12,Servicio de Salud Metropolitano Norte,Centro de Salud Familiar Juanita Aguirre,Conchalí,LACTANCIA MATERNA EXCLUSIVA,109314,13104,09
2635,6,9,109314,A0200001,13,13104,9,9,17,Servicio de Salud Metropolitano Norte,Centro de Salud Familiar Juanita Aguirre,Conchalí,MENORES CONTROLADOS,109314,13104,09
2636,1,9,109314,A0200002,13,13104,8,6,3,Servicio de Salud Metropolitano Norte,Centro de Salud Familiar Juanita Aguirre,Conchalí,LACTANCIA MATERNA EXCLUSIVA,109314,13104,09
2637,1,9,109314,A0200001,13,13104,10,11,11,Servicio de Salud Metropolitano Norte,Centro de Salud Familiar Juanita Aguirre,Conchalí,MENORES CONTROLADOS,109314,13104,09
2638,5,9,109309,A0200002,13,13104,6,4,7,Servicio de Salud Metropolitano Norte,Centro de Salud Familiar José Symon Ojeda,Conchalí,LACTANCIA MATERNA EXCLUSIVA,109309,13104,09
2639,5,9,109309,A0200001,13,13104,9,5,15,Servicio de Salud Metropolitano Norte,Centro de Salud Familiar José Symon Ojeda,Conchalí,MENORES CONTROLADOS,109309,13104,09
2640,7,9,109309,A0200001,13,13104,8,13,13,Servicio de Salud Metropolitano Norte,Centro de Salud Familiar José Symon Ojeda,Conchalí,MENORES CONTROLADOS,109309,13104,09
2641,5,9,109314,A0200002,13,13104,9,3,3,Servicio de Salud Metropolitano Norte,Centro de Salud Familiar Juanita Aguirre,Conchalí,LACTANCIA MATERNA EXCLUSIVA,109314,13104,09
2642,5,9,109314,A0200001,13,13104,15,7,6,Servicio de Salud Metropolitano Norte,Centro de Salud Familiar Juanita Aguirre,Conchalí,MENORES CONTROLADOS,109314,13104,09
2643,6,9,109309,A0200002,13,13104,5,4,3,Servicio de Salud Metropolitano Norte,Centro de Salud Familiar José Symon Ojeda,Conchalí,LACTANCIA MATERNA EXCLUSIVA,109309,13104,09
2644,6,9,109309,A0200001,13,13104,9,4,8,Servicio de Salud Metropolitano Norte,Centro de Salud Familiar José Symon Ojeda,Conchalí,MENORES CONTROLADOS,109309,13104,09
2645,1,9,109309,A0200002,13,13104,4,6,3,Servicio de Salud Metropolitano Norte,Centro de Salud Familiar José Symon Ojeda,Conchalí,LACTANCIA MATERNA EXCLUSIVA,109309,13104,09
2646,1,9,109309,A0200001,13,13104,6,10,7,Servicio de Salud Metropolitano Norte,Centro de Salud Familiar José Symon Ojeda,Conchalí,MENORES CONTROLADOS,109309,13104,09
2647,7,9,109314,A0200002,13,13104,8,8,10,Servicio de Salud Metropolitano Norte,Centro de Salud Familiar Juanita Aguirre,Conchalí,LACTANCIA MATERNA EXCLUSIVA,109314,13104,09
2648,7,9,109314,A0200001,13,13104,12,15,14,Servicio de Salud Metropolitano Norte,Centro de Salud Familiar Juanita Aguirre,Conchalí,MENORES CONTROLADOS,109314,13104,09
2649,8,9,109314,A0200002,13,13104,7,2,4,Servicio de Salud Metropolitano Norte,Centro de Salud Familiar Juanita Aguirre,Conchalí,LACTANCIA MATERNA EXCLUSIVA,109314,13104,09
2650,8,9,109314,A0200001,13,13104,12,8,9,Servicio de Salud Metropolitano Norte,Centro de Salud Familiar Juanita Aguirre,Conchalí,MENORES CONTROLADOS,109314,13104,09
2651,8,9,109309,A0200001,13,13104,7,9,9,Servicio de Salud Metropolitano Norte,Centro de Salud Familiar José Symon Ojeda,Conchalí,MENORES CONTROLADOS,109309,13104,09
2652,2,9,109323,A0200002,13,13107,7,6,3,Servicio de Salud Metropolitano Norte,Centro de Salud Familiar Dr. Salvador Allende Gossens,Huechuraba,LACTANCIA MATERNA EXCLUSIVA,109323,13107,09
2653,2,9,109323,A0200001,13,13107,9,9,5,Servicio de Salud Metropolitano Norte,Centro de Salud Familiar Dr. Salvador Allende Gossens,Huechuraba,MENORES CONTROLADOS,109323,13107,09
2654,3,9,109323,A0200002,13,13107,8,9,4,Servicio de Salud Metropolitano Norte,Centro de Salud Familiar Dr. Salvador Allende Gossens,Huechuraba,LACTANCIA MATERNA EXCLUSIVA,109323,13107,09
2655,3,9,109323,A0200001,13,13107,10,16,11,Servicio de Salud Metropolitano Norte,Centro de Salud Familiar Dr. Salvador Allende Gossens,Huechuraba,MENORES CONTROLADOS,109323,13107,09
2656,5,9,109323,A0200002,13,13107,5,9,5,Servicio de Salud Metropolitano Norte,Centro de Salud Familiar Dr. Salvador Allende Gossens,Huechuraba,LACTANCIA MATERNA EXCLUSIVA,109323,13107,09
2657,5,9,109323,A0200001,13,13107,8,11,8,Servicio de Salud Metropolitano Norte,Centro de Salud Familiar Dr. Salvador Allende Gossens,Huechuraba,MENORES CONTROLADOS,109323,13107,09
2658,1,9,109323,A0200002,13,13107,5,4,7,Servicio de Salud Metropolitano Norte,Centro de Salud Familiar Dr. Salvador Allende Gossens,Huechuraba,LACTANCIA MATERNA EXCLUSIVA,109323,13107,09
2659,1,9,109323,A0200001,13,13107,10,8,19,Servicio de Salud Metropolitano Norte,Centro de Salud Familiar Dr. Salvador Allende Gossens,Huechuraba,MENORES CONTROLADOS,109323,13107,09
2660,7,9,109323,A0200002,13,13107,7,7,3,Servicio de Salud Metropolitano Norte,Centro de Salud Familiar Dr. Salvador Allende Gossens,Huechuraba,LACTANCIA MATERNA EXCLUSIVA,109323,13107,09
2661,7,9,109323,A0200001,13,13107,16,14,9,Servicio de Salud Metropolitano Norte,Centro de Salud Familiar Dr. Salvador Allende Gossens,Huechuraba,MENORES CONTROLADOS,109323,13107,09
2662,4,9,109323,A0200002,13,13107,13,5,4,Servicio de Salud Metropolitano Norte,Centro de Salud Familiar Dr. Salvador Allende Gossens,Huechuraba,LACTANCIA MATERNA EXCLUSIVA,109323,13107,09
2663,4,9,109323,A0200001,13,13107,14,11,5,Servicio de Salud Metropolitano Norte,Centro de Salud Familiar Dr. Salvador Allende Gossens,Huechuraba,MENORES CONTROLADOS,109323,13107,09
2664,8,9,109323,A0200002,13,13107,4,6,7,Servicio de Salud Metropolitano Norte,Centro de Salud Familiar Dr. Salvador Allende Gossens,Huechuraba,LACTANCIA MATERNA EXCLUSIVA,109323,13107,09
2665,8,9,109323,A0200001,13,13107,9,11,16,Servicio de Salud Metropolitano Norte,Centro de Salud Familiar Dr. Salvador Allende Gossens,Huechuraba,MENORES CONTROLADOS,109323,13107,09
2666,6,9,109323,A0200002,13,13107,10,9,6,Servicio de Salud Metropolitano Norte,Centro de Salud Familiar Dr. Salvador Allende Gossens,Huechuraba,LACTANCIA MATERNA EXCLUSIVA,109323,13107,09
2667,6,9,109323,A0200001,13,13107,13,14,14,Servicio de Salud Metropolitano Norte,Centro de Salud Familiar Dr. Salvador Allende Gossens,Huechuraba,MENORES CONTROLADOS,109323,13107,09
2668,8,9,109309,A0200002,13,13104,3,3,6,Servicio de Salud Metropolitano Norte,Centro de Salud Familiar José Symon Ojeda,Conchalí,LACTANCIA MATERNA EXCLUSIVA,109309,13104,09
2669,3,9,109718,A0200002,13,13107,4,4,2,Servicio de Salud Metropolitano Norte,Centro Comunitario de Salud Familiar Los Libertadores,Huechuraba,LACTANCIA MATERNA EXCLUSIVA,109718,13107,09
2670,3,9,109718,A0200001,13,13107,6,5,2,Servicio de Salud Metropolitano Norte,Centro Comunitario de Salud Familiar Los Libertadores,Huechuraba,MENORES CONTROLADOS,109718,13107,09
2671,4,9,109305,A0200002,13,13107,7,10,6,Servicio de Salud Metropolitano Norte,Centro de Salud Familiar La Pincoya,Huechuraba,LACTANCIA MATERNA EXCLUSIVA,109305,13107,09
2672,4,9,109305,A0200001,13,13107,13,15,14,Servicio de Salud Metropolitano Norte,Centro de Salud Familiar La Pincoya,Huechuraba,MENORES CONTROLADOS,109305,13107,09
2673,2,9,109305,A0200002,13,13107,6,6,3,Servicio de Salud Metropolitano Norte,Centro de Salud Familiar La Pincoya,Huechuraba,LACTANCIA MATERNA EXCLUSIVA,109305,13107,09
2674,2,9,109305,A0200001,13,13107,10,9,13,Servicio de Salud Metropolitano Norte,Centro de Salud Familiar La Pincoya,Huechuraba,MENORES CONTROLADOS,109305,13107,09
2675,4,9,109718,A0200002,13,13107,3,1,2,Servicio de Salud Metropolitano Norte,Centro Comunitario de Salud Familiar Los Libertadores,Huechuraba,LACTANCIA MATERNA EXCLUSIVA,109718,13107,09
2676,4,9,109718,A0200001,13,13107,3,2,2,Servicio de Salud Metropolitano Norte,Centro Comunitario de Salud Familiar Los Libertadores,Huechuraba,MENORES CONTROLADOS,109718,13107,09
2677,8,9,109718,A0200002,13,13107,2,,1,Servicio de Salud Metropolitano Norte,Centro Comunitario de Salud Familiar Los Libertadores,Huechuraba,LACTANCIA MATERNA EXCLUSIVA,109718,13107,09
2678,8,9,109718,A0200001,13,13107,2,0,4,Servicio de Salud Metropolitano Norte,Centro Comunitario de Salud Familiar Los Libertadores,Huechuraba,MENORES CONTROLADOS,109718,13107,09
2679,5,9,109305,A0200002,13,13107,8,7,8,Servicio de Salud Metropolitano Norte,Centro de Salud Familiar La Pincoya,Huechuraba,LACTANCIA MATERNA EXCLUSIVA,109305,13107,09
2680,5,9,109305,A0200001,13,13107,14,9,12,Servicio de Salud Metropolitano Norte,Centro de Salud Familiar La Pincoya,Huechuraba,MENORES CONTROLADOS,109305,13107,09
2681,3,9,109305,A0200002,13,13107,14,9,6,Servicio de Salud Metropolitano Norte,Centro de Salud Familiar La Pincoya,Huechuraba,LACTANCIA MATERNA EXCLUSIVA,109305,13107,09
2682,3,9,109305,A0200001,13,13107,18,13,9,Servicio de Salud Metropolitano Norte,Centro de Salud Familiar La Pincoya,Huechuraba,MENORES CONTROLADOS,109305,13107,09
2683,1,9,109718,A0200002,13,13107,6,3,,Servicio de Salud Metropolitano Norte,Centro Comunitario de Salud Familiar Los Libertadores,Huechuraba,LACTANCIA MATERNA EXCLUSIVA,109718,13107,09
2684,1,9,109718,A0200001,13,13107,6,3,0,Servicio de Salud Metropolitano Norte,Centro Comunitario de Salud Familiar Los Libertadores,Huechuraba,MENORES CONTROLADOS,109718,13107,09
2685,2,9,109718,A0200001,13,13107,1,2,3,Servicio de Salud Metropolitano Norte,Centro Comunitario de Salud Familiar Los Libertadores,Huechuraba,MENORES CONTROLADOS,109718,13107,09
2686,6,9,109305,A0200001,13,13107,15,21,8,Servicio de Salud Metropolitano Norte,Centro de Salud Familiar La Pincoya,Huechuraba,MENORES CONTROLADOS,109305,13107,09
2687,6,9,109305,A0200002,13,13107,13,13,4,Servicio de Salud Metropolitano Norte,Centro de Salud Familiar La Pincoya,Huechuraba,LACTANCIA MATERNA EXCLUSIVA,109305,13107,09
2688,6,9,109718,A0200002,13,13107,,2,3,Servicio de Salud Metropolitano Norte,Centro Comunitario de Salud Familiar Los Libertadores,Huechuraba,LACTANCIA MATERNA EXCLUSIVA,109718,13107,09
2689,6,9,109718,A0200001,13,13107,0,3,3,Servicio de Salud Metropolitano Norte,Centro Comunitario de Salud Familiar Los Libertadores,Huechuraba,MENORES CONTROLADOS,109718,13107,09
2690,2,9,109718,A0200002,13,13107,1,2,1,Servicio de Salud Metropolitano Norte,Centro Comunitario de Salud Familiar Los Libertadores,Huechuraba,LACTANCIA MATERNA EXCLUSIVA,109718,13107,09
2691,1,9,109305,A0200002,13,13107,8,6,4,Servicio de Salud Metropolitano Norte,Centro de Salud Familiar La Pincoya,Huechuraba,LACTANCIA MATERNA EXCLUSIVA,109305,13107,09
2692,1,9,109305,A0200001,13,13107,11,10,11,Servicio de Salud Metropolitano Norte,Centro de Salud Familiar La Pincoya,Huechuraba,MENORES CONTROLADOS,109305,13107,09
2693,5,9,109718,A0200002,13,13107,,2,4,Servicio de Salud Metropolitano Norte,Centro Comunitario de Salud Familiar Los Libertadores,Huechuraba,LACTANCIA MATERNA EXCLUSIVA,109718,13107,09
2694,5,9,109718,A0200001,13,13107,1,2,4,Servicio de Salud Metropolitano Norte,Centro Comunitario de Salud Familiar Los Libertadores,Huechuraba,MENORES CONTROLADOS,109718,13107,09
2695,7,9,109305,A0200002,13,13107,11,8,8,Servicio de Salud Metropolitano Norte,Centro de Salud Familiar La Pincoya,Huechuraba,LACTANCIA MATERNA EXCLUSIVA,109305,13107,09
2696,7,9,109305,A0200001,13,13107,16,14,16,Servicio de Salud Metropolitano Norte,Centro de Salud Familiar La Pincoya,Huechuraba,MENORES CONTROLADOS,109305,13107,09
2697,7,9,109718,A0200002,13,13107,1,,1,Servicio de Salud Metropolitano Norte,Centro Comunitario de Salud Familiar Los Libertadores,Huechuraba,LACTANCIA MATERNA EXCLUSIVA,109718,13107,09
2698,7,9,109718,A0200001,13,13107,3,1,2,Servicio de Salud Metropolitano Norte,Centro Comunitario de Salud Familiar Los Libertadores,Huechuraba,MENORES CONTROLADOS,109718,13107,09
2699,8,9,109305,A0200002,13,13107,5,7,9,Servicio de Salud Metropolitano Norte,Centro de Salud Familiar La Pincoya,Huechuraba,LACTANCIA MATERNA EXCLUSIVA,109305,13107,09
2700,8,9,109305,A0200001,13,13107,7,9,15,Servicio de Salud Metropolitano Norte,Centro de Salud Familiar La Pincoya,Huechuraba,MENORES CONTROLADOS,109305,13107,09
2701,4,9,109317,A0200002,13,13107,9,5,4,Servicio de Salud Metropolitano Norte,Centro de Salud Familiar El Barrero,Huechuraba,LACTANCIA MATERNA EXCLUSIVA,109317,13107,09
2702,4,9,109317,A0200001,13,13107,14,6,4,Servicio de Salud Metropolitano Norte,Centro de Salud Familiar El Barrero,Huechuraba,MENORES CONTROLADOS,109317,13107,09
2703,2,9,109317,A0200002,13,13107,5,7,2,Servicio de Salud Metropolitano Norte,Centro de Salud Familiar El Barrero,Huechuraba,LACTANCIA MATERNA EXCLUSIVA,109317,13107,09
2704,2,9,109317,A0200001,13,13107,7,15,7,Servicio de Salud Metropolitano Norte,Centro de Salud Familiar El Barrero,Huechuraba,MENORES CONTROLADOS,109317,13107,09
2705,6,9,109317,A0200002,13,13107,4,7,2,Servicio de Salud Metropolitano Norte,Centro de Salud Familiar El Barrero,Huechuraba,LACTANCIA MATERNA EXCLUSIVA,109317,13107,09
2706,6,9,109317,A0200001,13,13107,7,12,12,Servicio de Salud Metropolitano Norte,Centro de Salud Familiar El Barrero,Huechuraba,MENORES CONTROLADOS,109317,13107,09
2707,1,9,109317,A0200001,13,13107,11,5,6,Servicio de Salud Metropolitano Norte,Centro de Salud Familiar El Barrero,Huechuraba,MENORES CONTROLADOS,109317,13107,09
2708,1,9,109317,A0200002,13,13107,7,5,5,Servicio de Salud Metropolitano Norte,Centro de Salud Familiar El Barrero,Huechuraba,LACTANCIA MATERNA EXCLUSIVA,109317,13107,09
2709,5,9,109317,A0200002,13,13107,4,3,5,Servicio de Salud Metropolitano Norte,Centro de Salud Familiar El Barrero,Huechuraba,LACTANCIA MATERNA EXCLUSIVA,109317,13107,09
2710,5,9,109317,A0200001,13,13107,5,7,9,Servicio de Salud Metropolitano Norte,Centro de Salud Familiar El Barrero,Huechuraba,MENORES CONTROLADOS,109317,13107,09
2711,3,9,109317,A0200002,13,13107,4,4,3,Servicio de Salud Metropolitano Norte,Centro de Salud Familiar El Barrero,Huechuraba,LACTANCIA MATERNA EXCLUSIVA,109317,13107,09
2712,3,9,109317,A0200001,13,13107,6,8,5,Servicio de Salud Metropolitano Norte,Centro de Salud Familiar El Barrero,Huechuraba,MENORES CONTROLADOS,109317,13107,09
2713,8,9,109317,A0200002,13,13107,3,4,4,Servicio de Salud Metropolitano Norte,Centro de Salud Familiar El Barrero,Huechuraba,LACTANCIA MATERNA EXCLUSIVA,109317,13107,09
2714,8,9,109317,A0200001,13,13107,4,7,7,Servicio de Salud Metropolitano Norte,Centro de Salud Familiar El Barrero,Huechuraba,MENORES CONTROLADOS,109317,13107,09
2715,7,9,109317,A0200002,13,13107,4,5,6,Servicio de Salud Metropolitano Norte,Centro de Salud Familiar El Barrero,Huechuraba,LACTANCIA MATERNA EXCLUSIVA,109317,13107,09
2716,7,9,109317,A0200001,13,13107,5,6,7,Servicio de Salud Metropolitano Norte,Centro de Salud Familiar El Barrero,Huechuraba,MENORES CONTROLADOS,109317,13107,09
2717,5,9,200961,A0200001,13,13107,3,3,3,Servicio de Salud Metropolitano Norte,Centro de Salud Familiar Dr. Victor Castro Wiren,Huechuraba,MENORES CONTROLADOS,200961,13107,09
2718,5,9,200961,A0200002,13,13107,2,1,1,Servicio de Salud Metropolitano Norte,Centro de Salud Familiar Dr. Victor Castro Wiren,Huechuraba,LACTANCIA MATERNA EXCLUSIVA,200961,13107,09
2719,2,9,200961,A0200002,13,13107,1,1,3,Servicio de Salud Metropolitano Norte,Centro de Salud Familiar Dr. Victor Castro Wiren,Huechuraba,LACTANCIA MATERNA EXCLUSIVA,200961,13107,09
2720,1,9,200961,A0200002,13,13107,1,4,,Servicio de Salud Metropolitano Norte,Centro de Salud Familiar Dr. Victor Castro Wiren,Huechuraba,LACTANCIA MATERNA EXCLUSIVA,200961,13107,09
2721,7,9,200961,A0200001,13,13107,4,4,3,Servicio de Salud Metropolitano Norte,Centro de Salud Familiar Dr. Victor Castro Wiren,Huechuraba,MENORES CONTROLADOS,200961,13107,09
2722,2,9,200961,A0200001,13,13107,2,2,5,Servicio de Salud Metropolitano Norte,Centro de Salud Familiar Dr. Victor Castro Wiren,Huechuraba,MENORES CONTROLADOS,200961,13107,09
2723,7,9,200961,A0200002,13,13107,2,2,2,Servicio de Salud Metropolitano Norte,Centro de Salud Familiar Dr. Victor Castro Wiren,Huechuraba,LACTANCIA MATERNA EXCLUSIVA,200961,13107,09
2724,4,9,200961,A0200002,13,13107,4,1,5,Servicio de Salud Metropolitano Norte,Centro de Salud Familiar Dr. Victor Castro Wiren,Huechuraba,LACTANCIA MATERNA EXCLUSIVA,200961,13107,09
2725,4,9,200961,A0200001,13,13107,6,2,8,Servicio de Salud Metropolitano Norte,Centro de Salud Familiar Dr. Victor Castro Wiren,Huechuraba,MENORES CONTROLADOS,200961,13107,09
2726,3,9,200961,A0200002,13,13107,2,1,2,Servicio de Salud Metropolitano Norte,Centro de Salud Familiar Dr. Victor Castro Wiren,Huechuraba,LACTANCIA MATERNA EXCLUSIVA,200961,13107,09
2727,3,9,200961,A0200001,13,13107,5,2,5,Servicio de Salud Metropolitano Norte,Centro de Salud Familiar Dr. Victor Castro Wiren,Huechuraba,MENORES CONTROLADOS,200961,13107,09
2728,8,9,200961,A0200002,13,13107,3,1,4,Servicio de Salud Metropolitano Norte,Centro de Salud Familiar Dr. Victor Castro Wiren,Huechuraba,LACTANCIA MATERNA EXCLUSIVA,200961,13107,09
2729,8,9,200961,A0200001,13,13107,3,2,5,Servicio de Salud Metropolitano Norte,Centro de Salud Familiar Dr. Victor Castro Wiren,Huechuraba,MENORES CONTROLADOS,200961,13107,09
2730,6,9,200961,A0200002,13,13107,3,4,,Servicio de Salud Metropolitano Norte,Centro de Salud Familiar Dr. Victor Castro Wiren,Huechuraba,LACTANCIA MATERNA EXCLUSIVA,200961,13107,09
2731,6,9,200961,A0200001,13,13107,3,6,2,Servicio de Salud Metropolitano Norte,Centro de Salud Familiar Dr. Victor Castro Wiren,Huechuraba,MENORES CONTROLADOS,200961,13107,09
2732,1,9,200961,A0200001,13,13107,3,6,1,Servicio de Salud Metropolitano Norte,Centro de Salud Familiar Dr. Victor Castro Wiren,Huechuraba,MENORES CONTROLADOS,200961,13107,09
2733,2,9,109321,A0200002,13,13108,11,11,5,Servicio de Salud Metropolitano Norte,Centro de Salud Familiar Juan Antonio Ríos,Independencia,LACTANCIA MATERNA EXCLUSIVA,109321,13108,09
2734,2,9,109321,A0200001,13,13108,15,16,9,Servicio de Salud Metropolitano Norte,Centro de Salud Familiar Juan Antonio Ríos,Independencia,MENORES CONTROLADOS,109321,13108,09
2735,1,9,109321,A0200002,13,13108,7,9,7,Servicio de Salud Metropolitano Norte,Centro de Salud Familiar Juan Antonio Ríos,Independencia,LACTANCIA MATERNA EXCLUSIVA,109321,13108,09
2736,1,9,109321,A0200001,13,13108,17,22,13,Servicio de Salud Metropolitano Norte,Centro de Salud Familiar Juan Antonio Ríos,Independencia,MENORES CONTROLADOS,109321,13108,09
2737,5,9,109321,A0200002,13,13108,12,8,10,Servicio de Salud Metropolitano Norte,Centro de Salud Familiar Juan Antonio Ríos,Independencia,LACTANCIA MATERNA EXCLUSIVA,109321,13108,09
2738,5,9,109321,A0200001,13,13108,18,14,18,Servicio de Salud Metropolitano Norte,Centro de Salud Familiar Juan Antonio Ríos,Independencia,MENORES CONTROLADOS,109321,13108,09
2739,6,9,109321,A0200002,13,13108,11,15,6,Servicio de Salud Metropolitano Norte,Centro de Salud Familiar Juan Antonio Ríos,Independencia,LACTANCIA MATERNA EXCLUSIVA,109321,13108,09
2740,6,9,109321,A0200001,13,13108,20,20,11,Servicio de Salud Metropolitano Norte,Centro de Salud Familiar Juan Antonio Ríos,Independencia,MENORES CONTROLADOS,109321,13108,09
2741,4,9,109321,A0200002,13,13108,14,8,10,Servicio de Salud Metropolitano Norte,Centro de Salud Familiar Juan Antonio Ríos,Independencia,LACTANCIA MATERNA EXCLUSIVA,109321,13108,09
2742,4,9,109321,A0200001,13,13108,17,14,16,Servicio de Salud Metropolitano Norte,Centro de Salud Familiar Juan Antonio Ríos,Independencia,MENORES CONTROLADOS,109321,13108,09
2743,7,9,109321,A0200002,13,13108,7,8,5,Servicio de Salud Metropolitano Norte,Centro de Salud Familiar Juan Antonio Ríos,Independencia,LACTANCIA MATERNA EXCLUSIVA,109321,13108,09
2744,7,9,109321,A0200001,13,13108,15,18,10,Servicio de Salud Metropolitano Norte,Centro de Salud Familiar Juan Antonio Ríos,Independencia,MENORES CONTROLADOS,109321,13108,09
2745,3,9,109321,A0200002,13,13108,11,5,12,Servicio de Salud Metropolitano Norte,Centro de Salud Familiar Juan Antonio Ríos,Independencia,LACTANCIA MATERNA EXCLUSIVA,109321,13108,09
2746,3,9,109321,A0200001,13,13108,17,15,19,Servicio de Salud Metropolitano Norte,Centro de Salud Familiar Juan Antonio Ríos,Independencia,MENORES CONTROLADOS,109321,13108,09
2747,8,9,109321,A0200002,13,13108,6,8,7,Servicio de Salud Metropolitano Norte,Centro de Salud Familiar Juan Antonio Ríos,Independencia,LACTANCIA MATERNA EXCLUSIVA,109321,13108,09
2748,8,9,109321,A0200001,13,13108,14,20,11,Servicio de Salud Metropolitano Norte,Centro de Salud Familiar Juan Antonio Ríos,Independencia,MENORES CONTROLADOS,109321,13108,09
2749,2,9,109300,A0200002,13,13108,35,27,23,Servicio de Salud Metropolitano Norte,Centro de Salud Familiar Agustín Cruz Melo,Independencia,LACTANCIA MATERNA EXCLUSIVA,109300,13108,09
2750,2,9,109300,A0200001,13,13108,53,41,34,Servicio de Salud Metropolitano Norte,Centro de Salud Familiar Agustín Cruz Melo,Independencia,MENORES CONTROLADOS,109300,13108,09
2751,5,9,200554,A0200002,13,13108,6,9,3,Servicio de Salud Metropolitano Norte,Centro Comunitario de Salud Familiar Las Enredaderas,Independencia,LACTANCIA MATERNA EXCLUSIVA,200554,13108,09
2752,5,9,200554,A0200001,13,13108,7,13,4,Servicio de Salud Metropolitano Norte,Centro Comunitario de Salud Familiar Las Enredaderas,Independencia,MENORES CONTROLADOS,200554,13108,09
2753,2,9,200554,A0200001,13,13108,7,8,1,Servicio de Salud Metropolitano Norte,Centro Comunitario de Salud Familiar Las Enredaderas,Independencia,MENORES CONTROLADOS,200554,13108,09
2754,4,9,200554,A0200001,13,13108,2,2,3,Servicio de Salud Metropolitano Norte,Centro Comunitario de Salud Familiar Las Enredaderas,Independencia,MENORES CONTROLADOS,200554,13108,09
2755,3,9,200554,A0200002,13,13108,3,3,3,Servicio de Salud Metropolitano Norte,Centro Comunitario de Salud Familiar Las Enredaderas,Independencia,LACTANCIA MATERNA EXCLUSIVA,200554,13108,09
2756,5,9,109300,A0200002,13,13108,30,47,25,Servicio de Salud Metropolitano Norte,Centro de Salud Familiar Agustín Cruz Melo,Independencia,LACTANCIA MATERNA EXCLUSIVA,109300,13108,09
2757,5,9,109300,A0200001,13,13108,45,59,41,Servicio de Salud Metropolitano Norte,Centro de Salud Familiar Agustín Cruz Melo,Independencia,MENORES CONTROLADOS,109300,13108,09
2758,3,9,200554,A0200001,13,13108,4,3,4,Servicio de Salud Metropolitano Norte,Centro Comunitario de Salud Familiar Las Enredaderas,Independencia,MENORES CONTROLADOS,200554,13108,09
2759,6,9,109300,A0200002,13,13108,46,32,23,Servicio de Salud Metropolitano Norte,Centro de Salud Familiar Agustín Cruz Melo,Independencia,LACTANCIA MATERNA EXCLUSIVA,109300,13108,09
2760,6,9,109300,A0200001,13,13108,62,50,37,Servicio de Salud Metropolitano Norte,Centro de Salud Familiar Agustín Cruz Melo,Independencia,MENORES CONTROLADOS,109300,13108,09
2761,1,9,109300,A0200002,13,13108,26,40,23,Servicio de Salud Metropolitano Norte,Centro de Salud Familiar Agustín Cruz Melo,Independencia,LACTANCIA MATERNA EXCLUSIVA,109300,13108,09
2762,1,9,109300,A0200001,13,13108,42,52,42,Servicio de Salud Metropolitano Norte,Centro de Salud Familiar Agustín Cruz Melo,Independencia,MENORES CONTROLADOS,109300,13108,09
2763,4,9,200554,A0200002,13,13108,2,1,2,Servicio de Salud Metropolitano Norte,Centro Comunitario de Salud Familiar Las Enredaderas,Independencia,LACTANCIA MATERNA EXCLUSIVA,200554,13108,09
2764,7,9,200554,A0200002,13,13108,3,4,6,Servicio de Salud Metropolitano Norte,Centro Comunitario de Salud Familiar Las Enredaderas,Independencia,LACTANCIA MATERNA EXCLUSIVA,200554,13108,09
2765,7,9,200554,A0200001,13,13108,3,5,9,Servicio de Salud Metropolitano Norte,Centro Comunitario de Salud Familiar Las Enredaderas,Independencia,MENORES CONTROLADOS,200554,13108,09
2766,4,9,109300,A0200002,13,13108,34,31,23,Servicio de Salud Metropolitano Norte,Centro de Salud Familiar Agustín Cruz Melo,Independencia,LACTANCIA MATERNA EXCLUSIVA,109300,13108,09
2767,4,9,109300,A0200001,13,13108,53,46,38,Servicio de Salud Metropolitano Norte,Centro de Salud Familiar Agustín Cruz Melo,Independencia,MENORES CONTROLADOS,109300,13108,09
2768,3,9,109300,A0200002,13,13108,46,35,26,Servicio de Salud Metropolitano Norte,Centro de Salud Familiar Agustín Cruz Melo,Independencia,LACTANCIA MATERNA EXCLUSIVA,109300,13108,09
2769,3,9,109300,A0200001,13,13108,57,52,41,Servicio de Salud Metropolitano Norte,Centro de Salud Familiar Agustín Cruz Melo,Independencia,MENORES CONTROLADOS,109300,13108,09
2770,1,9,200554,A0200002,13,13108,5,4,2,Servicio de Salud Metropolitano Norte,Centro Comunitario de Salud Familiar Las Enredaderas,Independencia,LACTANCIA MATERNA EXCLUSIVA,200554,13108,09
2771,2,9,200554,A0200002,13,13108,5,7,1,Servicio de Salud Metropolitano Norte,Centro Comunitario de Salud Familiar Las Enredaderas,Independencia,LACTANCIA MATERNA EXCLUSIVA,200554,13108,09
2772,1,9,200554,A0200001,13,13108,6,4,3,Servicio de Salud Metropolitano Norte,Centro Comunitario de Salud Familiar Las Enredaderas,Independencia,MENORES CONTROLADOS,200554,13108,09
2773,6,9,200554,A0200002,13,13108,2,2,5,Servicio de Salud Metropolitano Norte,Centro Comunitario de Salud Familiar Las Enredaderas,Independencia,LACTANCIA MATERNA EXCLUSIVA,200554,13108,09
2774,6,9,200554,A0200001,13,13108,2,2,6,Servicio de Salud Metropolitano Norte,Centro Comunitario de Salud Familiar Las Enredaderas,Independencia,MENORES CONTROLADOS,200554,13108,09
2775,8,9,200554,A0200002,13,13108,5,3,2,Servicio de Salud Metropolitano Norte,Centro Comunitario de Salud Familiar Las Enredaderas,Independencia,LACTANCIA MATERNA EXCLUSIVA,200554,13108,09
2776,8,9,200554,A0200001,13,13108,6,3,6,Servicio de Salud Metropolitano Norte,Centro Comunitario de Salud Familiar Las Enredaderas,Independencia,MENORES CONTROLADOS,200554,13108,09
2777,7,9,109300,A0200002,13,13108,46,42,31,Servicio de Salud Metropolitano Norte,Centro de Salud Familiar Agustín Cruz Melo,Independencia,LACTANCIA MATERNA EXCLUSIVA,109300,13108,09
2778,7,9,109300,A0200001,13,13108,60,63,50,Servicio de Salud Metropolitano Norte,Centro de Salud Familiar Agustín Cruz Melo,Independencia,MENORES CONTROLADOS,109300,13108,09
2779,8,9,109300,A0200002,13,13108,29,32,37,Servicio de Salud Metropolitano Norte,Centro de Salud Familiar Agustín Cruz Melo,Independencia,LACTANCIA MATERNA EXCLUSIVA,109300,13108,09
2780,8,9,109300,A0200001,13,13108,48,51,54,Servicio de Salud Metropolitano Norte,Centro de Salud Familiar Agustín Cruz Melo,Independencia,MENORES CONTROLADOS,109300,13108,09
2781,2,9,201091,A0200002,13,13125,17,6,13,Servicio de Salud Metropolitano Norte,Centro de Salud Familiar Marta Ugarte Román,Quilicura,LACTANCIA MATERNA EXCLUSIVA,201091,13125,09
2782,6,9,201091,A0200002,13,13125,21,11,13,Servicio de Salud Metropolitano Norte,Centro de Salud Familiar Marta Ugarte Román,Quilicura,LACTANCIA MATERNA EXCLUSIVA,201091,13125,09
2783,6,9,201091,A0200001,13,13125,34,24,19,Servicio de Salud Metropolitano Norte,Centro de Salud Familiar Marta Ugarte Román,Quilicura,MENORES CONTROLADOS,201091,13125,09
2784,8,9,201091,A0200002,13,13125,19,18,16,Servicio de Salud Metropolitano Norte,Centro de Salud Familiar Marta Ugarte Román,Quilicura,LACTANCIA MATERNA EXCLUSIVA,201091,13125,09
2785,8,9,201091,A0200001,13,13125,23,30,26,Servicio de Salud Metropolitano Norte,Centro de Salud Familiar Marta Ugarte Román,Quilicura,MENORES CONTROLADOS,201091,13125,09
2786,1,9,201091,A0200002,13,13125,17,14,6,Servicio de Salud Metropolitano Norte,Centro de Salud Familiar Marta Ugarte Román,Quilicura,LACTANCIA MATERNA EXCLUSIVA,201091,13125,09
2787,1,9,201091,A0200001,13,13125,23,21,17,Servicio de Salud Metropolitano Norte,Centro de Salud Familiar Marta Ugarte Román,Quilicura,MENORES CONTROLADOS,201091,13125,09
2788,5,9,201091,A0200002,13,13125,10,12,8,Servicio de Salud Metropolitano Norte,Centro de Salud Familiar Marta Ugarte Román,Quilicura,LACTANCIA MATERNA EXCLUSIVA,201091,13125,09
2789,4,9,201091,A0200002,13,13125,13,16,10,Servicio de Salud Metropolitano Norte,Centro de Salud Familiar Marta Ugarte Román,Quilicura,LACTANCIA MATERNA EXCLUSIVA,201091,13125,09
2790,4,9,201091,A0200001,13,13125,22,30,24,Servicio de Salud Metropolitano Norte,Centro de Salud Familiar Marta Ugarte Román,Quilicura,MENORES CONTROLADOS,201091,13125,09
2791,3,9,201091,A0200002,13,13125,16,11,9,Servicio de Salud Metropolitano Norte,Centro de Salud Familiar Marta Ugarte Román,Quilicura,LACTANCIA MATERNA EXCLUSIVA,201091,13125,09
2792,2,9,201091,A0200001,13,13125,27,17,21,Servicio de Salud Metropolitano Norte,Centro de Salud Familiar Marta Ugarte Román,Quilicura,MENORES CONTROLADOS,201091,13125,09
2793,3,9,201091,A0200001,13,13125,24,23,23,Servicio de Salud Metropolitano Norte,Centro de Salud Familiar Marta Ugarte Román,Quilicura,MENORES CONTROLADOS,201091,13125,09
2794,7,9,201091,A0200002,13,13125,16,17,11,Servicio de Salud Metropolitano Norte,Centro de Salud Familiar Marta Ugarte Román,Quilicura,LACTANCIA MATERNA EXCLUSIVA,201091,13125,09
2795,7,9,201091,A0200001,13,13125,29,25,21,Servicio de Salud Metropolitano Norte,Centro de Salud Familiar Marta Ugarte Román,Quilicura,MENORES CONTROLADOS,201091,13125,09
2796,5,9,201091,A0200001,13,13125,17,21,12,Servicio de Salud Metropolitano Norte,Centro de Salud Familiar Marta Ugarte Román,Quilicura,MENORES CONTROLADOS,201091,13125,09
2797,1,9,109715,A0200002,13,13125,0,3,0,Servicio de Salud Metropolitano Norte,Centro Comunitario de Salud Familiar Pucara de Lasana,Quilicura,LACTANCIA MATERNA EXCLUSIVA,109715,13125,09
2798,1,9,109715,A0200001,13,13125,,5,0,Servicio de Salud Metropolitano Norte,Centro Comunitario de Salud Familiar Pucara de Lasana,Quilicura,MENORES CONTROLADOS,109715,13125,09
2799,4,9,109715,A0200002,13,13125,1,6,2,Servicio de Salud Metropolitano Norte,Centro Comunitario de Salud Familiar Pucara de Lasana,Quilicura,LACTANCIA MATERNA EXCLUSIVA,109715,13125,09
2800,4,9,109715,A0200001,13,13125,1,6,3,Servicio de Salud Metropolitano Norte,Centro Comunitario de Salud Familiar Pucara de Lasana,Quilicura,MENORES CONTROLADOS,109715,13125,09
2801,5,9,109715,A0200002,13,13125,1,0,1,Servicio de Salud Metropolitano Norte,Centro Comunitario de Salud Familiar Pucara de Lasana,Quilicura,LACTANCIA MATERNA EXCLUSIVA,109715,13125,09
2802,5,9,109715,A0200001,13,13125,1,2,2,Servicio de Salud Metropolitano Norte,Centro Comunitario de Salud Familiar Pucara de Lasana,Quilicura,MENORES CONTROLADOS,109715,13125,09
2803,7,9,109715,A0200002,13,13125,4,3,2,Servicio de Salud Metropolitano Norte,Centro Comunitario de Salud Familiar Pucara de Lasana,Quilicura,LACTANCIA MATERNA EXCLUSIVA,109715,13125,09
2804,7,9,109715,A0200001,13,13125,4,3,3,Servicio de Salud Metropolitano Norte,Centro Comunitario de Salud Familiar Pucara de Lasana,Quilicura,MENORES CONTROLADOS,109715,13125,09
2805,2,9,109715,A0200002,13,13125,1,0,2,Servicio de Salud Metropolitano Norte,Centro Comunitario de Salud Familiar Pucara de Lasana,Quilicura,LACTANCIA MATERNA EXCLUSIVA,109715,13125,09
2806,2,9,109715,A0200001,13,13125,1,3,3,Servicio de Salud Metropolitano Norte,Centro Comunitario de Salud Familiar Pucara de Lasana,Quilicura,MENORES CONTROLADOS,109715,13125,09
2807,3,9,109715,A0200002,13,13125,1,3,0,Servicio de Salud Metropolitano Norte,Centro Comunitario de Salud Familiar Pucara de Lasana,Quilicura,LACTANCIA MATERNA EXCLUSIVA,109715,13125,09
2808,3,9,109715,A0200001,13,13125,1,3,1,Servicio de Salud Metropolitano Norte,Centro Comunitario de Salud Familiar Pucara de Lasana,Quilicura,MENORES CONTROLADOS,109715,13125,09
2809,6,9,109715,A0200002,13,13125,4,3,0,Servicio de Salud Metropolitano Norte,Centro Comunitario de Salud Familiar Pucara de Lasana,Quilicura,LACTANCIA MATERNA EXCLUSIVA,109715,13125,09
2810,6,9,109715,A0200001,13,13125,4,3,0,Servicio de Salud Metropolitano Norte,Centro Comunitario de Salud Familiar Pucara de Lasana,Quilicura,MENORES CONTROLADOS,109715,13125,09
2811,8,9,109715,A0200002,13,13125,3,1,2,Servicio de Salud Metropolitano Norte,Centro Comunitario de Salud Familiar Pucara de Lasana,Quilicura,LACTANCIA MATERNA EXCLUSIVA,109715,13125,09
2812,8,9,109715,A0200001,13,13125,3,1,4,Servicio de Salud Metropolitano Norte,Centro Comunitario de Salud Familiar Pucara de Lasana,Quilicura,MENORES CONTROLADOS,109715,13125,09
2813,3,9,109315,A0200001,13,13125,14,12,9,Servicio de Salud Metropolitano Norte,Centro de Salud Familiar Manuel Bustos Huerta,Quilicura,MENORES CONTROLADOS,109315,13125,09
2814,7,9,109315,A0200002,13,13125,10,10,7,Servicio de Salud Metropolitano Norte,Centro de Salud Familiar Manuel Bustos Huerta,Quilicura,LACTANCIA MATERNA EXCLUSIVA,109315,13125,09
2815,7,9,109315,A0200001,13,13125,18,17,10,Servicio de Salud Metropolitano Norte,Centro de Salud Familiar Manuel Bustos Huerta,Quilicura,MENORES CONTROLADOS,109315,13125,09
2816,5,9,109315,A0200002,13,13125,13,9,5,Servicio de Salud Metropolitano Norte,Centro de Salud Familiar Manuel Bustos Huerta,Quilicura,LACTANCIA MATERNA EXCLUSIVA,109315,13125,09
2817,5,9,109315,A0200001,13,13125,22,16,11,Servicio de Salud Metropolitano Norte,Centro de Salud Familiar Manuel Bustos Huerta,Quilicura,MENORES CONTROLADOS,109315,13125,09
2818,2,9,109315,A0200001,13,13125,14,15,16,Servicio de Salud Metropolitano Norte,Centro de Salud Familiar Manuel Bustos Huerta,Quilicura,MENORES CONTROLADOS,109315,13125,09
2819,2,9,109315,A0200002,13,13125,10,7,6,Servicio de Salud Metropolitano Norte,Centro de Salud Familiar Manuel Bustos Huerta,Quilicura,LACTANCIA MATERNA EXCLUSIVA,109315,13125,09
2820,1,9,109315,A0200001,13,13125,10,16,13,Servicio de Salud Metropolitano Norte,Centro de Salud Familiar Manuel Bustos Huerta,Quilicura,MENORES CONTROLADOS,109315,13125,09
2821,8,9,109315,A0200002,13,13125,7,10,8,Servicio de Salud Metropolitano Norte,Centro de Salud Familiar Manuel Bustos Huerta,Quilicura,LACTANCIA MATERNA EXCLUSIVA,109315,13125,09
2822,8,9,109315,A0200001,13,13125,13,18,15,Servicio de Salud Metropolitano Norte,Centro de Salud Familiar Manuel Bustos Huerta,Quilicura,MENORES CONTROLADOS,109315,13125,09
2823,3,9,109315,A0200002,13,13125,8,5,6,Servicio de Salud Metropolitano Norte,Centro de Salud Familiar Manuel Bustos Huerta,Quilicura,LACTANCIA MATERNA EXCLUSIVA,109315,13125,09
2824,6,9,109315,A0200002,13,13125,9,8,6,Servicio de Salud Metropolitano Norte,Centro de Salud Familiar Manuel Bustos Huerta,Quilicura,LACTANCIA MATERNA EXCLUSIVA,109315,13125,09
2825,6,9,109315,A0200001,13,13125,16,17,9,Servicio de Salud Metropolitano Norte,Centro de Salud Familiar Manuel Bustos Huerta,Quilicura,MENORES CONTROLADOS,109315,13125,09
2826,4,9,109315,A0200002,13,13125,7,10,4,Servicio de Salud Metropolitano Norte,Centro de Salud Familiar Manuel Bustos Huerta,Quilicura,LACTANCIA MATERNA EXCLUSIVA,109315,13125,09
2827,4,9,109315,A0200001,13,13125,16,17,9,Servicio de Salud Metropolitano Norte,Centro de Salud Familiar Manuel Bustos Huerta,Quilicura,MENORES CONTROLADOS,109315,13125,09
2828,1,9,109315,A0200002,13,13125,4,7,8,Servicio de Salud Metropolitano Norte,Centro de Salud Familiar Manuel Bustos Huerta,Quilicura,LACTANCIA MATERNA EXCLUSIVA,109315,13125,09
2829,3,9,200304,A0200002,13,13125,2,4,2,Servicio de Salud Metropolitano Norte,Centro Comunitario de Salud Familiar Beato Padre Hurtado,Quilicura,LACTANCIA MATERNA EXCLUSIVA,200304,13125,09
2830,3,9,200304,A0200001,13,13125,2,5,2,Servicio de Salud Metropolitano Norte,Centro Comunitario de Salud Familiar Beato Padre Hurtado,Quilicura,MENORES CONTROLADOS,200304,13125,09
2831,1,9,200304,A0200002,13,13125,5,0,3,Servicio de Salud Metropolitano Norte,Centro Comunitario de Salud Familiar Beato Padre Hurtado,Quilicura,LACTANCIA MATERNA EXCLUSIVA,200304,13125,09
2832,1,9,200304,A0200001,13,13125,6,0,3,Servicio de Salud Metropolitano Norte,Centro Comunitario de Salud Familiar Beato Padre Hurtado,Quilicura,MENORES CONTROLADOS,200304,13125,09
2833,4,9,200304,A0200002,13,13125,2,2,1,Servicio de Salud Metropolitano Norte,Centro Comunitario de Salud Familiar Beato Padre Hurtado,Quilicura,LACTANCIA MATERNA EXCLUSIVA,200304,13125,09
2834,4,9,200304,A0200001,13,13125,3,5,2,Servicio de Salud Metropolitano Norte,Centro Comunitario de Salud Familiar Beato Padre Hurtado,Quilicura,MENORES CONTROLADOS,200304,13125,09
2835,8,9,200304,A0200002,13,13125,2,0,1,Servicio de Salud Metropolitano Norte,Centro Comunitario de Salud Familiar Beato Padre Hurtado,Quilicura,LACTANCIA MATERNA EXCLUSIVA,200304,13125,09
2836,8,9,200304,A0200001,13,13125,4,2,4,Servicio de Salud Metropolitano Norte,Centro Comunitario de Salud Familiar Beato Padre Hurtado,Quilicura,MENORES CONTROLADOS,200304,13125,09
2837,5,9,200304,A0200002,13,13125,1,1,1,Servicio de Salud Metropolitano Norte,Centro Comunitario de Salud Familiar Beato Padre Hurtado,Quilicura,LACTANCIA MATERNA EXCLUSIVA,200304,13125,09
2838,5,9,200304,A0200001,13,13125,1,1,1,Servicio de Salud Metropolitano Norte,Centro Comunitario de Salud Familiar Beato Padre Hurtado,Quilicura,MENORES CONTROLADOS,200304,13125,09
2839,6,9,200304,A0200002,13,13125,2,1,3,Servicio de Salud Metropolitano Norte,Centro Comunitario de Salud Familiar Beato Padre Hurtado,Quilicura,LACTANCIA MATERNA EXCLUSIVA,200304,13125,09
2840,6,9,200304,A0200001,13,13125,2,2,4,Servicio de Salud Metropolitano Norte,Centro Comunitario de Salud Familiar Beato Padre Hurtado,Quilicura,MENORES CONTROLADOS,200304,13125,09
2841,2,9,200304,A0200002,13,13125,0,1,0,Servicio de Salud Metropolitano Norte,Centro Comunitario de Salud Familiar Beato Padre Hurtado,Quilicura,LACTANCIA MATERNA EXCLUSIVA,200304,13125,09
2842,2,9,200304,A0200001,13,13125,2,1,0,Servicio de Salud Metropolitano Norte,Centro Comunitario de Salud Familiar Beato Padre Hurtado,Quilicura,MENORES CONTROLADOS,200304,13125,09
2843,7,9,200304,A0200002,13,13125,2,2,3,Servicio de Salud Metropolitano Norte,Centro Comunitario de Salud Familiar Beato Padre Hurtado,Quilicura,LACTANCIA MATERNA EXCLUSIVA,200304,13125,09
2844,7,9,200304,A0200001,13,13125,2,4,4,Servicio de Salud Metropolitano Norte,Centro Comunitario de Salud Familiar Beato Padre Hurtado,Quilicura,MENORES CONTROLADOS,200304,13125,09
2845,4,9,109324,A0200002,13,13125,20,20,15,Servicio de Salud Metropolitano Norte,Centro de Salud Familiar Presidente Salvador Allende Gossens,Quilicura,LACTANCIA MATERNA EXCLUSIVA,109324,13125,09
2846,4,9,109324,A0200001,13,13125,32,35,27,Servicio de Salud Metropolitano Norte,Centro de Salud Familiar Presidente Salvador Allende Gossens,Quilicura,MENORES CONTROLADOS,109324,13125,09
2847,1,9,109324,A0200002,13,13125,19,12,8,Servicio de Salud Metropolitano Norte,Centro de Salud Familiar Presidente Salvador Allende Gossens,Quilicura,LACTANCIA MATERNA EXCLUSIVA,109324,13125,09
2848,1,9,109324,A0200001,13,13125,34,25,18,Servicio de Salud Metropolitano Norte,Centro de Salud Familiar Presidente Salvador Allende Gossens,Quilicura,MENORES CONTROLADOS,109324,13125,09
2849,2,9,109313,A0200001,13,13125,23,23,20,Servicio de Salud Metropolitano Norte,Centro de Salud Familiar Irene Frei de Cid,Quilicura,MENORES CONTROLADOS,109313,13125,09
2850,2,9,109313,A0200002,13,13125,16,16,9,Servicio de Salud Metropolitano Norte,Centro de Salud Familiar Irene Frei de Cid,Quilicura,LACTANCIA MATERNA EXCLUSIVA,109313,13125,09
2851,1,9,109313,A0200002,13,13125,16,17,12,Servicio de Salud Metropolitano Norte,Centro de Salud Familiar Irene Frei de Cid,Quilicura,LACTANCIA MATERNA EXCLUSIVA,109313,13125,09
2852,1,9,109313,A0200001,13,13125,23,25,20,Servicio de Salud Metropolitano Norte,Centro de Salud Familiar Irene Frei de Cid,Quilicura,MENORES CONTROLADOS,109313,13125,09
2853,2,9,109324,A0200002,13,13125,17,21,9,Servicio de Salud Metropolitano Norte,Centro de Salud Familiar Presidente Salvador Allende Gossens,Quilicura,LACTANCIA MATERNA EXCLUSIVA,109324,13125,09
2854,2,9,109324,A0200001,13,13125,31,30,22,Servicio de Salud Metropolitano Norte,Centro de Salud Familiar Presidente Salvador Allende Gossens,Quilicura,MENORES CONTROLADOS,109324,13125,09
2855,6,9,109324,A0200002,13,13125,17,18,9,Servicio de Salud Metropolitano Norte,Centro de Salud Familiar Presidente Salvador Allende Gossens,Quilicura,LACTANCIA MATERNA EXCLUSIVA,109324,13125,09
2856,6,9,109324,A0200001,13,13125,30,27,26,Servicio de Salud Metropolitano Norte,Centro de Salud Familiar Presidente Salvador Allende Gossens,Quilicura,MENORES CONTROLADOS,109324,13125,09
2857,3,9,109313,A0200002,13,13125,18,21,15,Servicio de Salud Metropolitano Norte,Centro de Salud Familiar Irene Frei de Cid,Quilicura,LACTANCIA MATERNA EXCLUSIVA,109313,13125,09
2858,3,9,109313,A0200001,13,13125,25,27,27,Servicio de Salud Metropolitano Norte,Centro de Salud Familiar Irene Frei de Cid,Quilicura,MENORES CONTROLADOS,109313,13125,09
2859,6,9,109313,A0200002,13,13125,18,16,16,Servicio de Salud Metropolitano Norte,Centro de Salud Familiar Irene Frei de Cid,Quilicura,LACTANCIA MATERNA EXCLUSIVA,109313,13125,09
2860,6,9,109313,A0200001,13,13125,24,24,25,Servicio de Salud Metropolitano Norte,Centro de Salud Familiar Irene Frei de Cid,Quilicura,MENORES CONTROLADOS,109313,13125,09
2861,5,9,109313,A0200002,13,13125,18,15,10,Servicio de Salud Metropolitano Norte,Centro de Salud Familiar Irene Frei de Cid,Quilicura,LACTANCIA MATERNA EXCLUSIVA,109313,13125,09
2862,5,9,109313,A0200001,13,13125,28,25,16,Servicio de Salud Metropolitano Norte,Centro de Salud Familiar Irene Frei de Cid,Quilicura,MENORES CONTROLADOS,109313,13125,09
2863,3,9,109324,A0200002,13,13125,19,21,9,Servicio de Salud Metropolitano Norte,Centro de Salud Familiar Presidente Salvador Allende Gossens,Quilicura,LACTANCIA MATERNA EXCLUSIVA,109324,13125,09
2864,3,9,109324,A0200001,13,13125,31,34,19,Servicio de Salud Metropolitano Norte,Centro de Salud Familiar Presidente Salvador Allende Gossens,Quilicura,MENORES CONTROLADOS,109324,13125,09
2865,5,9,109324,A0200002,13,13125,17,14,17,Servicio de Salud Metropolitano Norte,Centro de Salud Familiar Presidente Salvador Allende Gossens,Quilicura,LACTANCIA MATERNA EXCLUSIVA,109324,13125,09
2866,5,9,109324,A0200001,13,13125,27,28,28,Servicio de Salud Metropolitano Norte,Centro de Salud Familiar Presidente Salvador Allende Gossens,Quilicura,MENORES CONTROLADOS,109324,13125,09
2867,4,9,109313,A0200002,13,13125,16,26,13,Servicio de Salud Metropolitano Norte,Centro de Salud Familiar Irene Frei de Cid,Quilicura,LACTANCIA MATERNA EXCLUSIVA,109313,13125,09
2868,4,9,109313,A0200001,13,13125,26,34,18,Servicio de Salud Metropolitano Norte,Centro de Salud Familiar Irene Frei de Cid,Quilicura,MENORES CONTROLADOS,109313,13125,09
2869,8,9,109324,A0200002,13,13125,14,19,15,Servicio de Salud Metropolitano Norte,Centro de Salud Familiar Presidente Salvador Allende Gossens,Quilicura,LACTANCIA MATERNA EXCLUSIVA,109324,13125,09
2870,8,9,109324,A0200001,13,13125,29,31,31,Servicio de Salud Metropolitano Norte,Centro de Salud Familiar Presidente Salvador Allende Gossens,Quilicura,MENORES CONTROLADOS,109324,13125,09
2871,8,9,109313,A0200002,13,13125,19,21,17,Servicio de Salud Metropolitano Norte,Centro de Salud Familiar Irene Frei de Cid,Quilicura,LACTANCIA MATERNA EXCLUSIVA,109313,13125,09
2872,8,9,109313,A0200001,13,13125,25,28,27,Servicio de Salud Metropolitano Norte,Centro de Salud Familiar Irene Frei de Cid,Quilicura,MENORES CONTROLADOS,109313,13125,09
2873,7,9,109324,A0200002,13,13125,20,14,22,Servicio de Salud Metropolitano Norte,Centro de Salud Familiar Presidente Salvador Allende Gossens,Quilicura,LACTANCIA MATERNA EXCLUSIVA,109324,13125,09
2874,7,9,109324,A0200001,13,13125,28,28,38,Servicio de Salud Metropolitano Norte,Centro de Salud Familiar Presidente Salvador Allende Gossens,Quilicura,MENORES CONTROLADOS,109324,13125,09
2875,7,9,109313,A0200002,13,13125,12,15,22,Servicio de Salud Metropolitano Norte,Centro de Salud Familiar Irene Frei de Cid,Quilicura,LACTANCIA MATERNA EXCLUSIVA,109313,13125,09
2876,7,9,109313,A0200001,13,13125,20,32,35,Servicio de Salud Metropolitano Norte,Centro de Salud Familiar Irene Frei de Cid,Quilicura,MENORES CONTROLADOS,109313,13125,09
2877,5,9,109713,A0200002,13,13125,2,2,,Servicio de Salud Metropolitano Norte,Centro Comunitario de Salud Familiar La Foresta,Quilicura,LACTANCIA MATERNA EXCLUSIVA,109713,13125,09
2878,5,9,109713,A0200001,13,13125,3,3,1,Servicio de Salud Metropolitano Norte,Centro Comunitario de Salud Familiar La Foresta,Quilicura,MENORES CONTROLADOS,109713,13125,09
2879,2,9,109713,A0200002,13,13125,1,,1,Servicio de Salud Metropolitano Norte,Centro Comunitario de Salud Familiar La Foresta,Quilicura,LACTANCIA MATERNA EXCLUSIVA,109713,13125,09
2880,2,9,109713,A0200001,13,13125,2,,2,Servicio de Salud Metropolitano Norte,Centro Comunitario de Salud Familiar La Foresta,Quilicura,MENORES CONTROLADOS,109713,13125,09
2881,7,9,109713,A0200001,13,13125,3,2,2,Servicio de Salud Metropolitano Norte,Centro Comunitario de Salud Familiar La Foresta,Quilicura,MENORES CONTROLADOS,109713,13125,09
2882,7,9,109713,A0200002,13,13125,2,1,,Servicio de Salud Metropolitano Norte,Centro Comunitario de Salud Familiar La Foresta,Quilicura,LACTANCIA MATERNA EXCLUSIVA,109713,13125,09
2883,1,9,109713,A0200001,13,13125,3,2,1,Servicio de Salud Metropolitano Norte,Centro Comunitario de Salud Familiar La Foresta,Quilicura,MENORES CONTROLADOS,109713,13125,09
2884,1,9,109713,A0200002,13,13125,2,2,1,Servicio de Salud Metropolitano Norte,Centro Comunitario de Salud Familiar La Foresta,Quilicura,LACTANCIA MATERNA EXCLUSIVA,109713,13125,09
2885,4,9,109713,A0200002,13,13125,1,1,1,Servicio de Salud Metropolitano Norte,Centro Comunitario de Salud Familiar La Foresta,Quilicura,LACTANCIA MATERNA EXCLUSIVA,109713,13125,09
2886,4,9,109713,A0200001,13,13125,1,2,1,Servicio de Salud Metropolitano Norte,Centro Comunitario de Salud Familiar La Foresta,Quilicura,MENORES CONTROLADOS,109713,13125,09
2887,6,9,109713,A0200002,13,13125,,1,4,Servicio de Salud Metropolitano Norte,Centro Comunitario de Salud Familiar La Foresta,Quilicura,LACTANCIA MATERNA EXCLUSIVA,109713,13125,09
2888,6,9,109713,A0200001,13,13125,,1,6,Servicio de Salud Metropolitano Norte,Centro Comunitario de Salud Familiar La Foresta,Quilicura,MENORES CONTROLADOS,109713,13125,09
2889,3,9,109713,A0200002,13,13125,3,3,,Servicio de Salud Metropolitano Norte,Centro Comunitario de Salud Familiar La Foresta,Quilicura,LACTANCIA MATERNA EXCLUSIVA,109713,13125,09
2890,3,9,109713,A0200001,13,13125,4,5,1,Servicio de Salud Metropolitano Norte,Centro Comunitario de Salud Familiar La Foresta,Quilicura,MENORES CONTROLADOS,109713,13125,09
2891,8,9,109713,A0200002,13,13125,2,1,1,Servicio de Salud Metropolitano Norte,Centro Comunitario de Salud Familiar La Foresta,Quilicura,LACTANCIA MATERNA EXCLUSIVA,109713,13125,09
2892,8,9,109713,A0200001,13,13125,3,1,2,Servicio de Salud Metropolitano Norte,Centro Comunitario de Salud Familiar La Foresta,Quilicura,MENORES CONTROLADOS,109713,13125,09
2893,6,9,109304,A0200002,13,13127,5,2,3,Servicio de Salud Metropolitano Norte,Centro de Salud Familiar Valdivieso,Recoleta,LACTANCIA MATERNA EXCLUSIVA,109304,13127,09
2894,6,9,109304,A0200001,13,13127,6,2,5,Servicio de Salud Metropolitano Norte,Centro de Salud Familiar Valdivieso,Recoleta,MENORES CONTROLADOS,109304,13127,09
2895,2,9,109304,A0200002,13,13127,6,4,4,Servicio de Salud Metropolitano Norte,Centro de Salud Familiar Valdivieso,Recoleta,LACTANCIA MATERNA EXCLUSIVA,109304,13127,09
2896,2,9,109304,A0200001,13,13127,9,5,8,Servicio de Salud Metropolitano Norte,Centro de Salud Familiar Valdivieso,Recoleta,MENORES CONTROLADOS,109304,13127,09
2897,1,9,109307,A0200002,13,13127,3,4,5,Servicio de Salud Metropolitano Norte,Centro de Salud Familiar Dr. Juan Petrinovic (Ex Scroggie),Recoleta,LACTANCIA MATERNA EXCLUSIVA,109307,13127,09
2898,1,9,109307,A0200001,13,13127,6,11,12,Servicio de Salud Metropolitano Norte,Centro de Salud Familiar Dr. Juan Petrinovic (Ex Scroggie),Recoleta,MENORES CONTROLADOS,109307,13127,09
2899,4,9,109304,A0200002,13,13127,3,5,4,Servicio de Salud Metropolitano Norte,Centro de Salud Familiar Valdivieso,Recoleta,LACTANCIA MATERNA EXCLUSIVA,109304,13127,09
2900,2,9,109307,A0200002,13,13127,3,8,3,Servicio de Salud Metropolitano Norte,Centro de Salud Familiar Dr. Juan Petrinovic (Ex Scroggie),Recoleta,LACTANCIA MATERNA EXCLUSIVA,109307,13127,09
2901,4,9,109304,A0200001,13,13127,3,11,8,Servicio de Salud Metropolitano Norte,Centro de Salud Familiar Valdivieso,Recoleta,MENORES CONTROLADOS,109304,13127,09
2902,2,9,109307,A0200001,13,13127,9,12,8,Servicio de Salud Metropolitano Norte,Centro de Salud Familiar Dr. Juan Petrinovic (Ex Scroggie),Recoleta,MENORES CONTROLADOS,109307,13127,09
2903,3,9,109304,A0200002,13,13127,7,7,7,Servicio de Salud Metropolitano Norte,Centro de Salud Familiar Valdivieso,Recoleta,LACTANCIA MATERNA EXCLUSIVA,109304,13127,09
2904,3,9,109304,A0200001,13,13127,8,10,14,Servicio de Salud Metropolitano Norte,Centro de Salud Familiar Valdivieso,Recoleta,MENORES CONTROLADOS,109304,13127,09
2905,1,9,109304,A0200002,13,13127,4,2,2,Servicio de Salud Metropolitano Norte,Centro de Salud Familiar Valdivieso,Recoleta,LACTANCIA MATERNA EXCLUSIVA,109304,13127,09
2906,1,9,109304,A0200001,13,13127,4,3,2,Servicio de Salud Metropolitano Norte,Centro de Salud Familiar Valdivieso,Recoleta,MENORES CONTROLADOS,109304,13127,09
2907,8,9,109304,A0200002,13,13127,4,3,3,Servicio de Salud Metropolitano Norte,Centro de Salud Familiar Valdivieso,Recoleta,LACTANCIA MATERNA EXCLUSIVA,109304,13127,09
2908,8,9,109304,A0200001,13,13127,7,5,5,Servicio de Salud Metropolitano Norte,Centro de Salud Familiar Valdivieso,Recoleta,MENORES CONTROLADOS,109304,13127,09
2909,8,9,109307,A0200002,13,13127,4,5,5,Servicio de Salud Metropolitano Norte,Centro de Salud Familiar Dr. Juan Petrinovic (Ex Scroggie),Recoleta,LACTANCIA MATERNA EXCLUSIVA,109307,13127,09
2910,8,9,109307,A0200001,13,13127,13,9,11,Servicio de Salud Metropolitano Norte,Centro de Salud Familiar Dr. Juan Petrinovic (Ex Scroggie),Recoleta,MENORES CONTROLADOS,109307,13127,09
2911,5,9,109307,A0200002,13,13127,9,4,6,Servicio de Salud Metropolitano Norte,Centro de Salud Familiar Dr. Juan Petrinovic (Ex Scroggie),Recoleta,LACTANCIA MATERNA EXCLUSIVA,109307,13127,09
2912,5,9,109307,A0200001,13,13127,15,14,10,Servicio de Salud Metropolitano Norte,Centro de Salud Familiar Dr. Juan Petrinovic (Ex Scroggie),Recoleta,MENORES CONTROLADOS,109307,13127,09
2913,4,9,109307,A0200002,13,13127,4,7,6,Servicio de Salud Metropolitano Norte,Centro de Salud Familiar Dr. Juan Petrinovic (Ex Scroggie),Recoleta,LACTANCIA MATERNA EXCLUSIVA,109307,13127,09
2914,4,9,109307,A0200001,13,13127,10,11,12,Servicio de Salud Metropolitano Norte,Centro de Salud Familiar Dr. Juan Petrinovic (Ex Scroggie),Recoleta,MENORES CONTROLADOS,109307,13127,09
2915,5,9,109304,A0200002,13,13127,6,1,4,Servicio de Salud Metropolitano Norte,Centro de Salud Familiar Valdivieso,Recoleta,LACTANCIA MATERNA EXCLUSIVA,109304,13127,09
2916,5,9,109304,A0200001,13,13127,7,2,6,Servicio de Salud Metropolitano Norte,Centro de Salud Familiar Valdivieso,Recoleta,MENORES CONTROLADOS,109304,13127,09
2917,7,9,109304,A0200002,13,13127,6,6,3,Servicio de Salud Metropolitano Norte,Centro de Salud Familiar Valdivieso,Recoleta,LACTANCIA MATERNA EXCLUSIVA,109304,13127,09
2918,7,9,109304,A0200001,13,13127,11,8,7,Servicio de Salud Metropolitano Norte,Centro de Salud Familiar Valdivieso,Recoleta,MENORES CONTROLADOS,109304,13127,09
2919,7,9,109307,A0200002,13,13127,7,11,9,Servicio de Salud Metropolitano Norte,Centro de Salud Familiar Dr. Juan Petrinovic (Ex Scroggie),Recoleta,LACTANCIA MATERNA EXCLUSIVA,109307,13127,09
2920,7,9,109307,A0200001,13,13127,15,17,15,Servicio de Salud Metropolitano Norte,Centro de Salud Familiar Dr. Juan Petrinovic (Ex Scroggie),Recoleta,MENORES CONTROLADOS,109307,13127,09
2921,6,9,109307,A0200002,13,13127,8,2,5,Servicio de Salud Metropolitano Norte,Centro de Salud Familiar Dr. Juan Petrinovic (Ex Scroggie),Recoleta,LACTANCIA MATERNA EXCLUSIVA,109307,13127,09
2922,6,9,109307,A0200001,13,13127,15,11,8,Servicio de Salud Metropolitano Norte,Centro de Salud Familiar Dr. Juan Petrinovic (Ex Scroggie),Recoleta,MENORES CONTROLADOS,109307,13127,09
2923,3,9,109307,A0200002,13,13127,8,7,10,Servicio de Salud Metropolitano Norte,Centro de Salud Familiar Dr. Juan Petrinovic (Ex Scroggie),Recoleta,LACTANCIA MATERNA EXCLUSIVA,109307,13127,09
2924,3,9,109307,A0200001,13,13127,16,11,18,Servicio de Salud Metropolitano Norte,Centro de Salud Familiar Dr. Juan Petrinovic (Ex Scroggie),Recoleta,MENORES CONTROLADOS,109307,13127,09
2925,2,9,109390,A0200002,13,13127,6,8,6,Servicio de Salud Metropolitano Norte,Centro de Salud Familiar Cristo Vive (ONG),Recoleta,LACTANCIA MATERNA EXCLUSIVA,109390,13127,09
2926,2,9,109390,A0200001,13,13127,13,13,12,Servicio de Salud Metropolitano Norte,Centro de Salud Familiar Cristo Vive (ONG),Recoleta,MENORES CONTROLADOS,109390,13127,09
2927,2,9,109301,A0200002,13,13127,11,15,4,Servicio de Salud Metropolitano Norte,Centro de Salud Familiar Recoleta,Recoleta,LACTANCIA MATERNA EXCLUSIVA,109301,13127,09
2928,3,9,109390,A0200001,13,13127,12,12,4,Servicio de Salud Metropolitano Norte,Centro de Salud Familiar Cristo Vive (ONG),Recoleta,MENORES CONTROLADOS,109390,13127,09
2929,1,9,109301,A0200001,13,13127,36,10,32,Servicio de Salud Metropolitano Norte,Centro de Salud Familiar Recoleta,Recoleta,MENORES CONTROLADOS,109301,13127,09
2930,3,9,109390,A0200002,13,13127,8,6,4,Servicio de Salud Metropolitano Norte,Centro de Salud Familiar Cristo Vive (ONG),Recoleta,LACTANCIA MATERNA EXCLUSIVA,109390,13127,09
2931,7,9,109301,A0200002,13,13127,12,20,11,Servicio de Salud Metropolitano Norte,Centro de Salud Familiar Recoleta,Recoleta,LACTANCIA MATERNA EXCLUSIVA,109301,13127,09
2932,7,9,109301,A0200001,13,13127,16,26,20,Servicio de Salud Metropolitano Norte,Centro de Salud Familiar Recoleta,Recoleta,MENORES CONTROLADOS,109301,13127,09
2933,1,9,109301,A0200002,13,13127,22,5,12,Servicio de Salud Metropolitano Norte,Centro de Salud Familiar Recoleta,Recoleta,LACTANCIA MATERNA EXCLUSIVA,109301,13127,09
2934,2,9,109301,A0200001,13,13127,15,25,17,Servicio de Salud Metropolitano Norte,Centro de Salud Familiar Recoleta,Recoleta,MENORES CONTROLADOS,109301,13127,09
2935,5,9,109303,A0200002,13,13127,7,9,3,Servicio de Salud Metropolitano Norte,Centro de Salud Familiar Quinta Bella,Recoleta,LACTANCIA MATERNA EXCLUSIVA,109303,13127,09
2936,5,9,109303,A0200001,13,13127,13,19,14,Servicio de Salud Metropolitano Norte,Centro de Salud Familiar Quinta Bella,Recoleta,MENORES CONTROLADOS,109303,13127,09
2937,6,9,109301,A0200002,13,13127,11,17,11,Servicio de Salud Metropolitano Norte,Centro de Salud Familiar Recoleta,Recoleta,LACTANCIA MATERNA EXCLUSIVA,109301,13127,09
2938,6,9,109301,A0200001,13,13127,16,22,17,Servicio de Salud Metropolitano Norte,Centro de Salud Familiar Recoleta,Recoleta,MENORES CONTROLADOS,109301,13127,09
2939,3,9,109303,A0200002,13,13127,5,4,6,Servicio de Salud Metropolitano Norte,Centro de Salud Familiar Quinta Bella,Recoleta,LACTANCIA MATERNA EXCLUSIVA,109303,13127,09
2940,3,9,109303,A0200001,13,13127,19,9,13,Servicio de Salud Metropolitano Norte,Centro de Salud Familiar Quinta Bella,Recoleta,MENORES CONTROLADOS,109303,13127,09
2941,4,9,109303,A0200001,13,13127,22,14,9,Servicio de Salud Metropolitano Norte,Centro de Salud Familiar Quinta Bella,Recoleta,MENORES CONTROLADOS,109303,13127,09
2942,4,9,109301,A0200002,13,13127,15,17,5,Servicio de Salud Metropolitano Norte,Centro de Salud Familiar Recoleta,Recoleta,LACTANCIA MATERNA EXCLUSIVA,109301,13127,09
2943,4,9,109301,A0200001,13,13127,19,23,9,Servicio de Salud Metropolitano Norte,Centro de Salud Familiar Recoleta,Recoleta,MENORES CONTROLADOS,109301,13127,09
2944,6,9,109390,A0200002,13,13127,6,3,4,Servicio de Salud Metropolitano Norte,Centro de Salud Familiar Cristo Vive (ONG),Recoleta,LACTANCIA MATERNA EXCLUSIVA,109390,13127,09
2945,6,9,109390,A0200001,13,13127,7,12,5,Servicio de Salud Metropolitano Norte,Centro de Salud Familiar Cristo Vive (ONG),Recoleta,MENORES CONTROLADOS,109390,13127,09
2946,3,9,109301,A0200002,13,13127,19,14,9,Servicio de Salud Metropolitano Norte,Centro de Salud Familiar Recoleta,Recoleta,LACTANCIA MATERNA EXCLUSIVA,109301,13127,09
2947,3,9,109301,A0200001,13,13127,28,21,20,Servicio de Salud Metropolitano Norte,Centro de Salud Familiar Recoleta,Recoleta,MENORES CONTROLADOS,109301,13127,09
2948,6,9,109303,A0200001,13,13127,19,22,16,Servicio de Salud Metropolitano Norte,Centro de Salud Familiar Quinta Bella,Recoleta,MENORES CONTROLADOS,109303,13127,09
2949,6,9,109303,A0200002,13,13127,9,13,8,Servicio de Salud Metropolitano Norte,Centro de Salud Familiar Quinta Bella,Recoleta,LACTANCIA MATERNA EXCLUSIVA,109303,13127,09
2950,1,9,109303,A0200002,13,13127,6,5,4,Servicio de Salud Metropolitano Norte,Centro de Salud Familiar Quinta Bella,Recoleta,LACTANCIA MATERNA EXCLUSIVA,109303,13127,09
2951,1,9,109303,A0200001,13,13127,,,13,Servicio de Salud Metropolitano Norte,Centro de Salud Familiar Quinta Bella,Recoleta,MENORES CONTROLADOS,109303,13127,09
2952,1,9,109390,A0200001,13,13127,7,12,6,Servicio de Salud Metropolitano Norte,Centro de Salud Familiar Cristo Vive (ONG),Recoleta,MENORES CONTROLADOS,109390,13127,09
2953,2,9,109303,A0200002,13,13127,8,5,12,Servicio de Salud Metropolitano Norte,Centro de Salud Familiar Quinta Bella,Recoleta,LACTANCIA MATERNA EXCLUSIVA,109303,13127,09
2954,2,9,109303,A0200001,13,13127,16,12,17,Servicio de Salud Metropolitano Norte,Centro de Salud Familiar Quinta Bella,Recoleta,MENORES CONTROLADOS,109303,13127,09
2955,5,9,109301,A0200002,13,13127,17,12,19,Servicio de Salud Metropolitano Norte,Centro de Salud Familiar Recoleta,Recoleta,LACTANCIA MATERNA EXCLUSIVA,109301,13127,09
2956,5,9,109301,A0200001,13,13127,20,18,41,Servicio de Salud Metropolitano Norte,Centro de Salud Familiar Recoleta,Recoleta,MENORES CONTROLADOS,109301,13127,09
2957,7,9,109390,A0200002,13,13127,3,10,5,Servicio de Salud Metropolitano Norte,Centro de Salud Familiar Cristo Vive (ONG),Recoleta,LACTANCIA MATERNA EXCLUSIVA,109390,13127,09
2958,7,9,109390,A0200001,13,13127,13,25,10,Servicio de Salud Metropolitano Norte,Centro de Salud Familiar Cristo Vive (ONG),Recoleta,MENORES CONTROLADOS,109390,13127,09
2959,7,9,109303,A0200002,13,13127,10,5,11,Servicio de Salud Metropolitano Norte,Centro de Salud Familiar Quinta Bella,Recoleta,LACTANCIA MATERNA EXCLUSIVA,109303,13127,09
2960,7,9,109303,A0200001,13,13127,18,12,17,Servicio de Salud Metropolitano Norte,Centro de Salud Familiar Quinta Bella,Recoleta,MENORES CONTROLADOS,109303,13127,09
2961,4,9,109390,A0200002,13,13127,4,6,9,Servicio de Salud Metropolitano Norte,Centro de Salud Familiar Cristo Vive (ONG),Recoleta,LACTANCIA MATERNA EXCLUSIVA,109390,13127,09
2962,4,9,109390,A0200001,13,13127,8,14,13,Servicio de Salud Metropolitano Norte,Centro de Salud Familiar Cristo Vive (ONG),Recoleta,MENORES CONTROLADOS,109390,13127,09
2963,4,9,109303,A0200002,13,13127,13,11,3,Servicio de Salud Metropolitano Norte,Centro de Salud Familiar Quinta Bella,Recoleta,LACTANCIA MATERNA EXCLUSIVA,109303,13127,09
2964,8,9,109390,A0200002,13,13127,5,3,5,Servicio de Salud Metropolitano Norte,Centro de Salud Familiar Cristo Vive (ONG),Recoleta,LACTANCIA MATERNA EXCLUSIVA,109390,13127,09
2965,8,9,109390,A0200001,13,13127,7,8,15,Servicio de Salud Metropolitano Norte,Centro de Salud Familiar Cristo Vive (ONG),Recoleta,MENORES CONTROLADOS,109390,13127,09
2966,5,9,109390,A0200002,13,13127,10,1,2,Servicio de Salud Metropolitano Norte,Centro de Salud Familiar Cristo Vive (ONG),Recoleta,LACTANCIA MATERNA EXCLUSIVA,109390,13127,09
2967,5,9,109390,A0200001,13,13127,16,10,5,Servicio de Salud Metropolitano Norte,Centro de Salud Familiar Cristo Vive (ONG),Recoleta,MENORES CONTROLADOS,109390,13127,09
2968,1,9,109390,A0200002,13,13127,6,3,5,Servicio de Salud Metropolitano Norte,Centro de Salud Familiar Cristo Vive (ONG),Recoleta,LACTANCIA MATERNA EXCLUSIVA,109390,13127,09
2969,8,9,109301,A0200002,13,13127,10,5,10,Servicio de Salud Metropolitano Norte,Centro de Salud Familiar Recoleta,Recoleta,LACTANCIA MATERNA EXCLUSIVA,109301,13127,09
2970,8,9,109301,A0200001,13,13127,13,13,25,Servicio de Salud Metropolitano Norte,Centro de Salud Familiar Recoleta,Recoleta,MENORES CONTROLADOS,109301,13127,09
2971,8,9,109303,A0200002,13,13127,11,4,12,Servicio de Salud Metropolitano Norte,Centro de Salud Familiar Quinta Bella,Recoleta,LACTANCIA MATERNA EXCLUSIVA,109303,13127,09
2972,8,9,109303,A0200001,13,13127,14,14,21,Servicio de Salud Metropolitano Norte,Centro de Salud Familiar Quinta Bella,Recoleta,MENORES CONTROLADOS,109303,13127,09
2973,1,9,109416,A0200001,13,13301,0,0,0,Servicio de Salud Metropolitano Norte,Posta de Salud Rural Colorado,Colina,MENORES CONTROLADOS,109416,13301,09
2974,5,9,109420,A0200001,13,13301,0,0,0,Servicio de Salud Metropolitano Norte,Posta de Salud Rural Chacabuco (Colina),Colina,MENORES CONTROLADOS,109420,13301,09
2975,5,9,109416,A0200001,13,13301,0,1,0,Servicio de Salud Metropolitano Norte,Posta de Salud Rural Colorado,Colina,MENORES CONTROLADOS,109416,13301,09
2976,1,9,109420,A0200001,13,13301,0,0,1,Servicio de Salud Metropolitano Norte,Posta de Salud Rural Chacabuco (Colina),Colina,MENORES CONTROLADOS,109420,13301,09
2977,1,9,109418,A0200001,13,13301,0,0,1,Servicio de Salud Metropolitano Norte,Posta de Salud Rural Las Canteras,Colina,MENORES CONTROLADOS,109418,13301,09
2978,7,9,109418,A0200002,13,13301,1,0,1,Servicio de Salud Metropolitano Norte,Posta de Salud Rural Las Canteras,Colina,LACTANCIA MATERNA EXCLUSIVA,109418,13301,09
2979,7,9,109418,A0200001,13,13301,1,0,1,Servicio de Salud Metropolitano Norte,Posta de Salud Rural Las Canteras,Colina,MENORES CONTROLADOS,109418,13301,09
2980,7,9,109420,A0200001,13,13301,1,0,0,Servicio de Salud Metropolitano Norte,Posta de Salud Rural Chacabuco (Colina),Colina,MENORES CONTROLADOS,109420,13301,09
2981,7,9,109416,A0200002,13,13301,0,1,0,Servicio de Salud Metropolitano Norte,Posta de Salud Rural Colorado,Colina,LACTANCIA MATERNA EXCLUSIVA,109416,13301,09
2982,7,9,109416,A0200001,13,13301,0,1,1,Servicio de Salud Metropolitano Norte,Posta de Salud Rural Colorado,Colina,MENORES CONTROLADOS,109416,13301,09
2983,2,9,109416,A0200002,13,13301,0,0,1,Servicio de Salud Metropolitano Norte,Posta de Salud Rural Colorado,Colina,LACTANCIA MATERNA EXCLUSIVA,109416,13301,09
2984,2,9,109416,A0200001,13,13301,0,0,1,Servicio de Salud Metropolitano Norte,Posta de Salud Rural Colorado,Colina,MENORES CONTROLADOS,109416,13301,09
2985,2,9,109418,A0200001,13,13301,,,0,Servicio de Salud Metropolitano Norte,Posta de Salud Rural Las Canteras,Colina,MENORES CONTROLADOS,109418,13301,09
2986,4,9,109416,A0200001,13,13301,0,1,0,Servicio de Salud Metropolitano Norte,Posta de Salud Rural Colorado,Colina,MENORES CONTROLADOS,109416,13301,09
2987,4,9,109420,A0200002,13,13301,1,0,0,Servicio de Salud Metropolitano Norte,Posta de Salud Rural Chacabuco (Colina),Colina,LACTANCIA MATERNA EXCLUSIVA,109420,13301,09
2988,4,9,109420,A0200001,13,13301,1,0,0,Servicio de Salud Metropolitano Norte,Posta de Salud Rural Chacabuco (Colina),Colina,MENORES CONTROLADOS,109420,13301,09
2989,3,9,109420,A0200001,13,13301,,,,Servicio de Salud Metropolitano Norte,Posta de Salud Rural Chacabuco (Colina),Colina,MENORES CONTROLADOS,109420,13301,09
2990,3,9,109416,A0200001,13,13301,0,0,0,Servicio de Salud Metropolitano Norte,Posta de Salud Rural Colorado,Colina,MENORES CONTROLADOS,109416,13301,09
2991,8,9,109420,A0200001,13,13301,0,1,0,Servicio de Salud Metropolitano Norte,Posta de Salud Rural Chacabuco (Colina),Colina,MENORES CONTROLADOS,109420,13301,09
2992,8,9,109416,A0200001,13,13301,0,0,0,Servicio de Salud Metropolitano Norte,Posta de Salud Rural Colorado,Colina,MENORES CONTROLADOS,109416,13301,09
2993,8,9,109418,A0200001,13,13301,1,0,0,Servicio de Salud Metropolitano Norte,Posta de Salud Rural Las Canteras,Colina,MENORES CONTROLADOS,109418,13301,09
2994,6,9,109420,A0200002,13,13301,0,1,1,Servicio de Salud Metropolitano Norte,Posta de Salud Rural Chacabuco (Colina),Colina,LACTANCIA MATERNA EXCLUSIVA,109420,13301,09
2995,6,9,109420,A0200001,13,13301,0,1,1,Servicio de Salud Metropolitano Norte,Posta de Salud Rural Chacabuco (Colina),Colina,MENORES CONTROLADOS,109420,13301,09
2996,6,9,109416,A0200002,13,13301,0,1,0,Servicio de Salud Metropolitano Norte,Posta de Salud Rural Colorado,Colina,LACTANCIA MATERNA EXCLUSIVA,109416,13301,09
2997,6,9,109416,A0200001,13,13301,0,1,0,Servicio de Salud Metropolitano Norte,Posta de Salud Rural Colorado,Colina,MENORES CONTROLADOS,109416,13301,09
2998,3,9,109316,A0200002,13,13301,9,10,11,Servicio de Salud Metropolitano Norte,Centro de Salud Familiar Esmeralda,Colina,LACTANCIA MATERNA EXCLUSIVA,109316,13301,09
2999,3,9,109316,A0200001,13,13301,21,18,22,Servicio de Salud Metropolitano Norte,Centro de Salud Familiar Esmeralda,Colina,MENORES CONTROLADOS,109316,13301,09
3000,1,9,109316,A0200002,13,13301,11,10,9,Servicio de Salud Metropolitano Norte,Centro de Salud Familiar Esmeralda,Colina,LACTANCIA MATERNA EXCLUSIVA,109316,13301,09
3001,1,9,109316,A0200001,13,13301,24,16,22,Servicio de Salud Metropolitano Norte,Centro de Salud Familiar Esmeralda,Colina,MENORES CONTROLADOS,109316,13301,09
3002,7,9,109316,A0200002,13,13301,27,7,5,Servicio de Salud Metropolitano Norte,Centro de Salud Familiar Esmeralda,Colina,LACTANCIA MATERNA EXCLUSIVA,109316,13301,09
3003,7,9,109316,A0200001,13,13301,33,19,13,Servicio de Salud Metropolitano Norte,Centro de Salud Familiar Esmeralda,Colina,MENORES CONTROLADOS,109316,13301,09
3004,4,9,109316,A0200002,13,13301,10,9,13,Servicio de Salud Metropolitano Norte,Centro de Salud Familiar Esmeralda,Colina,LACTANCIA MATERNA EXCLUSIVA,109316,13301,09
3005,6,9,109316,A0200002,13,13301,23,13,5,Servicio de Salud Metropolitano Norte,Centro de Salud Familiar Esmeralda,Colina,LACTANCIA MATERNA EXCLUSIVA,109316,13301,09
3006,6,9,109316,A0200001,13,13301,30,21,15,Servicio de Salud Metropolitano Norte,Centro de Salud Familiar Esmeralda,Colina,MENORES CONTROLADOS,109316,13301,09
3007,5,9,109316,A0200002,13,13301,13,6,6,Servicio de Salud Metropolitano Norte,Centro de Salud Familiar Esmeralda,Colina,LACTANCIA MATERNA EXCLUSIVA,109316,13301,09
3008,8,9,109316,A0200002,13,13301,12,19,11,Servicio de Salud Metropolitano Norte,Centro de Salud Familiar Esmeralda,Colina,LACTANCIA MATERNA EXCLUSIVA,109316,13301,09
3009,8,9,109316,A0200001,13,13301,20,27,20,Servicio de Salud Metropolitano Norte,Centro de Salud Familiar Esmeralda,Colina,MENORES CONTROLADOS,109316,13301,09
3010,4,9,109316,A0200001,13,13301,18,19,19,Servicio de Salud Metropolitano Norte,Centro de Salud Familiar Esmeralda,Colina,MENORES CONTROLADOS,109316,13301,09
3011,2,9,109316,A0200002,13,13301,14,11,11,Servicio de Salud Metropolitano Norte,Centro de Salud Familiar Esmeralda,Colina,LACTANCIA MATERNA EXCLUSIVA,109316,13301,09
3012,2,9,109316,A0200001,13,13301,22,14,26,Servicio de Salud Metropolitano Norte,Centro de Salud Familiar Esmeralda,Colina,MENORES CONTROLADOS,109316,13301,09
3013,5,9,109316,A0200001,13,13301,19,16,16,Servicio de Salud Metropolitano Norte,Centro de Salud Familiar Esmeralda,Colina,MENORES CONTROLADOS,109316,13301,09
3014,3,9,109419,A0200002,13,13301,0,0,2,Servicio de Salud Metropolitano Norte,Posta de Salud Rural Santa Marta de Liray,Colina,LACTANCIA MATERNA EXCLUSIVA,109419,13301,09
3015,3,9,109419,A0200001,13,13301,1,0,3,Servicio de Salud Metropolitano Norte,Posta de Salud Rural Santa Marta de Liray,Colina,MENORES CONTROLADOS,109419,13301,09
3016,6,9,109419,A0200002,13,13301,,1,2,Servicio de Salud Metropolitano Norte,Posta de Salud Rural Santa Marta de Liray,Colina,LACTANCIA MATERNA EXCLUSIVA,109419,13301,09
3017,6,9,109419,A0200001,13,13301,,2,3,Servicio de Salud Metropolitano Norte,Posta de Salud Rural Santa Marta de Liray,Colina,MENORES CONTROLADOS,109419,13301,09
3018,4,9,109419,A0200001,13,13301,1,,,Servicio de Salud Metropolitano Norte,Posta de Salud Rural Santa Marta de Liray,Colina,MENORES CONTROLADOS,109419,13301,09
3019,8,9,109419,A0200001,13,13301,0,1,0,Servicio de Salud Metropolitano Norte,Posta de Salud Rural Santa Marta de Liray,Colina,MENORES CONTROLADOS,109419,13301,09
3020,1,9,109419,A0200001,13,13301,3,0,0,Servicio de Salud Metropolitano Norte,Posta de Salud Rural Santa Marta de Liray,Colina,MENORES CONTROLADOS,109419,13301,09
3021,5,9,109419,A0200002,13,13301,0,0,1,Servicio de Salud Metropolitano Norte,Posta de Salud Rural Santa Marta de Liray,Colina,LACTANCIA MATERNA EXCLUSIVA,109419,13301,09
3022,5,9,109419,A0200001,13,13301,2,0,3,Servicio de Salud Metropolitano Norte,Posta de Salud Rural Santa Marta de Liray,Colina,MENORES CONTROLADOS,109419,13301,09
3023,1,9,109419,A0200002,13,13301,2,0,0,Servicio de Salud Metropolitano Norte,Posta de Salud Rural Santa Marta de Liray,Colina,LACTANCIA MATERNA EXCLUSIVA,109419,13301,09
3024,2,9,109419,A0200001,13,13301,,1,0,Servicio de Salud Metropolitano Norte,Posta de Salud Rural Santa Marta de Liray,Colina,MENORES CONTROLADOS,109419,13301,09
3025,7,9,109419,A0200002,13,13301,1,0,0,Servicio de Salud Metropolitano Norte,Posta de Salud Rural Santa Marta de Liray,Colina,LACTANCIA MATERNA EXCLUSIVA,109419,13301,09
3026,7,9,109419,A0200001,13,13301,1,2,0,Servicio de Salud Metropolitano Norte,Posta de Salud Rural Santa Marta de Liray,Colina,MENORES CONTROLADOS,109419,13301,09
3027,2,9,201462,A0200002,13,13301,16,8,5,Servicio de Salud Metropolitano Norte,CESFAM La Reina de Colina,Colina,LACTANCIA MATERNA EXCLUSIVA,201462,13301,09
3028,2,9,201462,A0200001,13,13301,27,16,8,Servicio de Salud Metropolitano Norte,CESFAM La Reina de Colina,Colina,MENORES CONTROLADOS,201462,13301,09
3029,1,9,201462,A0200001,13,13301,25,23,40,Servicio de Salud Metropolitano Norte,CESFAM La Reina de Colina,Colina,MENORES CONTROLADOS,201462,13301,09
3030,6,9,109716,A0200002,13,13301,,,3,Servicio de Salud Metropolitano Norte,Centro Comunitario de Salud Familiar Esmeralda,Colina,LACTANCIA MATERNA EXCLUSIVA,109716,13301,09
3031,2,9,109417,A0200001,13,13301,,,1,Servicio de Salud Metropolitano Norte,Posta de Salud Rural Los Ingleses,Colina,MENORES CONTROLADOS,109417,13301,09
3032,4,9,201462,A0200002,13,13301,6,10,14,Servicio de Salud Metropolitano Norte,CESFAM La Reina de Colina,Colina,LACTANCIA MATERNA EXCLUSIVA,201462,13301,09
3033,1,9,109310,A0200001,13,13301,30,26,33,Servicio de Salud Metropolitano Norte,Centro de Salud Familiar Colina,Colina,MENORES CONTROLADOS,109310,13301,09
3034,4,9,201462,A0200001,13,13301,9,21,21,Servicio de Salud Metropolitano Norte,CESFAM La Reina de Colina,Colina,MENORES CONTROLADOS,201462,13301,09
3035,1,9,109310,A0200002,13,13301,22,12,21,Servicio de Salud Metropolitano Norte,Centro de Salud Familiar Colina,Colina,LACTANCIA MATERNA EXCLUSIVA,109310,13301,09
3036,3,9,109716,A0200001,13,13301,,4,3,Servicio de Salud Metropolitano Norte,Centro Comunitario de Salud Familiar Esmeralda,Colina,MENORES CONTROLADOS,109716,13301,09
3037,1,9,109716,A0200002,13,13301,3,1,1,Servicio de Salud Metropolitano Norte,Centro Comunitario de Salud Familiar Esmeralda,Colina,LACTANCIA MATERNA EXCLUSIVA,109716,13301,09
3038,1,9,109417,A0200002,13,13301,3,0,0,Servicio de Salud Metropolitano Norte,Posta de Salud Rural Los Ingleses,Colina,LACTANCIA MATERNA EXCLUSIVA,109417,13301,09
3039,1,9,109417,A0200001,13,13301,3,0,0,Servicio de Salud Metropolitano Norte,Posta de Salud Rural Los Ingleses,Colina,MENORES CONTROLADOS,109417,13301,09
3040,3,9,109716,A0200002,13,13301,,3,1,Servicio de Salud Metropolitano Norte,Centro Comunitario de Salud Familiar Esmeralda,Colina,LACTANCIA MATERNA EXCLUSIVA,109716,13301,09
3041,4,9,109716,A0200001,13,13301,2,2,0,Servicio de Salud Metropolitano Norte,Centro Comunitario de Salud Familiar Esmeralda,Colina,MENORES CONTROLADOS,109716,13301,09
3042,3,9,201462,A0200002,13,13301,13,5,11,Servicio de Salud Metropolitano Norte,CESFAM La Reina de Colina,Colina,LACTANCIA MATERNA EXCLUSIVA,201462,13301,09
3043,3,9,201462,A0200001,13,13301,22,10,17,Servicio de Salud Metropolitano Norte,CESFAM La Reina de Colina,Colina,MENORES CONTROLADOS,201462,13301,09
3044,2,9,109310,A0200002,13,13301,20,14,12,Servicio de Salud Metropolitano Norte,Centro de Salud Familiar Colina,Colina,LACTANCIA MATERNA EXCLUSIVA,109310,13301,09
3045,2,9,109310,A0200001,13,13301,35,24,23,Servicio de Salud Metropolitano Norte,Centro de Salud Familiar Colina,Colina,MENORES CONTROLADOS,109310,13301,09
3046,4,9,109716,A0200002,13,13301,0,2,0,Servicio de Salud Metropolitano Norte,Centro Comunitario de Salud Familiar Esmeralda,Colina,LACTANCIA MATERNA EXCLUSIVA,109716,13301,09
3047,7,9,109716,A0200002,13,13301,1,,2,Servicio de Salud Metropolitano Norte,Centro Comunitario de Salud Familiar Esmeralda,Colina,LACTANCIA MATERNA EXCLUSIVA,109716,13301,09
3048,7,9,109716,A0200001,13,13301,2,1,2,Servicio de Salud Metropolitano Norte,Centro Comunitario de Salud Familiar Esmeralda,Colina,MENORES CONTROLADOS,109716,13301,09
3049,7,9,201462,A0200002,13,13301,16,12,19,Servicio de Salud Metropolitano Norte,CESFAM La Reina de Colina,Colina,LACTANCIA MATERNA EXCLUSIVA,201462,13301,09
3050,7,9,201462,A0200001,13,13301,21,24,30,Servicio de Salud Metropolitano Norte,CESFAM La Reina de Colina,Colina,MENORES CONTROLADOS,201462,13301,09
3051,6,9,109417,A0200002,13,13301,,,1,Servicio de Salud Metropolitano Norte,Posta de Salud Rural Los Ingleses,Colina,LACTANCIA MATERNA EXCLUSIVA,109417,13301,09
3052,6,9,109417,A0200001,13,13301,,,1,Servicio de Salud Metropolitano Norte,Posta de Salud Rural Los Ingleses,Colina,MENORES CONTROLADOS,109417,13301,09
3053,2,9,109716,A0200002,13,13301,1,1,,Servicio de Salud Metropolitano Norte,Centro Comunitario de Salud Familiar Esmeralda,Colina,LACTANCIA MATERNA EXCLUSIVA,109716,13301,09
3054,2,9,109716,A0200001,13,13301,2,1,2,Servicio de Salud Metropolitano Norte,Centro Comunitario de Salud Familiar Esmeralda,Colina,MENORES CONTROLADOS,109716,13301,09
3055,6,9,201462,A0200002,13,13301,11,14,9,Servicio de Salud Metropolitano Norte,CESFAM La Reina de Colina,Colina,LACTANCIA MATERNA EXCLUSIVA,201462,13301,09
3056,6,9,201462,A0200001,13,13301,19,17,18,Servicio de Salud Metropolitano Norte,CESFAM La Reina de Colina,Colina,MENORES CONTROLADOS,201462,13301,09
3057,5,9,201462,A0200002,13,13301,13,11,9,Servicio de Salud Metropolitano Norte,CESFAM La Reina de Colina,Colina,LACTANCIA MATERNA EXCLUSIVA,201462,13301,09
3058,5,9,201462,A0200001,13,13301,19,17,16,Servicio de Salud Metropolitano Norte,CESFAM La Reina de Colina,Colina,MENORES CONTROLADOS,201462,13301,09
3059,3,9,109310,A0200001,13,13301,35,32,28,Servicio de Salud Metropolitano Norte,Centro de Salud Familiar Colina,Colina,MENORES CONTROLADOS,109310,13301,09
3060,4,9,109417,A0200001,13,13301,,,,Servicio de Salud Metropolitano Norte,Posta de Salud Rural Los Ingleses,Colina,MENORES CONTROLADOS,109417,13301,09
3061,3,9,109310,A0200002,13,13301,23,18,15,Servicio de Salud Metropolitano Norte,Centro de Salud Familiar Colina,Colina,LACTANCIA MATERNA EXCLUSIVA,109310,13301,09
3062,7,9,109417,A0200001,13,13301,1,0,0,Servicio de Salud Metropolitano Norte,Posta de Salud Rural Los Ingleses,Colina,MENORES CONTROLADOS,109417,13301,09
3063,5,9,109417,A0200001,13,13301,,,1,Servicio de Salud Metropolitano Norte,Posta de Salud Rural Los Ingleses,Colina,MENORES CONTROLADOS,109417,13301,09
3064,6,9,109310,A0200002,13,13301,21,14,12,Servicio de Salud Metropolitano Norte,Centro de Salud Familiar Colina,Colina,LACTANCIA MATERNA EXCLUSIVA,109310,13301,09
3065,6,9,109310,A0200001,13,13301,25,26,22,Servicio de Salud Metropolitano Norte,Centro de Salud Familiar Colina,Colina,MENORES CONTROLADOS,109310,13301,09
3066,5,9,109310,A0200002,13,13301,18,16,9,Servicio de Salud Metropolitano Norte,Centro de Salud Familiar Colina,Colina,LACTANCIA MATERNA EXCLUSIVA,109310,13301,09
3067,5,9,109310,A0200001,13,13301,34,28,18,Servicio de Salud Metropolitano Norte,Centro de Salud Familiar Colina,Colina,MENORES CONTROLADOS,109310,13301,09
3068,7,9,109310,A0200002,13,13301,17,16,20,Servicio de Salud Metropolitano Norte,Centro de Salud Familiar Colina,Colina,LACTANCIA MATERNA EXCLUSIVA,109310,13301,09
3069,7,9,109310,A0200001,13,13301,30,24,42,Servicio de Salud Metropolitano Norte,Centro de Salud Familiar Colina,Colina,MENORES CONTROLADOS,109310,13301,09
3070,3,9,109417,A0200001,13,13301,,,0,Servicio de Salud Metropolitano Norte,Posta de Salud Rural Los Ingleses,Colina,MENORES CONTROLADOS,109417,13301,09
3071,1,9,109716,A0200001,13,13301,4,1,2,Servicio de Salud Metropolitano Norte,Centro Comunitario de Salud Familiar Esmeralda,Colina,MENORES CONTROLADOS,109716,13301,09
3072,6,9,109716,A0200001,13,13301,,1,7,Servicio de Salud Metropolitano Norte,Centro Comunitario de Salud Familiar Esmeralda,Colina,MENORES CONTROLADOS,109716,13301,09
3073,5,9,109716,A0200002,13,13301,0,0,1,Servicio de Salud Metropolitano Norte,Centro Comunitario de Salud Familiar Esmeralda,Colina,LACTANCIA MATERNA EXCLUSIVA,109716,13301,09
3074,5,9,109716,A0200001,13,13301,0,0,2,Servicio de Salud Metropolitano Norte,Centro Comunitario de Salud Familiar Esmeralda,Colina,MENORES CONTROLADOS,109716,13301,09
3075,4,9,109310,A0200002,13,13301,11,28,13,Servicio de Salud Metropolitano Norte,Centro de Salud Familiar Colina,Colina,LACTANCIA MATERNA EXCLUSIVA,109310,13301,09
3076,4,9,109310,A0200001,13,13301,27,39,26,Servicio de Salud Metropolitano Norte,Centro de Salud Familiar Colina,Colina,MENORES CONTROLADOS,109310,13301,09
3077,1,9,201462,A0200002,13,13301,13,12,15,Servicio de Salud Metropolitano Norte,CESFAM La Reina de Colina,Colina,LACTANCIA MATERNA EXCLUSIVA,201462,13301,09
3078,8,9,109716,A0200002,13,13301,1,1,,Servicio de Salud Metropolitano Norte,Centro Comunitario de Salud Familiar Esmeralda,Colina,LACTANCIA MATERNA EXCLUSIVA,109716,13301,09
3079,8,9,109716,A0200001,13,13301,1,1,1,Servicio de Salud Metropolitano Norte,Centro Comunitario de Salud Familiar Esmeralda,Colina,MENORES CONTROLADOS,109716,13301,09
3080,8,9,109310,A0200002,13,13301,18,21,23,Servicio de Salud Metropolitano Norte,Centro de Salud Familiar Colina,Colina,LACTANCIA MATERNA EXCLUSIVA,109310,13301,09
3081,8,9,109310,A0200001,13,13301,29,33,42,Servicio de Salud Metropolitano Norte,Centro de Salud Familiar Colina,Colina,MENORES CONTROLADOS,109310,13301,09
3082,8,9,201462,A0200002,13,13301,16,14,17,Servicio de Salud Metropolitano Norte,CESFAM La Reina de Colina,Colina,LACTANCIA MATERNA EXCLUSIVA,201462,13301,09
3083,8,9,201462,A0200001,13,13301,29,24,28,Servicio de Salud Metropolitano Norte,CESFAM La Reina de Colina,Colina,MENORES CONTROLADOS,201462,13301,09
3084,4,9,109712,A0200001,13,13302,7,8,7,Servicio de Salud Metropolitano Norte,Centro Comunitario de Salud Familiar Batuco,Lampa,MENORES CONTROLADOS,109712,13302,09
3085,3,9,109712,A0200002,13,13302,4,2,6,Servicio de Salud Metropolitano Norte,Centro Comunitario de Salud Familiar Batuco,Lampa,LACTANCIA MATERNA EXCLUSIVA,109712,13302,09
3086,5,9,109712,A0200002,13,13302,7,5,5,Servicio de Salud Metropolitano Norte,Centro Comunitario de Salud Familiar Batuco,Lampa,LACTANCIA MATERNA EXCLUSIVA,109712,13302,09
3087,7,9,109712,A0200002,13,13302,4,5,3,Servicio de Salud Metropolitano Norte,Centro Comunitario de Salud Familiar Batuco,Lampa,LACTANCIA MATERNA EXCLUSIVA,109712,13302,09
3088,7,9,109712,A0200001,13,13302,7,7,7,Servicio de Salud Metropolitano Norte,Centro Comunitario de Salud Familiar Batuco,Lampa,MENORES CONTROLADOS,109712,13302,09
3089,3,9,109712,A0200001,13,13302,9,4,9,Servicio de Salud Metropolitano Norte,Centro Comunitario de Salud Familiar Batuco,Lampa,MENORES CONTROLADOS,109712,13302,09
3090,6,9,109712,A0200002,13,13302,4,5,3,Servicio de Salud Metropolitano Norte,Centro Comunitario de Salud Familiar Batuco,Lampa,LACTANCIA MATERNA EXCLUSIVA,109712,13302,09
3091,6,9,109712,A0200001,13,13302,8,10,5,Servicio de Salud Metropolitano Norte,Centro Comunitario de Salud Familiar Batuco,Lampa,MENORES CONTROLADOS,109712,13302,09
3092,5,9,109712,A0200001,13,13302,9,10,10,Servicio de Salud Metropolitano Norte,Centro Comunitario de Salud Familiar Batuco,Lampa,MENORES CONTROLADOS,109712,13302,09
3093,4,9,109712,A0200002,13,13302,3,7,3,Servicio de Salud Metropolitano Norte,Centro Comunitario de Salud Familiar Batuco,Lampa,LACTANCIA MATERNA EXCLUSIVA,109712,13302,09
3094,2,9,109712,A0200002,13,13302,5,6,2,Servicio de Salud Metropolitano Norte,Centro Comunitario de Salud Familiar Batuco,Lampa,LACTANCIA MATERNA EXCLUSIVA,109712,13302,09
3095,2,9,109712,A0200001,13,13302,9,10,4,Servicio de Salud Metropolitano Norte,Centro Comunitario de Salud Familiar Batuco,Lampa,MENORES CONTROLADOS,109712,13302,09
3096,1,9,109712,A0200002,13,13302,1,5,2,Servicio de Salud Metropolitano Norte,Centro Comunitario de Salud Familiar Batuco,Lampa,LACTANCIA MATERNA EXCLUSIVA,109712,13302,09
3097,1,9,109712,A0200001,13,13302,6,8,5,Servicio de Salud Metropolitano Norte,Centro Comunitario de Salud Familiar Batuco,Lampa,MENORES CONTROLADOS,109712,13302,09
3098,8,9,109712,A0200002,13,13302,4,10,9,Servicio de Salud Metropolitano Norte,Centro Comunitario de Salud Familiar Batuco,Lampa,LACTANCIA MATERNA EXCLUSIVA,109712,13302,09
3099,8,9,109712,A0200001,13,13302,6,10,11,Servicio de Salud Metropolitano Norte,Centro Comunitario de Salud Familiar Batuco,Lampa,MENORES CONTROLADOS,109712,13302,09
3100,1,9,109312,A0200001,13,13302,7,14,13,Servicio de Salud Metropolitano Norte,Centro de Salud Familiar Batuco,Lampa,MENORES CONTROLADOS,109312,13302,09
3101,1,9,109312,A0200002,13,13302,7,3,8,Servicio de Salud Metropolitano Norte,Centro de Salud Familiar Batuco,Lampa,LACTANCIA MATERNA EXCLUSIVA,109312,13302,09
3102,7,9,109312,A0200002,13,13302,5,10,7,Servicio de Salud Metropolitano Norte,Centro de Salud Familiar Batuco,Lampa,LACTANCIA MATERNA EXCLUSIVA,109312,13302,09
3103,7,9,109312,A0200001,13,13302,9,14,9,Servicio de Salud Metropolitano Norte,Centro de Salud Familiar Batuco,Lampa,MENORES CONTROLADOS,109312,13302,09
3104,2,9,201212,A0200002,13,13302,3,2,6,Servicio de Salud Metropolitano Norte,Centro de Salud Familiar Juan Pablo II de Lampa,Lampa,LACTANCIA MATERNA EXCLUSIVA,201212,13302,09
3105,4,9,201212,A0200002,13,13302,5,4,4,Servicio de Salud Metropolitano Norte,Centro de Salud Familiar Juan Pablo II de Lampa,Lampa,LACTANCIA MATERNA EXCLUSIVA,201212,13302,09
3106,4,9,201212,A0200001,13,13302,8,9,8,Servicio de Salud Metropolitano Norte,Centro de Salud Familiar Juan Pablo II de Lampa,Lampa,MENORES CONTROLADOS,201212,13302,09
3107,8,9,109312,A0200002,13,13302,5,9,8,Servicio de Salud Metropolitano Norte,Centro de Salud Familiar Batuco,Lampa,LACTANCIA MATERNA EXCLUSIVA,109312,13302,09
3108,8,9,109312,A0200001,13,13302,10,14,10,Servicio de Salud Metropolitano Norte,Centro de Salud Familiar Batuco,Lampa,MENORES CONTROLADOS,109312,13302,09
3109,3,9,109312,A0200001,13,13302,11,10,8,Servicio de Salud Metropolitano Norte,Centro de Salud Familiar Batuco,Lampa,MENORES CONTROLADOS,109312,13302,09
3110,3,9,109312,A0200002,13,13302,7,6,4,Servicio de Salud Metropolitano Norte,Centro de Salud Familiar Batuco,Lampa,LACTANCIA MATERNA EXCLUSIVA,109312,13302,09
3111,2,9,201212,A0200001,13,13302,9,6,9,Servicio de Salud Metropolitano Norte,Centro de Salud Familiar Juan Pablo II de Lampa,Lampa,MENORES CONTROLADOS,201212,13302,09
3112,6,9,109312,A0200002,13,13302,4,8,7,Servicio de Salud Metropolitano Norte,Centro de Salud Familiar Batuco,Lampa,LACTANCIA MATERNA EXCLUSIVA,109312,13302,09
3113,6,9,109312,A0200001,13,13302,6,11,8,Servicio de Salud Metropolitano Norte,Centro de Salud Familiar Batuco,Lampa,MENORES CONTROLADOS,109312,13302,09
3114,5,9,109312,A0200002,13,13302,17,7,3,Servicio de Salud Metropolitano Norte,Centro de Salud Familiar Batuco,Lampa,LACTANCIA MATERNA EXCLUSIVA,109312,13302,09
3115,5,9,109312,A0200001,13,13302,21,11,5,Servicio de Salud Metropolitano Norte,Centro de Salud Familiar Batuco,Lampa,MENORES CONTROLADOS,109312,13302,09
3116,4,9,109312,A0200002,13,13302,6,4,1,Servicio de Salud Metropolitano Norte,Centro de Salud Familiar Batuco,Lampa,LACTANCIA MATERNA EXCLUSIVA,109312,13302,09
3117,4,9,109312,A0200001,13,13302,8,6,9,Servicio de Salud Metropolitano Norte,Centro de Salud Familiar Batuco,Lampa,MENORES CONTROLADOS,109312,13302,09
3118,5,9,201212,A0200002,13,13302,5,2,6,Servicio de Salud Metropolitano Norte,Centro de Salud Familiar Juan Pablo II de Lampa,Lampa,LACTANCIA MATERNA EXCLUSIVA,201212,13302,09
3119,5,9,201212,A0200001,13,13302,8,4,10,Servicio de Salud Metropolitano Norte,Centro de Salud Familiar Juan Pablo II de Lampa,Lampa,MENORES CONTROLADOS,201212,13302,09
3120,3,9,201212,A0200002,13,13302,5,5,5,Servicio de Salud Metropolitano Norte,Centro de Salud Familiar Juan Pablo II de Lampa,Lampa,LACTANCIA MATERNA EXCLUSIVA,201212,13302,09
3121,3,9,201212,A0200001,13,13302,7,9,7,Servicio de Salud Metropolitano Norte,Centro de Salud Familiar Juan Pablo II de Lampa,Lampa,MENORES CONTROLADOS,201212,13302,09
3122,6,9,201212,A0200002,13,13302,7,3,1,Servicio de Salud Metropolitano Norte,Centro de Salud Familiar Juan Pablo II de Lampa,Lampa,LACTANCIA MATERNA EXCLUSIVA,201212,13302,09
3123,6,9,201212,A0200001,13,13302,11,4,5,Servicio de Salud Metropolitano Norte,Centro de Salud Familiar Juan Pablo II de Lampa,Lampa,MENORES CONTROLADOS,201212,13302,09
3124,2,9,109312,A0200002,13,13302,5,2,10,Servicio de Salud Metropolitano Norte,Centro de Salud Familiar Batuco,Lampa,LACTANCIA MATERNA EXCLUSIVA,109312,13302,09
3125,2,9,109312,A0200001,13,13302,7,8,18,Servicio de Salud Metropolitano Norte,Centro de Salud Familiar Batuco,Lampa,MENORES CONTROLADOS,109312,13302,09
3126,8,9,201212,A0200002,13,13302,3,4,4,Servicio de Salud Metropolitano Norte,Centro de Salud Familiar Juan Pablo II de Lampa,Lampa,LACTANCIA MATERNA EXCLUSIVA,201212,13302,09
3127,8,9,201212,A0200001,13,13302,5,6,6,Servicio de Salud Metropolitano Norte,Centro de Salud Familiar Juan Pablo II de Lampa,Lampa,MENORES CONTROLADOS,201212,13302,09
3128,7,9,201212,A0200002,13,13302,6,6,3,Servicio de Salud Metropolitano Norte,Centro de Salud Familiar Juan Pablo II de Lampa,Lampa,LACTANCIA MATERNA EXCLUSIVA,201212,13302,09
3129,7,9,201212,A0200001,13,13302,10,9,6,Servicio de Salud Metropolitano Norte,Centro de Salud Familiar Juan Pablo II de Lampa,Lampa,MENORES CONTROLADOS,201212,13302,09
3130,1,9,201212,A0200002,13,13302,3,5,3,Servicio de Salud Metropolitano Norte,Centro de Salud Familiar Juan Pablo II de Lampa,Lampa,LACTANCIA MATERNA EXCLUSIVA,201212,13302,09
3131,1,9,201212,A0200001,13,13302,5,9,3,Servicio de Salud Metropolitano Norte,Centro de Salud Familiar Juan Pablo II de Lampa,Lampa,MENORES CONTROLADOS,201212,13302,09
3132,2,9,109711,A0200002,13,13302,2,2,,Servicio de Salud Metropolitano Norte,Centro Comunitario de Salud Familiar Sol de Septiembre,Lampa,LACTANCIA MATERNA EXCLUSIVA,109711,13302,09
3133,2,9,109711,A0200001,13,13302,6,7,1,Servicio de Salud Metropolitano Norte,Centro Comunitario de Salud Familiar Sol de Septiembre,Lampa,MENORES CONTROLADOS,109711,13302,09
3134,1,9,109711,A0200002,13,13302,2,6,2,Servicio de Salud Metropolitano Norte,Centro Comunitario de Salud Familiar Sol de Septiembre,Lampa,LACTANCIA MATERNA EXCLUSIVA,109711,13302,09
3135,1,9,109711,A0200001,13,13302,6,6,4,Servicio de Salud Metropolitano Norte,Centro Comunitario de Salud Familiar Sol de Septiembre,Lampa,MENORES CONTROLADOS,109711,13302,09
3136,3,9,109711,A0200002,13,13302,2,2,6,Servicio de Salud Metropolitano Norte,Centro Comunitario de Salud Familiar Sol de Septiembre,Lampa,LACTANCIA MATERNA EXCLUSIVA,109711,13302,09
3137,3,9,109711,A0200001,13,13302,3,3,9,Servicio de Salud Metropolitano Norte,Centro Comunitario de Salud Familiar Sol de Septiembre,Lampa,MENORES CONTROLADOS,109711,13302,09
3138,7,9,109711,A0200002,13,13302,2,7,,Servicio de Salud Metropolitano Norte,Centro Comunitario de Salud Familiar Sol de Septiembre,Lampa,LACTANCIA MATERNA EXCLUSIVA,109711,13302,09
3139,7,9,109711,A0200001,13,13302,3,12,4,Servicio de Salud Metropolitano Norte,Centro Comunitario de Salud Familiar Sol de Septiembre,Lampa,MENORES CONTROLADOS,109711,13302,09
3140,5,9,109711,A0200002,13,13302,1,1,7,Servicio de Salud Metropolitano Norte,Centro Comunitario de Salud Familiar Sol de Septiembre,Lampa,LACTANCIA MATERNA EXCLUSIVA,109711,13302,09
3141,5,9,109711,A0200001,13,13302,6,4,10,Servicio de Salud Metropolitano Norte,Centro Comunitario de Salud Familiar Sol de Septiembre,Lampa,MENORES CONTROLADOS,109711,13302,09
3142,4,9,109711,A0200001,13,13302,3,4,5,Servicio de Salud Metropolitano Norte,Centro Comunitario de Salud Familiar Sol de Septiembre,Lampa,MENORES CONTROLADOS,109711,13302,09
3143,4,9,109711,A0200002,13,13302,3,2,3,Servicio de Salud Metropolitano Norte,Centro Comunitario de Salud Familiar Sol de Septiembre,Lampa,LACTANCIA MATERNA EXCLUSIVA,109711,13302,09
3144,8,9,109711,A0200001,13,13302,4,5,6,Servicio de Salud Metropolitano Norte,Centro Comunitario de Salud Familiar Sol de Septiembre,Lampa,MENORES CONTROLADOS,109711,13302,09
3145,8,9,109711,A0200002,13,13302,3,3,3,Servicio de Salud Metropolitano Norte,Centro Comunitario de Salud Familiar Sol de Septiembre,Lampa,LACTANCIA MATERNA EXCLUSIVA,109711,13302,09
3146,6,9,109711,A0200001,13,13302,6,4,3,Servicio de Salud Metropolitano Norte,Centro Comunitario de Salud Familiar Sol de Septiembre,Lampa,MENORES CONTROLADOS,109711,13302,09
3147,6,9,109711,A0200002,13,13302,4,2,1,Servicio de Salud Metropolitano Norte,Centro Comunitario de Salud Familiar Sol de Septiembre,Lampa,LACTANCIA MATERNA EXCLUSIVA,109711,13302,09
3148,3,9,109311,A0200002,13,13302,20,20,7,Servicio de Salud Metropolitano Norte,Centro de Salud Familiar José Bauza Frau,Lampa,LACTANCIA MATERNA EXCLUSIVA,109311,13302,09
3149,3,9,109311,A0200001,13,13302,28,29,29,Servicio de Salud Metropolitano Norte,Centro de Salud Familiar José Bauza Frau,Lampa,MENORES CONTROLADOS,109311,13302,09
3150,7,9,109311,A0200002,13,13302,25,22,15,Servicio de Salud Metropolitano Norte,Centro de Salud Familiar José Bauza Frau,Lampa,LACTANCIA MATERNA EXCLUSIVA,109311,13302,09
3151,7,9,109311,A0200001,13,13302,43,37,38,Servicio de Salud Metropolitano Norte,Centro de Salud Familiar José Bauza Frau,Lampa,MENORES CONTROLADOS,109311,13302,09
3152,5,9,109311,A0200002,13,13302,20,20,6,Servicio de Salud Metropolitano Norte,Centro de Salud Familiar José Bauza Frau,Lampa,LACTANCIA MATERNA EXCLUSIVA,109311,13302,09
3153,2,9,109311,A0200001,13,13302,27,16,21,Servicio de Salud Metropolitano Norte,Centro de Salud Familiar José Bauza Frau,Lampa,MENORES CONTROLADOS,109311,13302,09
3154,2,9,109311,A0200002,13,13302,14,6,11,Servicio de Salud Metropolitano Norte,Centro de Salud Familiar José Bauza Frau,Lampa,LACTANCIA MATERNA EXCLUSIVA,109311,13302,09
3155,4,9,109311,A0200001,13,13302,37,33,28,Servicio de Salud Metropolitano Norte,Centro de Salud Familiar José Bauza Frau,Lampa,MENORES CONTROLADOS,109311,13302,09
3156,4,9,109311,A0200002,13,13302,23,17,13,Servicio de Salud Metropolitano Norte,Centro de Salud Familiar José Bauza Frau,Lampa,LACTANCIA MATERNA EXCLUSIVA,109311,13302,09
3157,6,9,109311,A0200002,13,13302,11,28,15,Servicio de Salud Metropolitano Norte,Centro de Salud Familiar José Bauza Frau,Lampa,LACTANCIA MATERNA EXCLUSIVA,109311,13302,09
3158,6,9,109311,A0200001,13,13302,26,39,37,Servicio de Salud Metropolitano Norte,Centro de Salud Familiar José Bauza Frau,Lampa,MENORES CONTROLADOS,109311,13302,09
3159,1,9,109311,A0200001,13,13302,39,35,22,Servicio de Salud Metropolitano Norte,Centro de Salud Familiar José Bauza Frau,Lampa,MENORES CONTROLADOS,109311,13302,09
3160,1,9,109311,A0200002,13,13302,23,17,5,Servicio de Salud Metropolitano Norte,Centro de Salud Familiar José Bauza Frau,Lampa,LACTANCIA MATERNA EXCLUSIVA,109311,13302,09
3161,5,9,109311,A0200001,13,13302,29,35,19,Servicio de Salud Metropolitano Norte,Centro de Salud Familiar José Bauza Frau,Lampa,MENORES CONTROLADOS,109311,13302,09
3162,8,9,109311,A0200001,13,13302,20,30,43,Servicio de Salud Metropolitano Norte,Centro de Salud Familiar José Bauza Frau,Lampa,MENORES CONTROLADOS,109311,13302,09
3163,8,9,109311,A0200002,13,13302,9,9,20,Servicio de Salud Metropolitano Norte,Centro de Salud Familiar José Bauza Frau,Lampa,LACTANCIA MATERNA EXCLUSIVA,109311,13302,09
3164,4,9,109413,A0200002,13,13303,1,,,Servicio de Salud Metropolitano Norte,Posta de Salud Rural Rungue,Tiltil,LACTANCIA MATERNA EXCLUSIVA,109413,13303,09
3165,2,9,109413,A0200002,13,13303,,1,,Servicio de Salud Metropolitano Norte,Posta de Salud Rural Rungue,Tiltil,LACTANCIA MATERNA EXCLUSIVA,109413,13303,09
3166,2,9,109413,A0200001,13,13303,,1,,Servicio de Salud Metropolitano Norte,Posta de Salud Rural Rungue,Tiltil,MENORES CONTROLADOS,109413,13303,09
3167,7,9,109413,A0200002,13,13303,,,,Servicio de Salud Metropolitano Norte,Posta de Salud Rural Rungue,Tiltil,LACTANCIA MATERNA EXCLUSIVA,109413,13303,09
3168,7,9,109410,A0200002,13,13303,,,1,Servicio de Salud Metropolitano Norte,Posta de Salud Rural La Capilla de Caleu,Tiltil,LACTANCIA MATERNA EXCLUSIVA,109410,13303,09
3169,2,9,109410,A0200002,13,13303,,1,,Servicio de Salud Metropolitano Norte,Posta de Salud Rural La Capilla de Caleu,Tiltil,LACTANCIA MATERNA EXCLUSIVA,109410,13303,09
3170,2,9,109410,A0200001,13,13303,,1,,Servicio de Salud Metropolitano Norte,Posta de Salud Rural La Capilla de Caleu,Tiltil,MENORES CONTROLADOS,109410,13303,09
3171,3,9,109410,A0200002,13,13303,,,,Servicio de Salud Metropolitano Norte,Posta de Salud Rural La Capilla de Caleu,Tiltil,LACTANCIA MATERNA EXCLUSIVA,109410,13303,09
3172,8,9,109413,A0200002,13,13303,1,,,Servicio de Salud Metropolitano Norte,Posta de Salud Rural Rungue,Tiltil,LACTANCIA MATERNA EXCLUSIVA,109413,13303,09
3173,8,9,109410,A0200001,13,13303,,,1,Servicio de Salud Metropolitano Norte,Posta de Salud Rural La Capilla de Caleu,Tiltil,MENORES CONTROLADOS,109410,13303,09
3174,6,9,109413,A0200002,13,13303,,,1,Servicio de Salud Metropolitano Norte,Posta de Salud Rural Rungue,Tiltil,LACTANCIA MATERNA EXCLUSIVA,109413,13303,09
3175,6,9,109413,A0200001,13,13303,,,2,Servicio de Salud Metropolitano Norte,Posta de Salud Rural Rungue,Tiltil,MENORES CONTROLADOS,109413,13303,09
3176,6,9,109410,A0200002,13,13303,,1,,Servicio de Salud Metropolitano Norte,Posta de Salud Rural La Capilla de Caleu,Tiltil,LACTANCIA MATERNA EXCLUSIVA,109410,13303,09
3177,6,9,109410,A0200001,13,13303,,,1,Servicio de Salud Metropolitano Norte,Posta de Salud Rural La Capilla de Caleu,Tiltil,MENORES CONTROLADOS,109410,13303,09
3178,1,9,109104,A0200002,13,13303,0,0,0,Servicio de Salud Metropolitano Norte,Hospital Comunitario de Til Til,Tiltil,LACTANCIA MATERNA EXCLUSIVA,109104,13303,09
3179,3,9,109104,A0200002,13,13303,4,5,3,Servicio de Salud Metropolitano Norte,Hospital Comunitario de Til Til,Tiltil,LACTANCIA MATERNA EXCLUSIVA,109104,13303,09
3180,3,9,109104,A0200001,13,13303,5,6,6,Servicio de Salud Metropolitano Norte,Hospital Comunitario de Til Til,Tiltil,MENORES CONTROLADOS,109104,13303,09
3181,2,9,109104,A0200001,13,13303,6,7,4,Servicio de Salud Metropolitano Norte,Hospital Comunitario de Til Til,Tiltil,MENORES CONTROLADOS,109104,13303,09
3182,2,9,109414,A0200001,13,13303,3,,,Servicio de Salud Metropolitano Norte,Posta de Salud Rural Polpaico,Tiltil,MENORES CONTROLADOS,109414,13303,09
3183,2,9,109414,A0200002,13,13303,3,,,Servicio de Salud Metropolitano Norte,Posta de Salud Rural Polpaico,Tiltil,LACTANCIA MATERNA EXCLUSIVA,109414,13303,09
3184,5,9,109104,A0200002,13,13303,5,6,6,Servicio de Salud Metropolitano Norte,Hospital Comunitario de Til Til,Tiltil,LACTANCIA MATERNA EXCLUSIVA,109104,13303,09
3185,5,9,109104,A0200001,13,13303,8,7,8,Servicio de Salud Metropolitano Norte,Hospital Comunitario de Til Til,Tiltil,MENORES CONTROLADOS,109104,13303,09
3186,4,9,109104,A0200002,13,13303,4,1,3,Servicio de Salud Metropolitano Norte,Hospital Comunitario de Til Til,Tiltil,LACTANCIA MATERNA EXCLUSIVA,109104,13303,09
3187,7,9,109414,A0200002,13,13303,,1,2,Servicio de Salud Metropolitano Norte,Posta de Salud Rural Polpaico,Tiltil,LACTANCIA MATERNA EXCLUSIVA,109414,13303,09
3188,7,9,109414,A0200001,13,13303,,,1,Servicio de Salud Metropolitano Norte,Posta de Salud Rural Polpaico,Tiltil,MENORES CONTROLADOS,109414,13303,09
3189,1,9,109414,A0200002,13,13303,0,0,0,Servicio de Salud Metropolitano Norte,Posta de Salud Rural Polpaico,Tiltil,LACTANCIA MATERNA EXCLUSIVA,109414,13303,09
3190,5,9,109414,A0200002,13,13303,,,,Servicio de Salud Metropolitano Norte,Posta de Salud Rural Polpaico,Tiltil,LACTANCIA MATERNA EXCLUSIVA,109414,13303,09
3191,5,9,109414,A0200001,13,13303,,,,Servicio de Salud Metropolitano Norte,Posta de Salud Rural Polpaico,Tiltil,MENORES CONTROLADOS,109414,13303,09
3192,4,9,109414,A0200002,13,13303,2,1,,Servicio de Salud Metropolitano Norte,Posta de Salud Rural Polpaico,Tiltil,LACTANCIA MATERNA EXCLUSIVA,109414,13303,09
3193,4,9,109414,A0200001,13,13303,,,1,Servicio de Salud Metropolitano Norte,Posta de Salud Rural Polpaico,Tiltil,MENORES CONTROLADOS,109414,13303,09
3194,8,9,109104,A0200001,13,13303,8,4,9,Servicio de Salud Metropolitano Norte,Hospital Comunitario de Til Til,Tiltil,MENORES CONTROLADOS,109104,13303,09
3195,2,9,109104,A0200002,13,13303,4,4,1,Servicio de Salud Metropolitano Norte,Hospital Comunitario de Til Til,Tiltil,LACTANCIA MATERNA EXCLUSIVA,109104,13303,09
3196,4,9,109104,A0200001,13,13303,4,5,5,Servicio de Salud Metropolitano Norte,Hospital Comunitario de Til Til,Tiltil,MENORES CONTROLADOS,109104,13303,09
3197,8,9,109104,A0200002,13,13303,5,3,5,Servicio de Salud Metropolitano Norte,Hospital Comunitario de Til Til,Tiltil,LACTANCIA MATERNA EXCLUSIVA,109104,13303,09
3198,8,9,109414,A0200002,13,13303,,1,,Servicio de Salud Metropolitano Norte,Posta de Salud Rural Polpaico,Tiltil,LACTANCIA MATERNA EXCLUSIVA,109414,13303,09
3199,8,9,109414,A0200001,13,13303,,,1,Servicio de Salud Metropolitano Norte,Posta de Salud Rural Polpaico,Tiltil,MENORES CONTROLADOS,109414,13303,09
3200,1,9,109104,A0200001,13,13303,0,0,0,Servicio de Salud Metropolitano Norte,Hospital Comunitario de Til Til,Tiltil,MENORES CONTROLADOS,109104,13303,09
3201,6,9,109104,A0200001,13,13303,2,3,3,Servicio de Salud Metropolitano Norte,Hospital Comunitario de Til Til,Tiltil,MENORES CONTROLADOS,109104,13303,09
3202,6,9,109104,A0200002,13,13303,1,2,2,Servicio de Salud Metropolitano Norte,Hospital Comunitario de Til Til,Tiltil,LACTANCIA MATERNA EXCLUSIVA,109104,13303,09
3203,3,9,109414,A0200002,13,13303,,1,,Servicio de Salud Metropolitano Norte,Posta de Salud Rural Polpaico,Tiltil,LACTANCIA MATERNA EXCLUSIVA,109414,13303,09
3204,6,9,109414,A0200002,13,13303,,,1,Servicio de Salud Metropolitano Norte,Posta de Salud Rural Polpaico,Tiltil,LACTANCIA MATERNA EXCLUSIVA,109414,13303,09
3205,6,9,109414,A0200001,13,13303,,,1,Servicio de Salud Metropolitano Norte,Posta de Salud Rural Polpaico,Tiltil,MENORES CONTROLADOS,109414,13303,09
3206,7,9,109104,A0200002,13,13303,2,1,3,Servicio de Salud Metropolitano Norte,Hospital Comunitario de Til Til,Tiltil,LACTANCIA MATERNA EXCLUSIVA,109104,13303,09
3207,7,9,109104,A0200001,13,13303,5,5,5,Servicio de Salud Metropolitano Norte,Hospital Comunitario de Til Til,Tiltil,MENORES CONTROLADOS,109104,13303,09
3208,4,9,109412,A0200002,13,13303,,,,Servicio de Salud Metropolitano Norte,Posta de Salud Rural Montenegro,Tiltil,LACTANCIA MATERNA EXCLUSIVA,109412,13303,09
3209,4,9,109412,A0200001,13,13303,,,,Servicio de Salud Metropolitano Norte,Posta de Salud Rural Montenegro,Tiltil,MENORES CONTROLADOS,109412,13303,09
3210,5,9,109412,A0200002,13,13303,1,,,Servicio de Salud Metropolitano Norte,Posta de Salud Rural Montenegro,Tiltil,LACTANCIA MATERNA EXCLUSIVA,109412,13303,09
3211,8,9,109412,A0200002,13,13303,1,,,Servicio de Salud Metropolitano Norte,Posta de Salud Rural Montenegro,Tiltil,LACTANCIA MATERNA EXCLUSIVA,109412,13303,09
3212,8,9,109412,A0200001,13,13303,1,,,Servicio de Salud Metropolitano Norte,Posta de Salud Rural Montenegro,Tiltil,MENORES CONTROLADOS,109412,13303,09
3213,7,9,109412,A0200002,13,13303,,2,,Servicio de Salud Metropolitano Norte,Posta de Salud Rural Montenegro,Tiltil,LACTANCIA MATERNA EXCLUSIVA,109412,13303,09
3214,5,9,109320,A0200002,13,13303,2,,2,Servicio de Salud Metropolitano Norte,Centro de Salud Familiar Huertos Familiares,Tiltil,LACTANCIA MATERNA EXCLUSIVA,109320,13303,09
3215,5,9,109320,A0200001,13,13303,3,,4,Servicio de Salud Metropolitano Norte,Centro de Salud Familiar Huertos Familiares,Tiltil,MENORES CONTROLADOS,109320,13303,09
3216,1,9,109320,A0200001,13,13303,3,6,1,Servicio de Salud Metropolitano Norte,Centro de Salud Familiar Huertos Familiares,Tiltil,MENORES CONTROLADOS,109320,13303,09
3217,1,9,109320,A0200002,13,13303,1,2,0,Servicio de Salud Metropolitano Norte,Centro de Salud Familiar Huertos Familiares,Tiltil,LACTANCIA MATERNA EXCLUSIVA,109320,13303,09
3218,3,9,109320,A0200002,13,13303,1,4,2,Servicio de Salud Metropolitano Norte,Centro de Salud Familiar Huertos Familiares,Tiltil,LACTANCIA MATERNA EXCLUSIVA,109320,13303,09
3219,3,9,109320,A0200001,13,13303,,,1,Servicio de Salud Metropolitano Norte,Centro de Salud Familiar Huertos Familiares,Tiltil,MENORES CONTROLADOS,109320,13303,09
3220,4,9,109320,A0200001,13,13303,5,6,4,Servicio de Salud Metropolitano Norte,Centro de Salud Familiar Huertos Familiares,Tiltil,MENORES CONTROLADOS,109320,13303,09
3221,4,9,109320,A0200002,13,13303,5,5,2,Servicio de Salud Metropolitano Norte,Centro de Salud Familiar Huertos Familiares,Tiltil,LACTANCIA MATERNA EXCLUSIVA,109320,13303,09
3222,2,9,109320,A0200002,13,13303,6,,2,Servicio de Salud Metropolitano Norte,Centro de Salud Familiar Huertos Familiares,Tiltil,LACTANCIA MATERNA EXCLUSIVA,109320,13303,09
3223,2,9,109320,A0200001,13,13303,6,,2,Servicio de Salud Metropolitano Norte,Centro de Salud Familiar Huertos Familiares,Tiltil,MENORES CONTROLADOS,109320,13303,09
3224,7,9,109320,A0200002,13,13303,7,4,4,Servicio de Salud Metropolitano Norte,Centro de Salud Familiar Huertos Familiares,Tiltil,LACTANCIA MATERNA EXCLUSIVA,109320,13303,09
3225,7,9,109320,A0200001,13,13303,9,4,8,Servicio de Salud Metropolitano Norte,Centro de Salud Familiar Huertos Familiares,Tiltil,MENORES CONTROLADOS,109320,13303,09
3226,6,9,109320,A0200002,13,13303,,3,3,Servicio de Salud Metropolitano Norte,Centro de Salud Familiar Huertos Familiares,Tiltil,LACTANCIA MATERNA EXCLUSIVA,109320,13303,09
3227,6,9,109320,A0200001,13,13303,2,5,3,Servicio de Salud Metropolitano Norte,Centro de Salud Familiar Huertos Familiares,Tiltil,MENORES CONTROLADOS,109320,13303,09
3228,8,9,109320,A0200002,13,13303,1,1,1,Servicio de Salud Metropolitano Norte,Centro de Salud Familiar Huertos Familiares,Tiltil,LACTANCIA MATERNA EXCLUSIVA,109320,13303,09
3229,8,9,109320,A0200001,13,13303,1,2,1,Servicio de Salud Metropolitano Norte,Centro de Salud Familiar Huertos Familiares,Tiltil,MENORES CONTROLADOS,109320,13303,09
3230,5,9,109302,A0200002,13,13104,9,6,3,Servicio de Salud Metropolitano Norte,Centro de Salud Familiar Lucas Sierra,Conchalí,LACTANCIA MATERNA EXCLUSIVA,109302,13104,09
3231,5,9,109302,A0200001,13,13104,15,11,6,Servicio de Salud Metropolitano Norte,Centro de Salud Familiar Lucas Sierra,Conchalí,MENORES CONTROLADOS,109302,13104,09
3232,3,10,110331,A0200002,13,13103,10,3,5,Servicio de Salud Metropolitano Occidente,Centro de Salud Familiar Lo Amor,Cerro Navia,LACTANCIA MATERNA EXCLUSIVA,110331,13103,10
3233,3,10,110331,A0200001,13,13103,15,5,13,Servicio de Salud Metropolitano Occidente,Centro de Salud Familiar Lo Amor,Cerro Navia,MENORES CONTROLADOS,110331,13103,10
3234,2,10,110331,A0200002,13,13103,4,6,2,Servicio de Salud Metropolitano Occidente,Centro de Salud Familiar Lo Amor,Cerro Navia,LACTANCIA MATERNA EXCLUSIVA,110331,13103,10
3235,1,10,110331,A0200001,13,13103,8,21,15,Servicio de Salud Metropolitano Occidente,Centro de Salud Familiar Lo Amor,Cerro Navia,MENORES CONTROLADOS,110331,13103,10
3236,4,10,110331,A0200002,13,13103,5,5,4,Servicio de Salud Metropolitano Occidente,Centro de Salud Familiar Lo Amor,Cerro Navia,LACTANCIA MATERNA EXCLUSIVA,110331,13103,10
3237,4,10,110331,A0200001,13,13103,5,7,12,Servicio de Salud Metropolitano Occidente,Centro de Salud Familiar Lo Amor,Cerro Navia,MENORES CONTROLADOS,110331,13103,10
3238,8,10,110331,A0200002,13,13103,9,10,5,Servicio de Salud Metropolitano Occidente,Centro de Salud Familiar Lo Amor,Cerro Navia,LACTANCIA MATERNA EXCLUSIVA,110331,13103,10
3239,8,10,110331,A0200001,13,13103,15,18,10,Servicio de Salud Metropolitano Occidente,Centro de Salud Familiar Lo Amor,Cerro Navia,MENORES CONTROLADOS,110331,13103,10
3240,1,10,110331,A0200002,13,13103,5,13,10,Servicio de Salud Metropolitano Occidente,Centro de Salud Familiar Lo Amor,Cerro Navia,LACTANCIA MATERNA EXCLUSIVA,110331,13103,10
3241,7,10,110330,A0200001,13,13103,17,20,26,Servicio de Salud Metropolitano Occidente,Centro de Salud Familiar Dr. Adalberto Steeger,Cerro Navia,MENORES CONTROLADOS,110330,13103,10
3242,4,10,110330,A0200002,13,13103,17,6,9,Servicio de Salud Metropolitano Occidente,Centro de Salud Familiar Dr. Adalberto Steeger,Cerro Navia,LACTANCIA MATERNA EXCLUSIVA,110330,13103,10
3243,4,10,110330,A0200001,13,13103,22,19,14,Servicio de Salud Metropolitano Occidente,Centro de Salud Familiar Dr. Adalberto Steeger,Cerro Navia,MENORES CONTROLADOS,110330,13103,10
3244,7,10,110330,A0200002,13,13103,14,14,16,Servicio de Salud Metropolitano Occidente,Centro de Salud Familiar Dr. Adalberto Steeger,Cerro Navia,LACTANCIA MATERNA EXCLUSIVA,110330,13103,10
3245,5,10,110330,A0200002,13,13103,14,14,13,Servicio de Salud Metropolitano Occidente,Centro de Salud Familiar Dr. Adalberto Steeger,Cerro Navia,LACTANCIA MATERNA EXCLUSIVA,110330,13103,10
3246,1,10,110330,A0200002,13,13103,15,14,12,Servicio de Salud Metropolitano Occidente,Centro de Salud Familiar Dr. Adalberto Steeger,Cerro Navia,LACTANCIA MATERNA EXCLUSIVA,110330,13103,10
3247,1,10,110330,A0200001,13,13103,21,31,20,Servicio de Salud Metropolitano Occidente,Centro de Salud Familiar Dr. Adalberto Steeger,Cerro Navia,MENORES CONTROLADOS,110330,13103,10
3248,2,10,110330,A0200002,13,13103,7,9,8,Servicio de Salud Metropolitano Occidente,Centro de Salud Familiar Dr. Adalberto Steeger,Cerro Navia,LACTANCIA MATERNA EXCLUSIVA,110330,13103,10
3249,2,10,110330,A0200001,13,13103,17,21,14,Servicio de Salud Metropolitano Occidente,Centro de Salud Familiar Dr. Adalberto Steeger,Cerro Navia,MENORES CONTROLADOS,110330,13103,10
3250,6,10,110330,A0200002,13,13103,14,19,9,Servicio de Salud Metropolitano Occidente,Centro de Salud Familiar Dr. Adalberto Steeger,Cerro Navia,LACTANCIA MATERNA EXCLUSIVA,110330,13103,10
3251,6,10,110330,A0200001,13,13103,25,30,10,Servicio de Salud Metropolitano Occidente,Centro de Salud Familiar Dr. Adalberto Steeger,Cerro Navia,MENORES CONTROLADOS,110330,13103,10
3252,3,10,110330,A0200002,13,13103,21,6,9,Servicio de Salud Metropolitano Occidente,Centro de Salud Familiar Dr. Adalberto Steeger,Cerro Navia,LACTANCIA MATERNA EXCLUSIVA,110330,13103,10
3253,5,10,110355,A0200001,13,13103,21,16,14,Servicio de Salud Metropolitano Occidente,Centro de Salud Familiar Dr. Arturo Albertz,Cerro Navia,MENORES CONTROLADOS,110355,13103,10
3254,3,10,110355,A0200002,13,13103,7,11,9,Servicio de Salud Metropolitano Occidente,Centro de Salud Familiar Dr. Arturo Albertz,Cerro Navia,LACTANCIA MATERNA EXCLUSIVA,110355,13103,10
3255,3,10,110355,A0200001,13,13103,16,13,12,Servicio de Salud Metropolitano Occidente,Centro de Salud Familiar Dr. Arturo Albertz,Cerro Navia,MENORES CONTROLADOS,110355,13103,10
3256,4,10,110355,A0200002,13,13103,5,7,6,Servicio de Salud Metropolitano Occidente,Centro de Salud Familiar Dr. Arturo Albertz,Cerro Navia,LACTANCIA MATERNA EXCLUSIVA,110355,13103,10
3257,4,10,110355,A0200001,13,13103,15,13,8,Servicio de Salud Metropolitano Occidente,Centro de Salud Familiar Dr. Arturo Albertz,Cerro Navia,MENORES CONTROLADOS,110355,13103,10
3258,2,10,110355,A0200002,13,13103,8,8,13,Servicio de Salud Metropolitano Occidente,Centro de Salud Familiar Dr. Arturo Albertz,Cerro Navia,LACTANCIA MATERNA EXCLUSIVA,110355,13103,10
3259,2,10,110355,A0200001,13,13103,16,12,19,Servicio de Salud Metropolitano Occidente,Centro de Salud Familiar Dr. Arturo Albertz,Cerro Navia,MENORES CONTROLADOS,110355,13103,10
3260,1,10,110355,A0200002,13,13103,12,7,4,Servicio de Salud Metropolitano Occidente,Centro de Salud Familiar Dr. Arturo Albertz,Cerro Navia,LACTANCIA MATERNA EXCLUSIVA,110355,13103,10
3261,1,10,110355,A0200001,13,13103,21,13,11,Servicio de Salud Metropolitano Occidente,Centro de Salud Familiar Dr. Arturo Albertz,Cerro Navia,MENORES CONTROLADOS,110355,13103,10
3262,8,10,110355,A0200002,13,13103,5,9,8,Servicio de Salud Metropolitano Occidente,Centro de Salud Familiar Dr. Arturo Albertz,Cerro Navia,LACTANCIA MATERNA EXCLUSIVA,110355,13103,10
3263,8,10,110355,A0200001,13,13103,9,17,16,Servicio de Salud Metropolitano Occidente,Centro de Salud Familiar Dr. Arturo Albertz,Cerro Navia,MENORES CONTROLADOS,110355,13103,10
3264,5,10,110355,A0200002,13,13103,10,7,8,Servicio de Salud Metropolitano Occidente,Centro de Salud Familiar Dr. Arturo Albertz,Cerro Navia,LACTANCIA MATERNA EXCLUSIVA,110355,13103,10
3265,7,10,110355,A0200002,13,13103,10,9,9,Servicio de Salud Metropolitano Occidente,Centro de Salud Familiar Dr. Arturo Albertz,Cerro Navia,LACTANCIA MATERNA EXCLUSIVA,110355,13103,10
3266,7,10,110355,A0200001,13,13103,18,17,15,Servicio de Salud Metropolitano Occidente,Centro de Salud Familiar Dr. Arturo Albertz,Cerro Navia,MENORES CONTROLADOS,110355,13103,10
3267,6,10,110355,A0200002,13,13103,4,3,8,Servicio de Salud Metropolitano Occidente,Centro de Salud Familiar Dr. Arturo Albertz,Cerro Navia,LACTANCIA MATERNA EXCLUSIVA,110355,13103,10
3268,6,10,110355,A0200001,13,13103,10,8,13,Servicio de Salud Metropolitano Occidente,Centro de Salud Familiar Dr. Arturo Albertz,Cerro Navia,MENORES CONTROLADOS,110355,13103,10
3269,1,10,110335,A0200002,13,13103,14,12,4,Servicio de Salud Metropolitano Occidente,Centro de Salud Familiar Cerro Navia,Cerro Navia,LACTANCIA MATERNA EXCLUSIVA,110335,13103,10
3270,2,10,110335,A0200001,13,13103,12,3,10,Servicio de Salud Metropolitano Occidente,Centro de Salud Familiar Cerro Navia,Cerro Navia,MENORES CONTROLADOS,110335,13103,10
3271,1,10,110335,A0200001,13,13103,17,18,7,Servicio de Salud Metropolitano Occidente,Centro de Salud Familiar Cerro Navia,Cerro Navia,MENORES CONTROLADOS,110335,13103,10
3272,5,10,110335,A0200001,13,13103,14,12,7,Servicio de Salud Metropolitano Occidente,Centro de Salud Familiar Cerro Navia,Cerro Navia,MENORES CONTROLADOS,110335,13103,10
3273,3,10,110335,A0200001,13,13103,16,13,8,Servicio de Salud Metropolitano Occidente,Centro de Salud Familiar Cerro Navia,Cerro Navia,MENORES CONTROLADOS,110335,13103,10
3274,4,10,110335,A0200002,13,13103,5,3,11,Servicio de Salud Metropolitano Occidente,Centro de Salud Familiar Cerro Navia,Cerro Navia,LACTANCIA MATERNA EXCLUSIVA,110335,13103,10
3275,4,10,110335,A0200001,13,13103,9,3,16,Servicio de Salud Metropolitano Occidente,Centro de Salud Familiar Cerro Navia,Cerro Navia,MENORES CONTROLADOS,110335,13103,10
3276,7,10,110335,A0200002,13,13103,9,11,4,Servicio de Salud Metropolitano Occidente,Centro de Salud Familiar Cerro Navia,Cerro Navia,LACTANCIA MATERNA EXCLUSIVA,110335,13103,10
3277,2,10,110335,A0200002,13,13103,10,1,6,Servicio de Salud Metropolitano Occidente,Centro de Salud Familiar Cerro Navia,Cerro Navia,LACTANCIA MATERNA EXCLUSIVA,110335,13103,10
3278,7,10,110335,A0200001,13,13103,13,14,7,Servicio de Salud Metropolitano Occidente,Centro de Salud Familiar Cerro Navia,Cerro Navia,MENORES CONTROLADOS,110335,13103,10
3279,6,10,110335,A0200001,13,13103,19,15,13,Servicio de Salud Metropolitano Occidente,Centro de Salud Familiar Cerro Navia,Cerro Navia,MENORES CONTROLADOS,110335,13103,10
3280,3,10,110335,A0200002,13,13103,14,11,5,Servicio de Salud Metropolitano Occidente,Centro de Salud Familiar Cerro Navia,Cerro Navia,LACTANCIA MATERNA EXCLUSIVA,110335,13103,10
3281,5,10,110335,A0200002,13,13103,10,6,4,Servicio de Salud Metropolitano Occidente,Centro de Salud Familiar Cerro Navia,Cerro Navia,LACTANCIA MATERNA EXCLUSIVA,110335,13103,10
3282,8,10,110335,A0200002,13,13103,8,8,9,Servicio de Salud Metropolitano Occidente,Centro de Salud Familiar Cerro Navia,Cerro Navia,LACTANCIA MATERNA EXCLUSIVA,110335,13103,10
3283,8,10,110335,A0200001,13,13103,11,15,14,Servicio de Salud Metropolitano Occidente,Centro de Salud Familiar Cerro Navia,Cerro Navia,MENORES CONTROLADOS,110335,13103,10
3284,6,10,110335,A0200002,13,13103,15,9,10,Servicio de Salud Metropolitano Occidente,Centro de Salud Familiar Cerro Navia,Cerro Navia,LACTANCIA MATERNA EXCLUSIVA,110335,13103,10
3285,2,10,110735,A0200002,13,13103,,2,1,Servicio de Salud Metropolitano Occidente,Centro Comunitario de Salud Familiar Los Lagos (Unidad Vecinal Nº 33),Cerro Navia,LACTANCIA MATERNA EXCLUSIVA,110735,13103,10
3286,2,10,110735,A0200001,13,13103,,3,1,Servicio de Salud Metropolitano Occidente,Centro Comunitario de Salud Familiar Los Lagos (Unidad Vecinal Nº 33),Cerro Navia,MENORES CONTROLADOS,110735,13103,10
3287,1,10,110735,A0200001,13,13103,1,3,2,Servicio de Salud Metropolitano Occidente,Centro Comunitario de Salud Familiar Los Lagos (Unidad Vecinal Nº 33),Cerro Navia,MENORES CONTROLADOS,110735,13103,10
3288,6,10,110735,A0200002,13,13103,,,1,Servicio de Salud Metropolitano Occidente,Centro Comunitario de Salud Familiar Los Lagos (Unidad Vecinal Nº 33),Cerro Navia,LACTANCIA MATERNA EXCLUSIVA,110735,13103,10
3289,6,10,110735,A0200001,13,13103,,,2,Servicio de Salud Metropolitano Occidente,Centro Comunitario de Salud Familiar Los Lagos (Unidad Vecinal Nº 33),Cerro Navia,MENORES CONTROLADOS,110735,13103,10
3290,4,10,110735,A0200002,13,13103,,2,,Servicio de Salud Metropolitano Occidente,Centro Comunitario de Salud Familiar Los Lagos (Unidad Vecinal Nº 33),Cerro Navia,LACTANCIA MATERNA EXCLUSIVA,110735,13103,10
3291,4,10,110735,A0200001,13,13103,1,2,2,Servicio de Salud Metropolitano Occidente,Centro Comunitario de Salud Familiar Los Lagos (Unidad Vecinal Nº 33),Cerro Navia,MENORES CONTROLADOS,110735,13103,10
3292,8,10,110735,A0200002,13,13103,0,1,1,Servicio de Salud Metropolitano Occidente,Centro Comunitario de Salud Familiar Los Lagos (Unidad Vecinal Nº 33),Cerro Navia,LACTANCIA MATERNA EXCLUSIVA,110735,13103,10
3293,8,10,110735,A0200001,13,13103,0,4,1,Servicio de Salud Metropolitano Occidente,Centro Comunitario de Salud Familiar Los Lagos (Unidad Vecinal Nº 33),Cerro Navia,MENORES CONTROLADOS,110735,13103,10
3294,5,10,110735,A0200002,13,13103,1,1,2,Servicio de Salud Metropolitano Occidente,Centro Comunitario de Salud Familiar Los Lagos (Unidad Vecinal Nº 33),Cerro Navia,LACTANCIA MATERNA EXCLUSIVA,110735,13103,10
3295,5,10,110735,A0200001,13,13103,1,1,3,Servicio de Salud Metropolitano Occidente,Centro Comunitario de Salud Familiar Los Lagos (Unidad Vecinal Nº 33),Cerro Navia,MENORES CONTROLADOS,110735,13103,10
3296,3,10,110735,A0200002,13,13103,2,,,Servicio de Salud Metropolitano Occidente,Centro Comunitario de Salud Familiar Los Lagos (Unidad Vecinal Nº 33),Cerro Navia,LACTANCIA MATERNA EXCLUSIVA,110735,13103,10
3297,3,10,110735,A0200001,13,13103,2,1,,Servicio de Salud Metropolitano Occidente,Centro Comunitario de Salud Familiar Los Lagos (Unidad Vecinal Nº 33),Cerro Navia,MENORES CONTROLADOS,110735,13103,10
3298,1,10,110735,A0200002,13,13103,1,2,1,Servicio de Salud Metropolitano Occidente,Centro Comunitario de Salud Familiar Los Lagos (Unidad Vecinal Nº 33),Cerro Navia,LACTANCIA MATERNA EXCLUSIVA,110735,13103,10
3299,7,10,110735,A0200002,13,13103,1,,,Servicio de Salud Metropolitano Occidente,Centro Comunitario de Salud Familiar Los Lagos (Unidad Vecinal Nº 33),Cerro Navia,LACTANCIA MATERNA EXCLUSIVA,110735,13103,10
3300,6,10,110340,A0200002,13,13117,7,7,3,Servicio de Salud Metropolitano Occidente,Centro de Salud Familiar Dr. Raúl Yazigi,Lo Prado,LACTANCIA MATERNA EXCLUSIVA,110340,13117,10
3301,6,10,110340,A0200001,13,13117,10,13,5,Servicio de Salud Metropolitano Occidente,Centro de Salud Familiar Dr. Raúl Yazigi,Lo Prado,MENORES CONTROLADOS,110340,13117,10
3302,5,10,110340,A0200002,13,13117,6,6,11,Servicio de Salud Metropolitano Occidente,Centro de Salud Familiar Dr. Raúl Yazigi,Lo Prado,LACTANCIA MATERNA EXCLUSIVA,110340,13117,10
3303,6,10,110316,A0200002,13,13117,11,10,4,Servicio de Salud Metropolitano Occidente,Centro de Salud Familiar Pablo Neruda,Lo Prado,LACTANCIA MATERNA EXCLUSIVA,110316,13117,10
3304,5,10,110340,A0200001,13,13117,10,12,18,Servicio de Salud Metropolitano Occidente,Centro de Salud Familiar Dr. Raúl Yazigi,Lo Prado,MENORES CONTROLADOS,110340,13117,10
3305,4,10,110315,A0200002,13,13117,8,9,7,Servicio de Salud Metropolitano Occidente,Centro de Salud Familiar Santa Anita,Lo Prado,LACTANCIA MATERNA EXCLUSIVA,110315,13117,10
3306,6,10,110345,A0200002,13,13117,3,4,2,Servicio de Salud Metropolitano Occidente,Centro de Salud Familiar Dr. Carlos Avendaño,Lo Prado,LACTANCIA MATERNA EXCLUSIVA,110345,13117,10
3307,6,10,110345,A0200001,13,13117,11,15,2,Servicio de Salud Metropolitano Occidente,Centro de Salud Familiar Dr. Carlos Avendaño,Lo Prado,MENORES CONTROLADOS,110345,13117,10
3308,8,10,110316,A0200002,13,13117,5,6,7,Servicio de Salud Metropolitano Occidente,Centro de Salud Familiar Pablo Neruda,Lo Prado,LACTANCIA MATERNA EXCLUSIVA,110316,13117,10
3309,8,10,110316,A0200001,13,13117,10,11,12,Servicio de Salud Metropolitano Occidente,Centro de Salud Familiar Pablo Neruda,Lo Prado,MENORES CONTROLADOS,110316,13117,10
3310,8,10,110345,A0200002,13,13117,4,4,2,Servicio de Salud Metropolitano Occidente,Centro de Salud Familiar Dr. Carlos Avendaño,Lo Prado,LACTANCIA MATERNA EXCLUSIVA,110345,13117,10
3311,8,10,110345,A0200001,13,13117,6,15,4,Servicio de Salud Metropolitano Occidente,Centro de Salud Familiar Dr. Carlos Avendaño,Lo Prado,MENORES CONTROLADOS,110345,13117,10
3312,8,10,110315,A0200002,13,13117,6,9,9,Servicio de Salud Metropolitano Occidente,Centro de Salud Familiar Santa Anita,Lo Prado,LACTANCIA MATERNA EXCLUSIVA,110315,13117,10
3313,8,10,110315,A0200001,13,13117,9,16,15,Servicio de Salud Metropolitano Occidente,Centro de Salud Familiar Santa Anita,Lo Prado,MENORES CONTROLADOS,110315,13117,10
3314,8,10,110340,A0200001,13,13117,16,12,11,Servicio de Salud Metropolitano Occidente,Centro de Salud Familiar Dr. Raúl Yazigi,Lo Prado,MENORES CONTROLADOS,110340,13117,10
3315,8,10,110340,A0200002,13,13117,7,9,9,Servicio de Salud Metropolitano Occidente,Centro de Salud Familiar Dr. Raúl Yazigi,Lo Prado,LACTANCIA MATERNA EXCLUSIVA,110340,13117,10
3316,6,10,110316,A0200001,13,13117,18,22,7,Servicio de Salud Metropolitano Occidente,Centro de Salud Familiar Pablo Neruda,Lo Prado,MENORES CONTROLADOS,110316,13117,10
3317,2,10,110345,A0200002,13,13117,4,6,6,Servicio de Salud Metropolitano Occidente,Centro de Salud Familiar Dr. Carlos Avendaño,Lo Prado,LACTANCIA MATERNA EXCLUSIVA,110345,13117,10
3318,6,10,110315,A0200001,13,13117,14,20,11,Servicio de Salud Metropolitano Occidente,Centro de Salud Familiar Santa Anita,Lo Prado,MENORES CONTROLADOS,110315,13117,10
3319,5,10,110316,A0200002,13,13117,9,3,2,Servicio de Salud Metropolitano Occidente,Centro de Salud Familiar Pablo Neruda,Lo Prado,LACTANCIA MATERNA EXCLUSIVA,110316,13117,10
3320,5,10,110316,A0200001,13,13117,17,5,8,Servicio de Salud Metropolitano Occidente,Centro de Salud Familiar Pablo Neruda,Lo Prado,MENORES CONTROLADOS,110316,13117,10
3321,1,10,110316,A0200001,13,13117,7,19,11,Servicio de Salud Metropolitano Occidente,Centro de Salud Familiar Pablo Neruda,Lo Prado,MENORES CONTROLADOS,110316,13117,10
3322,2,10,110315,A0200001,13,13117,16,18,13,Servicio de Salud Metropolitano Occidente,Centro de Salud Familiar Santa Anita,Lo Prado,MENORES CONTROLADOS,110315,13117,10
3323,2,10,110315,A0200002,13,13117,10,10,11,Servicio de Salud Metropolitano Occidente,Centro de Salud Familiar Santa Anita,Lo Prado,LACTANCIA MATERNA EXCLUSIVA,110315,13117,10
3324,1,10,110345,A0200002,13,13117,5,7,5,Servicio de Salud Metropolitano Occidente,Centro de Salud Familiar Dr. Carlos Avendaño,Lo Prado,LACTANCIA MATERNA EXCLUSIVA,110345,13117,10
3325,3,10,110345,A0200001,13,13117,14,9,6,Servicio de Salud Metropolitano Occidente,Centro de Salud Familiar Dr. Carlos Avendaño,Lo Prado,MENORES CONTROLADOS,110345,13117,10
3326,5,10,110345,A0200002,13,13117,8,5,6,Servicio de Salud Metropolitano Occidente,Centro de Salud Familiar Dr. Carlos Avendaño,Lo Prado,LACTANCIA MATERNA EXCLUSIVA,110345,13117,10
3327,5,10,110345,A0200001,13,13117,12,12,10,Servicio de Salud Metropolitano Occidente,Centro de Salud Familiar Dr. Carlos Avendaño,Lo Prado,MENORES CONTROLADOS,110345,13117,10
3328,7,10,110315,A0200002,13,13117,5,6,10,Servicio de Salud Metropolitano Occidente,Centro de Salud Familiar Santa Anita,Lo Prado,LACTANCIA MATERNA EXCLUSIVA,110315,13117,10
3329,7,10,110315,A0200001,13,13117,12,17,19,Servicio de Salud Metropolitano Occidente,Centro de Salud Familiar Santa Anita,Lo Prado,MENORES CONTROLADOS,110315,13117,10
3330,6,10,110315,A0200002,13,13117,3,13,6,Servicio de Salud Metropolitano Occidente,Centro de Salud Familiar Santa Anita,Lo Prado,LACTANCIA MATERNA EXCLUSIVA,110315,13117,10
3331,4,10,110315,A0200001,13,13117,11,13,10,Servicio de Salud Metropolitano Occidente,Centro de Salud Familiar Santa Anita,Lo Prado,MENORES CONTROLADOS,110315,13117,10
3332,2,10,110345,A0200001,13,13117,7,9,8,Servicio de Salud Metropolitano Occidente,Centro de Salud Familiar Dr. Carlos Avendaño,Lo Prado,MENORES CONTROLADOS,110345,13117,10
3333,1,10,110316,A0200002,13,13117,3,11,7,Servicio de Salud Metropolitano Occidente,Centro de Salud Familiar Pablo Neruda,Lo Prado,LACTANCIA MATERNA EXCLUSIVA,110316,13117,10
3334,7,10,110316,A0200002,13,13117,7,13,5,Servicio de Salud Metropolitano Occidente,Centro de Salud Familiar Pablo Neruda,Lo Prado,LACTANCIA MATERNA EXCLUSIVA,110316,13117,10
3335,7,10,110340,A0200001,13,13117,16,10,11,Servicio de Salud Metropolitano Occidente,Centro de Salud Familiar Dr. Raúl Yazigi,Lo Prado,MENORES CONTROLADOS,110340,13117,10
3336,7,10,110340,A0200002,13,13117,7,5,10,Servicio de Salud Metropolitano Occidente,Centro de Salud Familiar Dr. Raúl Yazigi,Lo Prado,LACTANCIA MATERNA EXCLUSIVA,110340,13117,10
3337,7,10,110316,A0200001,13,13117,11,20,8,Servicio de Salud Metropolitano Occidente,Centro de Salud Familiar Pablo Neruda,Lo Prado,MENORES CONTROLADOS,110316,13117,10
3338,4,10,110345,A0200001,13,13117,13,7,8,Servicio de Salud Metropolitano Occidente,Centro de Salud Familiar Dr. Carlos Avendaño,Lo Prado,MENORES CONTROLADOS,110345,13117,10
3339,4,10,110345,A0200002,13,13117,5,4,5,Servicio de Salud Metropolitano Occidente,Centro de Salud Familiar Dr. Carlos Avendaño,Lo Prado,LACTANCIA MATERNA EXCLUSIVA,110345,13117,10
3340,4,10,110340,A0200002,13,13117,9,6,3,Servicio de Salud Metropolitano Occidente,Centro de Salud Familiar Dr. Raúl Yazigi,Lo Prado,LACTANCIA MATERNA EXCLUSIVA,110340,13117,10
3341,4,10,110340,A0200001,13,13117,18,8,7,Servicio de Salud Metropolitano Occidente,Centro de Salud Familiar Dr. Raúl Yazigi,Lo Prado,MENORES CONTROLADOS,110340,13117,10
3342,7,10,110345,A0200002,13,13117,9,5,4,Servicio de Salud Metropolitano Occidente,Centro de Salud Familiar Dr. Carlos Avendaño,Lo Prado,LACTANCIA MATERNA EXCLUSIVA,110345,13117,10
3343,7,10,110345,A0200001,13,13117,12,11,6,Servicio de Salud Metropolitano Occidente,Centro de Salud Familiar Dr. Carlos Avendaño,Lo Prado,MENORES CONTROLADOS,110345,13117,10
3344,2,10,110340,A0200001,13,13117,11,11,8,Servicio de Salud Metropolitano Occidente,Centro de Salud Familiar Dr. Raúl Yazigi,Lo Prado,MENORES CONTROLADOS,110340,13117,10
3345,2,10,110316,A0200001,13,13117,13,10,15,Servicio de Salud Metropolitano Occidente,Centro de Salud Familiar Pablo Neruda,Lo Prado,MENORES CONTROLADOS,110316,13117,10
3346,2,10,110316,A0200002,13,13117,6,6,8,Servicio de Salud Metropolitano Occidente,Centro de Salud Familiar Pablo Neruda,Lo Prado,LACTANCIA MATERNA EXCLUSIVA,110316,13117,10
3347,1,10,110315,A0200002,13,13117,5,4,12,Servicio de Salud Metropolitano Occidente,Centro de Salud Familiar Santa Anita,Lo Prado,LACTANCIA MATERNA EXCLUSIVA,110315,13117,10
3348,2,10,110340,A0200002,13,13117,9,7,6,Servicio de Salud Metropolitano Occidente,Centro de Salud Familiar Dr. Raúl Yazigi,Lo Prado,LACTANCIA MATERNA EXCLUSIVA,110340,13117,10
3349,1,10,110340,A0200001,13,13117,18,18,10,Servicio de Salud Metropolitano Occidente,Centro de Salud Familiar Dr. Raúl Yazigi,Lo Prado,MENORES CONTROLADOS,110340,13117,10
3350,1,10,110340,A0200002,13,13117,7,10,4,Servicio de Salud Metropolitano Occidente,Centro de Salud Familiar Dr. Raúl Yazigi,Lo Prado,LACTANCIA MATERNA EXCLUSIVA,110340,13117,10
3351,1,10,110315,A0200001,13,13117,14,10,16,Servicio de Salud Metropolitano Occidente,Centro de Salud Familiar Santa Anita,Lo Prado,MENORES CONTROLADOS,110315,13117,10
3352,1,10,110345,A0200001,13,13117,9,12,8,Servicio de Salud Metropolitano Occidente,Centro de Salud Familiar Dr. Carlos Avendaño,Lo Prado,MENORES CONTROLADOS,110345,13117,10
3353,3,10,110345,A0200002,13,13117,7,6,4,Servicio de Salud Metropolitano Occidente,Centro de Salud Familiar Dr. Carlos Avendaño,Lo Prado,LACTANCIA MATERNA EXCLUSIVA,110345,13117,10
3354,4,10,110316,A0200001,13,13117,19,9,13,Servicio de Salud Metropolitano Occidente,Centro de Salud Familiar Pablo Neruda,Lo Prado,MENORES CONTROLADOS,110316,13117,10
3355,4,10,110316,A0200002,13,13117,11,6,9,Servicio de Salud Metropolitano Occidente,Centro de Salud Familiar Pablo Neruda,Lo Prado,LACTANCIA MATERNA EXCLUSIVA,110316,13117,10
3356,5,10,110315,A0200002,13,13117,9,9,8,Servicio de Salud Metropolitano Occidente,Centro de Salud Familiar Santa Anita,Lo Prado,LACTANCIA MATERNA EXCLUSIVA,110315,13117,10
3357,5,10,110315,A0200001,13,13117,16,17,11,Servicio de Salud Metropolitano Occidente,Centro de Salud Familiar Santa Anita,Lo Prado,MENORES CONTROLADOS,110315,13117,10
3358,3,10,110315,A0200002,13,13117,10,11,4,Servicio de Salud Metropolitano Occidente,Centro de Salud Familiar Santa Anita,Lo Prado,LACTANCIA MATERNA EXCLUSIVA,110315,13117,10
3359,3,10,110315,A0200001,13,13117,15,14,9,Servicio de Salud Metropolitano Occidente,Centro de Salud Familiar Santa Anita,Lo Prado,MENORES CONTROLADOS,110315,13117,10
3360,3,10,110316,A0200002,13,13117,5,3,12,Servicio de Salud Metropolitano Occidente,Centro de Salud Familiar Pablo Neruda,Lo Prado,LACTANCIA MATERNA EXCLUSIVA,110316,13117,10
3361,3,10,110316,A0200001,13,13117,9,7,19,Servicio de Salud Metropolitano Occidente,Centro de Salud Familiar Pablo Neruda,Lo Prado,MENORES CONTROLADOS,110316,13117,10
3362,3,10,110340,A0200002,13,13117,19,7,14,Servicio de Salud Metropolitano Occidente,Centro de Salud Familiar Dr. Raúl Yazigi,Lo Prado,LACTANCIA MATERNA EXCLUSIVA,110340,13117,10
3363,3,10,110340,A0200001,13,13117,26,,19,Servicio de Salud Metropolitano Occidente,Centro de Salud Familiar Dr. Raúl Yazigi,Lo Prado,MENORES CONTROLADOS,110340,13117,10
3364,4,10,110754,A0200002,13,13124,0,0,1,Servicio de Salud Metropolitano Occidente,Centro Comunitario de Salud Familiar Río Claro,Pudahuel,LACTANCIA MATERNA EXCLUSIVA,110754,13124,10
3365,4,10,110754,A0200001,13,13124,1,1,1,Servicio de Salud Metropolitano Occidente,Centro Comunitario de Salud Familiar Río Claro,Pudahuel,MENORES CONTROLADOS,110754,13124,10
3366,6,10,110756,A0200002,13,13124,0,1,0,Servicio de Salud Metropolitano Occidente,Centro Comunitario de Salud Familiar Mar Caribe,Pudahuel,LACTANCIA MATERNA EXCLUSIVA,110756,13124,10
3367,6,10,110756,A0200001,13,13124,0,1,2,Servicio de Salud Metropolitano Occidente,Centro Comunitario de Salud Familiar Mar Caribe,Pudahuel,MENORES CONTROLADOS,110756,13124,10
3368,4,10,110756,A0200001,13,13124,3,0,1,Servicio de Salud Metropolitano Occidente,Centro Comunitario de Salud Familiar Mar Caribe,Pudahuel,MENORES CONTROLADOS,110756,13124,10
3369,2,10,110754,A0200002,13,13124,,3,2,Servicio de Salud Metropolitano Occidente,Centro Comunitario de Salud Familiar Río Claro,Pudahuel,LACTANCIA MATERNA EXCLUSIVA,110754,13124,10
3370,3,10,110754,A0200002,13,13124,0,0,1,Servicio de Salud Metropolitano Occidente,Centro Comunitario de Salud Familiar Río Claro,Pudahuel,LACTANCIA MATERNA EXCLUSIVA,110754,13124,10
3371,1,10,110756,A0200001,13,13124,1,1,0,Servicio de Salud Metropolitano Occidente,Centro Comunitario de Salud Familiar Mar Caribe,Pudahuel,MENORES CONTROLADOS,110756,13124,10
3372,6,10,110754,A0200002,13,13124,2,0,0,Servicio de Salud Metropolitano Occidente,Centro Comunitario de Salud Familiar Río Claro,Pudahuel,LACTANCIA MATERNA EXCLUSIVA,110754,13124,10
3373,6,10,110754,A0200001,13,13124,3,1,0,Servicio de Salud Metropolitano Occidente,Centro Comunitario de Salud Familiar Río Claro,Pudahuel,MENORES CONTROLADOS,110754,13124,10
3374,2,10,110754,A0200001,13,13124,,5,3,Servicio de Salud Metropolitano Occidente,Centro Comunitario de Salud Familiar Río Claro,Pudahuel,MENORES CONTROLADOS,110754,13124,10
3375,4,10,110756,A0200002,13,13124,2,0,0,Servicio de Salud Metropolitano Occidente,Centro Comunitario de Salud Familiar Mar Caribe,Pudahuel,LACTANCIA MATERNA EXCLUSIVA,110756,13124,10
3376,3,10,110754,A0200001,13,13124,3,2,2,Servicio de Salud Metropolitano Occidente,Centro Comunitario de Salud Familiar Río Claro,Pudahuel,MENORES CONTROLADOS,110754,13124,10
3377,2,10,110756,A0200001,13,13124,1,0,2,Servicio de Salud Metropolitano Occidente,Centro Comunitario de Salud Familiar Mar Caribe,Pudahuel,MENORES CONTROLADOS,110756,13124,10
3378,1,10,110754,A0200001,13,13124,1,,2,Servicio de Salud Metropolitano Occidente,Centro Comunitario de Salud Familiar Río Claro,Pudahuel,MENORES CONTROLADOS,110754,13124,10
3379,1,10,110754,A0200002,13,13124,1,,1,Servicio de Salud Metropolitano Occidente,Centro Comunitario de Salud Familiar Río Claro,Pudahuel,LACTANCIA MATERNA EXCLUSIVA,110754,13124,10
3380,1,10,110756,A0200002,13,13124,1,1,0,Servicio de Salud Metropolitano Occidente,Centro Comunitario de Salud Familiar Mar Caribe,Pudahuel,LACTANCIA MATERNA EXCLUSIVA,110756,13124,10
3381,5,10,110754,A0200002,13,13124,2,2,1,Servicio de Salud Metropolitano Occidente,Centro Comunitario de Salud Familiar Río Claro,Pudahuel,LACTANCIA MATERNA EXCLUSIVA,110754,13124,10
3382,5,10,110754,A0200001,13,13124,3,3,4,Servicio de Salud Metropolitano Occidente,Centro Comunitario de Salud Familiar Río Claro,Pudahuel,MENORES CONTROLADOS,110754,13124,10
3383,3,10,110756,A0200001,13,13124,0,2,1,Servicio de Salud Metropolitano Occidente,Centro Comunitario de Salud Familiar Mar Caribe,Pudahuel,MENORES CONTROLADOS,110756,13124,10
3384,3,10,110756,A0200002,13,13124,0,2,1,Servicio de Salud Metropolitano Occidente,Centro Comunitario de Salud Familiar Mar Caribe,Pudahuel,LACTANCIA MATERNA EXCLUSIVA,110756,13124,10
3385,7,10,110754,A0200002,13,13124,0,2,1,Servicio de Salud Metropolitano Occidente,Centro Comunitario de Salud Familiar Río Claro,Pudahuel,LACTANCIA MATERNA EXCLUSIVA,110754,13124,10
3386,7,10,110754,A0200001,13,13124,0,2,1,Servicio de Salud Metropolitano Occidente,Centro Comunitario de Salud Familiar Río Claro,Pudahuel,MENORES CONTROLADOS,110754,13124,10
3387,7,10,110756,A0200001,13,13124,0,0,1,Servicio de Salud Metropolitano Occidente,Centro Comunitario de Salud Familiar Mar Caribe,Pudahuel,MENORES CONTROLADOS,110756,13124,10
3388,2,10,110756,A0200002,13,13124,0,0,2,Servicio de Salud Metropolitano Occidente,Centro Comunitario de Salud Familiar Mar Caribe,Pudahuel,LACTANCIA MATERNA EXCLUSIVA,110756,13124,10
3389,8,10,110754,A0200002,13,13124,1,2,2,Servicio de Salud Metropolitano Occidente,Centro Comunitario de Salud Familiar Río Claro,Pudahuel,LACTANCIA MATERNA EXCLUSIVA,110754,13124,10
3390,8,10,110754,A0200001,13,13124,1,2,4,Servicio de Salud Metropolitano Occidente,Centro Comunitario de Salud Familiar Río Claro,Pudahuel,MENORES CONTROLADOS,110754,13124,10
3391,5,10,110756,A0200001,13,13124,1,0,0,Servicio de Salud Metropolitano Occidente,Centro Comunitario de Salud Familiar Mar Caribe,Pudahuel,MENORES CONTROLADOS,110756,13124,10
3392,6,10,110750,A0200002,13,13124,0,1,2,Servicio de Salud Metropolitano Occidente,Centro Comunitario de Salud Familiar Concejal Guillermo Flores O.,Pudahuel,LACTANCIA MATERNA EXCLUSIVA,110750,13124,10
3393,6,10,110750,A0200001,13,13124,0,1,2,Servicio de Salud Metropolitano Occidente,Centro Comunitario de Salud Familiar Concejal Guillermo Flores O.,Pudahuel,MENORES CONTROLADOS,110750,13124,10
3394,1,10,110750,A0200001,13,13124,1,1,1,Servicio de Salud Metropolitano Occidente,Centro Comunitario de Salud Familiar Concejal Guillermo Flores O.,Pudahuel,MENORES CONTROLADOS,110750,13124,10
3395,4,10,110750,A0200002,13,13124,1,0,0,Servicio de Salud Metropolitano Occidente,Centro Comunitario de Salud Familiar Concejal Guillermo Flores O.,Pudahuel,LACTANCIA MATERNA EXCLUSIVA,110750,13124,10
3396,3,10,110750,A0200002,13,13124,0,2,1,Servicio de Salud Metropolitano Occidente,Centro Comunitario de Salud Familiar Concejal Guillermo Flores O.,Pudahuel,LACTANCIA MATERNA EXCLUSIVA,110750,13124,10
3397,3,10,110750,A0200001,13,13124,0,2,1,Servicio de Salud Metropolitano Occidente,Centro Comunitario de Salud Familiar Concejal Guillermo Flores O.,Pudahuel,MENORES CONTROLADOS,110750,13124,10
3398,1,10,110750,A0200002,13,13124,1,0,1,Servicio de Salud Metropolitano Occidente,Centro Comunitario de Salud Familiar Concejal Guillermo Flores O.,Pudahuel,LACTANCIA MATERNA EXCLUSIVA,110750,13124,10
3399,8,10,110352,A0200002,13,13124,5,8,8,Servicio de Salud Metropolitano Occidente,Centro de Salud Familiar Dr. Gustavo Molina,Pudahuel,LACTANCIA MATERNA EXCLUSIVA,110352,13124,10
3400,8,10,110352,A0200001,13,13124,11,16,16,Servicio de Salud Metropolitano Occidente,Centro de Salud Familiar Dr. Gustavo Molina,Pudahuel,MENORES CONTROLADOS,110352,13124,10
3401,6,10,110352,A0200002,13,13124,7,12,8,Servicio de Salud Metropolitano Occidente,Centro de Salud Familiar Dr. Gustavo Molina,Pudahuel,LACTANCIA MATERNA EXCLUSIVA,110352,13124,10
3402,6,10,110352,A0200001,13,13124,15,18,15,Servicio de Salud Metropolitano Occidente,Centro de Salud Familiar Dr. Gustavo Molina,Pudahuel,MENORES CONTROLADOS,110352,13124,10
3403,4,10,110750,A0200001,13,13124,1,0,1,Servicio de Salud Metropolitano Occidente,Centro Comunitario de Salud Familiar Concejal Guillermo Flores O.,Pudahuel,MENORES CONTROLADOS,110750,13124,10
3404,8,10,110750,A0200001,13,13124,0,0,0,Servicio de Salud Metropolitano Occidente,Centro Comunitario de Salud Familiar Concejal Guillermo Flores O.,Pudahuel,MENORES CONTROLADOS,110750,13124,10
3405,5,10,110750,A0200001,13,13124,0,0,0,Servicio de Salud Metropolitano Occidente,Centro Comunitario de Salud Familiar Concejal Guillermo Flores O.,Pudahuel,MENORES CONTROLADOS,110750,13124,10
3406,7,10,110352,A0200001,13,13124,15,18,11,Servicio de Salud Metropolitano Occidente,Centro de Salud Familiar Dr. Gustavo Molina,Pudahuel,MENORES CONTROLADOS,110352,13124,10
3407,2,10,110750,A0200001,13,13124,0,0,0,Servicio de Salud Metropolitano Occidente,Centro Comunitario de Salud Familiar Concejal Guillermo Flores O.,Pudahuel,MENORES CONTROLADOS,110750,13124,10
3408,7,10,110352,A0200002,13,13124,7,11,6,Servicio de Salud Metropolitano Occidente,Centro de Salud Familiar Dr. Gustavo Molina,Pudahuel,LACTANCIA MATERNA EXCLUSIVA,110352,13124,10
3409,2,10,110352,A0200001,13,13124,9,15,9,Servicio de Salud Metropolitano Occidente,Centro de Salud Familiar Dr. Gustavo Molina,Pudahuel,MENORES CONTROLADOS,110352,13124,10
3410,2,10,110352,A0200002,13,13124,7,9,5,Servicio de Salud Metropolitano Occidente,Centro de Salud Familiar Dr. Gustavo Molina,Pudahuel,LACTANCIA MATERNA EXCLUSIVA,110352,13124,10
3411,1,10,110352,A0200001,13,13124,14,7,14,Servicio de Salud Metropolitano Occidente,Centro de Salud Familiar Dr. Gustavo Molina,Pudahuel,MENORES CONTROLADOS,110352,13124,10
3412,1,10,110352,A0200002,13,13124,10,3,9,Servicio de Salud Metropolitano Occidente,Centro de Salud Familiar Dr. Gustavo Molina,Pudahuel,LACTANCIA MATERNA EXCLUSIVA,110352,13124,10
3413,7,10,110750,A0200002,13,13124,0,0,0,Servicio de Salud Metropolitano Occidente,Centro Comunitario de Salud Familiar Concejal Guillermo Flores O.,Pudahuel,LACTANCIA MATERNA EXCLUSIVA,110750,13124,10
3414,7,10,110750,A0200001,13,13124,0,0,0,Servicio de Salud Metropolitano Occidente,Centro Comunitario de Salud Familiar Concejal Guillermo Flores O.,Pudahuel,MENORES CONTROLADOS,110750,13124,10
3415,3,10,110352,A0200002,13,13124,13,9,9,Servicio de Salud Metropolitano Occidente,Centro de Salud Familiar Dr. Gustavo Molina,Pudahuel,LACTANCIA MATERNA EXCLUSIVA,110352,13124,10
3416,3,10,110352,A0200001,13,13124,24,14,12,Servicio de Salud Metropolitano Occidente,Centro de Salud Familiar Dr. Gustavo Molina,Pudahuel,MENORES CONTROLADOS,110352,13124,10
3417,5,10,110352,A0200002,13,13124,6,11,4,Servicio de Salud Metropolitano Occidente,Centro de Salud Familiar Dr. Gustavo Molina,Pudahuel,LACTANCIA MATERNA EXCLUSIVA,110352,13124,10
3418,4,10,110352,A0200001,13,13124,12,12,7,Servicio de Salud Metropolitano Occidente,Centro de Salud Familiar Dr. Gustavo Molina,Pudahuel,MENORES CONTROLADOS,110352,13124,10
3419,4,10,110352,A0200002,13,13124,10,10,6,Servicio de Salud Metropolitano Occidente,Centro de Salud Familiar Dr. Gustavo Molina,Pudahuel,LACTANCIA MATERNA EXCLUSIVA,110352,13124,10
3420,5,10,110352,A0200001,13,13124,14,20,5,Servicio de Salud Metropolitano Occidente,Centro de Salud Familiar Dr. Gustavo Molina,Pudahuel,MENORES CONTROLADOS,110352,13124,10
3421,2,10,110758,A0200001,13,13124,1,1,1,Servicio de Salud Metropolitano Occidente,Centro Comunitario de Salud Familiar Santa Corina,Pudahuel,MENORES CONTROLADOS,110758,13124,10
3422,2,10,201353,A0200002,13,13124,0,0,0,Servicio de Salud Metropolitano Occidente,Centro Comunitario de Salud Familiar Unión y Esfuerzo Rural,Pudahuel,LACTANCIA MATERNA EXCLUSIVA,201353,13124,10
3423,2,10,110752,A0200002,13,13124,2,2,,Servicio de Salud Metropolitano Occidente,Centro Comunitario de Salud Familiar Padre Félix Gutiérrez Donoso,Pudahuel,LACTANCIA MATERNA EXCLUSIVA,110752,13124,10
3424,3,10,201353,A0200001,13,13124,0,0,0,Servicio de Salud Metropolitano Occidente,Centro Comunitario de Salud Familiar Unión y Esfuerzo Rural,Pudahuel,MENORES CONTROLADOS,201353,13124,10
3425,2,10,110752,A0200001,13,13124,2,3,,Servicio de Salud Metropolitano Occidente,Centro Comunitario de Salud Familiar Padre Félix Gutiérrez Donoso,Pudahuel,MENORES CONTROLADOS,110752,13124,10
3426,3,10,110752,A0200001,13,13124,0,2,3,Servicio de Salud Metropolitano Occidente,Centro Comunitario de Salud Familiar Padre Félix Gutiérrez Donoso,Pudahuel,MENORES CONTROLADOS,110752,13124,10
3427,3,10,110752,A0200002,13,13124,0,0,3,Servicio de Salud Metropolitano Occidente,Centro Comunitario de Salud Familiar Padre Félix Gutiérrez Donoso,Pudahuel,LACTANCIA MATERNA EXCLUSIVA,110752,13124,10
3428,6,10,110758,A0200002,13,13124,0,1,0,Servicio de Salud Metropolitano Occidente,Centro Comunitario de Salud Familiar Santa Corina,Pudahuel,LACTANCIA MATERNA EXCLUSIVA,110758,13124,10
3429,6,10,110758,A0200001,13,13124,0,1,0,Servicio de Salud Metropolitano Occidente,Centro Comunitario de Salud Familiar Santa Corina,Pudahuel,MENORES CONTROLADOS,110758,13124,10
3430,6,10,201353,A0200002,13,13124,1,0,0,Servicio de Salud Metropolitano Occidente,Centro Comunitario de Salud Familiar Unión y Esfuerzo Rural,Pudahuel,LACTANCIA MATERNA EXCLUSIVA,201353,13124,10
3431,6,10,201353,A0200001,13,13124,1,0,0,Servicio de Salud Metropolitano Occidente,Centro Comunitario de Salud Familiar Unión y Esfuerzo Rural,Pudahuel,MENORES CONTROLADOS,201353,13124,10
3432,6,10,110752,A0200002,13,13124,2,0,0,Servicio de Salud Metropolitano Occidente,Centro Comunitario de Salud Familiar Padre Félix Gutiérrez Donoso,Pudahuel,LACTANCIA MATERNA EXCLUSIVA,110752,13124,10
3433,6,10,110752,A0200001,13,13124,2,0,1,Servicio de Salud Metropolitano Occidente,Centro Comunitario de Salud Familiar Padre Félix Gutiérrez Donoso,Pudahuel,MENORES CONTROLADOS,110752,13124,10
3434,4,10,110752,A0200001,13,13124,0,2,4,Servicio de Salud Metropolitano Occidente,Centro Comunitario de Salud Familiar Padre Félix Gutiérrez Donoso,Pudahuel,MENORES CONTROLADOS,110752,13124,10
3435,4,10,110752,A0200002,13,13124,0,2,4,Servicio de Salud Metropolitano Occidente,Centro Comunitario de Salud Familiar Padre Félix Gutiérrez Donoso,Pudahuel,LACTANCIA MATERNA EXCLUSIVA,110752,13124,10
3436,5,10,110752,A0200002,13,13124,1,0,1,Servicio de Salud Metropolitano Occidente,Centro Comunitario de Salud Familiar Padre Félix Gutiérrez Donoso,Pudahuel,LACTANCIA MATERNA EXCLUSIVA,110752,13124,10
3437,5,10,110752,A0200001,13,13124,1,0,1,Servicio de Salud Metropolitano Occidente,Centro Comunitario de Salud Familiar Padre Félix Gutiérrez Donoso,Pudahuel,MENORES CONTROLADOS,110752,13124,10
3438,5,10,201353,A0200002,13,13124,0,0,0,Servicio de Salud Metropolitano Occidente,Centro Comunitario de Salud Familiar Unión y Esfuerzo Rural,Pudahuel,LACTANCIA MATERNA EXCLUSIVA,201353,13124,10
3439,5,10,201353,A0200001,13,13124,0,0,0,Servicio de Salud Metropolitano Occidente,Centro Comunitario de Salud Familiar Unión y Esfuerzo Rural,Pudahuel,MENORES CONTROLADOS,201353,13124,10
3440,5,10,110758,A0200002,13,13124,1,1,0,Servicio de Salud Metropolitano Occidente,Centro Comunitario de Salud Familiar Santa Corina,Pudahuel,LACTANCIA MATERNA EXCLUSIVA,110758,13124,10
3441,5,10,110758,A0200001,13,13124,1,1,1,Servicio de Salud Metropolitano Occidente,Centro Comunitario de Salud Familiar Santa Corina,Pudahuel,MENORES CONTROLADOS,110758,13124,10
3442,8,10,110752,A0200002,13,13124,1,2,4,Servicio de Salud Metropolitano Occidente,Centro Comunitario de Salud Familiar Padre Félix Gutiérrez Donoso,Pudahuel,LACTANCIA MATERNA EXCLUSIVA,110752,13124,10
3443,8,10,110752,A0200001,13,13124,1,3,4,Servicio de Salud Metropolitano Occidente,Centro Comunitario de Salud Familiar Padre Félix Gutiérrez Donoso,Pudahuel,MENORES CONTROLADOS,110752,13124,10
3444,8,10,201353,A0200002,13,13124,0,0,0,Servicio de Salud Metropolitano Occidente,Centro Comunitario de Salud Familiar Unión y Esfuerzo Rural,Pudahuel,LACTANCIA MATERNA EXCLUSIVA,201353,13124,10
3445,8,10,201353,A0200001,13,13124,0,0,0,Servicio de Salud Metropolitano Occidente,Centro Comunitario de Salud Familiar Unión y Esfuerzo Rural,Pudahuel,MENORES CONTROLADOS,201353,13124,10
3446,8,10,110758,A0200002,13,13124,0,1,1,Servicio de Salud Metropolitano Occidente,Centro Comunitario de Salud Familiar Santa Corina,Pudahuel,LACTANCIA MATERNA EXCLUSIVA,110758,13124,10
3447,8,10,110758,A0200001,13,13124,0,1,1,Servicio de Salud Metropolitano Occidente,Centro Comunitario de Salud Familiar Santa Corina,Pudahuel,MENORES CONTROLADOS,110758,13124,10
3448,2,10,110758,A0200002,13,13124,0,0,1,Servicio de Salud Metropolitano Occidente,Centro Comunitario de Salud Familiar Santa Corina,Pudahuel,LACTANCIA MATERNA EXCLUSIVA,110758,13124,10
3449,4,10,110758,A0200002,13,13124,1,0,1,Servicio de Salud Metropolitano Occidente,Centro Comunitario de Salud Familiar Santa Corina,Pudahuel,LACTANCIA MATERNA EXCLUSIVA,110758,13124,10
3450,4,10,110758,A0200001,13,13124,1,0,1,Servicio de Salud Metropolitano Occidente,Centro Comunitario de Salud Familiar Santa Corina,Pudahuel,MENORES CONTROLADOS,110758,13124,10
3451,1,10,110758,A0200001,13,13124,0,0,0,Servicio de Salud Metropolitano Occidente,Centro Comunitario de Salud Familiar Santa Corina,Pudahuel,MENORES CONTROLADOS,110758,13124,10
3452,3,10,110758,A0200002,13,13124,1,0,0,Servicio de Salud Metropolitano Occidente,Centro Comunitario de Salud Familiar Santa Corina,Pudahuel,LACTANCIA MATERNA EXCLUSIVA,110758,13124,10
3453,3,10,110758,A0200001,13,13124,1,0,0,Servicio de Salud Metropolitano Occidente,Centro Comunitario de Salud Familiar Santa Corina,Pudahuel,MENORES CONTROLADOS,110758,13124,10
3454,4,10,201353,A0200002,13,13124,0,0,0,Servicio de Salud Metropolitano Occidente,Centro Comunitario de Salud Familiar Unión y Esfuerzo Rural,Pudahuel,LACTANCIA MATERNA EXCLUSIVA,201353,13124,10
3455,1,10,110752,A0200002,13,13124,,1,3,Servicio de Salud Metropolitano Occidente,Centro Comunitario de Salud Familiar Padre Félix Gutiérrez Donoso,Pudahuel,LACTANCIA MATERNA EXCLUSIVA,110752,13124,10
3456,1,10,110752,A0200001,13,13124,1,2,4,Servicio de Salud Metropolitano Occidente,Centro Comunitario de Salud Familiar Padre Félix Gutiérrez Donoso,Pudahuel,MENORES CONTROLADOS,110752,13124,10
3457,1,10,201353,A0200001,13,13124,0,0,0,Servicio de Salud Metropolitano Occidente,Centro Comunitario de Salud Familiar Unión y Esfuerzo Rural,Pudahuel,MENORES CONTROLADOS,201353,13124,10
3458,7,10,110758,A0200002,13,13124,0,0,0,Servicio de Salud Metropolitano Occidente,Centro Comunitario de Salud Familiar Santa Corina,Pudahuel,LACTANCIA MATERNA EXCLUSIVA,110758,13124,10
3459,7,10,110758,A0200001,13,13124,0,1,0,Servicio de Salud Metropolitano Occidente,Centro Comunitario de Salud Familiar Santa Corina,Pudahuel,MENORES CONTROLADOS,110758,13124,10
3460,7,10,201353,A0200002,13,13124,0,0,0,Servicio de Salud Metropolitano Occidente,Centro Comunitario de Salud Familiar Unión y Esfuerzo Rural,Pudahuel,LACTANCIA MATERNA EXCLUSIVA,201353,13124,10
3461,7,10,201353,A0200001,13,13124,0,0,0,Servicio de Salud Metropolitano Occidente,Centro Comunitario de Salud Familiar Unión y Esfuerzo Rural,Pudahuel,MENORES CONTROLADOS,201353,13124,10
3462,7,10,110752,A0200002,13,13124,0,1,2,Servicio de Salud Metropolitano Occidente,Centro Comunitario de Salud Familiar Padre Félix Gutiérrez Donoso,Pudahuel,LACTANCIA MATERNA EXCLUSIVA,110752,13124,10
3463,7,10,110752,A0200001,13,13124,1,1,4,Servicio de Salud Metropolitano Occidente,Centro Comunitario de Salud Familiar Padre Félix Gutiérrez Donoso,Pudahuel,MENORES CONTROLADOS,110752,13124,10
3464,3,10,110410,A0200002,13,13124,0,0,0,Servicio de Salud Metropolitano Occidente,Centro Comunitario de Salud Familiar Irene Frei Montalva,Pudahuel,LACTANCIA MATERNA EXCLUSIVA,110410,13124,10
3465,3,10,110410,A0200001,13,13124,0,0,0,Servicio de Salud Metropolitano Occidente,Centro Comunitario de Salud Familiar Irene Frei Montalva,Pudahuel,MENORES CONTROLADOS,110410,13124,10
3466,6,10,110354,A0200002,13,13124,7,12,6,Servicio de Salud Metropolitano Occidente,Centro de Salud Familiar Violeta Parra,Pudahuel,LACTANCIA MATERNA EXCLUSIVA,110354,13124,10
3467,7,10,110351,A0200002,13,13124,7,12,12,Servicio de Salud Metropolitano Occidente,Centro de Salud Familiar Pudahuel Poniente,Pudahuel,LACTANCIA MATERNA EXCLUSIVA,110351,13124,10
3468,7,10,110351,A0200001,13,13124,15,20,16,Servicio de Salud Metropolitano Occidente,Centro de Salud Familiar Pudahuel Poniente,Pudahuel,MENORES CONTROLADOS,110351,13124,10
3469,7,10,110353,A0200002,13,13124,6,12,5,Servicio de Salud Metropolitano Occidente,Centro de Salud Familiar Cardenal Raúl Silva Henríquez,Pudahuel,LACTANCIA MATERNA EXCLUSIVA,110353,13124,10
3470,7,10,110353,A0200001,13,13124,11,16,8,Servicio de Salud Metropolitano Occidente,Centro de Salud Familiar Cardenal Raúl Silva Henríquez,Pudahuel,MENORES CONTROLADOS,110353,13124,10
3471,6,10,110354,A0200001,13,13124,14,24,9,Servicio de Salud Metropolitano Occidente,Centro de Salud Familiar Violeta Parra,Pudahuel,MENORES CONTROLADOS,110354,13124,10
3472,2,10,110410,A0200001,13,13124,0,0,1,Servicio de Salud Metropolitano Occidente,Centro Comunitario de Salud Familiar Irene Frei Montalva,Pudahuel,MENORES CONTROLADOS,110410,13124,10
3473,6,10,110353,A0200002,13,13124,11,8,5,Servicio de Salud Metropolitano Occidente,Centro de Salud Familiar Cardenal Raúl Silva Henríquez,Pudahuel,LACTANCIA MATERNA EXCLUSIVA,110353,13124,10
3474,6,10,110353,A0200001,13,13124,15,14,9,Servicio de Salud Metropolitano Occidente,Centro de Salud Familiar Cardenal Raúl Silva Henríquez,Pudahuel,MENORES CONTROLADOS,110353,13124,10
3475,5,10,110350,A0200002,13,13124,16,7,11,Servicio de Salud Metropolitano Occidente,Centro de Salud Familiar Pudahuel Estrella,Pudahuel,LACTANCIA MATERNA EXCLUSIVA,110350,13124,10
3476,5,10,110351,A0200001,13,13124,8,12,10,Servicio de Salud Metropolitano Occidente,Centro de Salud Familiar Pudahuel Poniente,Pudahuel,MENORES CONTROLADOS,110351,13124,10
3477,5,10,110351,A0200002,13,13124,2,7,4,Servicio de Salud Metropolitano Occidente,Centro de Salud Familiar Pudahuel Poniente,Pudahuel,LACTANCIA MATERNA EXCLUSIVA,110351,13124,10
3478,5,10,110353,A0200002,13,13124,9,4,5,Servicio de Salud Metropolitano Occidente,Centro de Salud Familiar Cardenal Raúl Silva Henríquez,Pudahuel,LACTANCIA MATERNA EXCLUSIVA,110353,13124,10
3479,5,10,110353,A0200001,13,13124,19,11,11,Servicio de Salud Metropolitano Occidente,Centro de Salud Familiar Cardenal Raúl Silva Henríquez,Pudahuel,MENORES CONTROLADOS,110353,13124,10
3480,3,10,110353,A0200001,13,13124,18,12,14,Servicio de Salud Metropolitano Occidente,Centro de Salud Familiar Cardenal Raúl Silva Henríquez,Pudahuel,MENORES CONTROLADOS,110353,13124,10
3481,3,10,110353,A0200002,13,13124,11,4,9,Servicio de Salud Metropolitano Occidente,Centro de Salud Familiar Cardenal Raúl Silva Henríquez,Pudahuel,LACTANCIA MATERNA EXCLUSIVA,110353,13124,10
3482,4,10,110353,A0200001,13,13124,17,12,11,Servicio de Salud Metropolitano Occidente,Centro de Salud Familiar Cardenal Raúl Silva Henríquez,Pudahuel,MENORES CONTROLADOS,110353,13124,10
3483,4,10,110353,A0200002,13,13124,10,5,6,Servicio de Salud Metropolitano Occidente,Centro de Salud Familiar Cardenal Raúl Silva Henríquez,Pudahuel,LACTANCIA MATERNA EXCLUSIVA,110353,13124,10
3484,8,10,110410,A0200001,13,13124,0,0,0,Servicio de Salud Metropolitano Occidente,Centro Comunitario de Salud Familiar Irene Frei Montalva,Pudahuel,MENORES CONTROLADOS,110410,13124,10
3485,8,10,110354,A0200002,13,13124,11,13,11,Servicio de Salud Metropolitano Occidente,Centro de Salud Familiar Violeta Parra,Pudahuel,LACTANCIA MATERNA EXCLUSIVA,110354,13124,10
3486,8,10,110354,A0200001,13,13124,19,19,18,Servicio de Salud Metropolitano Occidente,Centro de Salud Familiar Violeta Parra,Pudahuel,MENORES CONTROLADOS,110354,13124,10
3487,6,10,110350,A0200002,13,13124,11,14,14,Servicio de Salud Metropolitano Occidente,Centro de Salud Familiar Pudahuel Estrella,Pudahuel,LACTANCIA MATERNA EXCLUSIVA,110350,13124,10
3488,6,10,110351,A0200002,13,13124,17,13,17,Servicio de Salud Metropolitano Occidente,Centro de Salud Familiar Pudahuel Poniente,Pudahuel,LACTANCIA MATERNA EXCLUSIVA,110351,13124,10
3489,6,10,110351,A0200001,13,13124,26,23,26,Servicio de Salud Metropolitano Occidente,Centro de Salud Familiar Pudahuel Poniente,Pudahuel,MENORES CONTROLADOS,110351,13124,10
3490,7,10,110410,A0200002,13,13124,0,0,0,Servicio de Salud Metropolitano Occidente,Centro Comunitario de Salud Familiar Irene Frei Montalva,Pudahuel,LACTANCIA MATERNA EXCLUSIVA,110410,13124,10
3491,7,10,110410,A0200001,13,13124,0,0,0,Servicio de Salud Metropolitano Occidente,Centro Comunitario de Salud Familiar Irene Frei Montalva,Pudahuel,MENORES CONTROLADOS,110410,13124,10
3492,6,10,110350,A0200001,13,13124,17,20,23,Servicio de Salud Metropolitano Occidente,Centro de Salud Familiar Pudahuel Estrella,Pudahuel,MENORES CONTROLADOS,110350,13124,10
3493,1,10,110350,A0200002,13,13124,14,12,8,Servicio de Salud Metropolitano Occidente,Centro de Salud Familiar Pudahuel Estrella,Pudahuel,LACTANCIA MATERNA EXCLUSIVA,110350,13124,10
3494,2,10,110410,A0200002,13,13124,0,0,0,Servicio de Salud Metropolitano Occidente,Centro Comunitario de Salud Familiar Irene Frei Montalva,Pudahuel,LACTANCIA MATERNA EXCLUSIVA,110410,13124,10
3495,1,10,110350,A0200001,13,13124,21,17,11,Servicio de Salud Metropolitano Occidente,Centro de Salud Familiar Pudahuel Estrella,Pudahuel,MENORES CONTROLADOS,110350,13124,10
3496,4,10,110350,A0200001,13,13124,10,21,11,Servicio de Salud Metropolitano Occidente,Centro de Salud Familiar Pudahuel Estrella,Pudahuel,MENORES CONTROLADOS,110350,13124,10
3497,4,10,110350,A0200002,13,13124,6,8,9,Servicio de Salud Metropolitano Occidente,Centro de Salud Familiar Pudahuel Estrella,Pudahuel,LACTANCIA MATERNA EXCLUSIVA,110350,13124,10
3498,3,10,110350,A0200001,13,13124,7,22,25,Servicio de Salud Metropolitano Occidente,Centro de Salud Familiar Pudahuel Estrella,Pudahuel,MENORES CONTROLADOS,110350,13124,10
3499,3,10,110350,A0200002,13,13124,5,16,12,Servicio de Salud Metropolitano Occidente,Centro de Salud Familiar Pudahuel Estrella,Pudahuel,LACTANCIA MATERNA EXCLUSIVA,110350,13124,10
3500,5,10,110350,A0200001,13,13124,21,11,19,Servicio de Salud Metropolitano Occidente,Centro de Salud Familiar Pudahuel Estrella,Pudahuel,MENORES CONTROLADOS,110350,13124,10
3501,2,10,110353,A0200001,13,13124,10,10,11,Servicio de Salud Metropolitano Occidente,Centro de Salud Familiar Cardenal Raúl Silva Henríquez,Pudahuel,MENORES CONTROLADOS,110353,13124,10
3502,7,10,110350,A0200002,13,13124,9,18,14,Servicio de Salud Metropolitano Occidente,Centro de Salud Familiar Pudahuel Estrella,Pudahuel,LACTANCIA MATERNA EXCLUSIVA,110350,13124,10
3503,7,10,110350,A0200001,13,13124,16,30,23,Servicio de Salud Metropolitano Occidente,Centro de Salud Familiar Pudahuel Estrella,Pudahuel,MENORES CONTROLADOS,110350,13124,10
3504,2,10,110350,A0200002,13,13124,7,13,15,Servicio de Salud Metropolitano Occidente,Centro de Salud Familiar Pudahuel Estrella,Pudahuel,LACTANCIA MATERNA EXCLUSIVA,110350,13124,10
3505,2,10,110353,A0200002,13,13124,5,3,7,Servicio de Salud Metropolitano Occidente,Centro de Salud Familiar Cardenal Raúl Silva Henríquez,Pudahuel,LACTANCIA MATERNA EXCLUSIVA,110353,13124,10
3506,4,10,110410,A0200002,13,13124,0,0,0,Servicio de Salud Metropolitano Occidente,Centro Comunitario de Salud Familiar Irene Frei Montalva,Pudahuel,LACTANCIA MATERNA EXCLUSIVA,110410,13124,10
3507,4,10,110410,A0200001,13,13124,0,0,0,Servicio de Salud Metropolitano Occidente,Centro Comunitario de Salud Familiar Irene Frei Montalva,Pudahuel,MENORES CONTROLADOS,110410,13124,10
3508,8,10,110350,A0200002,13,13124,8,9,9,Servicio de Salud Metropolitano Occidente,Centro de Salud Familiar Pudahuel Estrella,Pudahuel,LACTANCIA MATERNA EXCLUSIVA,110350,13124,10
3509,8,10,110350,A0200001,13,13124,12,16,14,Servicio de Salud Metropolitano Occidente,Centro de Salud Familiar Pudahuel Estrella,Pudahuel,MENORES CONTROLADOS,110350,13124,10
3510,2,10,110354,A0200001,13,13124,11,7,26,Servicio de Salud Metropolitano Occidente,Centro de Salud Familiar Violeta Parra,Pudahuel,MENORES CONTROLADOS,110354,13124,10
3511,2,10,110354,A0200002,13,13124,7,5,13,Servicio de Salud Metropolitano Occidente,Centro de Salud Familiar Violeta Parra,Pudahuel,LACTANCIA MATERNA EXCLUSIVA,110354,13124,10
3512,1,10,110354,A0200001,13,13124,10,11,24,Servicio de Salud Metropolitano Occidente,Centro de Salud Familiar Violeta Parra,Pudahuel,MENORES CONTROLADOS,110354,13124,10
3513,1,10,110354,A0200002,13,13124,6,5,9,Servicio de Salud Metropolitano Occidente,Centro de Salud Familiar Violeta Parra,Pudahuel,LACTANCIA MATERNA EXCLUSIVA,110354,13124,10
3514,1,10,110353,A0200001,13,13124,8,10,8,Servicio de Salud Metropolitano Occidente,Centro de Salud Familiar Cardenal Raúl Silva Henríquez,Pudahuel,MENORES CONTROLADOS,110353,13124,10
3515,1,10,110353,A0200002,13,13124,4,6,5,Servicio de Salud Metropolitano Occidente,Centro de Salud Familiar Cardenal Raúl Silva Henríquez,Pudahuel,LACTANCIA MATERNA EXCLUSIVA,110353,13124,10
3516,4,10,110351,A0200001,13,13124,9,19,14,Servicio de Salud Metropolitano Occidente,Centro de Salud Familiar Pudahuel Poniente,Pudahuel,MENORES CONTROLADOS,110351,13124,10
3517,4,10,110351,A0200002,13,13124,5,13,8,Servicio de Salud Metropolitano Occidente,Centro de Salud Familiar Pudahuel Poniente,Pudahuel,LACTANCIA MATERNA EXCLUSIVA,110351,13124,10
3518,3,10,110351,A0200001,13,13124,7,30,16,Servicio de Salud Metropolitano Occidente,Centro de Salud Familiar Pudahuel Poniente,Pudahuel,MENORES CONTROLADOS,110351,13124,10
3519,3,10,110351,A0200002,13,13124,4,17,13,Servicio de Salud Metropolitano Occidente,Centro de Salud Familiar Pudahuel Poniente,Pudahuel,LACTANCIA MATERNA EXCLUSIVA,110351,13124,10
3520,6,10,110410,A0200002,13,13124,0,0,0,Servicio de Salud Metropolitano Occidente,Centro Comunitario de Salud Familiar Irene Frei Montalva,Pudahuel,LACTANCIA MATERNA EXCLUSIVA,110410,13124,10
3521,6,10,110410,A0200001,13,13124,0,0,0,Servicio de Salud Metropolitano Occidente,Centro Comunitario de Salud Familiar Irene Frei Montalva,Pudahuel,MENORES CONTROLADOS,110410,13124,10
3522,7,10,110354,A0200002,13,13124,6,13,12,Servicio de Salud Metropolitano Occidente,Centro de Salud Familiar Violeta Parra,Pudahuel,LACTANCIA MATERNA EXCLUSIVA,110354,13124,10
3523,7,10,110354,A0200001,13,13124,15,18,18,Servicio de Salud Metropolitano Occidente,Centro de Salud Familiar Violeta Parra,Pudahuel,MENORES CONTROLADOS,110354,13124,10
3524,2,10,110350,A0200001,13,13124,11,20,21,Servicio de Salud Metropolitano Occidente,Centro de Salud Familiar Pudahuel Estrella,Pudahuel,MENORES CONTROLADOS,110350,13124,10
3525,2,10,110351,A0200001,13,13124,15,23,21,Servicio de Salud Metropolitano Occidente,Centro de Salud Familiar Pudahuel Poniente,Pudahuel,MENORES CONTROLADOS,110351,13124,10
3526,2,10,110351,A0200002,13,13124,8,15,15,Servicio de Salud Metropolitano Occidente,Centro de Salud Familiar Pudahuel Poniente,Pudahuel,LACTANCIA MATERNA EXCLUSIVA,110351,13124,10
3527,1,10,110351,A0200002,13,13124,15,18,14,Servicio de Salud Metropolitano Occidente,Centro de Salud Familiar Pudahuel Poniente,Pudahuel,LACTANCIA MATERNA EXCLUSIVA,110351,13124,10
3528,1,10,110351,A0200001,13,13124,25,23,16,Servicio de Salud Metropolitano Occidente,Centro de Salud Familiar Pudahuel Poniente,Pudahuel,MENORES CONTROLADOS,110351,13124,10
3529,5,10,110410,A0200002,13,13124,0,0,0,Servicio de Salud Metropolitano Occidente,Centro Comunitario de Salud Familiar Irene Frei Montalva,Pudahuel,LACTANCIA MATERNA EXCLUSIVA,110410,13124,10
3530,5,10,110410,A0200001,13,13124,0,0,0,Servicio de Salud Metropolitano Occidente,Centro Comunitario de Salud Familiar Irene Frei Montalva,Pudahuel,MENORES CONTROLADOS,110410,13124,10
3531,3,10,110354,A0200001,13,13124,13,11,22,Servicio de Salud Metropolitano Occidente,Centro de Salud Familiar Violeta Parra,Pudahuel,MENORES CONTROLADOS,110354,13124,10
3532,3,10,110354,A0200002,13,13124,7,7,15,Servicio de Salud Metropolitano Occidente,Centro de Salud Familiar Violeta Parra,Pudahuel,LACTANCIA MATERNA EXCLUSIVA,110354,13124,10
3533,5,10,110354,A0200001,13,13124,16,16,13,Servicio de Salud Metropolitano Occidente,Centro de Salud Familiar Violeta Parra,Pudahuel,MENORES CONTROLADOS,110354,13124,10
3534,5,10,110354,A0200002,13,13124,11,10,8,Servicio de Salud Metropolitano Occidente,Centro de Salud Familiar Violeta Parra,Pudahuel,LACTANCIA MATERNA EXCLUSIVA,110354,13124,10
3535,8,10,110351,A0200002,13,13124,10,17,9,Servicio de Salud Metropolitano Occidente,Centro de Salud Familiar Pudahuel Poniente,Pudahuel,LACTANCIA MATERNA EXCLUSIVA,110351,13124,10
3536,8,10,110351,A0200001,13,13124,11,32,13,Servicio de Salud Metropolitano Occidente,Centro de Salud Familiar Pudahuel Poniente,Pudahuel,MENORES CONTROLADOS,110351,13124,10
3537,4,10,110354,A0200001,13,13124,21,15,16,Servicio de Salud Metropolitano Occidente,Centro de Salud Familiar Violeta Parra,Pudahuel,MENORES CONTROLADOS,110354,13124,10
3538,1,10,110410,A0200002,13,13124,1,0,0,Servicio de Salud Metropolitano Occidente,Centro Comunitario de Salud Familiar Irene Frei Montalva,Pudahuel,LACTANCIA MATERNA EXCLUSIVA,110410,13124,10
3539,4,10,110354,A0200002,13,13124,11,8,11,Servicio de Salud Metropolitano Occidente,Centro de Salud Familiar Violeta Parra,Pudahuel,LACTANCIA MATERNA EXCLUSIVA,110354,13124,10
3540,8,10,110353,A0200002,13,13124,5,8,6,Servicio de Salud Metropolitano Occidente,Centro de Salud Familiar Cardenal Raúl Silva Henríquez,Pudahuel,LACTANCIA MATERNA EXCLUSIVA,110353,13124,10
3541,8,10,110353,A0200001,13,13124,12,13,9,Servicio de Salud Metropolitano Occidente,Centro de Salud Familiar Cardenal Raúl Silva Henríquez,Pudahuel,MENORES CONTROLADOS,110353,13124,10
3542,1,10,110410,A0200001,13,13124,1,0,0,Servicio de Salud Metropolitano Occidente,Centro Comunitario de Salud Familiar Irene Frei Montalva,Pudahuel,MENORES CONTROLADOS,110410,13124,10
3543,1,10,110310,A0200002,13,13126,17,10,29,Servicio de Salud Metropolitano Occidente,Centro de Salud Familiar Andes,Quinta Normal,LACTANCIA MATERNA EXCLUSIVA,110310,13126,10
3544,1,10,110310,A0200001,13,13126,20,18,54,Servicio de Salud Metropolitano Occidente,Centro de Salud Familiar Andes,Quinta Normal,MENORES CONTROLADOS,110310,13126,10
3545,6,10,110310,A0200002,13,13126,10,11,4,Servicio de Salud Metropolitano Occidente,Centro de Salud Familiar Andes,Quinta Normal,LACTANCIA MATERNA EXCLUSIVA,110310,13126,10
3546,6,10,110310,A0200001,13,13126,16,21,19,Servicio de Salud Metropolitano Occidente,Centro de Salud Familiar Andes,Quinta Normal,MENORES CONTROLADOS,110310,13126,10
3547,3,10,110310,A0200002,13,13126,15,9,22,Servicio de Salud Metropolitano Occidente,Centro de Salud Familiar Andes,Quinta Normal,LACTANCIA MATERNA EXCLUSIVA,110310,13126,10
3548,3,10,110310,A0200001,13,13126,22,30,66,Servicio de Salud Metropolitano Occidente,Centro de Salud Familiar Andes,Quinta Normal,MENORES CONTROLADOS,110310,13126,10
3549,8,10,110720,A0200002,13,13126,,,1,Servicio de Salud Metropolitano Occidente,Centro Comunitario de Salud Familiar Catamarca,Quinta Normal,LACTANCIA MATERNA EXCLUSIVA,110720,13126,10
3550,8,10,110720,A0200001,13,13126,,,1,Servicio de Salud Metropolitano Occidente,Centro Comunitario de Salud Familiar Catamarca,Quinta Normal,MENORES CONTROLADOS,110720,13126,10
3551,8,10,110310,A0200002,13,13126,10,7,7,Servicio de Salud Metropolitano Occidente,Centro de Salud Familiar Andes,Quinta Normal,LACTANCIA MATERNA EXCLUSIVA,110310,13126,10
3552,8,10,110310,A0200001,13,13126,14,12,17,Servicio de Salud Metropolitano Occidente,Centro de Salud Familiar Andes,Quinta Normal,MENORES CONTROLADOS,110310,13126,10
3553,4,10,110310,A0200002,13,13126,15,10,7,Servicio de Salud Metropolitano Occidente,Centro de Salud Familiar Andes,Quinta Normal,LACTANCIA MATERNA EXCLUSIVA,110310,13126,10
3554,4,10,110310,A0200001,13,13126,26,16,25,Servicio de Salud Metropolitano Occidente,Centro de Salud Familiar Andes,Quinta Normal,MENORES CONTROLADOS,110310,13126,10
3555,4,10,110720,A0200001,13,13126,,,,Servicio de Salud Metropolitano Occidente,Centro Comunitario de Salud Familiar Catamarca,Quinta Normal,MENORES CONTROLADOS,110720,13126,10
3556,3,10,110720,A0200002,13,13126,,1,,Servicio de Salud Metropolitano Occidente,Centro Comunitario de Salud Familiar Catamarca,Quinta Normal,LACTANCIA MATERNA EXCLUSIVA,110720,13126,10
3557,3,10,110720,A0200001,13,13126,,1,,Servicio de Salud Metropolitano Occidente,Centro Comunitario de Salud Familiar Catamarca,Quinta Normal,MENORES CONTROLADOS,110720,13126,10
3558,1,10,110720,A0200001,13,13126,,,3,Servicio de Salud Metropolitano Occidente,Centro Comunitario de Salud Familiar Catamarca,Quinta Normal,MENORES CONTROLADOS,110720,13126,10
3559,2,10,110310,A0200001,13,13126,25,12,52,Servicio de Salud Metropolitano Occidente,Centro de Salud Familiar Andes,Quinta Normal,MENORES CONTROLADOS,110310,13126,10
3560,2,10,110310,A0200002,13,13126,14,6,27,Servicio de Salud Metropolitano Occidente,Centro de Salud Familiar Andes,Quinta Normal,LACTANCIA MATERNA EXCLUSIVA,110310,13126,10
3561,7,10,110310,A0200002,13,13126,15,6,4,Servicio de Salud Metropolitano Occidente,Centro de Salud Familiar Andes,Quinta Normal,LACTANCIA MATERNA EXCLUSIVA,110310,13126,10
3562,7,10,110310,A0200001,13,13126,21,12,22,Servicio de Salud Metropolitano Occidente,Centro de Salud Familiar Andes,Quinta Normal,MENORES CONTROLADOS,110310,13126,10
3563,6,10,110720,A0200002,13,13126,,,2,Servicio de Salud Metropolitano Occidente,Centro Comunitario de Salud Familiar Catamarca,Quinta Normal,LACTANCIA MATERNA EXCLUSIVA,110720,13126,10
3564,6,10,110720,A0200001,13,13126,,,3,Servicio de Salud Metropolitano Occidente,Centro Comunitario de Salud Familiar Catamarca,Quinta Normal,MENORES CONTROLADOS,110720,13126,10
3565,5,10,110720,A0200002,13,13126,,,,Servicio de Salud Metropolitano Occidente,Centro Comunitario de Salud Familiar Catamarca,Quinta Normal,LACTANCIA MATERNA EXCLUSIVA,110720,13126,10
3566,5,10,110720,A0200001,13,13126,,,,Servicio de Salud Metropolitano Occidente,Centro Comunitario de Salud Familiar Catamarca,Quinta Normal,MENORES CONTROLADOS,110720,13126,10
3567,5,10,110310,A0200002,13,13126,17,6,12,Servicio de Salud Metropolitano Occidente,Centro de Salud Familiar Andes,Quinta Normal,LACTANCIA MATERNA EXCLUSIVA,110310,13126,10
3568,5,10,110310,A0200001,13,13126,30,12,0,Servicio de Salud Metropolitano Occidente,Centro de Salud Familiar Andes,Quinta Normal,MENORES CONTROLADOS,110310,13126,10
3569,2,10,110720,A0200002,13,13126,,,3,Servicio de Salud Metropolitano Occidente,Centro Comunitario de Salud Familiar Catamarca,Quinta Normal,LACTANCIA MATERNA EXCLUSIVA,110720,13126,10
3570,2,10,110720,A0200001,13,13126,,,4,Servicio de Salud Metropolitano Occidente,Centro Comunitario de Salud Familiar Catamarca,Quinta Normal,MENORES CONTROLADOS,110720,13126,10
3571,1,10,110720,A0200002,13,13126,,,2,Servicio de Salud Metropolitano Occidente,Centro Comunitario de Salud Familiar Catamarca,Quinta Normal,LACTANCIA MATERNA EXCLUSIVA,110720,13126,10
3572,7,10,110320,A0200002,13,13126,5,13,11,Servicio de Salud Metropolitano Occidente,Centro de Salud Familiar Lo Franco,Quinta Normal,LACTANCIA MATERNA EXCLUSIVA,110320,13126,10
3573,7,10,110320,A0200001,13,13126,7,20,14,Servicio de Salud Metropolitano Occidente,Centro de Salud Familiar Lo Franco,Quinta Normal,MENORES CONTROLADOS,110320,13126,10
3574,3,10,110320,A0200002,13,13126,7,11,9,Servicio de Salud Metropolitano Occidente,Centro de Salud Familiar Lo Franco,Quinta Normal,LACTANCIA MATERNA EXCLUSIVA,110320,13126,10
3575,4,10,110320,A0200002,13,13126,5,7,8,Servicio de Salud Metropolitano Occidente,Centro de Salud Familiar Lo Franco,Quinta Normal,LACTANCIA MATERNA EXCLUSIVA,110320,13126,10
3576,4,10,110320,A0200001,13,13126,11,12,11,Servicio de Salud Metropolitano Occidente,Centro de Salud Familiar Lo Franco,Quinta Normal,MENORES CONTROLADOS,110320,13126,10
3577,5,10,110320,A0200002,13,13126,7,3,8,Servicio de Salud Metropolitano Occidente,Centro de Salud Familiar Lo Franco,Quinta Normal,LACTANCIA MATERNA EXCLUSIVA,110320,13126,10
3578,6,10,110320,A0200002,13,13126,7,7,6,Servicio de Salud Metropolitano Occidente,Centro de Salud Familiar Lo Franco,Quinta Normal,LACTANCIA MATERNA EXCLUSIVA,110320,13126,10
3579,6,10,110320,A0200001,13,13126,13,14,7,Servicio de Salud Metropolitano Occidente,Centro de Salud Familiar Lo Franco,Quinta Normal,MENORES CONTROLADOS,110320,13126,10
3580,2,10,110320,A0200002,13,13126,4,8,8,Servicio de Salud Metropolitano Occidente,Centro de Salud Familiar Lo Franco,Quinta Normal,LACTANCIA MATERNA EXCLUSIVA,110320,13126,10
3581,5,10,110320,A0200001,13,13126,12,7,12,Servicio de Salud Metropolitano Occidente,Centro de Salud Familiar Lo Franco,Quinta Normal,MENORES CONTROLADOS,110320,13126,10
3582,2,10,110320,A0200001,13,13126,10,12,13,Servicio de Salud Metropolitano Occidente,Centro de Salud Familiar Lo Franco,Quinta Normal,MENORES CONTROLADOS,110320,13126,10
3583,3,10,110320,A0200001,13,13126,12,18,13,Servicio de Salud Metropolitano Occidente,Centro de Salud Familiar Lo Franco,Quinta Normal,MENORES CONTROLADOS,110320,13126,10
3584,8,10,110320,A0200002,13,13126,6,5,7,Servicio de Salud Metropolitano Occidente,Centro de Salud Familiar Lo Franco,Quinta Normal,LACTANCIA MATERNA EXCLUSIVA,110320,13126,10
3585,8,10,110320,A0200001,13,13126,8,11,12,Servicio de Salud Metropolitano Occidente,Centro de Salud Familiar Lo Franco,Quinta Normal,MENORES CONTROLADOS,110320,13126,10
3586,1,10,110320,A0200002,13,13126,9,6,11,Servicio de Salud Metropolitano Occidente,Centro de Salud Familiar Lo Franco,Quinta Normal,LACTANCIA MATERNA EXCLUSIVA,110320,13126,10
3587,1,10,110320,A0200001,13,13126,16,13,15,Servicio de Salud Metropolitano Occidente,Centro de Salud Familiar Lo Franco,Quinta Normal,MENORES CONTROLADOS,110320,13126,10
3588,3,10,200342,A0200001,13,13126,3,4,5,Servicio de Salud Metropolitano Occidente,Centro Comunitario de Salud Familiar Plaza México,Quinta Normal,MENORES CONTROLADOS,200342,13126,10
3589,3,10,200342,A0200002,13,13126,0,0,3,Servicio de Salud Metropolitano Occidente,Centro Comunitario de Salud Familiar Plaza México,Quinta Normal,LACTANCIA MATERNA EXCLUSIVA,200342,13126,10
3590,2,10,200342,A0200001,13,13126,8,0,2,Servicio de Salud Metropolitano Occidente,Centro Comunitario de Salud Familiar Plaza México,Quinta Normal,MENORES CONTROLADOS,200342,13126,10
3591,6,10,200342,A0200002,13,13126,2,1,0,Servicio de Salud Metropolitano Occidente,Centro Comunitario de Salud Familiar Plaza México,Quinta Normal,LACTANCIA MATERNA EXCLUSIVA,200342,13126,10
3592,6,10,200342,A0200001,13,13126,2,5,0,Servicio de Salud Metropolitano Occidente,Centro Comunitario de Salud Familiar Plaza México,Quinta Normal,MENORES CONTROLADOS,200342,13126,10
3593,5,10,200342,A0200002,13,13126,2,1,0,Servicio de Salud Metropolitano Occidente,Centro Comunitario de Salud Familiar Plaza México,Quinta Normal,LACTANCIA MATERNA EXCLUSIVA,200342,13126,10
3594,5,10,200342,A0200001,13,13126,2,5,0,Servicio de Salud Metropolitano Occidente,Centro Comunitario de Salud Familiar Plaza México,Quinta Normal,MENORES CONTROLADOS,200342,13126,10
3595,8,10,200342,A0200002,13,13126,3,3,0,Servicio de Salud Metropolitano Occidente,Centro Comunitario de Salud Familiar Plaza México,Quinta Normal,LACTANCIA MATERNA EXCLUSIVA,200342,13126,10
3596,8,10,200342,A0200001,13,13126,3,4,3,Servicio de Salud Metropolitano Occidente,Centro Comunitario de Salud Familiar Plaza México,Quinta Normal,MENORES CONTROLADOS,200342,13126,10
3597,1,10,200342,A0200002,13,13126,1,3,3,Servicio de Salud Metropolitano Occidente,Centro Comunitario de Salud Familiar Plaza México,Quinta Normal,LACTANCIA MATERNA EXCLUSIVA,200342,13126,10
3598,1,10,200342,A0200001,13,13126,2,4,4,Servicio de Salud Metropolitano Occidente,Centro Comunitario de Salud Familiar Plaza México,Quinta Normal,MENORES CONTROLADOS,200342,13126,10
3599,4,10,200342,A0200001,13,13126,2,5,2,Servicio de Salud Metropolitano Occidente,Centro Comunitario de Salud Familiar Plaza México,Quinta Normal,MENORES CONTROLADOS,200342,13126,10
3600,4,10,200342,A0200002,13,13126,0,1,2,Servicio de Salud Metropolitano Occidente,Centro Comunitario de Salud Familiar Plaza México,Quinta Normal,LACTANCIA MATERNA EXCLUSIVA,200342,13126,10
3601,7,10,200342,A0200002,13,13126,2,2,1,Servicio de Salud Metropolitano Occidente,Centro Comunitario de Salud Familiar Plaza México,Quinta Normal,LACTANCIA MATERNA EXCLUSIVA,200342,13126,10
3602,7,10,200342,A0200001,13,13126,3,3,3,Servicio de Salud Metropolitano Occidente,Centro Comunitario de Salud Familiar Plaza México,Quinta Normal,MENORES CONTROLADOS,200342,13126,10
3603,2,10,200342,A0200002,13,13126,2,0,2,Servicio de Salud Metropolitano Occidente,Centro Comunitario de Salud Familiar Plaza México,Quinta Normal,LACTANCIA MATERNA EXCLUSIVA,200342,13126,10
3604,3,10,110325,A0200002,13,13126,11,8,9,Servicio de Salud Metropolitano Occidente,Centro de Salud Familiar Garín,Quinta Normal,LACTANCIA MATERNA EXCLUSIVA,110325,13126,10
3605,3,10,110325,A0200001,13,13126,14,11,14,Servicio de Salud Metropolitano Occidente,Centro de Salud Familiar Garín,Quinta Normal,MENORES CONTROLADOS,110325,13126,10
3606,5,10,110325,A0200001,13,13126,10,7,15,Servicio de Salud Metropolitano Occidente,Centro de Salud Familiar Garín,Quinta Normal,MENORES CONTROLADOS,110325,13126,10
3607,7,10,110725,A0200002,13,13126,2,3,,Servicio de Salud Metropolitano Occidente,Centro Comunitario de Salud Familiar Antumalal,Quinta Normal,LACTANCIA MATERNA EXCLUSIVA,110725,13126,10
3608,7,10,110725,A0200001,13,13126,3,3,0,Servicio de Salud Metropolitano Occidente,Centro Comunitario de Salud Familiar Antumalal,Quinta Normal,MENORES CONTROLADOS,110725,13126,10
3609,5,10,110325,A0200002,13,13126,7,3,10,Servicio de Salud Metropolitano Occidente,Centro de Salud Familiar Garín,Quinta Normal,LACTANCIA MATERNA EXCLUSIVA,110325,13126,10
3610,2,10,110725,A0200001,13,13126,0,2,0,Servicio de Salud Metropolitano Occidente,Centro Comunitario de Salud Familiar Antumalal,Quinta Normal,MENORES CONTROLADOS,110725,13126,10
3611,6,10,110725,A0200002,13,13126,1,1,,Servicio de Salud Metropolitano Occidente,Centro Comunitario de Salud Familiar Antumalal,Quinta Normal,LACTANCIA MATERNA EXCLUSIVA,110725,13126,10
3612,6,10,110725,A0200001,13,13126,1,2,0,Servicio de Salud Metropolitano Occidente,Centro Comunitario de Salud Familiar Antumalal,Quinta Normal,MENORES CONTROLADOS,110725,13126,10
3613,1,10,110725,A0200002,13,13126,1,,1,Servicio de Salud Metropolitano Occidente,Centro Comunitario de Salud Familiar Antumalal,Quinta Normal,LACTANCIA MATERNA EXCLUSIVA,110725,13126,10
3614,1,10,110725,A0200001,13,13126,1,1,1,Servicio de Salud Metropolitano Occidente,Centro Comunitario de Salud Familiar Antumalal,Quinta Normal,MENORES CONTROLADOS,110725,13126,10
3615,1,10,110325,A0200001,13,13126,11,12,6,Servicio de Salud Metropolitano Occidente,Centro de Salud Familiar Garín,Quinta Normal,MENORES CONTROLADOS,110325,13126,10
3616,4,10,110725,A0200001,13,13126,,1,2,Servicio de Salud Metropolitano Occidente,Centro Comunitario de Salud Familiar Antumalal,Quinta Normal,MENORES CONTROLADOS,110725,13126,10
3617,2,10,110325,A0200002,13,13126,8,6,9,Servicio de Salud Metropolitano Occidente,Centro de Salud Familiar Garín,Quinta Normal,LACTANCIA MATERNA EXCLUSIVA,110325,13126,10
3618,4,10,110725,A0200002,13,13126,,1,,Servicio de Salud Metropolitano Occidente,Centro Comunitario de Salud Familiar Antumalal,Quinta Normal,LACTANCIA MATERNA EXCLUSIVA,110725,13126,10
3619,1,10,110325,A0200002,13,13126,5,11,4,Servicio de Salud Metropolitano Occidente,Centro de Salud Familiar Garín,Quinta Normal,LACTANCIA MATERNA EXCLUSIVA,110325,13126,10
3620,3,10,110725,A0200002,13,13126,2,1,1,Servicio de Salud Metropolitano Occidente,Centro Comunitario de Salud Familiar Antumalal,Quinta Normal,LACTANCIA MATERNA EXCLUSIVA,110725,13126,10
3621,3,10,110725,A0200001,13,13126,2,1,1,Servicio de Salud Metropolitano Occidente,Centro Comunitario de Salud Familiar Antumalal,Quinta Normal,MENORES CONTROLADOS,110725,13126,10
3622,4,10,110325,A0200002,13,13126,7,8,6,Servicio de Salud Metropolitano Occidente,Centro de Salud Familiar Garín,Quinta Normal,LACTANCIA MATERNA EXCLUSIVA,110325,13126,10
3623,4,10,110325,A0200001,13,13126,10,15,15,Servicio de Salud Metropolitano Occidente,Centro de Salud Familiar Garín,Quinta Normal,MENORES CONTROLADOS,110325,13126,10
3624,2,10,110325,A0200001,13,13126,10,12,12,Servicio de Salud Metropolitano Occidente,Centro de Salud Familiar Garín,Quinta Normal,MENORES CONTROLADOS,110325,13126,10
3625,8,10,110725,A0200002,13,13126,3,2,1,Servicio de Salud Metropolitano Occidente,Centro Comunitario de Salud Familiar Antumalal,Quinta Normal,LACTANCIA MATERNA EXCLUSIVA,110725,13126,10
3626,8,10,110725,A0200001,13,13126,3,3,1,Servicio de Salud Metropolitano Occidente,Centro Comunitario de Salud Familiar Antumalal,Quinta Normal,MENORES CONTROLADOS,110725,13126,10
3627,6,10,110325,A0200001,13,13126,12,13,14,Servicio de Salud Metropolitano Occidente,Centro de Salud Familiar Garín,Quinta Normal,MENORES CONTROLADOS,110325,13126,10
3628,6,10,110325,A0200002,13,13126,4,12,9,Servicio de Salud Metropolitano Occidente,Centro de Salud Familiar Garín,Quinta Normal,LACTANCIA MATERNA EXCLUSIVA,110325,13126,10
3629,2,10,110725,A0200002,13,13126,0,1,0,Servicio de Salud Metropolitano Occidente,Centro Comunitario de Salud Familiar Antumalal,Quinta Normal,LACTANCIA MATERNA EXCLUSIVA,110725,13126,10
3630,8,10,110325,A0200002,13,13126,9,10,9,Servicio de Salud Metropolitano Occidente,Centro de Salud Familiar Garín,Quinta Normal,LACTANCIA MATERNA EXCLUSIVA,110325,13126,10
3631,8,10,110325,A0200001,13,13126,12,19,16,Servicio de Salud Metropolitano Occidente,Centro de Salud Familiar Garín,Quinta Normal,MENORES CONTROLADOS,110325,13126,10
3632,7,10,110325,A0200002,13,13126,8,11,13,Servicio de Salud Metropolitano Occidente,Centro de Salud Familiar Garín,Quinta Normal,LACTANCIA MATERNA EXCLUSIVA,110325,13126,10
3633,7,10,110325,A0200001,13,13126,11,18,21,Servicio de Salud Metropolitano Occidente,Centro de Salud Familiar Garín,Quinta Normal,MENORES CONTROLADOS,110325,13126,10
3634,5,10,110725,A0200002,13,13126,3,2,,Servicio de Salud Metropolitano Occidente,Centro Comunitario de Salud Familiar Antumalal,Quinta Normal,LACTANCIA MATERNA EXCLUSIVA,110725,13126,10
3635,5,10,110725,A0200001,13,13126,3,2,0,Servicio de Salud Metropolitano Occidente,Centro Comunitario de Salud Familiar Antumalal,Quinta Normal,MENORES CONTROLADOS,110725,13126,10
3636,8,10,110360,A0200002,13,13128,9,9,6,Servicio de Salud Metropolitano Occidente,Centro de Salud Familiar Renca,Renca,LACTANCIA MATERNA EXCLUSIVA,110360,13128,10
3637,8,10,110360,A0200001,13,13128,14,14,9,Servicio de Salud Metropolitano Occidente,Centro de Salud Familiar Renca,Renca,MENORES CONTROLADOS,110360,13128,10
3638,2,10,110360,A0200001,13,13128,17,14,10,Servicio de Salud Metropolitano Occidente,Centro de Salud Familiar Renca,Renca,MENORES CONTROLADOS,110360,13128,10
3639,6,10,110364,A0200001,13,13128,10,8,9,Servicio de Salud Metropolitano Occidente,Centro de Salud Familiar Huamachuco,Renca,MENORES CONTROLADOS,110364,13128,10
3640,6,10,110364,A0200002,13,13128,7,5,7,Servicio de Salud Metropolitano Occidente,Centro de Salud Familiar Huamachuco,Renca,LACTANCIA MATERNA EXCLUSIVA,110364,13128,10
3641,4,10,110360,A0200002,13,13128,11,9,9,Servicio de Salud Metropolitano Occidente,Centro de Salud Familiar Renca,Renca,LACTANCIA MATERNA EXCLUSIVA,110360,13128,10
3642,4,10,110360,A0200001,13,13128,14,14,13,Servicio de Salud Metropolitano Occidente,Centro de Salud Familiar Renca,Renca,MENORES CONTROLADOS,110360,13128,10
3643,7,10,110364,A0200002,13,13128,11,9,10,Servicio de Salud Metropolitano Occidente,Centro de Salud Familiar Huamachuco,Renca,LACTANCIA MATERNA EXCLUSIVA,110364,13128,10
3644,7,10,110364,A0200001,13,13128,14,15,14,Servicio de Salud Metropolitano Occidente,Centro de Salud Familiar Huamachuco,Renca,MENORES CONTROLADOS,110364,13128,10
3645,7,10,110360,A0200002,13,13128,15,7,10,Servicio de Salud Metropolitano Occidente,Centro de Salud Familiar Renca,Renca,LACTANCIA MATERNA EXCLUSIVA,110360,13128,10
3646,7,10,110360,A0200001,13,13128,18,14,13,Servicio de Salud Metropolitano Occidente,Centro de Salud Familiar Renca,Renca,MENORES CONTROLADOS,110360,13128,10
3647,2,10,110360,A0200002,13,13128,14,10,6,Servicio de Salud Metropolitano Occidente,Centro de Salud Familiar Renca,Renca,LACTANCIA MATERNA EXCLUSIVA,110360,13128,10
3648,5,10,110364,A0200001,13,13128,11,8,6,Servicio de Salud Metropolitano Occidente,Centro de Salud Familiar Huamachuco,Renca,MENORES CONTROLADOS,110364,13128,10
3649,6,10,110360,A0200002,13,13128,12,7,10,Servicio de Salud Metropolitano Occidente,Centro de Salud Familiar Renca,Renca,LACTANCIA MATERNA EXCLUSIVA,110360,13128,10
3650,6,10,110360,A0200001,13,13128,16,16,14,Servicio de Salud Metropolitano Occidente,Centro de Salud Familiar Renca,Renca,MENORES CONTROLADOS,110360,13128,10
3651,3,10,110360,A0200002,13,13128,12,24,13,Servicio de Salud Metropolitano Occidente,Centro de Salud Familiar Renca,Renca,LACTANCIA MATERNA EXCLUSIVA,110360,13128,10
3652,3,10,110360,A0200001,13,13128,18,32,18,Servicio de Salud Metropolitano Occidente,Centro de Salud Familiar Renca,Renca,MENORES CONTROLADOS,110360,13128,10
3653,8,10,110364,A0200002,13,13128,5,6,3,Servicio de Salud Metropolitano Occidente,Centro de Salud Familiar Huamachuco,Renca,LACTANCIA MATERNA EXCLUSIVA,110364,13128,10
3654,8,10,110364,A0200001,13,13128,6,12,7,Servicio de Salud Metropolitano Occidente,Centro de Salud Familiar Huamachuco,Renca,MENORES CONTROLADOS,110364,13128,10
3655,1,10,110364,A0200002,13,13128,8,2,5,Servicio de Salud Metropolitano Occidente,Centro de Salud Familiar Huamachuco,Renca,LACTANCIA MATERNA EXCLUSIVA,110364,13128,10
3656,2,10,110364,A0200002,13,13128,8,1,7,Servicio de Salud Metropolitano Occidente,Centro de Salud Familiar Huamachuco,Renca,LACTANCIA MATERNA EXCLUSIVA,110364,13128,10
3657,1,10,110360,A0200002,13,13128,14,14,11,Servicio de Salud Metropolitano Occidente,Centro de Salud Familiar Renca,Renca,LACTANCIA MATERNA EXCLUSIVA,110360,13128,10
3658,5,10,110360,A0200002,13,13128,8,12,8,Servicio de Salud Metropolitano Occidente,Centro de Salud Familiar Renca,Renca,LACTANCIA MATERNA EXCLUSIVA,110360,13128,10
3659,5,10,110360,A0200001,13,13128,12,17,12,Servicio de Salud Metropolitano Occidente,Centro de Salud Familiar Renca,Renca,MENORES CONTROLADOS,110360,13128,10
3660,1,10,110360,A0200001,13,13128,17,18,18,Servicio de Salud Metropolitano Occidente,Centro de Salud Familiar Renca,Renca,MENORES CONTROLADOS,110360,13128,10
3661,1,10,110364,A0200001,13,13128,12,7,7,Servicio de Salud Metropolitano Occidente,Centro de Salud Familiar Huamachuco,Renca,MENORES CONTROLADOS,110364,13128,10
3662,2,10,110364,A0200001,13,13128,12,7,10,Servicio de Salud Metropolitano Occidente,Centro de Salud Familiar Huamachuco,Renca,MENORES CONTROLADOS,110364,13128,10
3663,3,10,110364,A0200002,13,13128,3,7,5,Servicio de Salud Metropolitano Occidente,Centro de Salud Familiar Huamachuco,Renca,LACTANCIA MATERNA EXCLUSIVA,110364,13128,10
3664,3,10,110364,A0200001,13,13128,7,10,7,Servicio de Salud Metropolitano Occidente,Centro de Salud Familiar Huamachuco,Renca,MENORES CONTROLADOS,110364,13128,10
3665,4,10,110364,A0200002,13,13128,9,8,2,Servicio de Salud Metropolitano Occidente,Centro de Salud Familiar Huamachuco,Renca,LACTANCIA MATERNA EXCLUSIVA,110364,13128,10
3666,4,10,110364,A0200001,13,13128,11,13,4,Servicio de Salud Metropolitano Occidente,Centro de Salud Familiar Huamachuco,Renca,MENORES CONTROLADOS,110364,13128,10
3667,5,10,110364,A0200002,13,13128,8,3,3,Servicio de Salud Metropolitano Occidente,Centro de Salud Familiar Huamachuco,Renca,LACTANCIA MATERNA EXCLUSIVA,110364,13128,10
3668,7,10,202204,A0200002,13,13128,,1,,Servicio de Salud Metropolitano Occidente,Centro Comunitario de Salud Familiar IRMA ABARCA,Renca,LACTANCIA MATERNA EXCLUSIVA,202204,13128,10
3669,7,10,202204,A0200001,13,13128,,0,,Servicio de Salud Metropolitano Occidente,Centro Comunitario de Salud Familiar IRMA ABARCA,Renca,MENORES CONTROLADOS,202204,13128,10
3670,1,10,110361,A0200001,13,13128,23,21,26,Servicio de Salud Metropolitano Occidente,Centro de Salud Familiar Bicentenario,Renca,MENORES CONTROLADOS,110361,13128,10
3671,1,10,110361,A0200002,13,13128,12,9,16,Servicio de Salud Metropolitano Occidente,Centro de Salud Familiar Bicentenario,Renca,LACTANCIA MATERNA EXCLUSIVA,110361,13128,10
3672,7,10,110361,A0200002,13,13128,16,10,16,Servicio de Salud Metropolitano Occidente,Centro de Salud Familiar Bicentenario,Renca,LACTANCIA MATERNA EXCLUSIVA,110361,13128,10
3673,7,10,110361,A0200001,13,13128,30,20,26,Servicio de Salud Metropolitano Occidente,Centro de Salud Familiar Bicentenario,Renca,MENORES CONTROLADOS,110361,13128,10
3674,6,10,110361,A0200002,13,13128,17,11,12,Servicio de Salud Metropolitano Occidente,Centro de Salud Familiar Bicentenario,Renca,LACTANCIA MATERNA EXCLUSIVA,110361,13128,10
3675,6,10,110361,A0200001,13,13128,30,24,16,Servicio de Salud Metropolitano Occidente,Centro de Salud Familiar Bicentenario,Renca,MENORES CONTROLADOS,110361,13128,10
3676,4,10,110361,A0200002,13,13128,8,20,18,Servicio de Salud Metropolitano Occidente,Centro de Salud Familiar Bicentenario,Renca,LACTANCIA MATERNA EXCLUSIVA,110361,13128,10
3677,4,10,110361,A0200001,13,13128,21,27,32,Servicio de Salud Metropolitano Occidente,Centro de Salud Familiar Bicentenario,Renca,MENORES CONTROLADOS,110361,13128,10
3678,4,10,202205,A0200002,13,13128,6,7,6,Servicio de Salud Metropolitano Occidente,CESFAM Cerro Colorado,Renca,LACTANCIA MATERNA EXCLUSIVA,202205,13128,10
3679,2,10,110361,A0200001,13,13128,24,24,14,Servicio de Salud Metropolitano Occidente,Centro de Salud Familiar Bicentenario,Renca,MENORES CONTROLADOS,110361,13128,10
3680,2,10,110361,A0200002,13,13128,17,13,10,Servicio de Salud Metropolitano Occidente,Centro de Salud Familiar Bicentenario,Renca,LACTANCIA MATERNA EXCLUSIVA,110361,13128,10
3681,4,10,202205,A0200001,13,13128,10,15,8,Servicio de Salud Metropolitano Occidente,CESFAM Cerro Colorado,Renca,MENORES CONTROLADOS,202205,13128,10
3682,6,10,202205,A0200002,13,13128,8,5,9,Servicio de Salud Metropolitano Occidente,CESFAM Cerro Colorado,Renca,LACTANCIA MATERNA EXCLUSIVA,202205,13128,10
3683,3,10,202205,A0200002,13,13128,9,7,8,Servicio de Salud Metropolitano Occidente,CESFAM Cerro Colorado,Renca,LACTANCIA MATERNA EXCLUSIVA,202205,13128,10
3684,3,10,202205,A0200001,13,13128,11,12,11,Servicio de Salud Metropolitano Occidente,CESFAM Cerro Colorado,Renca,MENORES CONTROLADOS,202205,13128,10
3685,6,10,202205,A0200001,13,13128,13,6,12,Servicio de Salud Metropolitano Occidente,CESFAM Cerro Colorado,Renca,MENORES CONTROLADOS,202205,13128,10
3686,5,10,202205,A0200002,13,13128,9,8,,Servicio de Salud Metropolitano Occidente,CESFAM Cerro Colorado,Renca,LACTANCIA MATERNA EXCLUSIVA,202205,13128,10
3687,5,10,110361,A0200002,13,13128,12,7,14,Servicio de Salud Metropolitano Occidente,Centro de Salud Familiar Bicentenario,Renca,LACTANCIA MATERNA EXCLUSIVA,110361,13128,10
3688,5,10,110361,A0200001,13,13128,22,16,26,Servicio de Salud Metropolitano Occidente,Centro de Salud Familiar Bicentenario,Renca,MENORES CONTROLADOS,110361,13128,10
3689,5,10,202205,A0200001,13,13128,13,14,0,Servicio de Salud Metropolitano Occidente,CESFAM Cerro Colorado,Renca,MENORES CONTROLADOS,202205,13128,10
3690,2,10,202205,A0200002,13,13128,3,3,4,Servicio de Salud Metropolitano Occidente,CESFAM Cerro Colorado,Renca,LACTANCIA MATERNA EXCLUSIVA,202205,13128,10
3691,1,10,202205,A0200001,13,13128,13,6,10,Servicio de Salud Metropolitano Occidente,CESFAM Cerro Colorado,Renca,MENORES CONTROLADOS,202205,13128,10
3692,1,10,202205,A0200002,13,13128,11,5,7,Servicio de Salud Metropolitano Occidente,CESFAM Cerro Colorado,Renca,LACTANCIA MATERNA EXCLUSIVA,202205,13128,10
3693,6,10,202204,A0200001,13,13128,,,,Servicio de Salud Metropolitano Occidente,Centro Comunitario de Salud Familiar IRMA ABARCA,Renca,MENORES CONTROLADOS,202204,13128,10
3694,7,10,202205,A0200002,13,13128,10,12,4,Servicio de Salud Metropolitano Occidente,CESFAM Cerro Colorado,Renca,LACTANCIA MATERNA EXCLUSIVA,202205,13128,10
3695,7,10,202205,A0200001,13,13128,19,17,9,Servicio de Salud Metropolitano Occidente,CESFAM Cerro Colorado,Renca,MENORES CONTROLADOS,202205,13128,10
3696,3,10,110361,A0200001,13,13128,28,33,22,Servicio de Salud Metropolitano Occidente,Centro de Salud Familiar Bicentenario,Renca,MENORES CONTROLADOS,110361,13128,10
3697,8,10,202205,A0200002,13,13128,11,8,9,Servicio de Salud Metropolitano Occidente,CESFAM Cerro Colorado,Renca,LACTANCIA MATERNA EXCLUSIVA,202205,13128,10
3698,8,10,202205,A0200001,13,13128,13,14,14,Servicio de Salud Metropolitano Occidente,CESFAM Cerro Colorado,Renca,MENORES CONTROLADOS,202205,13128,10
3699,8,10,202204,A0200002,13,13128,,,,Servicio de Salud Metropolitano Occidente,Centro Comunitario de Salud Familiar IRMA ABARCA,Renca,LACTANCIA MATERNA EXCLUSIVA,202204,13128,10
3700,3,10,110361,A0200002,13,13128,8,20,12,Servicio de Salud Metropolitano Occidente,Centro de Salud Familiar Bicentenario,Renca,LACTANCIA MATERNA EXCLUSIVA,110361,13128,10
3701,8,10,110361,A0200002,13,13128,19,15,20,Servicio de Salud Metropolitano Occidente,Centro de Salud Familiar Bicentenario,Renca,LACTANCIA MATERNA EXCLUSIVA,110361,13128,10
3702,8,10,110361,A0200001,13,13128,29,31,30,Servicio de Salud Metropolitano Occidente,Centro de Salud Familiar Bicentenario,Renca,MENORES CONTROLADOS,110361,13128,10
3703,2,10,110362,A0200002,13,13128,9,6,7,Servicio de Salud Metropolitano Occidente,Centro de Salud Familiar Dr. Hernán Urzúa Merino,Renca,LACTANCIA MATERNA EXCLUSIVA,110362,13128,10
3704,3,10,110362,A0200002,13,13128,7,7,9,Servicio de Salud Metropolitano Occidente,Centro de Salud Familiar Dr. Hernán Urzúa Merino,Renca,LACTANCIA MATERNA EXCLUSIVA,110362,13128,10
3705,3,10,110362,A0200001,13,13128,10,14,14,Servicio de Salud Metropolitano Occidente,Centro de Salud Familiar Dr. Hernán Urzúa Merino,Renca,MENORES CONTROLADOS,110362,13128,10
3706,2,10,110362,A0200001,13,13128,18,12,10,Servicio de Salud Metropolitano Occidente,Centro de Salud Familiar Dr. Hernán Urzúa Merino,Renca,MENORES CONTROLADOS,110362,13128,10
3707,5,10,110362,A0200002,13,13128,11,9,12,Servicio de Salud Metropolitano Occidente,Centro de Salud Familiar Dr. Hernán Urzúa Merino,Renca,LACTANCIA MATERNA EXCLUSIVA,110362,13128,10
3708,5,10,110362,A0200001,13,13128,16,16,18,Servicio de Salud Metropolitano Occidente,Centro de Salud Familiar Dr. Hernán Urzúa Merino,Renca,MENORES CONTROLADOS,110362,13128,10
3709,1,10,110362,A0200002,13,13128,3,3,6,Servicio de Salud Metropolitano Occidente,Centro de Salud Familiar Dr. Hernán Urzúa Merino,Renca,LACTANCIA MATERNA EXCLUSIVA,110362,13128,10
3710,1,10,110362,A0200001,13,13128,6,9,9,Servicio de Salud Metropolitano Occidente,Centro de Salud Familiar Dr. Hernán Urzúa Merino,Renca,MENORES CONTROLADOS,110362,13128,10
3711,8,10,110362,A0200002,13,13128,12,6,12,Servicio de Salud Metropolitano Occidente,Centro de Salud Familiar Dr. Hernán Urzúa Merino,Renca,LACTANCIA MATERNA EXCLUSIVA,110362,13128,10
3712,8,10,110362,A0200001,13,13128,21,15,18,Servicio de Salud Metropolitano Occidente,Centro de Salud Familiar Dr. Hernán Urzúa Merino,Renca,MENORES CONTROLADOS,110362,13128,10
3713,6,10,110362,A0200002,13,13128,9,7,7,Servicio de Salud Metropolitano Occidente,Centro de Salud Familiar Dr. Hernán Urzúa Merino,Renca,LACTANCIA MATERNA EXCLUSIVA,110362,13128,10
3714,6,10,110362,A0200001,13,13128,18,15,10,Servicio de Salud Metropolitano Occidente,Centro de Salud Familiar Dr. Hernán Urzúa Merino,Renca,MENORES CONTROLADOS,110362,13128,10
3715,4,10,110362,A0200001,13,13128,11,20,8,Servicio de Salud Metropolitano Occidente,Centro de Salud Familiar Dr. Hernán Urzúa Merino,Renca,MENORES CONTROLADOS,110362,13128,10
3716,4,10,110362,A0200002,13,13128,8,10,5,Servicio de Salud Metropolitano Occidente,Centro de Salud Familiar Dr. Hernán Urzúa Merino,Renca,LACTANCIA MATERNA EXCLUSIVA,110362,13128,10
3717,7,10,110362,A0200002,13,13128,10,8,11,Servicio de Salud Metropolitano Occidente,Centro de Salud Familiar Dr. Hernán Urzúa Merino,Renca,LACTANCIA MATERNA EXCLUSIVA,110362,13128,10
3718,7,10,110362,A0200001,13,13128,13,18,16,Servicio de Salud Metropolitano Occidente,Centro de Salud Familiar Dr. Hernán Urzúa Merino,Renca,MENORES CONTROLADOS,110362,13128,10
3719,6,10,110378,A0200001,13,13501,3,15,8,Servicio de Salud Metropolitano Occidente,Centro de Salud Familiar Dr. Edelberto Elgueta,Melipilla,MENORES CONTROLADOS,110378,13501,10
3720,8,10,110781,A0200002,13,13501,2,2,1,Servicio de Salud Metropolitano Occidente,Centro Comunitario de Salud Familiar Obispo Pablo Lizama,Melipilla,LACTANCIA MATERNA EXCLUSIVA,110781,13501,10
3721,8,10,110781,A0200001,13,13501,2,4,1,Servicio de Salud Metropolitano Occidente,Centro Comunitario de Salud Familiar Obispo Pablo Lizama,Melipilla,MENORES CONTROLADOS,110781,13501,10
3722,8,10,110378,A0200002,13,13501,,3,7,Servicio de Salud Metropolitano Occidente,Centro de Salud Familiar Dr. Edelberto Elgueta,Melipilla,LACTANCIA MATERNA EXCLUSIVA,110378,13501,10
3723,8,10,110378,A0200001,13,13501,,7,11,Servicio de Salud Metropolitano Occidente,Centro de Salud Familiar Dr. Edelberto Elgueta,Melipilla,MENORES CONTROLADOS,110378,13501,10
3724,7,10,110781,A0200002,13,13501,1,2,1,Servicio de Salud Metropolitano Occidente,Centro Comunitario de Salud Familiar Obispo Pablo Lizama,Melipilla,LACTANCIA MATERNA EXCLUSIVA,110781,13501,10
3725,7,10,110781,A0200001,13,13501,1,5,3,Servicio de Salud Metropolitano Occidente,Centro Comunitario de Salud Familiar Obispo Pablo Lizama,Melipilla,MENORES CONTROLADOS,110781,13501,10
3726,7,10,110378,A0200002,13,13501,6,4,9,Servicio de Salud Metropolitano Occidente,Centro de Salud Familiar Dr. Edelberto Elgueta,Melipilla,LACTANCIA MATERNA EXCLUSIVA,110378,13501,10
3727,7,10,110378,A0200001,13,13501,7,7,15,Servicio de Salud Metropolitano Occidente,Centro de Salud Familiar Dr. Edelberto Elgueta,Melipilla,MENORES CONTROLADOS,110378,13501,10
3728,5,10,110781,A0200002,13,13501,1,1,,Servicio de Salud Metropolitano Occidente,Centro Comunitario de Salud Familiar Obispo Pablo Lizama,Melipilla,LACTANCIA MATERNA EXCLUSIVA,110781,13501,10
3729,5,10,110781,A0200001,13,13501,2,2,,Servicio de Salud Metropolitano Occidente,Centro Comunitario de Salud Familiar Obispo Pablo Lizama,Melipilla,MENORES CONTROLADOS,110781,13501,10
3730,3,10,110781,A0200002,13,13501,,1,2,Servicio de Salud Metropolitano Occidente,Centro Comunitario de Salud Familiar Obispo Pablo Lizama,Melipilla,LACTANCIA MATERNA EXCLUSIVA,110781,13501,10
3731,3,10,110781,A0200001,13,13501,,1,2,Servicio de Salud Metropolitano Occidente,Centro Comunitario de Salud Familiar Obispo Pablo Lizama,Melipilla,MENORES CONTROLADOS,110781,13501,10
3732,2,10,110781,A0200001,13,13501,2,,2,Servicio de Salud Metropolitano Occidente,Centro Comunitario de Salud Familiar Obispo Pablo Lizama,Melipilla,MENORES CONTROLADOS,110781,13501,10
3733,2,10,110781,A0200002,13,13501,1,,2,Servicio de Salud Metropolitano Occidente,Centro Comunitario de Salud Familiar Obispo Pablo Lizama,Melipilla,LACTANCIA MATERNA EXCLUSIVA,110781,13501,10
3734,5,10,110378,A0200002,13,13501,3,3,5,Servicio de Salud Metropolitano Occidente,Centro de Salud Familiar Dr. Edelberto Elgueta,Melipilla,LACTANCIA MATERNA EXCLUSIVA,110378,13501,10
3735,5,10,110378,A0200001,13,13501,6,5,7,Servicio de Salud Metropolitano Occidente,Centro de Salud Familiar Dr. Edelberto Elgueta,Melipilla,MENORES CONTROLADOS,110378,13501,10
3736,6,10,110781,A0200002,13,13501,2,1,3,Servicio de Salud Metropolitano Occidente,Centro Comunitario de Salud Familiar Obispo Pablo Lizama,Melipilla,LACTANCIA MATERNA EXCLUSIVA,110781,13501,10
3737,6,10,110781,A0200001,13,13501,2,1,4,Servicio de Salud Metropolitano Occidente,Centro Comunitario de Salud Familiar Obispo Pablo Lizama,Melipilla,MENORES CONTROLADOS,110781,13501,10
3738,6,10,110378,A0200002,13,13501,2,6,5,Servicio de Salud Metropolitano Occidente,Centro de Salud Familiar Dr. Edelberto Elgueta,Melipilla,LACTANCIA MATERNA EXCLUSIVA,110378,13501,10
3739,1,10,110781,A0200002,13,13501,2,,,Servicio de Salud Metropolitano Occidente,Centro Comunitario de Salud Familiar Obispo Pablo Lizama,Melipilla,LACTANCIA MATERNA EXCLUSIVA,110781,13501,10
3740,1,10,110781,A0200001,13,13501,4,,,Servicio de Salud Metropolitano Occidente,Centro Comunitario de Salud Familiar Obispo Pablo Lizama,Melipilla,MENORES CONTROLADOS,110781,13501,10
3741,4,10,110781,A0200002,13,13501,2,1,1,Servicio de Salud Metropolitano Occidente,Centro Comunitario de Salud Familiar Obispo Pablo Lizama,Melipilla,LACTANCIA MATERNA EXCLUSIVA,110781,13501,10
3742,4,10,110781,A0200001,13,13501,2,2,1,Servicio de Salud Metropolitano Occidente,Centro Comunitario de Salud Familiar Obispo Pablo Lizama,Melipilla,MENORES CONTROLADOS,110781,13501,10
3743,1,10,110378,A0200002,13,13501,5,4,8,Servicio de Salud Metropolitano Occidente,Centro de Salud Familiar Dr. Edelberto Elgueta,Melipilla,LACTANCIA MATERNA EXCLUSIVA,110378,13501,10
3744,1,10,110378,A0200001,13,13501,7,6,12,Servicio de Salud Metropolitano Occidente,Centro de Salud Familiar Dr. Edelberto Elgueta,Melipilla,MENORES CONTROLADOS,110378,13501,10
3745,3,10,110378,A0200002,13,13501,8,5,14,Servicio de Salud Metropolitano Occidente,Centro de Salud Familiar Dr. Edelberto Elgueta,Melipilla,LACTANCIA MATERNA EXCLUSIVA,110378,13501,10
3746,2,10,110378,A0200002,13,13501,5,4,6,Servicio de Salud Metropolitano Occidente,Centro de Salud Familiar Dr. Edelberto Elgueta,Melipilla,LACTANCIA MATERNA EXCLUSIVA,110378,13501,10
3747,2,10,110378,A0200001,13,13501,8,8,10,Servicio de Salud Metropolitano Occidente,Centro de Salud Familiar Dr. Edelberto Elgueta,Melipilla,MENORES CONTROLADOS,110378,13501,10
3748,4,10,110378,A0200002,13,13501,2,1,10,Servicio de Salud Metropolitano Occidente,Centro de Salud Familiar Dr. Edelberto Elgueta,Melipilla,LACTANCIA MATERNA EXCLUSIVA,110378,13501,10
3749,3,10,110378,A0200001,13,13501,14,5,19,Servicio de Salud Metropolitano Occidente,Centro de Salud Familiar Dr. Edelberto Elgueta,Melipilla,MENORES CONTROLADOS,110378,13501,10
3750,4,10,110378,A0200001,13,13501,6,4,14,Servicio de Salud Metropolitano Occidente,Centro de Salud Familiar Dr. Edelberto Elgueta,Melipilla,MENORES CONTROLADOS,110378,13501,10
3751,5,10,110455,A0200001,13,13501,4,1,4,Servicio de Salud Metropolitano Occidente,Posta de Salud Rural Pabellón,Melipilla,MENORES CONTROLADOS,110455,13501,10
3752,5,10,110455,A0200002,13,13501,3,,3,Servicio de Salud Metropolitano Occidente,Posta de Salud Rural Pabellón,Melipilla,LACTANCIA MATERNA EXCLUSIVA,110455,13501,10
3753,3,10,110455,A0200001,13,13501,1,,5,Servicio de Salud Metropolitano Occidente,Posta de Salud Rural Pabellón,Melipilla,MENORES CONTROLADOS,110455,13501,10
3754,3,10,110455,A0200002,13,13501,,,5,Servicio de Salud Metropolitano Occidente,Posta de Salud Rural Pabellón,Melipilla,LACTANCIA MATERNA EXCLUSIVA,110455,13501,10
3755,1,10,110455,A0200002,13,13501,1,3,2,Servicio de Salud Metropolitano Occidente,Posta de Salud Rural Pabellón,Melipilla,LACTANCIA MATERNA EXCLUSIVA,110455,13501,10
3756,1,10,110455,A0200001,13,13501,4,4,2,Servicio de Salud Metropolitano Occidente,Posta de Salud Rural Pabellón,Melipilla,MENORES CONTROLADOS,110455,13501,10
3757,7,10,110379,A0200001,13,13501,19,16,17,Servicio de Salud Metropolitano Occidente,Centro de Salud Familiar Dr. Francisco Boris Soler,Melipilla,MENORES CONTROLADOS,110379,13501,10
3758,7,10,110379,A0200002,13,13501,17,15,15,Servicio de Salud Metropolitano Occidente,Centro de Salud Familiar Dr. Francisco Boris Soler,Melipilla,LACTANCIA MATERNA EXCLUSIVA,110379,13501,10
3759,1,10,110379,A0200002,13,13501,13,16,7,Servicio de Salud Metropolitano Occidente,Centro de Salud Familiar Dr. Francisco Boris Soler,Melipilla,LACTANCIA MATERNA EXCLUSIVA,110379,13501,10
3760,2,10,110455,A0200002,13,13501,1,,3,Servicio de Salud Metropolitano Occidente,Posta de Salud Rural Pabellón,Melipilla,LACTANCIA MATERNA EXCLUSIVA,110455,13501,10
3761,2,10,110455,A0200001,13,13501,1,,3,Servicio de Salud Metropolitano Occidente,Posta de Salud Rural Pabellón,Melipilla,MENORES CONTROLADOS,110455,13501,10
3762,4,10,110455,A0200001,13,13501,,1,3,Servicio de Salud Metropolitano Occidente,Posta de Salud Rural Pabellón,Melipilla,MENORES CONTROLADOS,110455,13501,10
3763,4,10,110455,A0200002,13,13501,,1,3,Servicio de Salud Metropolitano Occidente,Posta de Salud Rural Pabellón,Melipilla,LACTANCIA MATERNA EXCLUSIVA,110455,13501,10
3764,3,10,110379,A0200001,13,13501,7,27,11,Servicio de Salud Metropolitano Occidente,Centro de Salud Familiar Dr. Francisco Boris Soler,Melipilla,MENORES CONTROLADOS,110379,13501,10
3765,6,10,110455,A0200002,13,13501,1,,3,Servicio de Salud Metropolitano Occidente,Posta de Salud Rural Pabellón,Melipilla,LACTANCIA MATERNA EXCLUSIVA,110455,13501,10
3766,6,10,110455,A0200001,13,13501,2,,3,Servicio de Salud Metropolitano Occidente,Posta de Salud Rural Pabellón,Melipilla,MENORES CONTROLADOS,110455,13501,10
3767,4,10,110379,A0200001,13,13501,12,13,20,Servicio de Salud Metropolitano Occidente,Centro de Salud Familiar Dr. Francisco Boris Soler,Melipilla,MENORES CONTROLADOS,110379,13501,10
3768,2,10,110379,A0200001,13,13501,11,9,16,Servicio de Salud Metropolitano Occidente,Centro de Salud Familiar Dr. Francisco Boris Soler,Melipilla,MENORES CONTROLADOS,110379,13501,10
3769,4,10,110379,A0200002,13,13501,6,9,16,Servicio de Salud Metropolitano Occidente,Centro de Salud Familiar Dr. Francisco Boris Soler,Melipilla,LACTANCIA MATERNA EXCLUSIVA,110379,13501,10
3770,5,10,110379,A0200002,13,13501,14,15,7,Servicio de Salud Metropolitano Occidente,Centro de Salud Familiar Dr. Francisco Boris Soler,Melipilla,LACTANCIA MATERNA EXCLUSIVA,110379,13501,10
3771,5,10,110379,A0200001,13,13501,19,26,12,Servicio de Salud Metropolitano Occidente,Centro de Salud Familiar Dr. Francisco Boris Soler,Melipilla,MENORES CONTROLADOS,110379,13501,10
3772,2,10,110379,A0200002,13,13501,8,5,13,Servicio de Salud Metropolitano Occidente,Centro de Salud Familiar Dr. Francisco Boris Soler,Melipilla,LACTANCIA MATERNA EXCLUSIVA,110379,13501,10
3773,3,10,110379,A0200002,13,13501,5,11,6,Servicio de Salud Metropolitano Occidente,Centro de Salud Familiar Dr. Francisco Boris Soler,Melipilla,LACTANCIA MATERNA EXCLUSIVA,110379,13501,10
3774,6,10,110379,A0200002,13,13501,21,13,13,Servicio de Salud Metropolitano Occidente,Centro de Salud Familiar Dr. Francisco Boris Soler,Melipilla,LACTANCIA MATERNA EXCLUSIVA,110379,13501,10
3775,6,10,110379,A0200001,13,13501,28,15,24,Servicio de Salud Metropolitano Occidente,Centro de Salud Familiar Dr. Francisco Boris Soler,Melipilla,MENORES CONTROLADOS,110379,13501,10
3776,7,10,110455,A0200002,13,13501,,2,2,Servicio de Salud Metropolitano Occidente,Posta de Salud Rural Pabellón,Melipilla,LACTANCIA MATERNA EXCLUSIVA,110455,13501,10
3777,7,10,110455,A0200001,13,13501,,2,2,Servicio de Salud Metropolitano Occidente,Posta de Salud Rural Pabellón,Melipilla,MENORES CONTROLADOS,110455,13501,10
3778,1,10,110379,A0200001,13,13501,24,25,11,Servicio de Salud Metropolitano Occidente,Centro de Salud Familiar Dr. Francisco Boris Soler,Melipilla,MENORES CONTROLADOS,110379,13501,10
3779,8,10,110379,A0200002,13,13501,14,1,13,Servicio de Salud Metropolitano Occidente,Centro de Salud Familiar Dr. Francisco Boris Soler,Melipilla,LACTANCIA MATERNA EXCLUSIVA,110379,13501,10
3780,8,10,110379,A0200001,13,13501,17,5,19,Servicio de Salud Metropolitano Occidente,Centro de Salud Familiar Dr. Francisco Boris Soler,Melipilla,MENORES CONTROLADOS,110379,13501,10
3781,8,10,110455,A0200002,13,13501,1,1,2,Servicio de Salud Metropolitano Occidente,Posta de Salud Rural Pabellón,Melipilla,LACTANCIA MATERNA EXCLUSIVA,110455,13501,10
3782,8,10,110455,A0200001,13,13501,1,1,2,Servicio de Salud Metropolitano Occidente,Posta de Salud Rural Pabellón,Melipilla,MENORES CONTROLADOS,110455,13501,10
3783,4,10,110778,A0200002,13,13501,3,1,4,Servicio de Salud Metropolitano Occidente,Centro Comunitario de Salud Familiar Padre Demetrio Bravo,Melipilla,LACTANCIA MATERNA EXCLUSIVA,110778,13501,10
3784,2,10,110778,A0200001,13,13501,6,5,1,Servicio de Salud Metropolitano Occidente,Centro Comunitario de Salud Familiar Padre Demetrio Bravo,Melipilla,MENORES CONTROLADOS,110778,13501,10
3785,2,10,110778,A0200002,13,13501,2,3,1,Servicio de Salud Metropolitano Occidente,Centro Comunitario de Salud Familiar Padre Demetrio Bravo,Melipilla,LACTANCIA MATERNA EXCLUSIVA,110778,13501,10
3786,6,10,110380,A0200002,13,13501,,,1,Servicio de Salud Metropolitano Occidente,Centro de Salud Familiar San Manuel,Melipilla,LACTANCIA MATERNA EXCLUSIVA,110380,13501,10
3787,6,10,110380,A0200001,13,13501,2,1,5,Servicio de Salud Metropolitano Occidente,Centro de Salud Familiar San Manuel,Melipilla,MENORES CONTROLADOS,110380,13501,10
3788,2,10,110445,A0200001,13,13501,4,3,2,Servicio de Salud Metropolitano Occidente,Posta de Salud Rural Pahuilmo,Melipilla,MENORES CONTROLADOS,110445,13501,10
3789,5,10,110778,A0200002,13,13501,3,3,4,Servicio de Salud Metropolitano Occidente,Centro Comunitario de Salud Familiar Padre Demetrio Bravo,Melipilla,LACTANCIA MATERNA EXCLUSIVA,110778,13501,10
3790,5,10,110778,A0200001,13,13501,5,4,5,Servicio de Salud Metropolitano Occidente,Centro Comunitario de Salud Familiar Padre Demetrio Bravo,Melipilla,MENORES CONTROLADOS,110778,13501,10
3791,4,10,110445,A0200002,13,13501,,2,1,Servicio de Salud Metropolitano Occidente,Posta de Salud Rural Pahuilmo,Melipilla,LACTANCIA MATERNA EXCLUSIVA,110445,13501,10
3792,4,10,110445,A0200001,13,13501,,2,3,Servicio de Salud Metropolitano Occidente,Posta de Salud Rural Pahuilmo,Melipilla,MENORES CONTROLADOS,110445,13501,10
3793,4,10,110778,A0200001,13,13501,3,2,7,Servicio de Salud Metropolitano Occidente,Centro Comunitario de Salud Familiar Padre Demetrio Bravo,Melipilla,MENORES CONTROLADOS,110778,13501,10
3794,3,10,110445,A0200002,13,13501,,3,,Servicio de Salud Metropolitano Occidente,Posta de Salud Rural Pahuilmo,Melipilla,LACTANCIA MATERNA EXCLUSIVA,110445,13501,10
3795,3,10,110445,A0200001,13,13501,,3,1,Servicio de Salud Metropolitano Occidente,Posta de Salud Rural Pahuilmo,Melipilla,MENORES CONTROLADOS,110445,13501,10
3796,6,10,110445,A0200002,13,13501,1,1,2,Servicio de Salud Metropolitano Occidente,Posta de Salud Rural Pahuilmo,Melipilla,LACTANCIA MATERNA EXCLUSIVA,110445,13501,10
3797,6,10,110445,A0200001,13,13501,3,3,2,Servicio de Salud Metropolitano Occidente,Posta de Salud Rural Pahuilmo,Melipilla,MENORES CONTROLADOS,110445,13501,10
3798,3,10,110380,A0200002,13,13501,4,3,1,Servicio de Salud Metropolitano Occidente,Centro de Salud Familiar San Manuel,Melipilla,LACTANCIA MATERNA EXCLUSIVA,110380,13501,10
3799,3,10,110380,A0200001,13,13501,6,8,4,Servicio de Salud Metropolitano Occidente,Centro de Salud Familiar San Manuel,Melipilla,MENORES CONTROLADOS,110380,13501,10
3800,8,10,110445,A0200002,13,13501,2,7,3,Servicio de Salud Metropolitano Occidente,Posta de Salud Rural Pahuilmo,Melipilla,LACTANCIA MATERNA EXCLUSIVA,110445,13501,10
3801,8,10,110445,A0200001,13,13501,2,8,3,Servicio de Salud Metropolitano Occidente,Posta de Salud Rural Pahuilmo,Melipilla,MENORES CONTROLADOS,110445,13501,10
3802,8,10,110778,A0200002,13,13501,1,3,3,Servicio de Salud Metropolitano Occidente,Centro Comunitario de Salud Familiar Padre Demetrio Bravo,Melipilla,LACTANCIA MATERNA EXCLUSIVA,110778,13501,10
3803,8,10,110778,A0200001,13,13501,6,4,7,Servicio de Salud Metropolitano Occidente,Centro Comunitario de Salud Familiar Padre Demetrio Bravo,Melipilla,MENORES CONTROLADOS,110778,13501,10
3804,8,10,110380,A0200002,13,13501,,1,1,Servicio de Salud Metropolitano Occidente,Centro de Salud Familiar San Manuel,Melipilla,LACTANCIA MATERNA EXCLUSIVA,110380,13501,10
3805,8,10,110380,A0200001,13,13501,1,4,3,Servicio de Salud Metropolitano Occidente,Centro de Salud Familiar San Manuel,Melipilla,MENORES CONTROLADOS,110380,13501,10
3806,1,10,110778,A0200002,13,13501,,2,2,Servicio de Salud Metropolitano Occidente,Centro Comunitario de Salud Familiar Padre Demetrio Bravo,Melipilla,LACTANCIA MATERNA EXCLUSIVA,110778,13501,10
3807,1,10,110445,A0200001,13,13501,,1,3,Servicio de Salud Metropolitano Occidente,Posta de Salud Rural Pahuilmo,Melipilla,MENORES CONTROLADOS,110445,13501,10
3808,1,10,110778,A0200001,13,13501,3,7,3,Servicio de Salud Metropolitano Occidente,Centro Comunitario de Salud Familiar Padre Demetrio Bravo,Melipilla,MENORES CONTROLADOS,110778,13501,10
3809,1,10,110380,A0200001,13,13501,9,3,5,Servicio de Salud Metropolitano Occidente,Centro de Salud Familiar San Manuel,Melipilla,MENORES CONTROLADOS,110380,13501,10
3810,5,10,110445,A0200002,13,13501,4,2,,Servicio de Salud Metropolitano Occidente,Posta de Salud Rural Pahuilmo,Melipilla,LACTANCIA MATERNA EXCLUSIVA,110445,13501,10
3811,1,10,110445,A0200002,13,13501,,1,3,Servicio de Salud Metropolitano Occidente,Posta de Salud Rural Pahuilmo,Melipilla,LACTANCIA MATERNA EXCLUSIVA,110445,13501,10
3812,2,10,110445,A0200002,13,13501,4,1,1,Servicio de Salud Metropolitano Occidente,Posta de Salud Rural Pahuilmo,Melipilla,LACTANCIA MATERNA EXCLUSIVA,110445,13501,10
3813,1,10,110380,A0200002,13,13501,7,3,4,Servicio de Salud Metropolitano Occidente,Centro de Salud Familiar San Manuel,Melipilla,LACTANCIA MATERNA EXCLUSIVA,110380,13501,10
3814,5,10,110445,A0200001,13,13501,5,2,1,Servicio de Salud Metropolitano Occidente,Posta de Salud Rural Pahuilmo,Melipilla,MENORES CONTROLADOS,110445,13501,10
3815,2,10,110380,A0200002,13,13501,4,3,4,Servicio de Salud Metropolitano Occidente,Centro de Salud Familiar San Manuel,Melipilla,LACTANCIA MATERNA EXCLUSIVA,110380,13501,10
3816,2,10,110380,A0200001,13,13501,5,5,5,Servicio de Salud Metropolitano Occidente,Centro de Salud Familiar San Manuel,Melipilla,MENORES CONTROLADOS,110380,13501,10
3817,4,10,110380,A0200002,13,13501,2,2,3,Servicio de Salud Metropolitano Occidente,Centro de Salud Familiar San Manuel,Melipilla,LACTANCIA MATERNA EXCLUSIVA,110380,13501,10
3818,3,10,110778,A0200001,13,13501,9,7,8,Servicio de Salud Metropolitano Occidente,Centro Comunitario de Salud Familiar Padre Demetrio Bravo,Melipilla,MENORES CONTROLADOS,110778,13501,10
3819,3,10,110778,A0200002,13,13501,5,5,5,Servicio de Salud Metropolitano Occidente,Centro Comunitario de Salud Familiar Padre Demetrio Bravo,Melipilla,LACTANCIA MATERNA EXCLUSIVA,110778,13501,10
3820,5,10,110380,A0200002,13,13501,2,2,3,Servicio de Salud Metropolitano Occidente,Centro de Salud Familiar San Manuel,Melipilla,LACTANCIA MATERNA EXCLUSIVA,110380,13501,10
3821,7,10,110380,A0200002,13,13501,3,3,3,Servicio de Salud Metropolitano Occidente,Centro de Salud Familiar San Manuel,Melipilla,LACTANCIA MATERNA EXCLUSIVA,110380,13501,10
3822,7,10,110380,A0200001,13,13501,6,4,4,Servicio de Salud Metropolitano Occidente,Centro de Salud Familiar San Manuel,Melipilla,MENORES CONTROLADOS,110380,13501,10
3823,7,10,110445,A0200002,13,13501,,2,3,Servicio de Salud Metropolitano Occidente,Posta de Salud Rural Pahuilmo,Melipilla,LACTANCIA MATERNA EXCLUSIVA,110445,13501,10
3824,7,10,110445,A0200001,13,13501,,3,3,Servicio de Salud Metropolitano Occidente,Posta de Salud Rural Pahuilmo,Melipilla,MENORES CONTROLADOS,110445,13501,10
3825,6,10,110778,A0200002,13,13501,4,3,2,Servicio de Salud Metropolitano Occidente,Centro Comunitario de Salud Familiar Padre Demetrio Bravo,Melipilla,LACTANCIA MATERNA EXCLUSIVA,110778,13501,10
3826,6,10,110778,A0200001,13,13501,5,4,6,Servicio de Salud Metropolitano Occidente,Centro Comunitario de Salud Familiar Padre Demetrio Bravo,Melipilla,MENORES CONTROLADOS,110778,13501,10
3827,7,10,110778,A0200001,13,13501,3,5,3,Servicio de Salud Metropolitano Occidente,Centro Comunitario de Salud Familiar Padre Demetrio Bravo,Melipilla,MENORES CONTROLADOS,110778,13501,10
3828,7,10,110778,A0200002,13,13501,3,2,2,Servicio de Salud Metropolitano Occidente,Centro Comunitario de Salud Familiar Padre Demetrio Bravo,Melipilla,LACTANCIA MATERNA EXCLUSIVA,110778,13501,10
3829,5,10,110380,A0200001,13,13501,2,4,7,Servicio de Salud Metropolitano Occidente,Centro de Salud Familiar San Manuel,Melipilla,MENORES CONTROLADOS,110380,13501,10
3830,4,10,110380,A0200001,13,13501,2,4,5,Servicio de Salud Metropolitano Occidente,Centro de Salud Familiar San Manuel,Melipilla,MENORES CONTROLADOS,110380,13501,10
3831,1,10,110440,A0200002,13,13501,3,,7,Servicio de Salud Metropolitano Occidente,Posta de Salud Rural Bollenar,Melipilla,LACTANCIA MATERNA EXCLUSIVA,110440,13501,10
3832,1,10,110440,A0200001,13,13501,3,,10,Servicio de Salud Metropolitano Occidente,Posta de Salud Rural Bollenar,Melipilla,MENORES CONTROLADOS,110440,13501,10
3833,4,10,110440,A0200002,13,13501,4,3,1,Servicio de Salud Metropolitano Occidente,Posta de Salud Rural Bollenar,Melipilla,LACTANCIA MATERNA EXCLUSIVA,110440,13501,10
3834,4,10,110440,A0200001,13,13501,4,3,2,Servicio de Salud Metropolitano Occidente,Posta de Salud Rural Bollenar,Melipilla,MENORES CONTROLADOS,110440,13501,10
3835,7,10,110381,A0200002,13,13501,4,3,1,Servicio de Salud Metropolitano Occidente,Centro de Salud Familiar Alfarera Rosa Reyes Vilches,Melipilla,LACTANCIA MATERNA EXCLUSIVA,110381,13501,10
3836,7,10,110381,A0200001,13,13501,4,3,1,Servicio de Salud Metropolitano Occidente,Centro de Salud Familiar Alfarera Rosa Reyes Vilches,Melipilla,MENORES CONTROLADOS,110381,13501,10
3837,7,10,110440,A0200002,13,13501,6,6,1,Servicio de Salud Metropolitano Occidente,Posta de Salud Rural Bollenar,Melipilla,LACTANCIA MATERNA EXCLUSIVA,110440,13501,10
3838,7,10,110440,A0200001,13,13501,6,6,1,Servicio de Salud Metropolitano Occidente,Posta de Salud Rural Bollenar,Melipilla,MENORES CONTROLADOS,110440,13501,10
3839,6,10,110440,A0200002,13,13501,2,2,3,Servicio de Salud Metropolitano Occidente,Posta de Salud Rural Bollenar,Melipilla,LACTANCIA MATERNA EXCLUSIVA,110440,13501,10
3840,6,10,110440,A0200001,13,13501,2,2,4,Servicio de Salud Metropolitano Occidente,Posta de Salud Rural Bollenar,Melipilla,MENORES CONTROLADOS,110440,13501,10
3841,4,10,110381,A0200002,13,13501,0,0,2,Servicio de Salud Metropolitano Occidente,Centro de Salud Familiar Alfarera Rosa Reyes Vilches,Melipilla,LACTANCIA MATERNA EXCLUSIVA,110381,13501,10
3842,4,10,110381,A0200001,13,13501,0,0,4,Servicio de Salud Metropolitano Occidente,Centro de Salud Familiar Alfarera Rosa Reyes Vilches,Melipilla,MENORES CONTROLADOS,110381,13501,10
3843,6,10,110381,A0200002,13,13501,,3,,Servicio de Salud Metropolitano Occidente,Centro de Salud Familiar Alfarera Rosa Reyes Vilches,Melipilla,LACTANCIA MATERNA EXCLUSIVA,110381,13501,10
3844,6,10,110381,A0200001,13,13501,4,4,1,Servicio de Salud Metropolitano Occidente,Centro de Salud Familiar Alfarera Rosa Reyes Vilches,Melipilla,MENORES CONTROLADOS,110381,13501,10
3845,3,10,110440,A0200002,13,13501,,,2,Servicio de Salud Metropolitano Occidente,Posta de Salud Rural Bollenar,Melipilla,LACTANCIA MATERNA EXCLUSIVA,110440,13501,10
3846,3,10,110440,A0200001,13,13501,,,2,Servicio de Salud Metropolitano Occidente,Posta de Salud Rural Bollenar,Melipilla,MENORES CONTROLADOS,110440,13501,10
3847,1,10,110381,A0200002,13,13501,0,0,2,Servicio de Salud Metropolitano Occidente,Centro de Salud Familiar Alfarera Rosa Reyes Vilches,Melipilla,LACTANCIA MATERNA EXCLUSIVA,110381,13501,10
3848,1,10,110381,A0200001,13,13501,0,0,3,Servicio de Salud Metropolitano Occidente,Centro de Salud Familiar Alfarera Rosa Reyes Vilches,Melipilla,MENORES CONTROLADOS,110381,13501,10
3849,5,10,110440,A0200002,13,13501,1,2,1,Servicio de Salud Metropolitano Occidente,Posta de Salud Rural Bollenar,Melipilla,LACTANCIA MATERNA EXCLUSIVA,110440,13501,10
3850,5,10,110440,A0200001,13,13501,1,2,2,Servicio de Salud Metropolitano Occidente,Posta de Salud Rural Bollenar,Melipilla,MENORES CONTROLADOS,110440,13501,10
3851,5,10,110381,A0200002,13,13501,0,0,1,Servicio de Salud Metropolitano Occidente,Centro de Salud Familiar Alfarera Rosa Reyes Vilches,Melipilla,LACTANCIA MATERNA EXCLUSIVA,110381,13501,10
3852,5,10,110381,A0200001,13,13501,0,0,2,Servicio de Salud Metropolitano Occidente,Centro de Salud Familiar Alfarera Rosa Reyes Vilches,Melipilla,MENORES CONTROLADOS,110381,13501,10
3853,8,10,110440,A0200002,13,13501,2,4,1,Servicio de Salud Metropolitano Occidente,Posta de Salud Rural Bollenar,Melipilla,LACTANCIA MATERNA EXCLUSIVA,110440,13501,10
3854,8,10,110440,A0200001,13,13501,2,4,2,Servicio de Salud Metropolitano Occidente,Posta de Salud Rural Bollenar,Melipilla,MENORES CONTROLADOS,110440,13501,10
3855,8,10,110381,A0200002,13,13501,0,1,3,Servicio de Salud Metropolitano Occidente,Centro de Salud Familiar Alfarera Rosa Reyes Vilches,Melipilla,LACTANCIA MATERNA EXCLUSIVA,110381,13501,10
3856,8,10,110381,A0200001,13,13501,0,1,4,Servicio de Salud Metropolitano Occidente,Centro de Salud Familiar Alfarera Rosa Reyes Vilches,Melipilla,MENORES CONTROLADOS,110381,13501,10
3857,2,10,110440,A0200002,13,13501,,,2,Servicio de Salud Metropolitano Occidente,Posta de Salud Rural Bollenar,Melipilla,LACTANCIA MATERNA EXCLUSIVA,110440,13501,10
3858,3,10,110381,A0200002,13,13501,0,0,6,Servicio de Salud Metropolitano Occidente,Centro de Salud Familiar Alfarera Rosa Reyes Vilches,Melipilla,LACTANCIA MATERNA EXCLUSIVA,110381,13501,10
3859,2,10,110440,A0200001,13,13501,,,2,Servicio de Salud Metropolitano Occidente,Posta de Salud Rural Bollenar,Melipilla,MENORES CONTROLADOS,110440,13501,10
3860,2,10,110381,A0200002,13,13501,0,0,2,Servicio de Salud Metropolitano Occidente,Centro de Salud Familiar Alfarera Rosa Reyes Vilches,Melipilla,LACTANCIA MATERNA EXCLUSIVA,110381,13501,10
3861,2,10,110381,A0200001,13,13501,0,0,3,Servicio de Salud Metropolitano Occidente,Centro de Salud Familiar Alfarera Rosa Reyes Vilches,Melipilla,MENORES CONTROLADOS,110381,13501,10
3862,3,10,110381,A0200001,13,13501,0,0,7,Servicio de Salud Metropolitano Occidente,Centro de Salud Familiar Alfarera Rosa Reyes Vilches,Melipilla,MENORES CONTROLADOS,110381,13501,10
3863,1,10,110783,A0200002,13,13501,,,1,Servicio de Salud Metropolitano Occidente,Centro Comunitario de Salud Familiar Codigua,Melipilla,LACTANCIA MATERNA EXCLUSIVA,110783,13501,10
3864,2,10,200965,A0200002,13,13501,16,8,9,Servicio de Salud Metropolitano Occidente,Centro de Salud Familiar Florencia,Melipilla,LACTANCIA MATERNA EXCLUSIVA,200965,13501,10
3865,2,10,200965,A0200001,13,13501,20,18,13,Servicio de Salud Metropolitano Occidente,Centro de Salud Familiar Florencia,Melipilla,MENORES CONTROLADOS,200965,13501,10
3866,7,10,200965,A0200002,13,13501,15,3,9,Servicio de Salud Metropolitano Occidente,Centro de Salud Familiar Florencia,Melipilla,LACTANCIA MATERNA EXCLUSIVA,200965,13501,10
3867,7,10,200965,A0200001,13,13501,17,6,15,Servicio de Salud Metropolitano Occidente,Centro de Salud Familiar Florencia,Melipilla,MENORES CONTROLADOS,200965,13501,10
3868,7,10,110783,A0200002,13,13501,1,,,Servicio de Salud Metropolitano Occidente,Centro Comunitario de Salud Familiar Codigua,Melipilla,LACTANCIA MATERNA EXCLUSIVA,110783,13501,10
3869,7,10,110783,A0200001,13,13501,1,,,Servicio de Salud Metropolitano Occidente,Centro Comunitario de Salud Familiar Codigua,Melipilla,MENORES CONTROLADOS,110783,13501,10
3870,1,10,200965,A0200002,13,13501,13,12,8,Servicio de Salud Metropolitano Occidente,Centro de Salud Familiar Florencia,Melipilla,LACTANCIA MATERNA EXCLUSIVA,200965,13501,10
3871,1,10,200965,A0200001,13,13501,21,20,20,Servicio de Salud Metropolitano Occidente,Centro de Salud Familiar Florencia,Melipilla,MENORES CONTROLADOS,200965,13501,10
3872,5,10,110783,A0200002,13,13501,,,1,Servicio de Salud Metropolitano Occidente,Centro Comunitario de Salud Familiar Codigua,Melipilla,LACTANCIA MATERNA EXCLUSIVA,110783,13501,10
3873,5,10,110783,A0200001,13,13501,,,1,Servicio de Salud Metropolitano Occidente,Centro Comunitario de Salud Familiar Codigua,Melipilla,MENORES CONTROLADOS,110783,13501,10
3874,3,10,110783,A0200002,13,13501,1,,,Servicio de Salud Metropolitano Occidente,Centro Comunitario de Salud Familiar Codigua,Melipilla,LACTANCIA MATERNA EXCLUSIVA,110783,13501,10
3875,3,10,110783,A0200001,13,13501,1,,,Servicio de Salud Metropolitano Occidente,Centro Comunitario de Salud Familiar Codigua,Melipilla,MENORES CONTROLADOS,110783,13501,10
3876,3,10,200965,A0200002,13,13501,11,10,8,Servicio de Salud Metropolitano Occidente,Centro de Salud Familiar Florencia,Melipilla,LACTANCIA MATERNA EXCLUSIVA,200965,13501,10
3877,3,10,200965,A0200001,13,13501,19,15,15,Servicio de Salud Metropolitano Occidente,Centro de Salud Familiar Florencia,Melipilla,MENORES CONTROLADOS,200965,13501,10
3878,1,10,110783,A0200001,13,13501,,,3,Servicio de Salud Metropolitano Occidente,Centro Comunitario de Salud Familiar Codigua,Melipilla,MENORES CONTROLADOS,110783,13501,10
3879,4,10,200965,A0200002,13,13501,7,8,8,Servicio de Salud Metropolitano Occidente,Centro de Salud Familiar Florencia,Melipilla,LACTANCIA MATERNA EXCLUSIVA,200965,13501,10
3880,4,10,200965,A0200001,13,13501,12,13,10,Servicio de Salud Metropolitano Occidente,Centro de Salud Familiar Florencia,Melipilla,MENORES CONTROLADOS,200965,13501,10
3881,4,10,110783,A0200001,13,13501,,,,Servicio de Salud Metropolitano Occidente,Centro Comunitario de Salud Familiar Codigua,Melipilla,MENORES CONTROLADOS,110783,13501,10
3882,2,10,110783,A0200001,13,13501,,1,2,Servicio de Salud Metropolitano Occidente,Centro Comunitario de Salud Familiar Codigua,Melipilla,MENORES CONTROLADOS,110783,13501,10
3883,2,10,110783,A0200002,13,13501,,1,1,Servicio de Salud Metropolitano Occidente,Centro Comunitario de Salud Familiar Codigua,Melipilla,LACTANCIA MATERNA EXCLUSIVA,110783,13501,10
3884,8,10,110783,A0200002,13,13501,,,1,Servicio de Salud Metropolitano Occidente,Centro Comunitario de Salud Familiar Codigua,Melipilla,LACTANCIA MATERNA EXCLUSIVA,110783,13501,10
3885,8,10,110783,A0200001,13,13501,,,1,Servicio de Salud Metropolitano Occidente,Centro Comunitario de Salud Familiar Codigua,Melipilla,MENORES CONTROLADOS,110783,13501,10
3886,8,10,200965,A0200002,13,13501,3,4,7,Servicio de Salud Metropolitano Occidente,Centro de Salud Familiar Florencia,Melipilla,LACTANCIA MATERNA EXCLUSIVA,200965,13501,10
3887,8,10,200965,A0200001,13,13501,8,7,11,Servicio de Salud Metropolitano Occidente,Centro de Salud Familiar Florencia,Melipilla,MENORES CONTROLADOS,200965,13501,10
3888,6,10,200965,A0200002,13,13501,10,8,8,Servicio de Salud Metropolitano Occidente,Centro de Salud Familiar Florencia,Melipilla,LACTANCIA MATERNA EXCLUSIVA,200965,13501,10
3889,6,10,200965,A0200001,13,13501,13,8,19,Servicio de Salud Metropolitano Occidente,Centro de Salud Familiar Florencia,Melipilla,MENORES CONTROLADOS,200965,13501,10
3890,5,10,200965,A0200002,13,13501,9,4,12,Servicio de Salud Metropolitano Occidente,Centro de Salud Familiar Florencia,Melipilla,LACTANCIA MATERNA EXCLUSIVA,200965,13501,10
3891,5,10,200965,A0200001,13,13501,19,11,23,Servicio de Salud Metropolitano Occidente,Centro de Salud Familiar Florencia,Melipilla,MENORES CONTROLADOS,200965,13501,10
3892,6,10,110783,A0200002,13,13501,,1,,Servicio de Salud Metropolitano Occidente,Centro Comunitario de Salud Familiar Codigua,Melipilla,LACTANCIA MATERNA EXCLUSIVA,110783,13501,10
3893,6,10,110783,A0200001,13,13501,,1,,Servicio de Salud Metropolitano Occidente,Centro Comunitario de Salud Familiar Codigua,Melipilla,MENORES CONTROLADOS,110783,13501,10
3894,2,10,110503,A0200002,13,13502,,,,Servicio de Salud Metropolitano Occidente,Centro Comunitario de Salud Familiar Hacienda Alhué,Alhué,LACTANCIA MATERNA EXCLUSIVA,110503,13502,10
3895,2,10,110503,A0200001,13,13502,,,1,Servicio de Salud Metropolitano Occidente,Centro Comunitario de Salud Familiar Hacienda Alhué,Alhué,MENORES CONTROLADOS,110503,13502,10
3896,5,10,110503,A0200002,13,13502,,,,Servicio de Salud Metropolitano Occidente,Centro Comunitario de Salud Familiar Hacienda Alhué,Alhué,LACTANCIA MATERNA EXCLUSIVA,110503,13502,10
3897,5,10,110503,A0200001,13,13502,,,1,Servicio de Salud Metropolitano Occidente,Centro Comunitario de Salud Familiar Hacienda Alhué,Alhué,MENORES CONTROLADOS,110503,13502,10
3898,4,10,110503,A0200001,13,13502,,,1,Servicio de Salud Metropolitano Occidente,Centro Comunitario de Salud Familiar Hacienda Alhué,Alhué,MENORES CONTROLADOS,110503,13502,10
3899,4,10,110503,A0200002,13,13502,,,,Servicio de Salud Metropolitano Occidente,Centro Comunitario de Salud Familiar Hacienda Alhué,Alhué,LACTANCIA MATERNA EXCLUSIVA,110503,13502,10
3900,1,10,110503,A0200002,13,13502,,,,Servicio de Salud Metropolitano Occidente,Centro Comunitario de Salud Familiar Hacienda Alhué,Alhué,LACTANCIA MATERNA EXCLUSIVA,110503,13502,10
3901,1,10,110503,A0200001,13,13502,,,,Servicio de Salud Metropolitano Occidente,Centro Comunitario de Salud Familiar Hacienda Alhué,Alhué,MENORES CONTROLADOS,110503,13502,10
3902,6,10,110503,A0200002,13,13502,,,1,Servicio de Salud Metropolitano Occidente,Centro Comunitario de Salud Familiar Hacienda Alhué,Alhué,LACTANCIA MATERNA EXCLUSIVA,110503,13502,10
3903,6,10,110503,A0200001,13,13502,,,2,Servicio de Salud Metropolitano Occidente,Centro Comunitario de Salud Familiar Hacienda Alhué,Alhué,MENORES CONTROLADOS,110503,13502,10
3904,7,10,110503,A0200002,13,13502,,,4,Servicio de Salud Metropolitano Occidente,Centro Comunitario de Salud Familiar Hacienda Alhué,Alhué,LACTANCIA MATERNA EXCLUSIVA,110503,13502,10
3905,7,10,110503,A0200001,13,13502,,,4,Servicio de Salud Metropolitano Occidente,Centro Comunitario de Salud Familiar Hacienda Alhué,Alhué,MENORES CONTROLADOS,110503,13502,10
3906,3,10,110503,A0200001,13,13502,1,,1,Servicio de Salud Metropolitano Occidente,Centro Comunitario de Salud Familiar Hacienda Alhué,Alhué,MENORES CONTROLADOS,110503,13502,10
3907,3,10,110503,A0200002,13,13502,,,,Servicio de Salud Metropolitano Occidente,Centro Comunitario de Salud Familiar Hacienda Alhué,Alhué,LACTANCIA MATERNA EXCLUSIVA,110503,13502,10
3908,8,10,110503,A0200002,13,13502,,3,2,Servicio de Salud Metropolitano Occidente,Centro Comunitario de Salud Familiar Hacienda Alhué,Alhué,LACTANCIA MATERNA EXCLUSIVA,110503,13502,10
3909,8,10,110503,A0200001,13,13502,,2,2,Servicio de Salud Metropolitano Occidente,Centro Comunitario de Salud Familiar Hacienda Alhué,Alhué,MENORES CONTROLADOS,110503,13502,10
3910,8,10,110505,A0200002,13,13502,,,1,Servicio de Salud Metropolitano Occidente,Posta de Salud Rural Pichi,Alhué,LACTANCIA MATERNA EXCLUSIVA,110505,13502,10
3911,8,10,110505,A0200001,13,13502,,,1,Servicio de Salud Metropolitano Occidente,Posta de Salud Rural Pichi,Alhué,MENORES CONTROLADOS,110505,13502,10
3912,3,10,110510,A0200001,13,13502,,,1,Servicio de Salud Metropolitano Occidente,Posta de Salud Rural El Asiento,Alhué,MENORES CONTROLADOS,110510,13502,10
3913,2,10,110510,A0200001,13,13502,0,0,0,Servicio de Salud Metropolitano Occidente,Posta de Salud Rural El Asiento,Alhué,MENORES CONTROLADOS,110510,13502,10
3914,6,10,110393,A0200002,13,13502,1,,2,Servicio de Salud Metropolitano Occidente,Centro de Salud Familiar Villa Alhué,Alhué,LACTANCIA MATERNA EXCLUSIVA,110393,13502,10
3915,6,10,110393,A0200001,13,13502,3,1,3,Servicio de Salud Metropolitano Occidente,Centro de Salud Familiar Villa Alhué,Alhué,MENORES CONTROLADOS,110393,13502,10
3916,5,10,110393,A0200002,13,13502,2,1,1,Servicio de Salud Metropolitano Occidente,Centro de Salud Familiar Villa Alhué,Alhué,LACTANCIA MATERNA EXCLUSIVA,110393,13502,10
3917,5,10,110393,A0200001,13,13502,3,4,3,Servicio de Salud Metropolitano Occidente,Centro de Salud Familiar Villa Alhué,Alhué,MENORES CONTROLADOS,110393,13502,10
3918,1,10,110393,A0200002,13,13502,2,1,1,Servicio de Salud Metropolitano Occidente,Centro de Salud Familiar Villa Alhué,Alhué,LACTANCIA MATERNA EXCLUSIVA,110393,13502,10
3919,1,10,110393,A0200001,13,13502,2,2,3,Servicio de Salud Metropolitano Occidente,Centro de Salud Familiar Villa Alhué,Alhué,MENORES CONTROLADOS,110393,13502,10
3920,2,10,110393,A0200002,13,13502,2,1,2,Servicio de Salud Metropolitano Occidente,Centro de Salud Familiar Villa Alhué,Alhué,LACTANCIA MATERNA EXCLUSIVA,110393,13502,10
3921,2,10,110393,A0200001,13,13502,3,1,3,Servicio de Salud Metropolitano Occidente,Centro de Salud Familiar Villa Alhué,Alhué,MENORES CONTROLADOS,110393,13502,10
3922,4,10,110393,A0200002,13,13502,,1,2,Servicio de Salud Metropolitano Occidente,Centro de Salud Familiar Villa Alhué,Alhué,LACTANCIA MATERNA EXCLUSIVA,110393,13502,10
3923,4,10,110393,A0200001,13,13502,3,1,2,Servicio de Salud Metropolitano Occidente,Centro de Salud Familiar Villa Alhué,Alhué,MENORES CONTROLADOS,110393,13502,10
3924,3,10,110393,A0200001,13,13502,2,1,2,Servicio de Salud Metropolitano Occidente,Centro de Salud Familiar Villa Alhué,Alhué,MENORES CONTROLADOS,110393,13502,10
3925,3,10,110393,A0200002,13,13502,1,0,2,Servicio de Salud Metropolitano Occidente,Centro de Salud Familiar Villa Alhué,Alhué,LACTANCIA MATERNA EXCLUSIVA,110393,13502,10
3926,8,10,110510,A0200001,13,13502,,,,Servicio de Salud Metropolitano Occidente,Posta de Salud Rural El Asiento,Alhué,MENORES CONTROLADOS,110510,13502,10
3927,8,10,110393,A0200002,13,13502,,2,5,Servicio de Salud Metropolitano Occidente,Centro de Salud Familiar Villa Alhué,Alhué,LACTANCIA MATERNA EXCLUSIVA,110393,13502,10
3928,8,10,110393,A0200001,13,13502,1,4,6,Servicio de Salud Metropolitano Occidente,Centro de Salud Familiar Villa Alhué,Alhué,MENORES CONTROLADOS,110393,13502,10
3929,7,10,110510,A0200002,13,13502,,,1,Servicio de Salud Metropolitano Occidente,Posta de Salud Rural El Asiento,Alhué,LACTANCIA MATERNA EXCLUSIVA,110510,13502,10
3930,7,10,110510,A0200001,13,13502,,,2,Servicio de Salud Metropolitano Occidente,Posta de Salud Rural El Asiento,Alhué,MENORES CONTROLADOS,110510,13502,10
3931,7,10,110393,A0200002,13,13502,1,1,4,Servicio de Salud Metropolitano Occidente,Centro de Salud Familiar Villa Alhué,Alhué,LACTANCIA MATERNA EXCLUSIVA,110393,13502,10
3932,7,10,110393,A0200001,13,13502,1,1,5,Servicio de Salud Metropolitano Occidente,Centro de Salud Familiar Villa Alhué,Alhué,MENORES CONTROLADOS,110393,13502,10
3933,7,10,110477,A0200002,13,13503,2,0,1,Servicio de Salud Metropolitano Occidente,Centro Comunitario de Salud Familiar María Salas,Curacaví,LACTANCIA MATERNA EXCLUSIVA,110477,13503,10
3934,7,10,110477,A0200001,13,13503,4,1,2,Servicio de Salud Metropolitano Occidente,Centro Comunitario de Salud Familiar María Salas,Curacaví,MENORES CONTROLADOS,110477,13503,10
3935,3,10,110477,A0200002,13,13503,2,0,1,Servicio de Salud Metropolitano Occidente,Centro Comunitario de Salud Familiar María Salas,Curacaví,LACTANCIA MATERNA EXCLUSIVA,110477,13503,10
3936,3,10,110477,A0200001,13,13503,3,1,1,Servicio de Salud Metropolitano Occidente,Centro Comunitario de Salud Familiar María Salas,Curacaví,MENORES CONTROLADOS,110477,13503,10
3937,6,10,110477,A0200001,13,13503,1,2,1,Servicio de Salud Metropolitano Occidente,Centro Comunitario de Salud Familiar María Salas,Curacaví,MENORES CONTROLADOS,110477,13503,10
3938,6,10,110477,A0200002,13,13503,0,2,0,Servicio de Salud Metropolitano Occidente,Centro Comunitario de Salud Familiar María Salas,Curacaví,LACTANCIA MATERNA EXCLUSIVA,110477,13503,10
3939,2,10,110477,A0200001,13,13503,3,3,0,Servicio de Salud Metropolitano Occidente,Centro Comunitario de Salud Familiar María Salas,Curacaví,MENORES CONTROLADOS,110477,13503,10
3940,4,10,110477,A0200001,13,13503,1,1,5,Servicio de Salud Metropolitano Occidente,Centro Comunitario de Salud Familiar María Salas,Curacaví,MENORES CONTROLADOS,110477,13503,10
3941,1,10,110477,A0200002,13,13503,0,4,2,Servicio de Salud Metropolitano Occidente,Centro Comunitario de Salud Familiar María Salas,Curacaví,LACTANCIA MATERNA EXCLUSIVA,110477,13503,10
3942,1,10,110477,A0200001,13,13503,0,5,4,Servicio de Salud Metropolitano Occidente,Centro Comunitario de Salud Familiar María Salas,Curacaví,MENORES CONTROLADOS,110477,13503,10
3943,4,10,110477,A0200002,13,13503,1,0,1,Servicio de Salud Metropolitano Occidente,Centro Comunitario de Salud Familiar María Salas,Curacaví,LACTANCIA MATERNA EXCLUSIVA,110477,13503,10
3944,2,10,110477,A0200002,13,13503,0,2,0,Servicio de Salud Metropolitano Occidente,Centro Comunitario de Salud Familiar María Salas,Curacaví,LACTANCIA MATERNA EXCLUSIVA,110477,13503,10
3945,5,10,110477,A0200001,13,13503,1,2,5,Servicio de Salud Metropolitano Occidente,Centro Comunitario de Salud Familiar María Salas,Curacaví,MENORES CONTROLADOS,110477,13503,10
3946,5,10,110477,A0200002,13,13503,0,1,2,Servicio de Salud Metropolitano Occidente,Centro Comunitario de Salud Familiar María Salas,Curacaví,LACTANCIA MATERNA EXCLUSIVA,110477,13503,10
3947,8,10,110477,A0200002,13,13503,4,2,1,Servicio de Salud Metropolitano Occidente,Centro Comunitario de Salud Familiar María Salas,Curacaví,LACTANCIA MATERNA EXCLUSIVA,110477,13503,10
3948,8,10,110477,A0200001,13,13503,5,3,7,Servicio de Salud Metropolitano Occidente,Centro Comunitario de Salud Familiar María Salas,Curacaví,MENORES CONTROLADOS,110477,13503,10
3949,4,10,110160,A0200002,13,13503,6,3,5,Servicio de Salud Metropolitano Occidente,Hospital de Curacaví,Curacaví,LACTANCIA MATERNA EXCLUSIVA,110160,13503,10
3950,4,10,110160,A0200001,13,13503,7,6,10,Servicio de Salud Metropolitano Occidente,Hospital de Curacaví,Curacaví,MENORES CONTROLADOS,110160,13503,10
3951,8,10,110160,A0200002,13,13503,4,2,1,Servicio de Salud Metropolitano Occidente,Hospital de Curacaví,Curacaví,LACTANCIA MATERNA EXCLUSIVA,110160,13503,10
3952,8,10,110160,A0200001,13,13503,5,3,7,Servicio de Salud Metropolitano Occidente,Hospital de Curacaví,Curacaví,MENORES CONTROLADOS,110160,13503,10
3953,1,10,110160,A0200001,13,13503,6,14,15,Servicio de Salud Metropolitano Occidente,Hospital de Curacaví,Curacaví,MENORES CONTROLADOS,110160,13503,10
3954,2,10,110160,A0200001,13,13503,9,8,13,Servicio de Salud Metropolitano Occidente,Hospital de Curacaví,Curacaví,MENORES CONTROLADOS,110160,13503,10
3955,6,10,110160,A0200001,13,13503,14,8,4,Servicio de Salud Metropolitano Occidente,Hospital de Curacaví,Curacaví,MENORES CONTROLADOS,110160,13503,10
3956,6,10,110160,A0200002,13,13503,7,8,3,Servicio de Salud Metropolitano Occidente,Hospital de Curacaví,Curacaví,LACTANCIA MATERNA EXCLUSIVA,110160,13503,10
3957,5,10,110160,A0200002,13,13503,12,10,2,Servicio de Salud Metropolitano Occidente,Hospital de Curacaví,Curacaví,LACTANCIA MATERNA EXCLUSIVA,110160,13503,10
3958,2,10,110160,A0200002,13,13503,4,2,6,Servicio de Salud Metropolitano Occidente,Hospital de Curacaví,Curacaví,LACTANCIA MATERNA EXCLUSIVA,110160,13503,10
3959,1,10,110160,A0200002,13,13503,4,7,8,Servicio de Salud Metropolitano Occidente,Hospital de Curacaví,Curacaví,LACTANCIA MATERNA EXCLUSIVA,110160,13503,10
3960,5,10,110160,A0200001,13,13503,16,13,10,Servicio de Salud Metropolitano Occidente,Hospital de Curacaví,Curacaví,MENORES CONTROLADOS,110160,13503,10
3961,3,10,110160,A0200001,13,13503,15,5,18,Servicio de Salud Metropolitano Occidente,Hospital de Curacaví,Curacaví,MENORES CONTROLADOS,110160,13503,10
3962,3,10,110160,A0200002,13,13503,8,4,8,Servicio de Salud Metropolitano Occidente,Hospital de Curacaví,Curacaví,LACTANCIA MATERNA EXCLUSIVA,110160,13503,10
3963,7,10,110160,A0200002,13,13503,11,10,2,Servicio de Salud Metropolitano Occidente,Hospital de Curacaví,Curacaví,LACTANCIA MATERNA EXCLUSIVA,110160,13503,10
3964,7,10,110160,A0200001,13,13503,14,19,5,Servicio de Salud Metropolitano Occidente,Hospital de Curacaví,Curacaví,MENORES CONTROLADOS,110160,13503,10
3965,6,10,110760,A0200002,13,13503,1,3,2,Servicio de Salud Metropolitano Occidente,Centro Comunitario de Salud Familiar Valmi  Aguirre,Curacaví,LACTANCIA MATERNA EXCLUSIVA,110760,13503,10
3966,6,10,110760,A0200001,13,13503,1,5,6,Servicio de Salud Metropolitano Occidente,Centro Comunitario de Salud Familiar Valmi  Aguirre,Curacaví,MENORES CONTROLADOS,110760,13503,10
3967,3,10,110760,A0200002,13,13503,1,5,1,Servicio de Salud Metropolitano Occidente,Centro Comunitario de Salud Familiar Valmi  Aguirre,Curacaví,LACTANCIA MATERNA EXCLUSIVA,110760,13503,10
3968,3,10,110760,A0200001,13,13503,8,7,4,Servicio de Salud Metropolitano Occidente,Centro Comunitario de Salud Familiar Valmi  Aguirre,Curacaví,MENORES CONTROLADOS,110760,13503,10
3969,5,10,110760,A0200002,13,13503,4,3,1,Servicio de Salud Metropolitano Occidente,Centro Comunitario de Salud Familiar Valmi  Aguirre,Curacaví,LACTANCIA MATERNA EXCLUSIVA,110760,13503,10
3970,5,10,110760,A0200001,13,13503,5,8,3,Servicio de Salud Metropolitano Occidente,Centro Comunitario de Salud Familiar Valmi  Aguirre,Curacaví,MENORES CONTROLADOS,110760,13503,10
3971,1,10,110760,A0200001,13,13503,7,5,5,Servicio de Salud Metropolitano Occidente,Centro Comunitario de Salud Familiar Valmi  Aguirre,Curacaví,MENORES CONTROLADOS,110760,13503,10
3972,2,10,110760,A0200001,13,13503,5,3,2,Servicio de Salud Metropolitano Occidente,Centro Comunitario de Salud Familiar Valmi  Aguirre,Curacaví,MENORES CONTROLADOS,110760,13503,10
3973,1,10,110760,A0200002,13,13503,5,3,2,Servicio de Salud Metropolitano Occidente,Centro Comunitario de Salud Familiar Valmi  Aguirre,Curacaví,LACTANCIA MATERNA EXCLUSIVA,110760,13503,10
3974,2,10,110760,A0200002,13,13503,0,2,1,Servicio de Salud Metropolitano Occidente,Centro Comunitario de Salud Familiar Valmi  Aguirre,Curacaví,LACTANCIA MATERNA EXCLUSIVA,110760,13503,10
3975,4,10,110760,A0200002,13,13503,2,1,0,Servicio de Salud Metropolitano Occidente,Centro Comunitario de Salud Familiar Valmi  Aguirre,Curacaví,LACTANCIA MATERNA EXCLUSIVA,110760,13503,10
3976,4,10,110760,A0200001,13,13503,3,4,2,Servicio de Salud Metropolitano Occidente,Centro Comunitario de Salud Familiar Valmi  Aguirre,Curacaví,MENORES CONTROLADOS,110760,13503,10
3977,8,10,110760,A0200002,13,13503,4,2,1,Servicio de Salud Metropolitano Occidente,Centro Comunitario de Salud Familiar Valmi  Aguirre,Curacaví,LACTANCIA MATERNA EXCLUSIVA,110760,13503,10
3978,8,10,110760,A0200001,13,13503,5,3,7,Servicio de Salud Metropolitano Occidente,Centro Comunitario de Salud Familiar Valmi  Aguirre,Curacaví,MENORES CONTROLADOS,110760,13503,10
3979,7,10,110760,A0200002,13,13503,4,2,0,Servicio de Salud Metropolitano Occidente,Centro Comunitario de Salud Familiar Valmi  Aguirre,Curacaví,LACTANCIA MATERNA EXCLUSIVA,110760,13503,10
3980,7,10,110760,A0200001,13,13503,4,3,5,Servicio de Salud Metropolitano Occidente,Centro Comunitario de Salud Familiar Valmi  Aguirre,Curacaví,MENORES CONTROLADOS,110760,13503,10
3981,3,10,110475,A0200002,13,13504,1,2,1,Servicio de Salud Metropolitano Occidente,Posta de Salud Rural Chorombo,Maria Pinto,LACTANCIA MATERNA EXCLUSIVA,110475,13504,10
3982,3,10,110475,A0200001,13,13504,1,3,2,Servicio de Salud Metropolitano Occidente,Posta de Salud Rural Chorombo,Maria Pinto,MENORES CONTROLADOS,110475,13504,10
3983,6,10,110475,A0200002,13,13504,,,2,Servicio de Salud Metropolitano Occidente,Posta de Salud Rural Chorombo,Maria Pinto,LACTANCIA MATERNA EXCLUSIVA,110475,13504,10
3984,6,10,110475,A0200001,13,13504,,1,3,Servicio de Salud Metropolitano Occidente,Posta de Salud Rural Chorombo,Maria Pinto,MENORES CONTROLADOS,110475,13504,10
3985,4,10,110385,A0200001,13,13504,6,9,4,Servicio de Salud Metropolitano Occidente,Centro de Salud Familiar Adriana Madrid De Costabal,Maria Pinto,MENORES CONTROLADOS,110385,13504,10
3986,5,10,110385,A0200002,13,13504,2,1,3,Servicio de Salud Metropolitano Occidente,Centro de Salud Familiar Adriana Madrid De Costabal,Maria Pinto,LACTANCIA MATERNA EXCLUSIVA,110385,13504,10
3987,5,10,110385,A0200001,13,13504,4,7,6,Servicio de Salud Metropolitano Occidente,Centro de Salud Familiar Adriana Madrid De Costabal,Maria Pinto,MENORES CONTROLADOS,110385,13504,10
3988,4,10,110385,A0200002,13,13504,3,6,2,Servicio de Salud Metropolitano Occidente,Centro de Salud Familiar Adriana Madrid De Costabal,Maria Pinto,LACTANCIA MATERNA EXCLUSIVA,110385,13504,10
3989,1,10,110475,A0200001,13,13504,5,1,2,Servicio de Salud Metropolitano Occidente,Posta de Salud Rural Chorombo,Maria Pinto,MENORES CONTROLADOS,110475,13504,10
3990,1,10,110475,A0200002,13,13504,3,1,2,Servicio de Salud Metropolitano Occidente,Posta de Salud Rural Chorombo,Maria Pinto,LACTANCIA MATERNA EXCLUSIVA,110475,13504,10
3991,4,10,110475,A0200001,13,13504,3,4,,Servicio de Salud Metropolitano Occidente,Posta de Salud Rural Chorombo,Maria Pinto,MENORES CONTROLADOS,110475,13504,10
3992,4,10,110475,A0200002,13,13504,1,2,,Servicio de Salud Metropolitano Occidente,Posta de Salud Rural Chorombo,Maria Pinto,LACTANCIA MATERNA EXCLUSIVA,110475,13504,10
3993,7,10,110385,A0200002,13,13504,1,2,4,Servicio de Salud Metropolitano Occidente,Centro de Salud Familiar Adriana Madrid De Costabal,Maria Pinto,LACTANCIA MATERNA EXCLUSIVA,110385,13504,10
3994,7,10,110385,A0200001,13,13504,4,5,6,Servicio de Salud Metropolitano Occidente,Centro de Salud Familiar Adriana Madrid De Costabal,Maria Pinto,MENORES CONTROLADOS,110385,13504,10
3995,6,10,110385,A0200001,13,13504,3,6,2,Servicio de Salud Metropolitano Occidente,Centro de Salud Familiar Adriana Madrid De Costabal,Maria Pinto,MENORES CONTROLADOS,110385,13504,10
3996,6,10,110385,A0200002,13,13504,2,4,,Servicio de Salud Metropolitano Occidente,Centro de Salud Familiar Adriana Madrid De Costabal,Maria Pinto,LACTANCIA MATERNA EXCLUSIVA,110385,13504,10
3997,7,10,110475,A0200002,13,13504,1,,3,Servicio de Salud Metropolitano Occidente,Posta de Salud Rural Chorombo,Maria Pinto,LACTANCIA MATERNA EXCLUSIVA,110475,13504,10
3998,7,10,110475,A0200001,13,13504,4,,3,Servicio de Salud Metropolitano Occidente,Posta de Salud Rural Chorombo,Maria Pinto,MENORES CONTROLADOS,110475,13504,10
3999,5,10,110475,A0200002,13,13504,2,1,2,Servicio de Salud Metropolitano Occidente,Posta de Salud Rural Chorombo,Maria Pinto,LACTANCIA MATERNA EXCLUSIVA,110475,13504,10
4000,5,10,110475,A0200001,13,13504,4,3,5,Servicio de Salud Metropolitano Occidente,Posta de Salud Rural Chorombo,Maria Pinto,MENORES CONTROLADOS,110475,13504,10
4001,8,10,110385,A0200001,13,13504,5,4,5,Servicio de Salud Metropolitano Occidente,Centro de Salud Familiar Adriana Madrid De Costabal,Maria Pinto,MENORES CONTROLADOS,110385,13504,10
4002,8,10,110475,A0200002,13,13504,1,1,,Servicio de Salud Metropolitano Occidente,Posta de Salud Rural Chorombo,Maria Pinto,LACTANCIA MATERNA EXCLUSIVA,110475,13504,10
4003,8,10,110475,A0200001,13,13504,2,1,,Servicio de Salud Metropolitano Occidente,Posta de Salud Rural Chorombo,Maria Pinto,MENORES CONTROLADOS,110475,13504,10
4004,8,10,110385,A0200002,13,13504,4,3,3,Servicio de Salud Metropolitano Occidente,Centro de Salud Familiar Adriana Madrid De Costabal,Maria Pinto,LACTANCIA MATERNA EXCLUSIVA,110385,13504,10
4005,2,10,110475,A0200001,13,13504,1,3,1,Servicio de Salud Metropolitano Occidente,Posta de Salud Rural Chorombo,Maria Pinto,MENORES CONTROLADOS,110475,13504,10
4006,2,10,110475,A0200002,13,13504,,1,,Servicio de Salud Metropolitano Occidente,Posta de Salud Rural Chorombo,Maria Pinto,LACTANCIA MATERNA EXCLUSIVA,110475,13504,10
4007,1,10,110385,A0200002,13,13504,3,3,,Servicio de Salud Metropolitano Occidente,Centro de Salud Familiar Adriana Madrid De Costabal,Maria Pinto,LACTANCIA MATERNA EXCLUSIVA,110385,13504,10
4008,2,10,110385,A0200002,13,13504,5,3,2,Servicio de Salud Metropolitano Occidente,Centro de Salud Familiar Adriana Madrid De Costabal,Maria Pinto,LACTANCIA MATERNA EXCLUSIVA,110385,13504,10
4009,2,10,110385,A0200001,13,13504,7,3,3,Servicio de Salud Metropolitano Occidente,Centro de Salud Familiar Adriana Madrid De Costabal,Maria Pinto,MENORES CONTROLADOS,110385,13504,10
4010,3,10,110385,A0200001,13,13504,7,7,3,Servicio de Salud Metropolitano Occidente,Centro de Salud Familiar Adriana Madrid De Costabal,Maria Pinto,MENORES CONTROLADOS,110385,13504,10
4011,1,10,110385,A0200001,13,13504,5,4,2,Servicio de Salud Metropolitano Occidente,Centro de Salud Familiar Adriana Madrid De Costabal,Maria Pinto,MENORES CONTROLADOS,110385,13504,10
4012,3,10,110385,A0200002,13,13504,2,6,2,Servicio de Salud Metropolitano Occidente,Centro de Salud Familiar Adriana Madrid De Costabal,Maria Pinto,LACTANCIA MATERNA EXCLUSIVA,110385,13504,10
4013,7,10,110470,A0200002,13,13504,1,1,,Servicio de Salud Metropolitano Occidente,Posta de Salud Rural Las Mercedes ( María Pinto ),Maria Pinto,LACTANCIA MATERNA EXCLUSIVA,110470,13504,10
4014,7,10,110470,A0200001,13,13504,3,2,,Servicio de Salud Metropolitano Occidente,Posta de Salud Rural Las Mercedes ( María Pinto ),Maria Pinto,MENORES CONTROLADOS,110470,13504,10
4015,3,10,110470,A0200001,13,13504,,,3,Servicio de Salud Metropolitano Occidente,Posta de Salud Rural Las Mercedes ( María Pinto ),Maria Pinto,MENORES CONTROLADOS,110470,13504,10
4016,4,10,110470,A0200002,13,13504,,,,Servicio de Salud Metropolitano Occidente,Posta de Salud Rural Las Mercedes ( María Pinto ),Maria Pinto,LACTANCIA MATERNA EXCLUSIVA,110470,13504,10
4017,4,10,110470,A0200001,13,13504,,,,Servicio de Salud Metropolitano Occidente,Posta de Salud Rural Las Mercedes ( María Pinto ),Maria Pinto,MENORES CONTROLADOS,110470,13504,10
4018,2,10,110470,A0200001,13,13504,,1,,Servicio de Salud Metropolitano Occidente,Posta de Salud Rural Las Mercedes ( María Pinto ),Maria Pinto,MENORES CONTROLADOS,110470,13504,10
4019,2,10,110470,A0200002,13,13504,,1,,Servicio de Salud Metropolitano Occidente,Posta de Salud Rural Las Mercedes ( María Pinto ),Maria Pinto,LACTANCIA MATERNA EXCLUSIVA,110470,13504,10
4020,3,10,110470,A0200002,13,13504,,,,Servicio de Salud Metropolitano Occidente,Posta de Salud Rural Las Mercedes ( María Pinto ),Maria Pinto,LACTANCIA MATERNA EXCLUSIVA,110470,13504,10
4021,8,10,110470,A0200002,13,13504,,1,,Servicio de Salud Metropolitano Occidente,Posta de Salud Rural Las Mercedes ( María Pinto ),Maria Pinto,LACTANCIA MATERNA EXCLUSIVA,110470,13504,10
4022,8,10,110470,A0200001,13,13504,,1,,Servicio de Salud Metropolitano Occidente,Posta de Salud Rural Las Mercedes ( María Pinto ),Maria Pinto,MENORES CONTROLADOS,110470,13504,10
4023,5,10,110470,A0200002,13,13504,1,,1,Servicio de Salud Metropolitano Occidente,Posta de Salud Rural Las Mercedes ( María Pinto ),Maria Pinto,LACTANCIA MATERNA EXCLUSIVA,110470,13504,10
4024,5,10,110470,A0200001,13,13504,1,,1,Servicio de Salud Metropolitano Occidente,Posta de Salud Rural Las Mercedes ( María Pinto ),Maria Pinto,MENORES CONTROLADOS,110470,13504,10
4025,6,10,110470,A0200002,13,13504,,,,Servicio de Salud Metropolitano Occidente,Posta de Salud Rural Las Mercedes ( María Pinto ),Maria Pinto,LACTANCIA MATERNA EXCLUSIVA,110470,13504,10
4026,6,10,110470,A0200001,13,13504,,1,,Servicio de Salud Metropolitano Occidente,Posta de Salud Rural Las Mercedes ( María Pinto ),Maria Pinto,MENORES CONTROLADOS,110470,13504,10
4027,3,10,110465,A0200002,13,13504,,,,Servicio de Salud Metropolitano Occidente,Posta de Salud Rural Santa Emilia,Maria Pinto,LACTANCIA MATERNA EXCLUSIVA,110465,13504,10
4028,3,10,110465,A0200001,13,13504,,,2,Servicio de Salud Metropolitano Occidente,Posta de Salud Rural Santa Emilia,Maria Pinto,MENORES CONTROLADOS,110465,13504,10
4029,2,10,110465,A0200001,13,13504,,3,,Servicio de Salud Metropolitano Occidente,Posta de Salud Rural Santa Emilia,Maria Pinto,MENORES CONTROLADOS,110465,13504,10
4030,6,10,110465,A0200002,13,13504,2,,,Servicio de Salud Metropolitano Occidente,Posta de Salud Rural Santa Emilia,Maria Pinto,LACTANCIA MATERNA EXCLUSIVA,110465,13504,10
4031,6,10,110465,A0200001,13,13504,6,1,2,Servicio de Salud Metropolitano Occidente,Posta de Salud Rural Santa Emilia,Maria Pinto,MENORES CONTROLADOS,110465,13504,10
4032,8,10,110465,A0200002,13,13504,,,,Servicio de Salud Metropolitano Occidente,Posta de Salud Rural Santa Emilia,Maria Pinto,LACTANCIA MATERNA EXCLUSIVA,110465,13504,10
4033,8,10,110465,A0200001,13,13504,,2,,Servicio de Salud Metropolitano Occidente,Posta de Salud Rural Santa Emilia,Maria Pinto,MENORES CONTROLADOS,110465,13504,10
4034,5,10,110465,A0200002,13,13504,2,,1,Servicio de Salud Metropolitano Occidente,Posta de Salud Rural Santa Emilia,Maria Pinto,LACTANCIA MATERNA EXCLUSIVA,110465,13504,10
4035,5,10,110465,A0200001,13,13504,2,,2,Servicio de Salud Metropolitano Occidente,Posta de Salud Rural Santa Emilia,Maria Pinto,MENORES CONTROLADOS,110465,13504,10
4036,1,10,110465,A0200002,13,13504,1,,,Servicio de Salud Metropolitano Occidente,Posta de Salud Rural Santa Emilia,Maria Pinto,LACTANCIA MATERNA EXCLUSIVA,110465,13504,10
4037,1,10,110465,A0200001,13,13504,2,,1,Servicio de Salud Metropolitano Occidente,Posta de Salud Rural Santa Emilia,Maria Pinto,MENORES CONTROLADOS,110465,13504,10
4038,4,10,110465,A0200002,13,13504,,,,Servicio de Salud Metropolitano Occidente,Posta de Salud Rural Santa Emilia,Maria Pinto,LACTANCIA MATERNA EXCLUSIVA,110465,13504,10
4039,7,10,110465,A0200002,13,13504,,1,,Servicio de Salud Metropolitano Occidente,Posta de Salud Rural Santa Emilia,Maria Pinto,LACTANCIA MATERNA EXCLUSIVA,110465,13504,10
4040,7,10,110465,A0200001,13,13504,2,1,,Servicio de Salud Metropolitano Occidente,Posta de Salud Rural Santa Emilia,Maria Pinto,MENORES CONTROLADOS,110465,13504,10
4041,1,10,110387,A0200001,13,13505,3,3,8,Servicio de Salud Metropolitano Occidente,Centro de Salud Familiar San Pedro,San Pedro,MENORES CONTROLADOS,110387,13505,10
4042,1,10,110387,A0200002,13,13505,,,4,Servicio de Salud Metropolitano Occidente,Centro de Salud Familiar San Pedro,San Pedro,LACTANCIA MATERNA EXCLUSIVA,110387,13505,10
4043,8,10,110387,A0200002,13,13505,1,1,3,Servicio de Salud Metropolitano Occidente,Centro de Salud Familiar San Pedro,San Pedro,LACTANCIA MATERNA EXCLUSIVA,110387,13505,10
4044,8,10,110387,A0200001,13,13505,2,1,8,Servicio de Salud Metropolitano Occidente,Centro de Salud Familiar San Pedro,San Pedro,MENORES CONTROLADOS,110387,13505,10
4045,7,10,110387,A0200002,13,13505,2,4,4,Servicio de Salud Metropolitano Occidente,Centro de Salud Familiar San Pedro,San Pedro,LACTANCIA MATERNA EXCLUSIVA,110387,13505,10
4046,7,10,110387,A0200001,13,13505,,3,8,Servicio de Salud Metropolitano Occidente,Centro de Salud Familiar San Pedro,San Pedro,MENORES CONTROLADOS,110387,13505,10
4047,5,10,110387,A0200001,13,13505,,3,3,Servicio de Salud Metropolitano Occidente,Centro de Salud Familiar San Pedro,San Pedro,MENORES CONTROLADOS,110387,13505,10
4048,5,10,110387,A0200002,13,13505,,2,1,Servicio de Salud Metropolitano Occidente,Centro de Salud Familiar San Pedro,San Pedro,LACTANCIA MATERNA EXCLUSIVA,110387,13505,10
4049,6,10,110387,A0200002,13,13505,2,,2,Servicio de Salud Metropolitano Occidente,Centro de Salud Familiar San Pedro,San Pedro,LACTANCIA MATERNA EXCLUSIVA,110387,13505,10
4050,6,10,110387,A0200001,13,13505,4,,4,Servicio de Salud Metropolitano Occidente,Centro de Salud Familiar San Pedro,San Pedro,MENORES CONTROLADOS,110387,13505,10
4051,2,10,110387,A0200001,13,13505,2,,5,Servicio de Salud Metropolitano Occidente,Centro de Salud Familiar San Pedro,San Pedro,MENORES CONTROLADOS,110387,13505,10
4052,4,10,110387,A0200002,13,13505,1,,3,Servicio de Salud Metropolitano Occidente,Centro de Salud Familiar San Pedro,San Pedro,LACTANCIA MATERNA EXCLUSIVA,110387,13505,10
4053,4,10,110387,A0200001,13,13505,2,,5,Servicio de Salud Metropolitano Occidente,Centro de Salud Familiar San Pedro,San Pedro,MENORES CONTROLADOS,110387,13505,10
4054,2,10,110387,A0200002,13,13505,1,,4,Servicio de Salud Metropolitano Occidente,Centro de Salud Familiar San Pedro,San Pedro,LACTANCIA MATERNA EXCLUSIVA,110387,13505,10
4055,3,10,110387,A0200001,13,13505,2,3,4,Servicio de Salud Metropolitano Occidente,Centro de Salud Familiar San Pedro,San Pedro,MENORES CONTROLADOS,110387,13505,10
4056,3,10,110387,A0200002,13,13505,,1,2,Servicio de Salud Metropolitano Occidente,Centro de Salud Familiar San Pedro,San Pedro,LACTANCIA MATERNA EXCLUSIVA,110387,13505,10
4057,3,10,110492,A0200002,13,13505,2,,,Servicio de Salud Metropolitano Occidente,Posta de Salud Rural Nihue,San Pedro,LACTANCIA MATERNA EXCLUSIVA,110492,13505,10
4058,3,10,110492,A0200001,13,13505,2,,1,Servicio de Salud Metropolitano Occidente,Posta de Salud Rural Nihue,San Pedro,MENORES CONTROLADOS,110492,13505,10
4059,7,10,110492,A0200002,13,13505,,,,Servicio de Salud Metropolitano Occidente,Posta de Salud Rural Nihue,San Pedro,LACTANCIA MATERNA EXCLUSIVA,110492,13505,10
4060,7,10,110492,A0200001,13,13505,,,,Servicio de Salud Metropolitano Occidente,Posta de Salud Rural Nihue,San Pedro,MENORES CONTROLADOS,110492,13505,10
4061,4,10,110492,A0200002,13,13505,,3,,Servicio de Salud Metropolitano Occidente,Posta de Salud Rural Nihue,San Pedro,LACTANCIA MATERNA EXCLUSIVA,110492,13505,10
4062,4,10,110492,A0200001,13,13505,,3,,Servicio de Salud Metropolitano Occidente,Posta de Salud Rural Nihue,San Pedro,MENORES CONTROLADOS,110492,13505,10
4063,6,10,110492,A0200001,13,13505,,,,Servicio de Salud Metropolitano Occidente,Posta de Salud Rural Nihue,San Pedro,MENORES CONTROLADOS,110492,13505,10
4064,1,10,110492,A0200002,13,13505,2,,,Servicio de Salud Metropolitano Occidente,Posta de Salud Rural Nihue,San Pedro,LACTANCIA MATERNA EXCLUSIVA,110492,13505,10
4065,2,10,110492,A0200002,13,13505,,2,,Servicio de Salud Metropolitano Occidente,Posta de Salud Rural Nihue,San Pedro,LACTANCIA MATERNA EXCLUSIVA,110492,13505,10
4066,2,10,110492,A0200001,13,13505,,2,,Servicio de Salud Metropolitano Occidente,Posta de Salud Rural Nihue,San Pedro,MENORES CONTROLADOS,110492,13505,10
4067,1,10,110492,A0200001,13,13505,2,,,Servicio de Salud Metropolitano Occidente,Posta de Salud Rural Nihue,San Pedro,MENORES CONTROLADOS,110492,13505,10
4068,5,10,110492,A0200001,13,13505,,,,Servicio de Salud Metropolitano Occidente,Posta de Salud Rural Nihue,San Pedro,MENORES CONTROLADOS,110492,13505,10
4069,4,10,110485,A0200002,13,13505,,1,1,Servicio de Salud Metropolitano Occidente,Posta de Salud Rural Loica,San Pedro,LACTANCIA MATERNA EXCLUSIVA,110485,13505,10
4070,4,10,110485,A0200001,13,13505,,1,2,Servicio de Salud Metropolitano Occidente,Posta de Salud Rural Loica,San Pedro,MENORES CONTROLADOS,110485,13505,10
4071,7,10,110485,A0200002,13,13505,,1,,Servicio de Salud Metropolitano Occidente,Posta de Salud Rural Loica,San Pedro,LACTANCIA MATERNA EXCLUSIVA,110485,13505,10
4072,7,10,110485,A0200001,13,13505,,1,,Servicio de Salud Metropolitano Occidente,Posta de Salud Rural Loica,San Pedro,MENORES CONTROLADOS,110485,13505,10
4073,5,10,110485,A0200002,13,13505,,3,,Servicio de Salud Metropolitano Occidente,Posta de Salud Rural Loica,San Pedro,LACTANCIA MATERNA EXCLUSIVA,110485,13505,10
4074,5,10,110485,A0200001,13,13505,,3,,Servicio de Salud Metropolitano Occidente,Posta de Salud Rural Loica,San Pedro,MENORES CONTROLADOS,110485,13505,10
4075,6,10,110485,A0200001,13,13505,2,,1,Servicio de Salud Metropolitano Occidente,Posta de Salud Rural Loica,San Pedro,MENORES CONTROLADOS,110485,13505,10
4076,3,10,110485,A0200001,13,13505,,,2,Servicio de Salud Metropolitano Occidente,Posta de Salud Rural Loica,San Pedro,MENORES CONTROLADOS,110485,13505,10
4077,3,10,110485,A0200002,13,13505,,,1,Servicio de Salud Metropolitano Occidente,Posta de Salud Rural Loica,San Pedro,LACTANCIA MATERNA EXCLUSIVA,110485,13505,10
4078,6,10,110485,A0200002,13,13505,1,,1,Servicio de Salud Metropolitano Occidente,Posta de Salud Rural Loica,San Pedro,LACTANCIA MATERNA EXCLUSIVA,110485,13505,10
4079,1,10,110485,A0200001,13,13505,,1,,Servicio de Salud Metropolitano Occidente,Posta de Salud Rural Loica,San Pedro,MENORES CONTROLADOS,110485,13505,10
4080,2,10,110485,A0200002,13,13505,,,,Servicio de Salud Metropolitano Occidente,Posta de Salud Rural Loica,San Pedro,LACTANCIA MATERNA EXCLUSIVA,110485,13505,10
4081,1,10,110485,A0200002,13,13505,,1,,Servicio de Salud Metropolitano Occidente,Posta de Salud Rural Loica,San Pedro,LACTANCIA MATERNA EXCLUSIVA,110485,13505,10
4082,8,10,110485,A0200002,13,13505,,,4,Servicio de Salud Metropolitano Occidente,Posta de Salud Rural Loica,San Pedro,LACTANCIA MATERNA EXCLUSIVA,110485,13505,10
4083,8,10,110485,A0200001,13,13505,,,5,Servicio de Salud Metropolitano Occidente,Posta de Salud Rural Loica,San Pedro,MENORES CONTROLADOS,110485,13505,10
4084,3,10,110490,A0200002,13,13505,2,,,Servicio de Salud Metropolitano Occidente,Posta de Salud Rural La Manga,San Pedro,LACTANCIA MATERNA EXCLUSIVA,110490,13505,10
4085,3,10,110490,A0200001,13,13505,2,1,,Servicio de Salud Metropolitano Occidente,Posta de Salud Rural La Manga,San Pedro,MENORES CONTROLADOS,110490,13505,10
4086,2,10,110490,A0200002,13,13505,,,,Servicio de Salud Metropolitano Occidente,Posta de Salud Rural La Manga,San Pedro,LACTANCIA MATERNA EXCLUSIVA,110490,13505,10
4087,4,10,110490,A0200002,13,13505,1,,,Servicio de Salud Metropolitano Occidente,Posta de Salud Rural La Manga,San Pedro,LACTANCIA MATERNA EXCLUSIVA,110490,13505,10
4088,4,10,110490,A0200001,13,13505,1,,,Servicio de Salud Metropolitano Occidente,Posta de Salud Rural La Manga,San Pedro,MENORES CONTROLADOS,110490,13505,10
4089,6,10,110490,A0200001,13,13505,1,1,1,Servicio de Salud Metropolitano Occidente,Posta de Salud Rural La Manga,San Pedro,MENORES CONTROLADOS,110490,13505,10
4090,6,10,110490,A0200002,13,13505,1,,,Servicio de Salud Metropolitano Occidente,Posta de Salud Rural La Manga,San Pedro,LACTANCIA MATERNA EXCLUSIVA,110490,13505,10
4091,7,10,110490,A0200002,13,13505,,,1,Servicio de Salud Metropolitano Occidente,Posta de Salud Rural La Manga,San Pedro,LACTANCIA MATERNA EXCLUSIVA,110490,13505,10
4092,7,10,110490,A0200001,13,13505,,,1,Servicio de Salud Metropolitano Occidente,Posta de Salud Rural La Manga,San Pedro,MENORES CONTROLADOS,110490,13505,10
4093,5,10,110490,A0200001,13,13505,,,,Servicio de Salud Metropolitano Occidente,Posta de Salud Rural La Manga,San Pedro,MENORES CONTROLADOS,110490,13505,10
4094,2,10,110490,A0200001,13,13505,,,,Servicio de Salud Metropolitano Occidente,Posta de Salud Rural La Manga,San Pedro,MENORES CONTROLADOS,110490,13505,10
4095,1,10,110490,A0200001,13,13505,,1,,Servicio de Salud Metropolitano Occidente,Posta de Salud Rural La Manga,San Pedro,MENORES CONTROLADOS,110490,13505,10
4096,8,10,110490,A0200002,13,13505,,,2,Servicio de Salud Metropolitano Occidente,Posta de Salud Rural La Manga,San Pedro,LACTANCIA MATERNA EXCLUSIVA,110490,13505,10
4097,8,10,110490,A0200001,13,13505,,,2,Servicio de Salud Metropolitano Occidente,Posta de Salud Rural La Manga,San Pedro,MENORES CONTROLADOS,110490,13505,10
4098,5,10,110495,A0200001,13,13505,3,2,1,Servicio de Salud Metropolitano Occidente,Posta de Salud Rural El Prado,San Pedro,MENORES CONTROLADOS,110495,13505,10
4099,2,10,110495,A0200001,13,13505,1,1,4,Servicio de Salud Metropolitano Occidente,Posta de Salud Rural El Prado,San Pedro,MENORES CONTROLADOS,110495,13505,10
4100,1,10,110495,A0200001,13,13505,1,1,,Servicio de Salud Metropolitano Occidente,Posta de Salud Rural El Prado,San Pedro,MENORES CONTROLADOS,110495,13505,10
4101,1,10,110495,A0200002,13,13505,1,1,,Servicio de Salud Metropolitano Occidente,Posta de Salud Rural El Prado,San Pedro,LACTANCIA MATERNA EXCLUSIVA,110495,13505,10
4102,2,10,110495,A0200002,13,13505,1,1,3,Servicio de Salud Metropolitano Occidente,Posta de Salud Rural El Prado,San Pedro,LACTANCIA MATERNA EXCLUSIVA,110495,13505,10
4103,4,10,110495,A0200001,13,13505,2,2,3,Servicio de Salud Metropolitano Occidente,Posta de Salud Rural El Prado,San Pedro,MENORES CONTROLADOS,110495,13505,10
4104,7,10,110495,A0200002,13,13505,1,1,1,Servicio de Salud Metropolitano Occidente,Posta de Salud Rural El Prado,San Pedro,LACTANCIA MATERNA EXCLUSIVA,110495,13505,10
4105,7,10,110495,A0200001,13,13505,1,1,2,Servicio de Salud Metropolitano Occidente,Posta de Salud Rural El Prado,San Pedro,MENORES CONTROLADOS,110495,13505,10
4106,4,10,110495,A0200002,13,13505,1,1,2,Servicio de Salud Metropolitano Occidente,Posta de Salud Rural El Prado,San Pedro,LACTANCIA MATERNA EXCLUSIVA,110495,13505,10
4107,6,10,110495,A0200002,13,13505,5,,1,Servicio de Salud Metropolitano Occidente,Posta de Salud Rural El Prado,San Pedro,LACTANCIA MATERNA EXCLUSIVA,110495,13505,10
4108,6,10,110495,A0200001,13,13505,6,,2,Servicio de Salud Metropolitano Occidente,Posta de Salud Rural El Prado,San Pedro,MENORES CONTROLADOS,110495,13505,10
4109,3,10,110495,A0200002,13,13505,,,2,Servicio de Salud Metropolitano Occidente,Posta de Salud Rural El Prado,San Pedro,LACTANCIA MATERNA EXCLUSIVA,110495,13505,10
4110,3,10,110495,A0200001,13,13505,,,3,Servicio de Salud Metropolitano Occidente,Posta de Salud Rural El Prado,San Pedro,MENORES CONTROLADOS,110495,13505,10
4111,8,10,110495,A0200002,13,13505,,,2,Servicio de Salud Metropolitano Occidente,Posta de Salud Rural El Prado,San Pedro,LACTANCIA MATERNA EXCLUSIVA,110495,13505,10
4112,8,10,110495,A0200001,13,13505,,1,4,Servicio de Salud Metropolitano Occidente,Posta de Salud Rural El Prado,San Pedro,MENORES CONTROLADOS,110495,13505,10
4113,5,10,110495,A0200002,13,13505,2,2,1,Servicio de Salud Metropolitano Occidente,Posta de Salud Rural El Prado,San Pedro,LACTANCIA MATERNA EXCLUSIVA,110495,13505,10
4114,6,10,110400,A0200002,13,13601,2,0,0,Servicio de Salud Metropolitano Occidente,Posta de Salud Rural Aliro Cárcarmo (Lonquén),Talagante,LACTANCIA MATERNA EXCLUSIVA,110400,13601,10
4115,6,10,110400,A0200001,13,13601,4,0,0,Servicio de Salud Metropolitano Occidente,Posta de Salud Rural Aliro Cárcarmo (Lonquén),Talagante,MENORES CONTROLADOS,110400,13601,10
4116,7,10,110400,A0200002,13,13601,2,,,Servicio de Salud Metropolitano Occidente,Posta de Salud Rural Aliro Cárcarmo (Lonquén),Talagante,LACTANCIA MATERNA EXCLUSIVA,110400,13601,10
4117,7,10,110400,A0200001,13,13601,2,,,Servicio de Salud Metropolitano Occidente,Posta de Salud Rural Aliro Cárcarmo (Lonquén),Talagante,MENORES CONTROLADOS,110400,13601,10
4118,8,10,110400,A0200002,13,13601,1,,2,Servicio de Salud Metropolitano Occidente,Posta de Salud Rural Aliro Cárcarmo (Lonquén),Talagante,LACTANCIA MATERNA EXCLUSIVA,110400,13601,10
4119,8,10,110400,A0200001,13,13601,1,2,2,Servicio de Salud Metropolitano Occidente,Posta de Salud Rural Aliro Cárcarmo (Lonquén),Talagante,MENORES CONTROLADOS,110400,13601,10
4120,1,10,110400,A0200001,13,13601,2,1,1,Servicio de Salud Metropolitano Occidente,Posta de Salud Rural Aliro Cárcarmo (Lonquén),Talagante,MENORES CONTROLADOS,110400,13601,10
4121,5,10,110400,A0200002,13,13601,1,,,Servicio de Salud Metropolitano Occidente,Posta de Salud Rural Aliro Cárcarmo (Lonquén),Talagante,LACTANCIA MATERNA EXCLUSIVA,110400,13601,10
4122,5,10,110400,A0200001,13,13601,1,,,Servicio de Salud Metropolitano Occidente,Posta de Salud Rural Aliro Cárcarmo (Lonquén),Talagante,MENORES CONTROLADOS,110400,13601,10
4123,1,10,110400,A0200002,13,13601,1,1,,Servicio de Salud Metropolitano Occidente,Posta de Salud Rural Aliro Cárcarmo (Lonquén),Talagante,LACTANCIA MATERNA EXCLUSIVA,110400,13601,10
4124,4,10,110400,A0200002,13,13601,,1,1,Servicio de Salud Metropolitano Occidente,Posta de Salud Rural Aliro Cárcarmo (Lonquén),Talagante,LACTANCIA MATERNA EXCLUSIVA,110400,13601,10
4125,4,10,110400,A0200001,13,13601,1,1,2,Servicio de Salud Metropolitano Occidente,Posta de Salud Rural Aliro Cárcarmo (Lonquén),Talagante,MENORES CONTROLADOS,110400,13601,10
4126,3,10,110400,A0200002,13,13601,2,1,,Servicio de Salud Metropolitano Occidente,Posta de Salud Rural Aliro Cárcarmo (Lonquén),Talagante,LACTANCIA MATERNA EXCLUSIVA,110400,13601,10
4127,3,10,110400,A0200001,13,13601,2,1,1,Servicio de Salud Metropolitano Occidente,Posta de Salud Rural Aliro Cárcarmo (Lonquén),Talagante,MENORES CONTROLADOS,110400,13601,10
4128,2,10,110400,A0200002,13,13601,1,1,,Servicio de Salud Metropolitano Occidente,Posta de Salud Rural Aliro Cárcarmo (Lonquén),Talagante,LACTANCIA MATERNA EXCLUSIVA,110400,13601,10
4129,2,10,110400,A0200001,13,13601,2,2,1,Servicio de Salud Metropolitano Occidente,Posta de Salud Rural Aliro Cárcarmo (Lonquén),Talagante,MENORES CONTROLADOS,110400,13601,10
4130,7,10,200365,A0200002,13,13601,2,,,Servicio de Salud Metropolitano Occidente,Centro Comunitario de Salud Familiar Villa Los Presidentes,Talagante,LACTANCIA MATERNA EXCLUSIVA,200365,13601,10
4131,7,10,200365,A0200001,13,13601,2,,,Servicio de Salud Metropolitano Occidente,Centro Comunitario de Salud Familiar Villa Los Presidentes,Talagante,MENORES CONTROLADOS,200365,13601,10
4132,1,10,200365,A0200001,13,13601,,4,3,Servicio de Salud Metropolitano Occidente,Centro Comunitario de Salud Familiar Villa Los Presidentes,Talagante,MENORES CONTROLADOS,200365,13601,10
4133,1,10,200365,A0200002,13,13601,,3,2,Servicio de Salud Metropolitano Occidente,Centro Comunitario de Salud Familiar Villa Los Presidentes,Talagante,LACTANCIA MATERNA EXCLUSIVA,200365,13601,10
4134,4,10,200365,A0200002,13,13601,1,,3,Servicio de Salud Metropolitano Occidente,Centro Comunitario de Salud Familiar Villa Los Presidentes,Talagante,LACTANCIA MATERNA EXCLUSIVA,200365,13601,10
4135,4,10,200365,A0200001,13,13601,5,,5,Servicio de Salud Metropolitano Occidente,Centro Comunitario de Salud Familiar Villa Los Presidentes,Talagante,MENORES CONTROLADOS,200365,13601,10
4136,2,10,200365,A0200002,13,13601,,1,1,Servicio de Salud Metropolitano Occidente,Centro Comunitario de Salud Familiar Villa Los Presidentes,Talagante,LACTANCIA MATERNA EXCLUSIVA,200365,13601,10
4137,2,10,200365,A0200001,13,13601,2,1,3,Servicio de Salud Metropolitano Occidente,Centro Comunitario de Salud Familiar Villa Los Presidentes,Talagante,MENORES CONTROLADOS,200365,13601,10
4138,3,10,200365,A0200002,13,13601,1,,,Servicio de Salud Metropolitano Occidente,Centro Comunitario de Salud Familiar Villa Los Presidentes,Talagante,LACTANCIA MATERNA EXCLUSIVA,200365,13601,10
4139,3,10,200365,A0200001,13,13601,3,1,,Servicio de Salud Metropolitano Occidente,Centro Comunitario de Salud Familiar Villa Los Presidentes,Talagante,MENORES CONTROLADOS,200365,13601,10
4140,5,10,200365,A0200002,13,13601,2,2,,Servicio de Salud Metropolitano Occidente,Centro Comunitario de Salud Familiar Villa Los Presidentes,Talagante,LACTANCIA MATERNA EXCLUSIVA,200365,13601,10
4141,5,10,200365,A0200001,13,13601,2,2,,Servicio de Salud Metropolitano Occidente,Centro Comunitario de Salud Familiar Villa Los Presidentes,Talagante,MENORES CONTROLADOS,200365,13601,10
4142,8,10,200365,A0200002,13,13601,1,3,14,Servicio de Salud Metropolitano Occidente,Centro Comunitario de Salud Familiar Villa Los Presidentes,Talagante,LACTANCIA MATERNA EXCLUSIVA,200365,13601,10
4143,8,10,200365,A0200001,13,13601,2,5,1,Servicio de Salud Metropolitano Occidente,Centro Comunitario de Salud Familiar Villa Los Presidentes,Talagante,MENORES CONTROLADOS,200365,13601,10
4144,6,10,200365,A0200002,13,13601,1,2,0,Servicio de Salud Metropolitano Occidente,Centro Comunitario de Salud Familiar Villa Los Presidentes,Talagante,LACTANCIA MATERNA EXCLUSIVA,200365,13601,10
4145,6,10,200365,A0200001,13,13601,3,2,0,Servicio de Salud Metropolitano Occidente,Centro Comunitario de Salud Familiar Villa Los Presidentes,Talagante,MENORES CONTROLADOS,200365,13601,10
4146,1,10,110390,A0200002,13,13601,12,7,3,Servicio de Salud Metropolitano Occidente,Centro de Salud Familiar Dr. Alberto Allende Jones,Talagante,LACTANCIA MATERNA EXCLUSIVA,110390,13601,10
4147,4,10,110390,A0200002,13,13601,9,13,5,Servicio de Salud Metropolitano Occidente,Centro de Salud Familiar Dr. Alberto Allende Jones,Talagante,LACTANCIA MATERNA EXCLUSIVA,110390,13601,10
4148,4,10,110390,A0200001,13,13601,17,29,14,Servicio de Salud Metropolitano Occidente,Centro de Salud Familiar Dr. Alberto Allende Jones,Talagante,MENORES CONTROLADOS,110390,13601,10
4149,8,10,110390,A0200002,13,13601,13,12,15,Servicio de Salud Metropolitano Occidente,Centro de Salud Familiar Dr. Alberto Allende Jones,Talagante,LACTANCIA MATERNA EXCLUSIVA,110390,13601,10
4150,8,10,110390,A0200001,13,13601,26,28,24,Servicio de Salud Metropolitano Occidente,Centro de Salud Familiar Dr. Alberto Allende Jones,Talagante,MENORES CONTROLADOS,110390,13601,10
4151,6,10,110390,A0200002,13,13601,12,13,13,Servicio de Salud Metropolitano Occidente,Centro de Salud Familiar Dr. Alberto Allende Jones,Talagante,LACTANCIA MATERNA EXCLUSIVA,110390,13601,10
4152,6,10,110390,A0200001,13,13601,22,23,18,Servicio de Salud Metropolitano Occidente,Centro de Salud Familiar Dr. Alberto Allende Jones,Talagante,MENORES CONTROLADOS,110390,13601,10
4153,7,10,110390,A0200002,13,13601,13,13,10,Servicio de Salud Metropolitano Occidente,Centro de Salud Familiar Dr. Alberto Allende Jones,Talagante,LACTANCIA MATERNA EXCLUSIVA,110390,13601,10
4154,7,10,110390,A0200001,13,13601,22,28,18,Servicio de Salud Metropolitano Occidente,Centro de Salud Familiar Dr. Alberto Allende Jones,Talagante,MENORES CONTROLADOS,110390,13601,10
4155,2,10,110390,A0200002,13,13601,9,9,13,Servicio de Salud Metropolitano Occidente,Centro de Salud Familiar Dr. Alberto Allende Jones,Talagante,LACTANCIA MATERNA EXCLUSIVA,110390,13601,10
4156,3,10,110390,A0200001,13,13601,26,22,18,Servicio de Salud Metropolitano Occidente,Centro de Salud Familiar Dr. Alberto Allende Jones,Talagante,MENORES CONTROLADOS,110390,13601,10
4157,3,10,110390,A0200002,13,13601,19,12,11,Servicio de Salud Metropolitano Occidente,Centro de Salud Familiar Dr. Alberto Allende Jones,Talagante,LACTANCIA MATERNA EXCLUSIVA,110390,13601,10
4158,5,10,110390,A0200002,13,13601,18,14,3,Servicio de Salud Metropolitano Occidente,Centro de Salud Familiar Dr. Alberto Allende Jones,Talagante,LACTANCIA MATERNA EXCLUSIVA,110390,13601,10
4159,5,10,110390,A0200001,13,13601,23,22,13,Servicio de Salud Metropolitano Occidente,Centro de Salud Familiar Dr. Alberto Allende Jones,Talagante,MENORES CONTROLADOS,110390,13601,10
4160,1,10,110390,A0200001,13,13601,13,12,12,Servicio de Salud Metropolitano Occidente,Centro de Salud Familiar Dr. Alberto Allende Jones,Talagante,MENORES CONTROLADOS,110390,13601,10
4161,2,10,110390,A0200001,13,13601,19,20,19,Servicio de Salud Metropolitano Occidente,Centro de Salud Familiar Dr. Alberto Allende Jones,Talagante,MENORES CONTROLADOS,110390,13601,10
4162,5,10,200454,A0200002,13,13602,0,0,3,Servicio de Salud Metropolitano Occidente,CECOSF Wilma Yoli Gomez Conejera,El Monte,LACTANCIA MATERNA EXCLUSIVA,200454,13602,10
4163,5,10,200454,A0200001,13,13602,0,3,3,Servicio de Salud Metropolitano Occidente,CECOSF Wilma Yoli Gomez Conejera,El Monte,MENORES CONTROLADOS,200454,13602,10
4164,1,10,200454,A0200002,13,13602,0,0,0,Servicio de Salud Metropolitano Occidente,CECOSF Wilma Yoli Gomez Conejera,El Monte,LACTANCIA MATERNA EXCLUSIVA,200454,13602,10
4165,8,10,200454,A0200002,13,13602,,,2,Servicio de Salud Metropolitano Occidente,CECOSF Wilma Yoli Gomez Conejera,El Monte,LACTANCIA MATERNA EXCLUSIVA,200454,13602,10
4166,8,10,200454,A0200001,13,13602,,,3,Servicio de Salud Metropolitano Occidente,CECOSF Wilma Yoli Gomez Conejera,El Monte,MENORES CONTROLADOS,200454,13602,10
4167,7,10,200454,A0200002,13,13602,0,0,0,Servicio de Salud Metropolitano Occidente,CECOSF Wilma Yoli Gomez Conejera,El Monte,LACTANCIA MATERNA EXCLUSIVA,200454,13602,10
4168,7,10,200454,A0200001,13,13602,0,0,2,Servicio de Salud Metropolitano Occidente,CECOSF Wilma Yoli Gomez Conejera,El Monte,MENORES CONTROLADOS,200454,13602,10
4169,3,10,200454,A0200002,13,13602,0,0,0,Servicio de Salud Metropolitano Occidente,CECOSF Wilma Yoli Gomez Conejera,El Monte,LACTANCIA MATERNA EXCLUSIVA,200454,13602,10
4170,3,10,200454,A0200001,13,13602,1,1,2,Servicio de Salud Metropolitano Occidente,CECOSF Wilma Yoli Gomez Conejera,El Monte,MENORES CONTROLADOS,200454,13602,10
4171,6,10,200454,A0200002,13,13602,0,0,3,Servicio de Salud Metropolitano Occidente,CECOSF Wilma Yoli Gomez Conejera,El Monte,LACTANCIA MATERNA EXCLUSIVA,200454,13602,10
4172,6,10,200454,A0200001,13,13602,0,1,4,Servicio de Salud Metropolitano Occidente,CECOSF Wilma Yoli Gomez Conejera,El Monte,MENORES CONTROLADOS,200454,13602,10
4173,2,10,200454,A0200001,13,13602,3,2,0,Servicio de Salud Metropolitano Occidente,CECOSF Wilma Yoli Gomez Conejera,El Monte,MENORES CONTROLADOS,200454,13602,10
4174,2,10,200454,A0200002,13,13602,1,2,0,Servicio de Salud Metropolitano Occidente,CECOSF Wilma Yoli Gomez Conejera,El Monte,LACTANCIA MATERNA EXCLUSIVA,200454,13602,10
4175,4,10,200454,A0200002,13,13602,0,0,0,Servicio de Salud Metropolitano Occidente,CECOSF Wilma Yoli Gomez Conejera,El Monte,LACTANCIA MATERNA EXCLUSIVA,200454,13602,10
4176,4,10,200454,A0200001,13,13602,0,0,3,Servicio de Salud Metropolitano Occidente,CECOSF Wilma Yoli Gomez Conejera,El Monte,MENORES CONTROLADOS,200454,13602,10
4177,1,10,200454,A0200001,13,13602,1,0,1,Servicio de Salud Metropolitano Occidente,CECOSF Wilma Yoli Gomez Conejera,El Monte,MENORES CONTROLADOS,200454,13602,10
4178,7,10,110370,A0200002,13,13602,5,13,14,Servicio de Salud Metropolitano Occidente,Centro de Salud Familiar El Monte,El Monte,LACTANCIA MATERNA EXCLUSIVA,110370,13602,10
4179,7,10,110370,A0200001,13,13602,9,17,19,Servicio de Salud Metropolitano Occidente,Centro de Salud Familiar El Monte,El Monte,MENORES CONTROLADOS,110370,13602,10
4180,6,10,110370,A0200002,13,13602,9,10,13,Servicio de Salud Metropolitano Occidente,Centro de Salud Familiar El Monte,El Monte,LACTANCIA MATERNA EXCLUSIVA,110370,13602,10
4181,6,10,110370,A0200001,13,13602,13,14,16,Servicio de Salud Metropolitano Occidente,Centro de Salud Familiar El Monte,El Monte,MENORES CONTROLADOS,110370,13602,10
4182,3,10,110370,A0200001,13,13602,27,22,20,Servicio de Salud Metropolitano Occidente,Centro de Salud Familiar El Monte,El Monte,MENORES CONTROLADOS,110370,13602,10
4183,3,10,110370,A0200002,13,13602,20,13,14,Servicio de Salud Metropolitano Occidente,Centro de Salud Familiar El Monte,El Monte,LACTANCIA MATERNA EXCLUSIVA,110370,13602,10
4184,2,10,110370,A0200001,13,13602,13,8,9,Servicio de Salud Metropolitano Occidente,Centro de Salud Familiar El Monte,El Monte,MENORES CONTROLADOS,110370,13602,10
4185,2,10,110370,A0200002,13,13602,10,5,4,Servicio de Salud Metropolitano Occidente,Centro de Salud Familiar El Monte,El Monte,LACTANCIA MATERNA EXCLUSIVA,110370,13602,10
4186,1,10,110370,A0200001,13,13602,14,13,11,Servicio de Salud Metropolitano Occidente,Centro de Salud Familiar El Monte,El Monte,MENORES CONTROLADOS,110370,13602,10
4187,1,10,110370,A0200002,13,13602,11,8,6,Servicio de Salud Metropolitano Occidente,Centro de Salud Familiar El Monte,El Monte,LACTANCIA MATERNA EXCLUSIVA,110370,13602,10
4188,5,10,110370,A0200002,13,13602,9,7,5,Servicio de Salud Metropolitano Occidente,Centro de Salud Familiar El Monte,El Monte,LACTANCIA MATERNA EXCLUSIVA,110370,13602,10
4189,5,10,110370,A0200001,13,13602,13,11,9,Servicio de Salud Metropolitano Occidente,Centro de Salud Familiar El Monte,El Monte,MENORES CONTROLADOS,110370,13602,10
4190,4,10,110370,A0200001,13,13602,20,13,12,Servicio de Salud Metropolitano Occidente,Centro de Salud Familiar El Monte,El Monte,MENORES CONTROLADOS,110370,13602,10
4191,4,10,110370,A0200002,13,13602,12,9,7,Servicio de Salud Metropolitano Occidente,Centro de Salud Familiar El Monte,El Monte,LACTANCIA MATERNA EXCLUSIVA,110370,13602,10
4192,8,10,110370,A0200002,13,13602,9,10,11,Servicio de Salud Metropolitano Occidente,Centro de Salud Familiar El Monte,El Monte,LACTANCIA MATERNA EXCLUSIVA,110370,13602,10
4193,8,10,110370,A0200001,13,13602,17,12,15,Servicio de Salud Metropolitano Occidente,Centro de Salud Familiar El Monte,El Monte,MENORES CONTROLADOS,110370,13602,10
4194,6,10,110430,A0200002,13,13603,,,,Servicio de Salud Metropolitano Occidente,Posta de Salud Rural San Antonio de Naltagua,Isla de Maipo,LACTANCIA MATERNA EXCLUSIVA,110430,13603,10
4195,7,10,110430,A0200001,13,13603,2,2,4,Servicio de Salud Metropolitano Occidente,Posta de Salud Rural San Antonio de Naltagua,Isla de Maipo,MENORES CONTROLADOS,110430,13603,10
4196,5,10,110430,A0200002,13,13603,2,,1,Servicio de Salud Metropolitano Occidente,Posta de Salud Rural San Antonio de Naltagua,Isla de Maipo,LACTANCIA MATERNA EXCLUSIVA,110430,13603,10
4197,5,10,110430,A0200001,13,13603,3,2,1,Servicio de Salud Metropolitano Occidente,Posta de Salud Rural San Antonio de Naltagua,Isla de Maipo,MENORES CONTROLADOS,110430,13603,10
4198,2,10,110430,A0200002,13,13603,2,1,,Servicio de Salud Metropolitano Occidente,Posta de Salud Rural San Antonio de Naltagua,Isla de Maipo,LACTANCIA MATERNA EXCLUSIVA,110430,13603,10
4199,1,10,110430,A0200001,13,13603,,,1,Servicio de Salud Metropolitano Occidente,Posta de Salud Rural San Antonio de Naltagua,Isla de Maipo,MENORES CONTROLADOS,110430,13603,10
4200,6,10,110430,A0200001,13,13603,1,,2,Servicio de Salud Metropolitano Occidente,Posta de Salud Rural San Antonio de Naltagua,Isla de Maipo,MENORES CONTROLADOS,110430,13603,10
4201,7,10,110430,A0200002,13,13603,1,1,,Servicio de Salud Metropolitano Occidente,Posta de Salud Rural San Antonio de Naltagua,Isla de Maipo,LACTANCIA MATERNA EXCLUSIVA,110430,13603,10
4202,1,10,110430,A0200002,13,13603,,,1,Servicio de Salud Metropolitano Occidente,Posta de Salud Rural San Antonio de Naltagua,Isla de Maipo,LACTANCIA MATERNA EXCLUSIVA,110430,13603,10
4203,3,10,110430,A0200002,13,13603,,,1,Servicio de Salud Metropolitano Occidente,Posta de Salud Rural San Antonio de Naltagua,Isla de Maipo,LACTANCIA MATERNA EXCLUSIVA,110430,13603,10
4204,3,10,110430,A0200001,13,13603,2,0,2,Servicio de Salud Metropolitano Occidente,Posta de Salud Rural San Antonio de Naltagua,Isla de Maipo,MENORES CONTROLADOS,110430,13603,10
4205,4,10,110430,A0200001,13,13603,,,,Servicio de Salud Metropolitano Occidente,Posta de Salud Rural San Antonio de Naltagua,Isla de Maipo,MENORES CONTROLADOS,110430,13603,10
4206,4,10,110430,A0200002,13,13603,,3,,Servicio de Salud Metropolitano Occidente,Posta de Salud Rural San Antonio de Naltagua,Isla de Maipo,LACTANCIA MATERNA EXCLUSIVA,110430,13603,10
4207,8,10,110430,A0200002,13,13603,,2,,Servicio de Salud Metropolitano Occidente,Posta de Salud Rural San Antonio de Naltagua,Isla de Maipo,LACTANCIA MATERNA EXCLUSIVA,110430,13603,10
4208,8,10,110430,A0200001,13,13603,,2,2,Servicio de Salud Metropolitano Occidente,Posta de Salud Rural San Antonio de Naltagua,Isla de Maipo,MENORES CONTROLADOS,110430,13603,10
4209,2,10,110775,A0200002,13,13603,1,,1,Servicio de Salud Metropolitano Occidente,Centro Comunitario de Salud Familiar La Islita,Isla de Maipo,LACTANCIA MATERNA EXCLUSIVA,110775,13603,10
4210,3,10,110775,A0200002,13,13603,,,,Servicio de Salud Metropolitano Occidente,Centro Comunitario de Salud Familiar La Islita,Isla de Maipo,LACTANCIA MATERNA EXCLUSIVA,110775,13603,10
4211,3,10,110775,A0200001,13,13603,1,2,1,Servicio de Salud Metropolitano Occidente,Centro Comunitario de Salud Familiar La Islita,Isla de Maipo,MENORES CONTROLADOS,110775,13603,10
4212,1,10,110775,A0200002,13,13603,2,,,Servicio de Salud Metropolitano Occidente,Centro Comunitario de Salud Familiar La Islita,Isla de Maipo,LACTANCIA MATERNA EXCLUSIVA,110775,13603,10
4213,6,10,110775,A0200002,13,13603,1,1,,Servicio de Salud Metropolitano Occidente,Centro Comunitario de Salud Familiar La Islita,Isla de Maipo,LACTANCIA MATERNA EXCLUSIVA,110775,13603,10
4214,6,10,110775,A0200001,13,13603,2,2,2,Servicio de Salud Metropolitano Occidente,Centro Comunitario de Salud Familiar La Islita,Isla de Maipo,MENORES CONTROLADOS,110775,13603,10
4215,8,10,110775,A0200002,13,13603,1,,,Servicio de Salud Metropolitano Occidente,Centro Comunitario de Salud Familiar La Islita,Isla de Maipo,LACTANCIA MATERNA EXCLUSIVA,110775,13603,10
4216,8,10,110775,A0200001,13,13603,2,,,Servicio de Salud Metropolitano Occidente,Centro Comunitario de Salud Familiar La Islita,Isla de Maipo,MENORES CONTROLADOS,110775,13603,10
4217,4,10,110775,A0200002,13,13603,1,1,,Servicio de Salud Metropolitano Occidente,Centro Comunitario de Salud Familiar La Islita,Isla de Maipo,LACTANCIA MATERNA EXCLUSIVA,110775,13603,10
4218,4,10,110775,A0200001,13,13603,1,3,2,Servicio de Salud Metropolitano Occidente,Centro Comunitario de Salud Familiar La Islita,Isla de Maipo,MENORES CONTROLADOS,110775,13603,10
4219,5,10,110775,A0200002,13,13603,3,1,2,Servicio de Salud Metropolitano Occidente,Centro Comunitario de Salud Familiar La Islita,Isla de Maipo,LACTANCIA MATERNA EXCLUSIVA,110775,13603,10
4220,5,10,110775,A0200001,13,13603,3,1,2,Servicio de Salud Metropolitano Occidente,Centro Comunitario de Salud Familiar La Islita,Isla de Maipo,MENORES CONTROLADOS,110775,13603,10
4221,7,10,110775,A0200002,13,13603,4,3,1,Servicio de Salud Metropolitano Occidente,Centro Comunitario de Salud Familiar La Islita,Isla de Maipo,LACTANCIA MATERNA EXCLUSIVA,110775,13603,10
4222,7,10,110775,A0200001,13,13603,4,4,1,Servicio de Salud Metropolitano Occidente,Centro Comunitario de Salud Familiar La Islita,Isla de Maipo,MENORES CONTROLADOS,110775,13603,10
4223,2,10,110775,A0200001,13,13603,1,,2,Servicio de Salud Metropolitano Occidente,Centro Comunitario de Salud Familiar La Islita,Isla de Maipo,MENORES CONTROLADOS,110775,13603,10
4224,1,10,110775,A0200001,13,13603,2,1,0,Servicio de Salud Metropolitano Occidente,Centro Comunitario de Salud Familiar La Islita,Isla de Maipo,MENORES CONTROLADOS,110775,13603,10
4225,7,10,110432,A0200001,13,13603,,1,,Servicio de Salud Metropolitano Occidente,Posta de Salud Rural Las Mercedes ( Isla de Maipo ),Isla de Maipo,MENORES CONTROLADOS,110432,13603,10
4226,3,10,110432,A0200002,13,13603,,1,1,Servicio de Salud Metropolitano Occidente,Posta de Salud Rural Las Mercedes ( Isla de Maipo ),Isla de Maipo,LACTANCIA MATERNA EXCLUSIVA,110432,13603,10
4227,3,10,110432,A0200001,13,13603,,1,1,Servicio de Salud Metropolitano Occidente,Posta de Salud Rural Las Mercedes ( Isla de Maipo ),Isla de Maipo,MENORES CONTROLADOS,110432,13603,10
4228,2,10,110432,A0200001,13,13603,,1,,Servicio de Salud Metropolitano Occidente,Posta de Salud Rural Las Mercedes ( Isla de Maipo ),Isla de Maipo,MENORES CONTROLADOS,110432,13603,10
4229,6,10,110432,A0200001,13,13603,1,,1,Servicio de Salud Metropolitano Occidente,Posta de Salud Rural Las Mercedes ( Isla de Maipo ),Isla de Maipo,MENORES CONTROLADOS,110432,13603,10
4230,8,10,110432,A0200001,13,13603,,1,1,Servicio de Salud Metropolitano Occidente,Posta de Salud Rural Las Mercedes ( Isla de Maipo ),Isla de Maipo,MENORES CONTROLADOS,110432,13603,10
4231,2,10,110432,A0200002,13,13603,,1,,Servicio de Salud Metropolitano Occidente,Posta de Salud Rural Las Mercedes ( Isla de Maipo ),Isla de Maipo,LACTANCIA MATERNA EXCLUSIVA,110432,13603,10
4232,5,10,110432,A0200002,13,13603,,,,Servicio de Salud Metropolitano Occidente,Posta de Salud Rural Las Mercedes ( Isla de Maipo ),Isla de Maipo,LACTANCIA MATERNA EXCLUSIVA,110432,13603,10
4233,1,10,110432,A0200001,13,13603,1,,,Servicio de Salud Metropolitano Occidente,Posta de Salud Rural Las Mercedes ( Isla de Maipo ),Isla de Maipo,MENORES CONTROLADOS,110432,13603,10
4234,4,10,110432,A0200002,13,13603,1,,,Servicio de Salud Metropolitano Occidente,Posta de Salud Rural Las Mercedes ( Isla de Maipo ),Isla de Maipo,LACTANCIA MATERNA EXCLUSIVA,110432,13603,10
4235,5,10,110432,A0200001,13,13603,,,,Servicio de Salud Metropolitano Occidente,Posta de Salud Rural Las Mercedes ( Isla de Maipo ),Isla de Maipo,MENORES CONTROLADOS,110432,13603,10
4236,2,10,110375,A0200002,13,13603,2,3,7,Servicio de Salud Metropolitano Occidente,Centro de Salud Familiar Isla de Maipo,Isla de Maipo,LACTANCIA MATERNA EXCLUSIVA,110375,13603,10
4237,2,10,110375,A0200001,13,13603,6,7,10,Servicio de Salud Metropolitano Occidente,Centro de Salud Familiar Isla de Maipo,Isla de Maipo,MENORES CONTROLADOS,110375,13603,10
4238,3,10,110375,A0200002,13,13603,0,0,0,Servicio de Salud Metropolitano Occidente,Centro de Salud Familiar Isla de Maipo,Isla de Maipo,LACTANCIA MATERNA EXCLUSIVA,110375,13603,10
4239,3,10,110375,A0200001,13,13603,6,2,5,Servicio de Salud Metropolitano Occidente,Centro de Salud Familiar Isla de Maipo,Isla de Maipo,MENORES CONTROLADOS,110375,13603,10
4240,8,10,110375,A0200002,13,13603,4,6,3,Servicio de Salud Metropolitano Occidente,Centro de Salud Familiar Isla de Maipo,Isla de Maipo,LACTANCIA MATERNA EXCLUSIVA,110375,13603,10
4241,8,10,110375,A0200001,13,13603,7,11,4,Servicio de Salud Metropolitano Occidente,Centro de Salud Familiar Isla de Maipo,Isla de Maipo,MENORES CONTROLADOS,110375,13603,10
4242,6,10,110375,A0200002,13,13603,7,1,1,Servicio de Salud Metropolitano Occidente,Centro de Salud Familiar Isla de Maipo,Isla de Maipo,LACTANCIA MATERNA EXCLUSIVA,110375,13603,10
4243,6,10,110375,A0200001,13,13603,10,2,3,Servicio de Salud Metropolitano Occidente,Centro de Salud Familiar Isla de Maipo,Isla de Maipo,MENORES CONTROLADOS,110375,13603,10
4244,1,10,110375,A0200001,13,13603,4,5,2,Servicio de Salud Metropolitano Occidente,Centro de Salud Familiar Isla de Maipo,Isla de Maipo,MENORES CONTROLADOS,110375,13603,10
4245,1,10,110375,A0200002,13,13603,3,4,2,Servicio de Salud Metropolitano Occidente,Centro de Salud Familiar Isla de Maipo,Isla de Maipo,LACTANCIA MATERNA EXCLUSIVA,110375,13603,10
4246,5,10,110375,A0200002,13,13603,1,1,3,Servicio de Salud Metropolitano Occidente,Centro de Salud Familiar Isla de Maipo,Isla de Maipo,LACTANCIA MATERNA EXCLUSIVA,110375,13603,10
4247,5,10,110375,A0200001,13,13603,3,1,10,Servicio de Salud Metropolitano Occidente,Centro de Salud Familiar Isla de Maipo,Isla de Maipo,MENORES CONTROLADOS,110375,13603,10
4248,7,10,110375,A0200002,13,13603,5,3,3,Servicio de Salud Metropolitano Occidente,Centro de Salud Familiar Isla de Maipo,Isla de Maipo,LACTANCIA MATERNA EXCLUSIVA,110375,13603,10
4249,7,10,110375,A0200001,13,13603,10,4,9,Servicio de Salud Metropolitano Occidente,Centro de Salud Familiar Isla de Maipo,Isla de Maipo,MENORES CONTROLADOS,110375,13603,10
4250,4,10,110375,A0200001,13,13603,1,8,,Servicio de Salud Metropolitano Occidente,Centro de Salud Familiar Isla de Maipo,Isla de Maipo,MENORES CONTROLADOS,110375,13603,10
4251,4,10,110375,A0200002,13,13603,1,3,1,Servicio de Salud Metropolitano Occidente,Centro de Salud Familiar Isla de Maipo,Isla de Maipo,LACTANCIA MATERNA EXCLUSIVA,110375,13603,10
4252,7,10,110425,A0200002,13,13603,6,6,10,Servicio de Salud Metropolitano Occidente,Centro de Salud Familiar La Islita,Isla de Maipo,LACTANCIA MATERNA EXCLUSIVA,110425,13603,10
4253,7,10,110425,A0200001,13,13603,11,19,14,Servicio de Salud Metropolitano Occidente,Centro de Salud Familiar La Islita,Isla de Maipo,MENORES CONTROLADOS,110425,13603,10
4254,6,10,110425,A0200002,13,13603,7,3,2,Servicio de Salud Metropolitano Occidente,Centro de Salud Familiar La Islita,Isla de Maipo,LACTANCIA MATERNA EXCLUSIVA,110425,13603,10
4255,6,10,110425,A0200001,13,13603,14,11,7,Servicio de Salud Metropolitano Occidente,Centro de Salud Familiar La Islita,Isla de Maipo,MENORES CONTROLADOS,110425,13603,10
4256,1,10,110425,A0200002,13,13603,4,5,2,Servicio de Salud Metropolitano Occidente,Centro de Salud Familiar La Islita,Isla de Maipo,LACTANCIA MATERNA EXCLUSIVA,110425,13603,10
4257,2,10,110425,A0200002,13,13603,10,5,4,Servicio de Salud Metropolitano Occidente,Centro de Salud Familiar La Islita,Isla de Maipo,LACTANCIA MATERNA EXCLUSIVA,110425,13603,10
4258,1,10,110425,A0200001,13,13603,8,7,9,Servicio de Salud Metropolitano Occidente,Centro de Salud Familiar La Islita,Isla de Maipo,MENORES CONTROLADOS,110425,13603,10
4259,2,10,110425,A0200001,13,13603,12,8,9,Servicio de Salud Metropolitano Occidente,Centro de Salud Familiar La Islita,Isla de Maipo,MENORES CONTROLADOS,110425,13603,10
4260,3,10,110425,A0200001,13,13603,10,7,8,Servicio de Salud Metropolitano Occidente,Centro de Salud Familiar La Islita,Isla de Maipo,MENORES CONTROLADOS,110425,13603,10
4261,4,10,110425,A0200002,13,13603,6,11,3,Servicio de Salud Metropolitano Occidente,Centro de Salud Familiar La Islita,Isla de Maipo,LACTANCIA MATERNA EXCLUSIVA,110425,13603,10
4262,4,10,110425,A0200001,13,13603,11,13,8,Servicio de Salud Metropolitano Occidente,Centro de Salud Familiar La Islita,Isla de Maipo,MENORES CONTROLADOS,110425,13603,10
4263,3,10,110425,A0200002,13,13603,9,2,3,Servicio de Salud Metropolitano Occidente,Centro de Salud Familiar La Islita,Isla de Maipo,LACTANCIA MATERNA EXCLUSIVA,110425,13603,10
4264,5,10,110425,A0200002,13,13603,4,8,3,Servicio de Salud Metropolitano Occidente,Centro de Salud Familiar La Islita,Isla de Maipo,LACTANCIA MATERNA EXCLUSIVA,110425,13603,10
4265,5,10,110425,A0200001,13,13603,17,10,5,Servicio de Salud Metropolitano Occidente,Centro de Salud Familiar La Islita,Isla de Maipo,MENORES CONTROLADOS,110425,13603,10
4266,8,10,110425,A0200002,13,13603,7,3,5,Servicio de Salud Metropolitano Occidente,Centro de Salud Familiar La Islita,Isla de Maipo,LACTANCIA MATERNA EXCLUSIVA,110425,13603,10
4267,8,10,110425,A0200001,13,13603,10,11,7,Servicio de Salud Metropolitano Occidente,Centro de Salud Familiar La Islita,Isla de Maipo,MENORES CONTROLADOS,110425,13603,10
4268,4,10,110431,A0200001,13,13603,1,2,1,Servicio de Salud Metropolitano Occidente,Posta de Salud Rural Gacitúa,Isla de Maipo,MENORES CONTROLADOS,110431,13603,10
4269,2,10,110431,A0200001,13,13603,1,,1,Servicio de Salud Metropolitano Occidente,Posta de Salud Rural Gacitúa,Isla de Maipo,MENORES CONTROLADOS,110431,13603,10
4270,3,10,110431,A0200002,13,13603,2,,1,Servicio de Salud Metropolitano Occidente,Posta de Salud Rural Gacitúa,Isla de Maipo,LACTANCIA MATERNA EXCLUSIVA,110431,13603,10
4271,3,10,110431,A0200001,13,13603,2,1,1,Servicio de Salud Metropolitano Occidente,Posta de Salud Rural Gacitúa,Isla de Maipo,MENORES CONTROLADOS,110431,13603,10
4272,7,10,110431,A0200002,13,13603,,,,Servicio de Salud Metropolitano Occidente,Posta de Salud Rural Gacitúa,Isla de Maipo,LACTANCIA MATERNA EXCLUSIVA,110431,13603,10
4273,7,10,110431,A0200001,13,13603,,1,1,Servicio de Salud Metropolitano Occidente,Posta de Salud Rural Gacitúa,Isla de Maipo,MENORES CONTROLADOS,110431,13603,10
4274,5,10,200385,A0200002,13,13603,1,,,Servicio de Salud Metropolitano Occidente,Centro Comunitario de Salud Familiar San Vicente de Naltagua,Isla de Maipo,LACTANCIA MATERNA EXCLUSIVA,200385,13603,10
4275,5,10,200385,A0200001,13,13603,2,,,Servicio de Salud Metropolitano Occidente,Centro Comunitario de Salud Familiar San Vicente de Naltagua,Isla de Maipo,MENORES CONTROLADOS,200385,13603,10
4276,7,10,200385,A0200002,13,13603,2,1,,Servicio de Salud Metropolitano Occidente,Centro Comunitario de Salud Familiar San Vicente de Naltagua,Isla de Maipo,LACTANCIA MATERNA EXCLUSIVA,200385,13603,10
4277,7,10,200385,A0200001,13,13603,2,2,1,Servicio de Salud Metropolitano Occidente,Centro Comunitario de Salud Familiar San Vicente de Naltagua,Isla de Maipo,MENORES CONTROLADOS,200385,13603,10
4278,2,10,110431,A0200002,13,13603,,,,Servicio de Salud Metropolitano Occidente,Posta de Salud Rural Gacitúa,Isla de Maipo,LACTANCIA MATERNA EXCLUSIVA,110431,13603,10
4279,1,10,200385,A0200002,13,13603,,,1,Servicio de Salud Metropolitano Occidente,Centro Comunitario de Salud Familiar San Vicente de Naltagua,Isla de Maipo,LACTANCIA MATERNA EXCLUSIVA,200385,13603,10
4280,1,10,200385,A0200001,13,13603,0,0,1,Servicio de Salud Metropolitano Occidente,Centro Comunitario de Salud Familiar San Vicente de Naltagua,Isla de Maipo,MENORES CONTROLADOS,200385,13603,10
4281,5,10,110431,A0200002,13,13603,,1,,Servicio de Salud Metropolitano Occidente,Posta de Salud Rural Gacitúa,Isla de Maipo,LACTANCIA MATERNA EXCLUSIVA,110431,13603,10
4282,5,10,110431,A0200001,13,13603,,1,,Servicio de Salud Metropolitano Occidente,Posta de Salud Rural Gacitúa,Isla de Maipo,MENORES CONTROLADOS,110431,13603,10
4283,1,10,110431,A0200001,13,13603,2,1,1,Servicio de Salud Metropolitano Occidente,Posta de Salud Rural Gacitúa,Isla de Maipo,MENORES CONTROLADOS,110431,13603,10
4284,1,10,110431,A0200002,13,13603,,1,1,Servicio de Salud Metropolitano Occidente,Posta de Salud Rural Gacitúa,Isla de Maipo,LACTANCIA MATERNA EXCLUSIVA,110431,13603,10
4285,6,10,110431,A0200002,13,13603,,1,1,Servicio de Salud Metropolitano Occidente,Posta de Salud Rural Gacitúa,Isla de Maipo,LACTANCIA MATERNA EXCLUSIVA,110431,13603,10
4286,6,10,200385,A0200002,13,13603,2,1,,Servicio de Salud Metropolitano Occidente,Centro Comunitario de Salud Familiar San Vicente de Naltagua,Isla de Maipo,LACTANCIA MATERNA EXCLUSIVA,200385,13603,10
4287,6,10,200385,A0200001,13,13603,3,1,,Servicio de Salud Metropolitano Occidente,Centro Comunitario de Salud Familiar San Vicente de Naltagua,Isla de Maipo,MENORES CONTROLADOS,200385,13603,10
4288,6,10,110431,A0200001,13,13603,,1,2,Servicio de Salud Metropolitano Occidente,Posta de Salud Rural Gacitúa,Isla de Maipo,MENORES CONTROLADOS,110431,13603,10
4289,8,10,110431,A0200002,13,13603,,1,,Servicio de Salud Metropolitano Occidente,Posta de Salud Rural Gacitúa,Isla de Maipo,LACTANCIA MATERNA EXCLUSIVA,110431,13603,10
4290,8,10,110431,A0200001,13,13603,3,1,1,Servicio de Salud Metropolitano Occidente,Posta de Salud Rural Gacitúa,Isla de Maipo,MENORES CONTROLADOS,110431,13603,10
4291,8,10,200385,A0200002,13,13603,,3,,Servicio de Salud Metropolitano Occidente,Centro Comunitario de Salud Familiar San Vicente de Naltagua,Isla de Maipo,LACTANCIA MATERNA EXCLUSIVA,200385,13603,10
4292,8,10,200385,A0200001,13,13603,1,4,0,Servicio de Salud Metropolitano Occidente,Centro Comunitario de Salud Familiar San Vicente de Naltagua,Isla de Maipo,MENORES CONTROLADOS,200385,13603,10
4293,4,10,110431,A0200002,13,13603,1,,1,Servicio de Salud Metropolitano Occidente,Posta de Salud Rural Gacitúa,Isla de Maipo,LACTANCIA MATERNA EXCLUSIVA,110431,13603,10
4294,3,10,200385,A0200001,13,13603,,,2,Servicio de Salud Metropolitano Occidente,Centro Comunitario de Salud Familiar San Vicente de Naltagua,Isla de Maipo,MENORES CONTROLADOS,200385,13603,10
4295,3,10,200385,A0200002,13,13603,,,,Servicio de Salud Metropolitano Occidente,Centro Comunitario de Salud Familiar San Vicente de Naltagua,Isla de Maipo,LACTANCIA MATERNA EXCLUSIVA,200385,13603,10
4296,8,10,110366,A0200002,13,13604,10,14,19,Servicio de Salud Metropolitano Occidente,Centro de Salud Familiar Juan Pablo II ( Padre Hurtado),Padre Hurtado,LACTANCIA MATERNA EXCLUSIVA,110366,13604,10
4297,8,10,110366,A0200001,13,13604,22,28,32,Servicio de Salud Metropolitano Occidente,Centro de Salud Familiar Juan Pablo II ( Padre Hurtado),Padre Hurtado,MENORES CONTROLADOS,110366,13604,10
4298,5,10,110366,A0200002,13,13604,20,17,21,Servicio de Salud Metropolitano Occidente,Centro de Salud Familiar Juan Pablo II ( Padre Hurtado),Padre Hurtado,LACTANCIA MATERNA EXCLUSIVA,110366,13604,10
4299,5,10,110366,A0200001,13,13604,26,22,35,Servicio de Salud Metropolitano Occidente,Centro de Salud Familiar Juan Pablo II ( Padre Hurtado),Padre Hurtado,MENORES CONTROLADOS,110366,13604,10
4300,3,10,110366,A0200002,13,13604,19,13,13,Servicio de Salud Metropolitano Occidente,Centro de Salud Familiar Juan Pablo II ( Padre Hurtado),Padre Hurtado,LACTANCIA MATERNA EXCLUSIVA,110366,13604,10
4301,3,10,110366,A0200001,13,13604,25,21,20,Servicio de Salud Metropolitano Occidente,Centro de Salud Familiar Juan Pablo II ( Padre Hurtado),Padre Hurtado,MENORES CONTROLADOS,110366,13604,10
4302,7,10,110366,A0200002,13,13604,12,17,23,Servicio de Salud Metropolitano Occidente,Centro de Salud Familiar Juan Pablo II ( Padre Hurtado),Padre Hurtado,LACTANCIA MATERNA EXCLUSIVA,110366,13604,10
4303,7,10,110366,A0200001,13,13604,21,33,36,Servicio de Salud Metropolitano Occidente,Centro de Salud Familiar Juan Pablo II ( Padre Hurtado),Padre Hurtado,MENORES CONTROLADOS,110366,13604,10
4304,4,10,110366,A0200002,13,13604,11,12,17,Servicio de Salud Metropolitano Occidente,Centro de Salud Familiar Juan Pablo II ( Padre Hurtado),Padre Hurtado,LACTANCIA MATERNA EXCLUSIVA,110366,13604,10
4305,4,10,110366,A0200001,13,13604,26,21,28,Servicio de Salud Metropolitano Occidente,Centro de Salud Familiar Juan Pablo II ( Padre Hurtado),Padre Hurtado,MENORES CONTROLADOS,110366,13604,10
4306,6,10,110366,A0200002,13,13604,20,20,15,Servicio de Salud Metropolitano Occidente,Centro de Salud Familiar Juan Pablo II ( Padre Hurtado),Padre Hurtado,LACTANCIA MATERNA EXCLUSIVA,110366,13604,10
4307,6,10,110366,A0200001,13,13604,29,31,25,Servicio de Salud Metropolitano Occidente,Centro de Salud Familiar Juan Pablo II ( Padre Hurtado),Padre Hurtado,MENORES CONTROLADOS,110366,13604,10
4308,1,10,110366,A0200001,13,13604,31,26,51,Servicio de Salud Metropolitano Occidente,Centro de Salud Familiar Juan Pablo II ( Padre Hurtado),Padre Hurtado,MENORES CONTROLADOS,110366,13604,10
4309,1,10,110366,A0200002,13,13604,17,18,32,Servicio de Salud Metropolitano Occidente,Centro de Salud Familiar Juan Pablo II ( Padre Hurtado),Padre Hurtado,LACTANCIA MATERNA EXCLUSIVA,110366,13604,10
4310,2,10,110366,A0200002,13,13604,13,15,16,Servicio de Salud Metropolitano Occidente,Centro de Salud Familiar Juan Pablo II ( Padre Hurtado),Padre Hurtado,LACTANCIA MATERNA EXCLUSIVA,110366,13604,10
4311,2,10,110366,A0200001,13,13604,21,25,27,Servicio de Salud Metropolitano Occidente,Centro de Salud Familiar Juan Pablo II ( Padre Hurtado),Padre Hurtado,MENORES CONTROLADOS,110366,13604,10
4312,3,10,110308,A0200001,13,13605,14,20,20,Servicio de Salud Metropolitano Occidente,Centro de Salud Familiar Peñaflor,Peñaflor,MENORES CONTROLADOS,110308,13605,10
4313,3,10,110308,A0200002,13,13605,8,12,10,Servicio de Salud Metropolitano Occidente,Centro de Salud Familiar Peñaflor,Peñaflor,LACTANCIA MATERNA EXCLUSIVA,110308,13605,10
4314,4,10,110308,A0200002,13,13605,15,7,9,Servicio de Salud Metropolitano Occidente,Centro de Salud Familiar Peñaflor,Peñaflor,LACTANCIA MATERNA EXCLUSIVA,110308,13605,10
4315,4,10,110308,A0200001,13,13605,19,10,12,Servicio de Salud Metropolitano Occidente,Centro de Salud Familiar Peñaflor,Peñaflor,MENORES CONTROLADOS,110308,13605,10
4316,5,10,110308,A0200002,13,13605,11,7,15,Servicio de Salud Metropolitano Occidente,Centro de Salud Familiar Peñaflor,Peñaflor,LACTANCIA MATERNA EXCLUSIVA,110308,13605,10
4317,5,10,110308,A0200001,13,13605,19,8,23,Servicio de Salud Metropolitano Occidente,Centro de Salud Familiar Peñaflor,Peñaflor,MENORES CONTROLADOS,110308,13605,10
4318,6,10,110308,A0200002,13,13605,6,11,6,Servicio de Salud Metropolitano Occidente,Centro de Salud Familiar Peñaflor,Peñaflor,LACTANCIA MATERNA EXCLUSIVA,110308,13605,10
4319,6,10,110308,A0200001,13,13605,10,18,13,Servicio de Salud Metropolitano Occidente,Centro de Salud Familiar Peñaflor,Peñaflor,MENORES CONTROLADOS,110308,13605,10
4320,7,10,110308,A0200001,13,13605,25,12,28,Servicio de Salud Metropolitano Occidente,Centro de Salud Familiar Peñaflor,Peñaflor,MENORES CONTROLADOS,110308,13605,10
4321,2,10,110308,A0200001,13,13605,22,11,17,Servicio de Salud Metropolitano Occidente,Centro de Salud Familiar Peñaflor,Peñaflor,MENORES CONTROLADOS,110308,13605,10
4322,2,10,110308,A0200002,13,13605,19,9,5,Servicio de Salud Metropolitano Occidente,Centro de Salud Familiar Peñaflor,Peñaflor,LACTANCIA MATERNA EXCLUSIVA,110308,13605,10
4323,1,10,110308,A0200001,13,13605,21,15,12,Servicio de Salud Metropolitano Occidente,Centro de Salud Familiar Peñaflor,Peñaflor,MENORES CONTROLADOS,110308,13605,10
4324,8,10,110308,A0200001,13,13605,30,11,6,Servicio de Salud Metropolitano Occidente,Centro de Salud Familiar Peñaflor,Peñaflor,MENORES CONTROLADOS,110308,13605,10
4325,8,10,110308,A0200002,13,13605,17,7,4,Servicio de Salud Metropolitano Occidente,Centro de Salud Familiar Peñaflor,Peñaflor,LACTANCIA MATERNA EXCLUSIVA,110308,13605,10
4326,7,10,110308,A0200002,13,13605,15,8,14,Servicio de Salud Metropolitano Occidente,Centro de Salud Familiar Peñaflor,Peñaflor,LACTANCIA MATERNA EXCLUSIVA,110308,13605,10
4327,1,10,110308,A0200002,13,13605,16,9,6,Servicio de Salud Metropolitano Occidente,Centro de Salud Familiar Peñaflor,Peñaflor,LACTANCIA MATERNA EXCLUSIVA,110308,13605,10
4328,2,10,110369,A0200002,13,13605,10,13,7,Servicio de Salud Metropolitano Occidente,Centro de Salud Familiar Dr. Fernando Monckeberg,Peñaflor,LACTANCIA MATERNA EXCLUSIVA,110369,13605,10
4329,4,10,110369,A0200002,13,13605,11,11,14,Servicio de Salud Metropolitano Occidente,Centro de Salud Familiar Dr. Fernando Monckeberg,Peñaflor,LACTANCIA MATERNA EXCLUSIVA,110369,13605,10
4330,4,10,110369,A0200001,13,13605,16,15,23,Servicio de Salud Metropolitano Occidente,Centro de Salud Familiar Dr. Fernando Monckeberg,Peñaflor,MENORES CONTROLADOS,110369,13605,10
4331,7,10,110369,A0200002,13,13605,16,16,13,Servicio de Salud Metropolitano Occidente,Centro de Salud Familiar Dr. Fernando Monckeberg,Peñaflor,LACTANCIA MATERNA EXCLUSIVA,110369,13605,10
4332,7,10,110369,A0200001,13,13605,20,26,21,Servicio de Salud Metropolitano Occidente,Centro de Salud Familiar Dr. Fernando Monckeberg,Peñaflor,MENORES CONTROLADOS,110369,13605,10
4333,6,10,110369,A0200002,13,13605,15,7,12,Servicio de Salud Metropolitano Occidente,Centro de Salud Familiar Dr. Fernando Monckeberg,Peñaflor,LACTANCIA MATERNA EXCLUSIVA,110369,13605,10
4334,6,10,110369,A0200001,13,13605,16,10,17,Servicio de Salud Metropolitano Occidente,Centro de Salud Familiar Dr. Fernando Monckeberg,Peñaflor,MENORES CONTROLADOS,110369,13605,10
4335,1,10,110369,A0200001,13,13605,18,13,17,Servicio de Salud Metropolitano Occidente,Centro de Salud Familiar Dr. Fernando Monckeberg,Peñaflor,MENORES CONTROLADOS,110369,13605,10
4336,3,10,110369,A0200002,13,13605,13,16,12,Servicio de Salud Metropolitano Occidente,Centro de Salud Familiar Dr. Fernando Monckeberg,Peñaflor,LACTANCIA MATERNA EXCLUSIVA,110369,13605,10
4337,3,10,110369,A0200001,13,13605,19,23,20,Servicio de Salud Metropolitano Occidente,Centro de Salud Familiar Dr. Fernando Monckeberg,Peñaflor,MENORES CONTROLADOS,110369,13605,10
4338,2,10,110369,A0200001,13,13605,13,17,13,Servicio de Salud Metropolitano Occidente,Centro de Salud Familiar Dr. Fernando Monckeberg,Peñaflor,MENORES CONTROLADOS,110369,13605,10
4339,1,10,110369,A0200002,13,13605,15,7,11,Servicio de Salud Metropolitano Occidente,Centro de Salud Familiar Dr. Fernando Monckeberg,Peñaflor,LACTANCIA MATERNA EXCLUSIVA,110369,13605,10
4340,5,10,110369,A0200002,13,13605,11,6,15,Servicio de Salud Metropolitano Occidente,Centro de Salud Familiar Dr. Fernando Monckeberg,Peñaflor,LACTANCIA MATERNA EXCLUSIVA,110369,13605,10
4341,5,10,110369,A0200001,13,13605,16,11,22,Servicio de Salud Metropolitano Occidente,Centro de Salud Familiar Dr. Fernando Monckeberg,Peñaflor,MENORES CONTROLADOS,110369,13605,10
4342,8,10,110369,A0200002,13,13605,13,14,11,Servicio de Salud Metropolitano Occidente,Centro de Salud Familiar Dr. Fernando Monckeberg,Peñaflor,LACTANCIA MATERNA EXCLUSIVA,110369,13605,10
4343,8,10,110369,A0200001,13,13605,16,23,16,Servicio de Salud Metropolitano Occidente,Centro de Salud Familiar Dr. Fernando Monckeberg,Peñaflor,MENORES CONTROLADOS,110369,13605,10
